25 legacy=177 raw=[4, 1, 0, 0, 0, 10, 0, 53, 0, -106, 0, 14, 0, 0, 0, -1, -1, 1, 1, 0, 1, 1, 0, 4, 0, 13, 0, 20, 0, 0, 0, 0, 0, 0, 0, 1, -17, 1, 65, 100, 118, 101, 110, 116, 117, 114, 101, 0, 0, 0, -1, 0, 0, 0, 0, -1, 0, 0, 0, 0, 0, 0, 0, 0, 0, 0] strings=|||||||5||||||||||||||||||||||||||||||Adventure|||||||||||||||||||
26 legacy=50 raw=[4, 1, 0, 0, 0, 10, 0, 68, 0, -106, 0, 14, 0, 0, 0, -1, -1, 1, 1, 0, 1, 1, 0, 4, 0, 13, 0, 20, 0, 1, 0, 0, 0, 0, 0, 1, -17, 1, 65, 108, 32, 75, 104, 97, 114, 105, 100, 0, 0, 0, -1, 0, 0, 0, 0, -1, 0, 0, 0, 0, 0, 0, 0, 0, 0, 0] strings=|||||||D||||||||||||||||||||||||||||||Al Kharid|||||||||||||||||||
27 legacy=102 raw=[4, 1, 0, 0, 0, 10, 0, 98, 0, -106, 0, 14, 0, 0, 0, -1, -1, 1, 1, 0, 1, 1, 0, 4, 0, 13, 0, 20, 0, 2, 0, 0, 0, 0, 0, 1, -17, 1, 65, 108, 111, 110, 101, 0, 0, 0, -1, 0, 0, 0, 0, -1, 0, 0, 0, 0, 0, 0, 0, 0, 0, 0] strings=|||||||b||||||||||||||||||||||||||||||Alone|||||||||||||||||||
28 legacy=90 raw=[4, 1, 0, 0, 0, 10, 0, 113, 0, -106, 0, 14, 0, 0, 0, -1, -1, 1, 1, 0, 1, 1, 0, 4, 0, 13, 0, 20, 0, 3, 0, 0, 0, 0, 0, 1, -17, 1, 65, 109, 98, 105, 101, 110, 116, 32, 74, 117, 110, 103, 108, 101, 0, 0, 0, -1, 0, 0, 0, 0, -1, 0, 0, 0, 0, 0, 0, 0, 0, 0, 0] strings=|||||||q||||||||||||||||||||||||||||||Ambient Jungle|||||||||||||||||||
29 legacy=36 raw=[4, 1, 0, 0, 0, 10, 0, -113, 0, -106, 0, 14, 0, 0, 0, -1, -1, 1, 1, 0, 1, 1, 0, 4, 0, 13, 0, 20, 0, 4, 0, 0, 0, 0, 0, 1, -17, 1, 65, 114, 97, 98, 105, 97, 110, 0, 0, 0, -1, 0, 0, 0, 0, -1, 0, 0, 0, 0, 0, 0, 0, 0, 0, 0] strings=||||||||||||||||||||||||||||||||||||||Arabian|||||||||||||||||||
30 legacy=123 raw=[4, 1, 0, 0, 0, 10, 0, -98, 0, -106, 0, 14, 0, 0, 0, -1, -1, 1, 1, 0, 1, 1, 0, 4, 0, 13, 0, 20, 0, 5, 0, 0, 0, 0, 0, 1, -17, 1, 65, 114, 97, 98, 105, 97, 110, 32, 50, 0, 0, 0, -1, 0, 0, 0, 0, -1, 0, 0, 0, 0, 0, 0, 0, 0, 0, 0] strings=||||||||||||||||||||||||||||||||||||||Arabian 2|||||||||||||||||||
31 legacy=124 raw=[4, 1, 0, 0, 0, 10, 0, -83, 0, -106, 0, 14, 0, 0, 0, -1, -1, 1, 1, 0, 1, 1, 0, 4, 0, 13, 0, 20, 0, 6, 0, 0, 0, 0, 0, 1, -17, 1, 65, 114, 97, 98, 105, 97, 110, 32, 51, 0, 0, 0, -1, 0, 0, 0, 0, -1, 0, 0, 0, 0, 0, 0, 0, 0, 0, 0] strings=||||||||||||||||||||||||||||||||||||||Arabian 3|||||||||||||||||||
32 legacy=19 raw=[4, 1, 0, 0, 0, 10, 0, -68, 0, -106, 0, 14, 0, 0, 0, -1, -1, 1, 1, 0, 1, 1, 0, 4, 0, 13, 0, 20, 0, 7, 0, 0, 0, 0, 0, 1, -17, 1, 65, 114, 97, 98, 105, 113, 117, 101, 0, 0, 0, -1, 0, 0, 0, 0, -1, 0, 0, 0, 0, 0, 0, 0, 0, 0, 0] strings=||||||||||||||||||||||||||||||||||||||Arabique|||||||||||||||||||
33 legacy=-1 raw=[4, 1, 0, 0, 0, 10, 0, -53, 0, -106, 0, 14, 0, 0, 0, -1, -1, 1, 1, 0, 1, 1, 0, 4, 0, 13, 0, 20, 0, 8, 0, 0, 0, 0, 0, 1, -17, 1, 65, 114, 109, 121, 32, 79, 102, 32, 68, 97, 114, 107, 110, 101, 115, 115, 0, 0, 0, -1, 0, 0, 0, 0, -1, 0, 0, 0, 0, 0, 0, 0, 0, 0, 0] strings=||||||||||||||||||||||||||||||||||||||Army Of Darkness|||||||||||||||||||
34 legacy=186 raw=[4, 1, 0, 0, 0, 10, 0, -38, 0, -106, 0, 14, 0, 0, 0, -1, -1, 1, 1, 0, 1, 1, 0, 4, 0, 13, 0, 20, 0, 9, 0, 0, 0, 0, 0, 1, -17, 1, 65, 114, 114, 105, 118, 97, 108, 0, 0, 0, -1, 0, 0, 0, 0, -1, 0, 0, 0, 0, 0, 0, 0, 0, 0, 0] strings=||||||||||||||||||||||||||||||||||||||Arrival|||||||||||||||||||
35 legacy=24 raw=[4, 1, 0, 0, 0, 10, 0, -8, 0, -106, 0, 14, 0, 0, 0, -1, -1, 1, 1, 0, 1, 1, 0, 4, 0, 13, 0, 20, 0, 10, 0, 0, 0, 0, 0, 1, -17, 1, 65, 116, 116, 97, 99, 107, 32, 49, 0, 0, 0, -1, 0, 0, 0, 0, -1, 0, 0, 0, 0, 0, 0, 0, 0, 0, 0] strings=||||||||||||||||||||||||||||||||||||||Attack 1|||||||||||||||||||
36 legacy=25 raw=[4, 1, 0, 0, 0, 10, 1, 7, 0, -106, 0, 14, 0, 0, 0, -1, -1, 1, 1, 0, 1, 1, 0, 4, 0, 13, 0, 20, 0, 11, 0, 0, 0, 0, 0, 1, -17, 1, 65, 116, 116, 97, 99, 107, 32, 50, 0, 0, 0, -1, 0, 0, 0, 0, -1, 0, 0, 0, 0, 0, 0, 0, 0, 0, 0] strings=||||||||||||||||||||||||||||||||||||||Attack 2|||||||||||||||||||
37 legacy=26 raw=[4, 1, 0, 0, 0, 10, 1, 22, 0, -106, 0, 14, 0, 0, 0, -1, -1, 1, 1, 0, 1, 1, 0, 4, 0, 13, 0, 20, 0, 12, 0, 0, 0, 0, 0, 1, -17, 1, 65, 116, 116, 97, 99, 107, 32, 51, 0, 0, 0, -1, 0, 0, 0, 0, -1, 0, 0, 0, 0, 0, 0, 0, 0, 0, 0] strings=||||||||||||||||||||||||||||||||||||||Attack 3|||||||||||||||||||
38 legacy=27 raw=[4, 1, 0, 0, 0, 10, 1, 37, 0, -106, 0, 14, 0, 0, 0, -1, -1, 1, 1, 0, 1, 1, 0, 4, 0, 13, 0, 20, 0, 13, 0, 0, 0, 0, 0, 1, -17, 1, 65, 116, 116, 97, 99, 107, 32, 52, 0, 0, 0, -1, 0, 0, 0, 0, -1, 0, 0, 0, 0, 0, 0, 0, 0, 0, 0] strings=|||||||%||||||||||||||||||||||||||||||Attack 4|||||||||||||||||||
39 legacy=28 raw=[4, 1, 0, 0, 0, 10, 1, 52, 0, -106, 0, 14, 0, 0, 0, -1, -1, 1, 1, 0, 1, 1, 0, 4, 0, 13, 0, 20, 0, 14, 0, 0, 0, 0, 0, 1, -17, 1, 65, 116, 116, 97, 99, 107, 32, 53, 0, 0, 0, -1, 0, 0, 0, 0, -1, 0, 0, 0, 0, 0, 0, 0, 0, 0, 0] strings=|||||||4||||||||||||||||||||||||||||||Attack 5|||||||||||||||||||
40 legacy=29 raw=[4, 1, 0, 0, 0, 10, 1, 67, 0, -106, 0, 14, 0, 0, 0, -1, -1, 1, 1, 0, 1, 1, 0, 4, 0, 13, 0, 20, 0, 15, 0, 0, 0, 0, 0, 1, -17, 1, 65, 116, 116, 97, 99, 107, 32, 54, 0, 0, 0, -1, 0, 0, 0, 0, -1, 0, 0, 0, 0, 0, 0, 0, 0, 0, 0] strings=|||||||C||||||||||||||||||||||||||||||Attack 6|||||||||||||||||||
41 legacy=180 raw=[4, 1, 0, 0, 0, 10, 1, 82, 0, -106, 0, 14, 0, 0, 0, -1, -1, 1, 1, 0, 1, 1, 0, 4, 0, 13, 0, 20, 0, 16, 0, 0, 0, 0, 0, 1, -17, 1, 65, 116, 116, 101, 110, 116, 105, 111, 110, 0, 0, 0, -1, 0, 0, 0, 0, -1, 0, 0, 0, 0, 0, 0, 0, 0, 0, 0] strings=|||||||R||||||||||||||||||||||||||||||Attention|||||||||||||||||||
42 legacy=2 raw=[4, 1, 0, 0, 0, 10, 1, 97, 0, -106, 0, 14, 0, 0, 0, -1, -1, 1, 1, 0, 1, 1, 0, 4, 0, 13, 0, 20, 0, 17, 0, 0, 0, 0, 0, 1, -17, 1, 65, 117, 116, 117, 109, 110, 32, 86, 111, 121, 97, 103, 101, 0, 0, 0, -1, 0, 0, 0, 0, -1, 0, 0, 0, 0, 0, 0, 0, 0, 0, 0] strings=|||||||a||||||||||||||||||||||||||||||Autumn Voyage|||||||||||||||||||
43 legacy=324 raw=[4, 1, 0, 0, 0, 10, 1, -114, 0, -106, 0, 14, 0, 0, 0, -1, -1, 1, 1, 0, 1, 1, 0, 4, 0, 13, 0, 20, 0, 18, 0, 0, 0, 0, 0, 1, -17, 1, 66, 97, 99, 107, 103, 114, 111, 117, 110, 100, 0, 0, 0, -1, 0, 0, 0, 0, -1, 0, 0, 0, 0, 0, 0, 0, 0, 0, 0] strings=||||||||||||||||||||||||||||||||||||||Background|||||||||||||||||||
44 legacy=-1 raw=[4, 1, 0, 0, 0, 10, 1, -99, 0, -106, 0, 14, 0, 0, 0, -1, -1, 1, 1, 0, 1, 1, 0, 4, 0, 13, 0, 20, 0, 19, 0, 0, 0, 0, 0, 1, -17, 1, 66, 97, 108, 108, 97, 100, 32, 79, 102, 32, 69, 110, 99, 104, 97, 110, 116, 109, 101, 110, 116, 0, 0, 0, -1, 0, 0, 0, 0, -1, 0, 0, 0, 0, 0, 0, 0, 0, 0, 0] strings=||||||||||||||||||||||||||||||||||||||Ballad Of Enchantment|||||||||||||||||||
45 legacy=99 raw=[4, 1, 0, 0, 0, 10, 1, -39, 0, -106, 0, 14, 0, 0, 0, -1, -1, 1, 1, 0, 1, 1, 0, 4, 0, 13, 0, 20, 0, 20, 0, 0, 0, 0, 0, 1, -17, 1, 66, 97, 114, 111, 113, 117, 101, 0, 0, 0, -1, 0, 0, 0, 0, -1, 0, 0, 0, 0, 0, 0, 0, 0, 0, 0] strings=||||||||||||||||||||||||||||||||||||||Baroque|||||||||||||||||||
46 legacy=100 raw=[4, 1, 0, 0, 0, 10, 1, -24, 0, -106, 0, 14, 0, 0, 0, -1, -1, 1, 1, 0, 1, 1, 0, 4, 0, 13, 0, 20, 0, 21, 0, 0, 0, 0, 0, 1, -17, 1, 66, 101, 121, 111, 110, 100, 0, 0, 0, -1, 0, 0, 0, 0, -1, 0, 0, 0, 0, 0, 0, 0, 0, 0, 0] strings=||||||||||||||||||||||||||||||||||||||Beyond|||||||||||||||||||
47 legacy=83 raw=[4, 1, 0, 0, 0, 10, 1, -9, 0, -106, 0, 14, 0, 0, 0, -1, -1, 1, 1, 0, 1, 1, 0, 4, 0, 13, 0, 20, 0, 22, 0, 0, 0, 0, 0, 1, -17, 1, 66, 105, 103, 32, 67, 104, 111, 114, 100, 115, 0, 0, 0, -1, 0, 0, 0, 0, -1, 0, 0, 0, 0, 0, 0, 0, 0, 0, 0] strings=||||||||||||||||||||||||||||||||||||||Big Chords|||||||||||||||||||
48 legacy=-1 raw=[4, 1, 0, 0, 0, 10, 2, 66, 0, -106, 0, 14, 0, 0, 0, -1, -1, 1, 1, 0, 1, 1, 0, 4, 0, 13, 0, 20, 0, 23, 0, 0, 0, 0, 0, 1, -17, 1, 66, 111, 111, 107, 32, 79, 102, 32, 83, 112, 101, 108, 108, 115, 0, 0, 0, -1, 0, 0, 0, 0, -1, 0, 0, 0, 0, 0, 0, 0, 0, 0, 0] strings=|||||||B||||||||||||||||||||||||||||||Book Of Spells|||||||||||||||||||
49 legacy=104 raw=[4, 1, 0, 0, 0, 10, 2, -85, 0, -106, 0, 14, 0, 0, 0, -1, -1, 1, 1, 0, 1, 1, 0, 4, 0, 13, 0, 20, 0, 24, 0, 0, 0, 0, 0, 1, -17, 1, 67, 97, 109, 101, 108, 111, 116, 0, 0, 0, -1, 0, 0, 0, 0, -1, 0, 0, 0, 0, 0, 0, 0, 0, 0, 0] strings=||||||||||||||||||||||||||||||||||||||Camelot|||||||||||||||||||
50 legacy=324 raw=[4, 1, 0, 0, 0, 10, 2, -40, 0, -106, 0, 14, 0, 0, 0, -1, -1, 1, 1, 0, 1, 1, 0, 4, 0, 13, 0, 20, 0, 25, 0, 0, 0, 0, 0, 1, -17, 1, 67, 97, 118, 101, 32, 66, 97, 99, 107, 103, 114, 111, 117, 110, 100, 0, 0, 0, -1, 0, 0, 0, 0, -1, 0, 0, 0, 0, 0, 0, 0, 0, 0, 0] strings=||||||||||||||||||||||||||||||||||||||Cave Background|||||||||||||||||||
51 legacy=68 raw=[4, 1, 0, 0, 0, 10, 3, 5, 0, -106, 0, 14, 0, 0, 0, -1, -1, 1, 1, 0, 1, 1, 0, 4, 0, 13, 0, 20, 0, 26, 0, 0, 0, 0, 0, 1, -17, 1, 67, 97, 118, 101, 114, 110, 0, 0, 0, -1, 0, 0, 0, 0, -1, 0, 0, 0, 0, 0, 0, 0, 0, 0, 0] strings=||||||||||||||||||||||||||||||||||||||Cavern|||||||||||||||||||
52 legacy=63 raw=[4, 1, 0, 0, 0, 10, 3, 50, 0, -106, 0, 14, 0, 0, 0, -1, -1, 1, 1, 0, 1, 1, 0, 4, 0, 13, 0, 20, 0, 27, 0, 0, 0, 0, 0, 1, -17, 1, 67, 104, 97, 105, 110, 32, 79, 102, 32, 67, 111, 109, 109, 97, 110, 100, 0, 0, 0, -1, 0, 0, 0, 0, -1, 0, 0, 0, 0, 0, 0, 0, 0, 0, 0] strings=|||||||2||||||||||||||||||||||||||||||Chain Of Command|||||||||||||||||||
53 legacy=181 raw=[4, 1, 0, 0, 0, 10, 4, 34, 0, -106, 0, 14, 0, 0, 0, -1, -1, 1, 1, 0, 1, 1, 0, 4, 0, 13, 0, 20, 0, 28, 0, 0, 0, 0, 0, 1, -17, 1, 67, 114, 121, 115, 116, 97, 108, 32, 67, 97, 118, 101, 0, 0, 0, -1, 0, 0, 0, 0, -1, 0, 0, 0, 0, 0, 0, 0, 0, 0, 0] strings=|||||||"||||||||||||||||||||||||||||||Crystal Cave|||||||||||||||||||
54 legacy=169 raw=[4, 1, 0, 0, 0, 10, 4, 49, 0, -106, 0, 14, 0, 0, 0, -1, -1, 1, 1, 0, 1, 1, 0, 4, 0, 13, 0, 20, 0, 29, 0, 0, 0, 0, 0, 1, -17, 1, 67, 114, 121, 115, 116, 97, 108, 32, 83, 119, 111, 114, 100, 0, 0, 0, -1, 0, 0, 0, 0, -1, 0, 0, 0, 0, 0, 0, 0, 0, 0, 0] strings=|||||||1||||||||||||||||||||||||||||||Crystal Sword|||||||||||||||||||
55 legacy=182 raw=[4, 1, 0, 0, 0, 10, 4, 124, 0, -106, 0, 14, 0, 0, 0, -1, -1, 1, 1, 0, 1, 1, 0, 4, 0, 13, 0, 20, 0, 30, 0, 0, 0, 0, 0, 1, -17, 1, 68, 97, 110, 103, 101, 114, 111, 117, 115, 0, 0, 0, -1, 0, 0, 0, 0, -1, 0, 0, 0, 0, 0, 0, 0, 0, 0, 0] strings=||||||||||||||||||||||||||||||||||||||Dangerous|||||||||||||||||||
56 legacy=326 raw=[4, 1, 0, 0, 0, 10, 4, -87, 0, -106, 0, 14, 0, 0, 0, -1, -1, 1, 1, 0, 1, 1, 0, 4, 0, 13, 0, 20, 0, 31, 0, 0, 0, 0, 0, 1, -17, 1, 68, 97, 114, 107, 0, 0, 0, -1, 0, 0, 0, 0, -1, 0, 0, 0, 0, 0, 0, 0, 0, 0, 0] strings=||||||||||||||||||||||||||||||||||||||Dark|||||||||||||||||||
57 legacy=37 raw=[4, 1, 0, 0, 0, 10, 5, 2, 0, -106, 0, 14, 0, 0, 0, -1, -1, 1, 1, 0, 1, 1, 0, 4, 0, 13, 0, 21, 0, 0, 0, 0, 0, 0, 0, 1, -17, 1, 68, 101, 101, 112, 32, 87, 105, 108, 100, 121, 0, 0, 0, -1, 0, 0, 0, 0, -1, 0, 0, 0, 0, 0, 0, 0, 0, 0, 0] strings=||||||||||||||||||||||||||||||||||||||Deep Wildy|||||||||||||||||||
58 legacy=32 raw=[4, 1, 0, 0, 0, 10, 5, 47, 0, -106, 0, 14, 0, 0, 0, -1, -1, 1, 1, 0, 1, 1, 0, 4, 0, 13, 0, 21, 0, 1, 0, 0, 0, 0, 0, 1, -17, 1, 68, 101, 115, 101, 114, 116, 32, 86, 111, 121, 97, 103, 101, 0, 0, 0, -1, 0, 0, 0, 0, -1, 0, 0, 0, 0, 0, 0, 0, 0, 0, 0] strings=|||||||/||||||||||||||||||||||||||||||Desert Voyage|||||||||||||||||||
59 legacy=56 raw=[4, 1, 0, 0, 0, 10, 5, -104, 0, -106, 0, 14, 0, 0, 0, -1, -1, 1, 1, 0, 1, 1, 0, 4, 0, 13, 0, 21, 0, 2, 0, 0, 0, 0, 0, 1, -17, 1, 68, 111, 111, 114, 119, 97, 121, 115, 0, 0, 0, -1, 0, 0, 0, 0, -1, 0, 0, 0, 0, 0, 0, 0, 0, 0, 0] strings=||||||||||||||||||||||||||||||||||||||Doorways|||||||||||||||||||
60 legacy=327 raw=[4, 1, 0, 0, 0, 10, 5, -44, 0, -106, 0, 14, 0, 0, 0, -1, -1, 1, 1, 0, 1, 1, 0, 4, 0, 13, 0, 21, 0, 3, 0, 0, 0, 0, 0, 1, -17, 1, 68, 114, 101, 97, 109, 0, 0, 0, -1, 0, 0, 0, 0, -1, 0, 0, 0, 0, 0, 0, 0, 0, 0, 0] strings=||||||||||||||||||||||||||||||||||||||Dream|||||||||||||||||||
61 legacy=173 raw=[4, 1, 0, 0, 0, 10, 6, 1, 0, -106, 0, 14, 0, 0, 0, -1, -1, 1, 1, 0, 1, 1, 0, 4, 0, 13, 0, 21, 0, 4, 0, 0, 0, 0, 0, 1, -17, 1, 68, 117, 110, 106, 117, 110, 0, 0, 0, -1, 0, 0, 0, 0, -1, 0, 0, 0, 0, 0, 0, 0, 0, 0, 0] strings=||||||||||||||||||||||||||||||||||||||Dunjun|||||||||||||||||||
62 legacy=69 raw=[4, 1, 0, 0, 0, 10, 6, 46, 0, -106, 0, 14, 0, 0, 0, -1, -1, 1, 1, 0, 1, 1, 0, 4, 0, 13, 0, 21, 0, 5, 0, 0, 0, 0, 0, 1, -17, 1, 69, 103, 121, 112, 116, 0, 0, 0, -1, 0, 0, 0, 0, -1, 0, 0, 0, 0, 0, 0, 0, 0, 0, 0] strings=|||||||.||||||||||||||||||||||||||||||Egypt|||||||||||||||||||
63 legacy=148 raw=[4, 1, 0, 0, 0, 10, 6, 76, 0, -106, 0, 14, 0, 0, 0, -1, -1, 1, 1, 0, 1, 1, 0, 4, 0, 13, 0, 21, 0, 6, 0, 0, 0, 0, 0, 1, -17, 1, 69, 109, 111, 116, 105, 111, 110, 0, 0, 0, -1, 0, 0, 0, 0, -1, 0, 0, 0, 0, 0, 0, 0, 0, 0, 0] strings=|||||||L||||||||||||||||||||||||||||||Emotion|||||||||||||||||||
64 legacy=106 raw=[4, 1, 0, 0, 0, 10, 6, -60, 0, -106, 0, 14, 0, 0, 0, -1, -1, 1, 1, 0, 1, 1, 0, 4, 0, 13, 0, 21, 0, 8, 0, 0, 0, 0, 0, 1, -17, 1, 69, 120, 112, 97, 110, 115, 101, 0, 0, 0, -1, 0, 0, 0, 0, -1, 0, 0, 0, 0, 0, 0, 0, 0, 0, 0] strings=||||||||||||||||||||||||||||||||||||||Expanse|||||||||||||||||||
65 legacy=41 raw=[4, 1, 0, 0, 0, 10, 6, -45, 0, -106, 0, 14, 0, 0, 0, -1, -1, 1, 1, 0, 1, 1, 0, 4, 0, 13, 0, 21, 0, 9, 0, 0, 0, 0, 0, 1, -17, 1, 69, 120, 112, 101, 99, 116, 105, 110, 103, 0, 0, 0, -1, 0, 0, 0, 0, -1, 0, 0, 0, 0, 0, 0, 0, 0, 0, 0] strings=||||||||||||||||||||||||||||||||||||||Expecting|||||||||||||||||||
66 legacy=118 raw=[4, 1, 0, 0, 0, 10, 7, 0, 0, -106, 0, 14, 0, 0, 0, -1, -1, 1, 1, 0, 1, 1, 0, 4, 0, 13, 0, 21, 0, 11, 0, 0, 0, 0, 0, 1, -17, 1, 70, 97, 101, 114, 105, 101, 0, 0, 0, -1, 0, 0, 0, 0, -1, 0, 0, 0, 0, 0, 0, 0, 0, 0, 0] strings=||||||||||||||||||||||||||||||||||||||Faerie|||||||||||||||||||
67 legacy=72 raw=[4, 1, 0, 0, 0, 10, 7, 30, 0, -106, 0, 14, 0, 0, 0, -1, -1, 1, 1, 0, 1, 1, 0, 4, 0, 13, 0, 21, 0, 12, 0, 0, 0, 0, 0, 1, -17, 1, 70, 97, 110, 102, 97, 114, 101, 0, 0, 0, -1, 0, 0, 0, 0, -1, 0, 0, 0, 0, 0, 0, 0, 0, 0, 0] strings=||||||||||||||||||||||||||||||||||||||Fanfare|||||||||||||||||||
68 legacy=166 raw=[4, 1, 0, 0, 0, 10, 7, 45, 0, -106, 0, 14, 0, 0, 0, -1, -1, 1, 1, 0, 1, 1, 0, 4, 0, 13, 0, 25, 0, 2, 0, 0, 0, 0, 0, 1, -17, 1, 70, 97, 110, 102, 97, 114, 101, 32, 50, 0, 0, 0, -1, 0, 0, 0, 0, -1, 0, 0, 0, 0, 0, 0, 0, 0, 0, 0] strings=|||||||-||||||||||||||||||||||||||||||Fanfare 2|||||||||||||||||||
69 legacy=167 raw=[4, 1, 0, 0, 0, 10, 7, 60, 0, -106, 0, 14, 0, 0, 0, -1, -1, 1, 1, 0, 1, 1, 0, 4, 0, 13, 0, 21, 0, 13, 0, 0, 0, 0, 0, 1, -17, 1, 70, 97, 110, 102, 97, 114, 101, 32, 51, 0, 0, 0, -1, 0, 0, 0, 0, -1, 0, 0, 0, 0, 0, 0, 0, 0, 0, 0] strings=|||||||<||||||||||||||||||||||||||||||Fanfare 3|||||||||||||||||||
70 legacy=119 raw=[4, 1, 0, 0, 0, 10, 7, -61, 0, -106, 0, 14, 0, 0, 0, -1, -1, 1, 1, 0, 1, 1, 0, 4, 0, 13, 0, 21, 0, 14, 0, 0, 0, 0, 0, 1, -17, 1, 70, 105, 115, 104, 105, 110, 103, 0, 0, 0, -1, 0, 0, 0, 0, -1, 0, 0, 0, 0, 0, 0, 0, 0, 0, 0] strings=||||||||||||||||||||||||||||||||||||||Fishing|||||||||||||||||||
71 legacy=163 raw=[4, 1, 0, 0, 0, 10, 7, -31, 0, -106, 0, 14, 0, 0, 0, -1, -1, 1, 1, 0, 1, 1, 0, 4, 0, 13, 0, 21, 0, 15, 0, 0, 0, 0, 0, 1, -17, 1, 70, 108, 117, 116, 101, 32, 83, 97, 108, 97, 100, 0, 0, 0, -1, 0, 0, 0, 0, -1, 0, 0, 0, 0, 0, 0, 0, 0, 0, 0] strings=||||||||||||||||||||||||||||||||||||||Flute Salad|||||||||||||||||||
72 legacy=98 raw=[4, 1, 0, 0, 0, 10, 8, 29, 0, -106, 0, 14, 0, 0, 0, -1, -1, 1, 1, 0, 1, 1, 0, 4, 0, 13, 0, 21, 0, 16, 0, 0, 0, 0, 0, 1, -17, 1, 70, 111, 114, 101, 118, 101, 114, 0, 0, 0, -1, 0, 0, 0, 0, -1, 0, 0, 0, 0, 0, 0, 0, 0, 0, 0] strings=||||||||||||||||||||||||||||||||||||||Forever|||||||||||||||||||
73 legacy=159 raw=[4, 1, 0, 0, 0, 10, 8, -107, 0, -106, 0, 14, 0, 0, 0, -1, -1, 1, 1, 0, 1, 1, 0, 4, 0, 13, 0, 21, 0, 17, 0, 0, 0, 0, 0, 1, -17, 1, 71, 97, 111, 108, 0, 0, 0, -1, 0, 0, 0, 0, -1, 0, 0, 0, 0, 0, 0, 0, 0, 0, 0] strings=||||||||||||||||||||||||||||||||||||||Gaol|||||||||||||||||||
74 legacy=125 raw=[4, 1, 0, 0, 0, 10, 8, -92, 0, -106, 0, 14, 0, 0, 0, -1, -1, 1, 1, 0, 1, 1, 0, 4, 0, 13, 0, 21, 0, 18, 0, 0, 0, 0, 0, 1, -17, 1, 71, 97, 114, 100, 101, 110, 0, 0, 0, -1, 0, 0, 0, 0, -1, 0, 0, 0, 0, 0, 0, 0, 0, 0, 0] strings=||||||||||||||||||||||||||||||||||||||Garden|||||||||||||||||||
75 legacy=22 raw=[4, 1, 0, 0, 0, 10, 8, -62, 0, -106, 0, 14, 0, 0, 0, -1, -1, 1, 1, 0, 1, 1, 0, 4, 0, 13, 0, 21, 0, 19, 0, 0, 0, 0, 0, 1, -17, 1, 71, 110, 111, 109, 101, 32, 75, 105, 110, 103, 0, 0, 0, -1, 0, 0, 0, 0, -1, 0, 0, 0, 0, 0, 0, 0, 0, 0, 0] strings=||||||||||||||||||||||||||||||||||||||Gnome King|||||||||||||||||||
76 legacy=109 raw=[4, 1, 0, 0, 0, 10, 8, -47, 0, -106, 0, 14, 0, 0, 0, -1, -1, 1, 1, 0, 1, 1, 0, 4, 0, 13, 0, 21, 0, 20, 0, 0, 0, 0, 0, 1, -17, 1, 71, 110, 111, 109, 101, 32, 84, 104, 101, 109, 101, 0, 0, 0, -1, 0, 0, 0, 0, -1, 0, 0, 0, 0, 0, 0, 0, 0, 0, 0] strings=||||||||||||||||||||||||||||||||||||||Gnome Theme|||||||||||||||||||
77 legacy=33 raw=[4, 1, 0, 0, 0, 10, 8, -32, 0, -106, 0, 14, 0, 0, 0, -1, -1, 1, 1, 0, 1, 1, 0, 4, 0, 13, 0, 21, 0, 21, 0, 0, 0, 0, 0, 1, -17, 1, 71, 110, 111, 109, 101, 32, 86, 105, 108, 108, 97, 103, 101, 0, 0, 0, -1, 0, 0, 0, 0, -1, 0, 0, 0, 0, 0, 0, 0, 0, 0, 0] strings=||||||||||||||||||||||||||||||||||||||Gnome Village|||||||||||||||||||
78 legacy=101 raw=[4, 1, 0, 0, 0, 10, 8, -17, 0, -106, 0, 14, 0, 0, 0, -1, -1, 1, 1, 0, 1, 1, 0, 4, 0, 13, 0, 21, 0, 22, 0, 0, 0, 0, 0, 1, -17, 1, 71, 110, 111, 109, 101, 32, 86, 105, 108, 108, 97, 103, 101, 32, 50, 0, 0, 0, -1, 0, 0, 0, 0, -1, 0, 0, 0, 0, 0, 0, 0, 0, 0, 0] strings=||||||||||||||||||||||||||||||||||||||Gnome Village 2|||||||||||||||||||
79 legacy=23 raw=[4, 1, 0, 0, 0, 10, 8, -2, 0, -106, 0, 14, 0, 0, 0, -1, -1, 1, 1, 0, 1, 1, 0, 4, 0, 13, 0, 21, 0, 23, 0, 0, 0, 0, 0, 1, -17, 1, 71, 110, 111, 109, 101, 0, 0, 0, -1, 0, 0, 0, 0, -1, 0, 0, 0, 0, 0, 0, 0, 0, 0, 0] strings=||||||||||||||||||||||||||||||||||||||Gnome|||||||||||||||||||
80 legacy=112 raw=[4, 1, 0, 0, 0, 10, 9, 13, 0, -106, 0, 14, 0, 0, 0, -1, -1, 1, 1, 0, 1, 1, 0, 4, 0, 13, 0, 21, 0, 24, 0, 0, 0, 0, 0, 1, -17, 1, 71, 110, 111, 109, 101, 98, 97, 108, 108, 0, 0, 0, -1, 0, 0, 0, 0, -1, 0, 0, 0, 0, 0, 0, 0, 0, 0, 0] strings=||||||||||||||||||||||||||||||||||||||Gnomeball|||||||||||||||||||
81 legacy=116 raw=[4, 1, 0, 0, 0, 10, 9, 73, 0, -106, 0, 14, 0, 0, 0, -1, -1, 1, 1, 0, 1, 1, 0, 4, 0, 13, 0, 21, 0, 25, 0, 0, 0, 0, 0, 1, -17, 1, 71, 114, 101, 97, 116, 110, 101, 115, 115, 0, 0, 0, -1, 0, 0, 0, 0, -1, 0, 0, 0, 0, 0, 0, 0, 0, 0, 0] strings=|||||||I||||||||||||||||||||||||||||||Greatness|||||||||||||||||||
82 legacy=76 raw=[4, 1, 0, 0, 0, 10, 9, -93, 0, -106, 0, 14, 0, 0, 0, -1, -1, 1, 1, 0, 1, 1, 0, 4, 0, 13, 0, 21, 0, 26, 0, 0, 0, 0, 0, 1, -17, 1, 72, 97, 114, 109, 111, 110, 121, 0, 0, 0, -1, 0, 0, 0, 0, -1, 0, 0, 0, 0, 0, 0, 0, 0, 0, 0] strings=||||||||||||||||||||||||||||||||||||||Harmony|||||||||||||||||||
83 legacy=55 raw=[4, 1, 0, 0, 0, 10, 10, 27, 0, -106, 0, 14, 0, 0, 0, -1, -1, 1, 1, 0, 1, 1, 0, 4, 0, 13, 0, 21, 0, 27, 0, 0, 0, 0, 0, 1, -17, 1, 72, 105, 103, 104, 32, 83, 101, 97, 115, 0, 0, 0, -1, 0, 0, 0, 0, -1, 0, 0, 0, 0, 0, 0, 0, 0, 0, 0] strings=||||||||||||||||||||||||||||||||||||||High Seas|||||||||||||||||||
84 legacy=18 raw=[4, 1, 0, 0, 0, 10, 10, 87, 0, -106, 0, 14, 0, 0, 0, -1, -1, 1, 1, 0, 1, 1, 0, 4, 0, 13, 0, 21, 0, 28, 0, 0, 0, 0, 0, 1, -17, 1, 72, 111, 114, 105, 122, 111, 110, 0, 0, 0, -1, 0, 0, 0, 0, -1, 0, 0, 0, 0, 0, 0, 0, 0, 0, 0] strings=|||||||W||||||||||||||||||||||||||||||Horizon|||||||||||||||||||
85 legacy=1 raw=[4, 1, 0, 0, 0, 10, 10, 117, 0, -106, 0, 14, 0, 0, 0, -1, -1, 1, 1, 0, 1, 1, 0, 4, 0, 13, 0, 21, 0, 29, 0, 0, 0, 0, 0, 1, -17, 1, 73, 98, 97, 110, 0, 0, 0, -1, 0, 0, 0, 0, -1, 0, 0, 0, 0, 0, 0, 0, 0, 0, 0] strings=|||||||u||||||||||||||||||||||||||||||Iban|||||||||||||||||||
86 legacy=188 raw=[4, 1, 0, 0, 0, 10, 10, -64, 0, -106, 0, 14, 0, 0, 0, -1, -1, 1, 1, 0, 1, 1, 0, 4, 0, 13, 0, 21, 0, 30, 0, 0, 0, 0, 0, 1, -17, 1, 73, 110, 32, 116, 104, 101, 32, 77, 97, 110, 111, 114, 0, 0, 0, -1, 0, 0, 0, 0, -1, 0, 0, 0, 0, 0, 0, 0, 0, 0, 0] strings=||||||||||||||||||||||||||||||||||||||In the Manor|||||||||||||||||||
87 legacy=96 raw=[4, 1, 0, 0, 0, 10, 10, -4, 0, -106, 0, 14, 0, 0, 0, -1, -1, 1, 1, 0, 1, 1, 0, 4, 0, 13, 0, 21, 0, 31, 0, 0, 0, 0, 0, 1, -17, 1, 73, 110, 115, 112, 105, 114, 97, 116, 105, 111, 110, 0, 0, 0, -1, 0, 0, 0, 0, -1, 0, 0, 0, 0, 0, 0, 0, 0, 0, 0] strings=||||||||||||||||||||||||||||||||||||||Inspiration|||||||||||||||||||
88 legacy=95 raw=[4, 1, 0, 0, 0, 10, 11, 26, 0, -106, 0, 14, 0, 0, 0, -1, -1, 1, 1, 0, 1, 1, 0, 4, 0, 13, 0, 22, 0, 0, 0, 0, 0, 0, 0, 1, -17, 1, 73, 110, 116, 114, 101, 112, 105, 100, 0, 0, 0, -1, 0, 0, 0, 0, -1, 0, 0, 0, 0, 0, 0, 0, 0, 0, 0] strings=||||||||||||||||||||||||||||||||||||||Intrepid|||||||||||||||||||
89 legacy=6 raw=[4, 1, 0, 0, 0, 10, 11, 71, 0, -106, 0, 14, 0, 0, 0, -1, -1, 1, 1, 0, 1, 1, 0, 4, 0, 13, 0, 22, 0, 1, 0, 0, 0, 0, 0, 1, -17, 1, 74, 111, 108, 108, 121, 45, 82, 0, 0, 0, -1, 0, 0, 0, 0, -1, 0, 0, 0, 0, 0, 0, 0, 0, 0, 0] strings=|||||||G||||||||||||||||||||||||||||||Jolly-R|||||||||||||||||||
90 legacy=172 raw=[4, 1, 0, 0, 0, 10, 11, 116, 0, -106, 0, 14, 0, 0, 0, -1, -1, 1, 1, 0, 1, 1, 0, 4, 0, 13, 0, 22, 0, 2, 0, 0, 0, 0, 0, 1, -17, 1, 74, 117, 110, 103, 108, 101, 32, 73, 115, 108, 97, 110, 100, 0, 0, 0, -1, 0, 0, 0, 0, -1, 0, 0, 0, 0, 0, 0, 0, 0, 0, 0] strings=|||||||t||||||||||||||||||||||||||||||Jungle Island|||||||||||||||||||
91 legacy=114 raw=[4, 1, 0, 0, 0, 10, 11, -80, 0, -106, 0, 14, 0, 0, 0, -1, -1, 1, 1, 0, 1, 1, 0, 4, 0, 13, 0, 22, 0, 3, 0, 0, 0, 0, 0, 1, -17, 1, 74, 117, 110, 103, 108, 121, 32, 49, 0, 0, 0, -1, 0, 0, 0, 0, -1, 0, 0, 0, 0, 0, 0, 0, 0, 0, 0] strings=||||||||||||||||||||||||||||||||||||||Jungly 1|||||||||||||||||||
92 legacy=115 raw=[4, 1, 0, 0, 0, 10, 11, -65, 0, -106, 0, 14, 0, 0, 0, -1, -1, 1, 1, 0, 1, 1, 0, 4, 0, 13, 0, 22, 0, 4, 0, 0, 0, 0, 0, 1, -17, 1, 74, 117, 110, 103, 108, 121, 32, 50, 0, 0, 0, -1, 0, 0, 0, 0, -1, 0, 0, 0, 0, 0, 0, 0, 0, 0, 0] strings=||||||||||||||||||||||||||||||||||||||Jungly 2|||||||||||||||||||
93 legacy=117 raw=[4, 1, 0, 0, 0, 10, 11, -50, 0, -106, 0, 14, 0, 0, 0, -1, -1, 1, 1, 0, 1, 1, 0, 4, 0, 13, 0, 22, 0, 5, 0, 0, 0, 0, 0, 1, -17, 1, 74, 117, 110, 103, 108, 121, 32, 51, 0, 0, 0, -1, 0, 0, 0, 0, -1, 0, 0, 0, 0, 0, 0, 0, 0, 0, 0] strings=||||||||||||||||||||||||||||||||||||||Jungly 3|||||||||||||||||||
94 legacy=191 raw=[4, 1, 0, 0, 0, 10, 11, -5, 0, -106, 0, 14, 0, 0, 0, -1, -1, 1, 1, 0, 1, 1, 0, 4, 0, 13, 0, 22, 0, 6, 0, 0, 0, 0, 0, 1, -17, 1, 75, 110, 105, 103, 104, 116, 108, 121, 0, 0, 0, -1, 0, 0, 0, 0, -1, 0, 0, 0, 0, 0, 0, 0, 0, 0, 0] strings=||||||||||||||||||||||||||||||||||||||Knightly|||||||||||||||||||
95 legacy=60 raw=[4, 1, 0, 0, 0, 10, 12, -111, 0, -106, 0, 14, 0, 0, 0, -1, -1, 1, 1, 0, 1, 1, 0, 4, 0, 13, 0, 22, 0, 7, 0, 0, 0, 0, 0, 1, -17, 1, 76, 97, 115, 116, 105, 110, 103, 0, 0, 0, -1, 0, 0, 0, 0, -1, 0, 0, 0, 0, 0, 0, 0, 0, 0, 0] strings=||||||||||||||||||||||||||||||||||||||Lasting|||||||||||||||||||
96 legacy=66 raw=[4, 1, 0, 0, 0, 10, 12, -81, 0, -106, 0, 14, 0, 0, 0, -1, -1, 1, 1, 0, 1, 1, 0, 4, 0, 13, 0, 22, 0, 8, 0, 0, 0, 0, 0, 1, -17, 1, 76, 101, 103, 105, 111, 110, 0, 0, 0, -1, 0, 0, 0, 0, -1, 0, 0, 0, 0, 0, 0, 0, 0, 0, 0] strings=||||||||||||||||||||||||||||||||||||||Legion|||||||||||||||||||
97 legacy=113 raw=[4, 1, 0, 0, 0, 10, 12, -36, 0, -106, 0, 14, 0, 0, 0, -1, -1, 1, 1, 0, 1, 1, 0, 4, 0, 13, 0, 22, 0, 9, 0, 0, 0, 0, 0, 1, -17, 1, 76, 105, 103, 104, 116, 110, 101, 115, 115, 0, 0, 0, -1, 0, 0, 0, 0, -1, 0, 0, 0, 0, 0, 0, 0, 0, 0, 0] strings=||||||||||||||||||||||||||||||||||||||Lightness|||||||||||||||||||
98 legacy=74 raw=[4, 1, 0, 0, 0, 10, 12, -21, 0, -106, 0, 14, 0, 0, 0, -1, -1, 1, 1, 0, 1, 1, 0, 4, 0, 13, 0, 22, 0, 10, 0, 0, 0, 0, 0, 1, -17, 1, 76, 105, 103, 104, 116, 119, 97, 108, 107, 0, 0, 0, -1, 0, 0, 0, 0, -1, 0, 0, 0, 0, 0, 0, 0, 0, 0, 0] strings=||||||||||||||||||||||||||||||||||||||Lightwalk|||||||||||||||||||
99 legacy=161 raw=[4, 1, 0, 0, 0, 10, 13, 24, 0, -106, 0, 14, 0, 0, 0, -1, -1, 1, 1, 0, 1, 1, 0, 4, 0, 13, 0, 22, 0, 11, 0, 0, 0, 0, 0, 1, -17, 1, 76, 111, 110, 103, 32, 65, 103, 111, 0, 0, 0, -1, 0, 0, 0, 0, -1, 0, 0, 0, 0, 0, 0, 0, 0, 0, 0] strings=||||||||||||||||||||||||||||||||||||||Long Ago|||||||||||||||||||
100 legacy=12 raw=[4, 1, 0, 0, 0, 10, 13, 39, 0, -106, 0, 14, 0, 0, 0, -1, -1, 1, 1, 0, 1, 1, 0, 4, 0, 13, 0, 22, 0, 12, 0, 0, 0, 0, 0, 1, -17, 1, 76, 111, 110, 103, 32, 87, 97, 121, 32, 72, 111, 109, 101, 0, 0, 0, -1, 0, 0, 0, 0, -1, 0, 0, 0, 0, 0, 0, 0, 0, 0, 0] strings=|||||||'||||||||||||||||||||||||||||||Long Way Home|||||||||||||||||||
101 legacy=328 raw=[4, 1, 0, 0, 0, 10, 13, -22, 0, -106, 0, 14, 0, 0, 0, -1, -1, 1, 1, 0, 1, 1, 0, 4, 0, 13, 0, 22, 0, 17, 0, 0, 0, 0, 0, 1, -17, 1, 77, 97, 114, 99, 104, 0, 0, 0, -1, 0, 0, 0, 0, -1, 0, 0, 0, 0, 0, 0, 0, 0, 0, 0] strings=||||||||||||||||||||||||||||||||||||||March|||||||||||||||||||
102 legacy=20 raw=[4, 1, 0, 0, 0, 10, 13, 99, 0, -106, 0, 14, 0, 0, 0, -1, -1, 1, 1, 0, 1, 1, 0, 4, 0, 13, 0, 22, 0, 13, 0, 0, 0, 0, 0, 1, -17, 1, 76, 117, 108, 108, 97, 98, 121, 0, 0, 0, -1, 0, 0, 0, 0, -1, 0, 0, 0, 0, 0, 0, 0, 0, 0, 0] strings=|||||||c||||||||||||||||||||||||||||||Lullaby|||||||||||||||||||
103 legacy=13 raw=[4, 1, 0, 0, 0, 10, 13, -97, 0, -106, 0, 14, 0, 0, 0, -1, -1, 1, 1, 0, 1, 1, 0, 4, 0, 13, 0, 22, 0, 14, 0, 0, 0, 0, 0, 1, -17, 1, 77, 97, 103, 101, 32, 65, 114, 101, 110, 97, 0, 0, 0, -1, 0, 0, 0, 0, -1, 0, 0, 0, 0, 0, 0, 0, 0, 0, 0] strings=||||||||||||||||||||||||||||||||||||||Mage Arena|||||||||||||||||||
104 legacy=185 raw=[4, 1, 0, 0, 0, 10, 13, -82, 0, -106, 0, 14, 0, 0, 0, -1, -1, 1, 1, 0, 1, 1, 0, 4, 0, 13, 0, 22, 0, 15, 0, 0, 0, 0, 0, 1, -17, 1, 77, 97, 103, 105, 99, 32, 68, 97, 110, 99, 101, 0, 0, 0, -1, 0, 0, 0, 0, -1, 0, 0, 0, 0, 0, 0, 0, 0, 0, 0] strings=||||||||||||||||||||||||||||||||||||||Magic Dance|||||||||||||||||||
105 legacy=184 raw=[4, 1, 0, 0, 0, 10, 13, -67, 0, -106, 0, 14, 0, 0, 0, -1, -1, 1, 1, 0, 1, 1, 0, 4, 0, 13, 0, 22, 0, 16, 0, 0, 0, 0, 0, 1, -17, 1, 77, 97, 103, 105, 99, 97, 108, 32, 74, 111, 117, 114, 110, 101, 121, 0, 0, 0, -1, 0, 0, 0, 0, -1, 0, 0, 0, 0, 0, 0, 0, 0, 0, 0] strings=||||||||||||||||||||||||||||||||||||||Magical Journey|||||||||||||||||||
106 legacy=157 raw=[4, 1, 0, 0, 0, 10, 14, 83, 0, -106, 0, 14, 0, 0, 0, -1, -1, 1, 1, 0, 1, 1, 0, 4, 0, 13, 0, 22, 0, 18, 0, 0, 0, 0, 0, 1, -17, 1, 77, 101, 100, 105, 101, 118, 97, 108, 0, 0, 0, -1, 0, 0, 0, 0, -1, 0, 0, 0, 0, 0, 0, 0, 0, 0, 0] strings=|||||||S||||||||||||||||||||||||||||||Medieval|||||||||||||||||||
107 legacy=193 raw=[4, 1, 0, 0, 0, 10, 14, 98, 0, -106, 0, 14, 0, 0, 0, -1, -1, 1, 1, 0, 1, 1, 0, 4, 0, 13, 0, 22, 0, 19, 0, 0, 0, 0, 0, 1, -17, 1, 77, 101, 108, 108, 111, 119, 0, 0, 0, -1, 0, 0, 0, 0, -1, 0, 0, 0, 0, 0, 0, 0, 0, 0, 0] strings=|||||||b||||||||||||||||||||||||||||||Mellow|||||||||||||||||||
108 legacy=107 raw=[4, 1, 0, 0, 0, 10, 14, -98, 0, -106, 0, 14, 0, 0, 0, -1, -1, 1, 1, 0, 1, 1, 0, 4, 0, 13, 0, 22, 0, 20, 0, 0, 0, 0, 0, 1, -17, 1, 77, 105, 108, 101, 115, 32, 65, 119, 97, 121, 0, 0, 0, -1, 0, 0, 0, 0, -1, 0, 0, 0, 0, 0, 0, 0, 0, 0, 0] strings=||||||||||||||||||||||||||||||||||||||Miles Away|||||||||||||||||||
109 legacy=65 raw=[4, 1, 0, 0, 0, 10, 14, -68, 0, -106, 0, 14, 0, 0, 0, -1, -1, 1, 1, 0, 1, 1, 0, 4, 0, 13, 0, 22, 0, 21, 0, 0, 0, 0, 0, 1, -17, 1, 77, 105, 114, 97, 99, 108, 101, 32, 68, 97, 110, 99, 101, 0, 0, 0, -1, 0, 0, 0, 0, -1, 0, 0, 0, 0, 0, 0, 0, 0, 0, 0] strings=||||||||||||||||||||||||||||||||||||||Miracle Dance|||||||||||||||||||
110 legacy=21 raw=[4, 1, 0, 0, 0, 10, 14, -8, 0, -106, 0, 14, 0, 0, 0, -1, -1, 1, 1, 0, 1, 1, 0, 4, 0, 13, 0, 22, 0, 22, 0, 0, 0, 0, 0, 1, -17, 1, 77, 111, 110, 97, 114, 99, 104, 32, 87, 97, 108, 116, 122, 0, 0, 0, -1, 0, 0, 0, 0, -1, 0, 0, 0, 0, 0, 0, 0, 0, 0, 0] strings=||||||||||||||||||||||||||||||||||||||Monarch Waltz|||||||||||||||||||
111 legacy=10 raw=[4, 1, 0, 0, 0, 10, 15, 52, 0, -106, 0, 14, 0, 0, 0, -1, -1, 1, 1, 0, 1, 1, 0, 4, 0, 13, 0, 22, 0, 23, 0, 0, 0, 0, 0, 1, -17, 1, 77, 111, 111, 100, 121, 0, 0, 0, -1, 0, 0, 0, 0, -1, 0, 0, 0, 0, 0, 0, 0, 0, 0, 0] strings=|||||||4||||||||||||||||||||||||||||||Moody|||||||||||||||||||
112 legacy=155 raw=[4, 1, 0, 0, 0, 10, 15, -99, 0, -106, 0, 14, 0, 0, 0, -1, -1, 1, 1, 0, 1, 1, 0, 4, 0, 13, 0, 22, 0, 24, 0, 0, 0, 0, 0, 1, -17, 1, 78, 101, 118, 101, 114, 108, 97, 110, 100, 0, 0, 0, -1, 0, 0, 0, 0, -1, 0, 0, 0, 0, 0, 0, 0, 0, 0, 0] strings=||||||||||||||||||||||||||||||||||||||Neverland|||||||||||||||||||
113 legacy=62 raw=[4, 1, 0, 0, 0, 10, 15, -84, 0, -106, 0, 14, 0, 0, 0, -1, -1, 0, 0, 0, 0, 0, 1, -17, 1, 78, 101, 119, 98, 105, 101, 32, 77, 101, 108, 111, 100, 121, 0, 0, 0, 0, -1, 0, 0, 0, -1, 0, 0, 0, 0, 0, 0, 0, 0, 0, 0] strings=|||||||||||||||||||||||||Newbie Melody|||||||||||||||||||
114 legacy=127 raw=[4, 1, 0, 0, 0, 10, 15, -69, 0, -106, 0, 14, 0, 0, 0, -1, -1, 1, 1, 0, 1, 1, 0, 4, 0, 13, 0, 22, 0, 26, 0, 0, 0, 0, 0, 1, -17, 1, 78, 105, 103, 104, 116, 102, 97, 108, 108, 0, 0, 0, -1, 0, 0, 0, 0, -1, 0, 0, 0, 0, 0, 0, 0, 0, 0, 0] strings=||||||||||||||||||||||||||||||||||||||Nightfall|||||||||||||||||||
115 legacy=103 raw=[4, 1, 0, 0, 0, 10, 16, 36, 0, -106, 0, 14, 0, 0, 0, -1, -1, 1, 1, 0, 1, 1, 0, 4, 0, 13, 0, 22, 0, 27, 0, 0, 0, 0, 0, 1, -17, 1, 79, 114, 105, 101, 110, 116, 97, 108, 0, 0, 0, -1, 0, 0, 0, 0, -1, 0, 0, 0, 0, 0, 0, 0, 0, 0, 0] strings=|||||||$||||||||||||||||||||||||||||||Oriental|||||||||||||||||||
116 legacy=7 raw=[4, 1, 0, 0, 0, 10, 16, 111, 0, -106, 0, 14, 0, 0, 0, -1, -1, 1, 1, 0, 1, 1, 0, 4, 0, 13, 0, 22, 0, 28, 0, 0, 0, 0, 0, 1, -17, 1, 79, 118, 101, 114, 116, 117, 114, 101, 0, 0, 0, -1, 0, 0, 0, 0, -1, 0, 0, 0, 0, 0, 0, 0, 0, 0, 0] strings=|||||||o||||||||||||||||||||||||||||||Overture|||||||||||||||||||
117 legacy=93 raw=[4, 1, 0, 0, 0, 10, 16, 126, 0, -106, 0, 14, 0, 0, 0, -1, -1, 1, 1, 0, 1, 1, 0, 4, 0, 13, 0, 22, 0, 29, 0, 0, 0, 0, 0, 1, -17, 1, 80, 97, 114, 97, 100, 101, 0, 0, 0, -1, 0, 0, 0, 0, -1, 0, 0, 0, 0, 0, 0, 0, 0, 0, 0] strings=|||||||~||||||||||||||||||||||||||||||Parade|||||||||||||||||||
118 legacy=158 raw=[4, 1, 0, 0, 0, 10, 17, 65, 0, -106, 0, 14, 0, 0, 0, -1, -1, 1, 1, 0, 1, 1, 0, 4, 0, 13, 0, 22, 0, 30, 0, 0, 0, 0, 0, 1, -17, 1, 81, 117, 101, 115, 116, 0, 0, 0, -1, 0, 0, 0, 0, -1, 0, 0, 0, 0, 0, 0, 0, 0, 0, 0] strings=|||||||A||||||||||||||||||||||||||||||Quest|||||||||||||||||||
119 legacy=329 raw=[4, 1, 0, 0, 0, 10, 17, -116, 0, -106, 0, 14, 0, 0, 0, -1, -1, 1, 1, 0, 1, 1, 0, 4, 0, 13, 0, 22, 0, 31, 0, 0, 0, 0, 0, 1, -17, 1, 82, 101, 103, 97, 108, 0, 0, 0, -1, 0, 0, 0, 0, -1, 0, 0, 0, 0, 0, 0, 0, 0, 0, 0] strings=||||||||||||||||||||||||||||||||||||||Regal|||||||||||||||||||
120 legacy=78 raw=[4, 1, 0, 0, 0, 10, 17, -101, 0, -106, 0, 14, 0, 0, 0, -1, -1, 1, 1, 0, 1, 1, 0, 4, 0, 13, 0, 23, 0, 0, 0, 0, 0, 0, 0, 1, -17, 1, 82, 101, 103, 103, 97, 101, 0, 0, 0, -1, 0, 0, 0, 0, -1, 0, 0, 0, 0, 0, 0, 0, 0, 0, 0] strings=||||||||||||||||||||||||||||||||||||||Reggae|||||||||||||||||||
121 legacy=89 raw=[4, 1, 0, 0, 0, 10, 17, -86, 0, -106, 0, 14, 0, 0, 0, -1, -1, 1, 1, 0, 1, 1, 0, 4, 0, 13, 0, 23, 0, 1, 0, 0, 0, 0, 0, 1, -17, 1, 82, 101, 103, 103, 97, 101, 32, 50, 0, 0, 0, -1, 0, 0, 0, 0, -1, 0, 0, 0, 0, 0, 0, 0, 0, 0, 0] strings=||||||||||||||||||||||||||||||||||||||Reggae 2|||||||||||||||||||
122 legacy=91 raw=[4, 1, 0, 0, 0, 10, 17, -26, 0, -106, 0, 14, 0, 0, 0, -1, -1, 1, 1, 0, 1, 1, 0, 4, 0, 13, 0, 23, 0, 2, 0, 0, 0, 0, 0, 1, -17, 1, 82, 105, 118, 101, 114, 115, 105, 100, 101, 0, 0, 0, -1, 0, 0, 0, 0, -1, 0, 0, 0, 0, 0, 0, 0, 0, 0, 0] strings=||||||||||||||||||||||||||||||||||||||Riverside|||||||||||||||||||
123 legacy=53 raw=[4, 1, 0, 0, 0, 10, 18, 64, 0, -106, 0, 14, 0, 0, 0, -1, -1, 1, 1, 0, 1, 1, 0, 4, 0, 13, 0, 23, 0, 3, 0, 0, 0, 0, 0, 1, -17, 1, 82, 111, 121, 97, 108, 101, 0, 0, 0, -1, 0, 0, 0, 0, -1, 0, 0, 0, 0, 0, 0, 0, 0, 0, 0] strings=|||||||@||||||||||||||||||||||||||||||Royale|||||||||||||||||||
124 legacy=57 raw=[4, 1, 0, 0, 0, 10, 18, 79, 0, -106, 0, 14, 0, 0, 0, -1, -1, 1, 1, 0, 1, 1, 0, 4, 0, 13, 0, 23, 0, 4, 0, 0, 0, 0, 0, 1, -17, 1, 82, 117, 110, 101, 32, 69, 115, 115, 101, 110, 99, 101, 0, 0, 0, -1, 0, 0, 0, 0, -1, 0, 0, 0, 0, 0, 0, 0, 0, 0, 0] strings=|||||||O||||||||||||||||||||||||||||||Rune Essence|||||||||||||||||||
125 legacy=5 raw=[4, 1, 0, 0, 0, 10, 18, 94, 0, -106, 0, 14, 0, 0, 0, -1, -1, 1, 1, 0, 1, 1, 0, 4, 0, 13, 0, 23, 0, 5, 0, 0, 0, 0, 0, 1, -17, 1, 83, 97, 100, 32, 77, 101, 97, 100, 111, 119, 0, 0, 0, -1, 0, 0, 0, 0, -1, 0, 0, 0, 0, 0, 0, 0, 0, 0, 0] strings=|||||||^||||||||||||||||||||||||||||||Sad Meadow|||||||||||||||||||
126 legacy=144 raw=[4, 1, 0, 0, 0, 10, 18, -102, 0, -106, 0, 14, 0, 0, 0, -1, -1, 1, 1, 0, 1, 1, 0, 4, 0, 13, 0, 23, 0, 6, 0, 0, 0, 0, 0, 1, -17, 1, 83, 99, 97, 112, 101, 32, 67, 97, 118, 101, 0, 0, 0, -1, 0, 0, 0, 0, -1, 0, 0, 0, 0, 0, 0, 0, 0, 0, 0] strings=||||||||||||||||||||||||||||||||||||||Scape Cave|||||||||||||||||||
127 legacy=400 raw=[4, 1, 0, 0, 0, 10, 18, -57, 0, -106, 0, 14, 0, 0, 0, -1, -1, 1, 1, 0, 1, 0, 0, 0, 0, 1, -17, 1, 83, 99, 97, 112, 101, 32, 79, 114, 105, 103, 105, 110, 97, 108, 0, 0, 0, 0, -1, 0, 0, 0, -1, 0, 0, 0, 0, 0, 0, 0, 0, 0, 0] strings=||||||||||||||||||||||||||||Scape Original|||||||||||||||||||
128 legacy=331 raw=[4, 1, 0, 0, 0, 10, 18, -42, 0, -106, 0, 14, 0, 0, 0, -1, -1, 1, 1, 0, 1, 1, 0, 4, 0, 13, 0, 23, 0, 8, 0, 0, 0, 0, 0, 1, -17, 1, 83, 99, 97, 112, 101, 32, 83, 97, 100, 0, 0, 0, -1, 0, 0, 0, 0, -1, 0, 0, 0, 0, 0, 0, 0, 0, 0, 0] strings=||||||||||||||||||||||||||||||||||||||Scape Sad|||||||||||||||||||
129 legacy=332 raw=[4, 1, 0, 0, 0, 10, 19, 18, 0, -106, 0, 14, 0, 0, 0, -1, -1, 1, 1, 0, 1, 1, 0, 4, 0, 13, 0, 23, 0, 9, 0, 0, 0, 0, 0, 1, -17, 1, 83, 99, 97, 112, 101, 32, 87, 105, 108, 100, 0, 0, 0, -1, 0, 0, 0, 0, -1, 0, 0, 0, 0, 0, 0, 0, 0, 0, 0] strings=||||||||||||||||||||||||||||||||||||||Scape Wild|||||||||||||||||||
130 legacy=92 raw=[4, 1, 0, 0, 0, 10, 19, 48, 0, -106, 0, 14, 0, 0, 0, -1, -1, 1, 1, 0, 1, 1, 0, 4, 0, 13, 0, 23, 0, 10, 0, 0, 0, 0, 0, 1, -17, 1, 83, 101, 97, 32, 83, 104, 97, 110, 116, 121, 0, 0, 0, -1, 0, 0, 0, 0, -1, 0, 0, 0, 0, 0, 0, 0, 0, 0, 0] strings=|||||||0||||||||||||||||||||||||||||||Sea Shanty|||||||||||||||||||
131 legacy=35 raw=[4, 1, 0, 0, 0, 10, 19, 63, 0, -106, 0, 14, 0, 0, 0, -1, -1, 1, 1, 0, 1, 1, 0, 4, 0, 13, 0, 23, 0, 11, 0, 0, 0, 0, 0, 1, -17, 1, 83, 101, 97, 32, 83, 104, 97, 110, 116, 121, 32, 50, 0, 0, 0, -1, 0, 0, 0, 0, -1, 0, 0, 0, 0, 0, 0, 0, 0, 0, 0] strings=|||||||?||||||||||||||||||||||||||||||Sea Shanty 2|||||||||||||||||||
132 legacy=110 raw=[4, 1, 0, 0, 0, 10, 19, 93, 0, -106, 0, 14, 0, 0, 0, -1, -1, 1, 1, 0, 1, 1, 0, 4, 0, 13, 0, 23, 0, 12, 0, 0, 0, 0, 0, 1, -17, 1, 83, 101, 114, 101, 110, 97, 100, 101, 0, 0, 0, -1, 0, 0, 0, 0, -1, 0, 0, 0, 0, 0, 0, 0, 0, 0, 0] strings=|||||||]||||||||||||||||||||||||||||||Serenade|||||||||||||||||||
133 legacy=52 raw=[4, 1, 0, 0, 0, 10, 19, 108, 0, -106, 0, 14, 0, 0, 0, -1, -1, 1, 1, 0, 1, 1, 0, 4, 0, 13, 0, 23, 0, 13, 0, 0, 0, 0, 0, 1, -17, 1, 83, 101, 114, 101, 110, 101, 0, 0, 0, -1, 0, 0, 0, 0, -1, 0, 0, 0, 0, 0, 0, 0, 0, 0, 0] strings=|||||||l||||||||||||||||||||||||||||||Serene|||||||||||||||||||
134 legacy=122 raw=[4, 1, 0, 0, 0, 10, 19, -88, 0, -106, 0, 14, 0, 0, 0, -1, -1, 1, 1, 0, 1, 1, 0, 4, 0, 13, 0, 23, 0, 14, 0, 0, 0, 0, 0, 1, -17, 1, 83, 104, 105, 110, 101, 0, 0, 0, -1, 0, 0, 0, 0, -1, 0, 0, 0, 0, 0, 0, 0, 0, 0, 0] strings=||||||||||||||||||||||||||||||||||||||Shine|||||||||||||||||||
135 legacy=80 raw=[4, 1, 0, 0, 0, 10, 20, 47, 0, -106, 0, 14, 0, 0, 0, -1, -1, 1, 1, 0, 1, 1, 0, 4, 0, 13, 0, 23, 0, 15, 0, 0, 0, 0, 0, 1, -17, 1, 83, 111, 117, 110, 100, 115, 99, 97, 112, 101, 0, 0, 0, -1, 0, 0, 0, 0, -1, 0, 0, 0, 0, 0, 0, 0, 0, 0, 0] strings=|||||||/||||||||||||||||||||||||||||||Soundscape|||||||||||||||||||
136 legacy=175 raw=[4, 1, 0, 0, 0, 10, 20, 77, 0, -106, 0, 14, 0, 0, 0, -1, -1, 1, 1, 0, 1, 1, 0, 4, 0, 13, 0, 23, 0, 16, 0, 0, 0, 0, 0, 1, -17, 1, 83, 112, 105, 114, 105, 116, 0, 0, 0, -1, 0, 0, 0, 0, -1, 0, 0, 0, 0, 0, 0, 0, 0, 0, 0] strings=|||||||M||||||||||||||||||||||||||||||Spirit|||||||||||||||||||
137 legacy=77 raw=[4, 1, 0, 0, 0, 10, 20, 107, 0, -106, 0, 14, 0, 0, 0, -1, -1, 1, 1, 0, 1, 1, 0, 4, 0, 13, 0, 23, 0, 17, 0, 0, 0, 0, 0, 1, -17, 1, 83, 112, 108, 101, 110, 100, 111, 117, 114, 0, 0, 0, -1, 0, 0, 0, 0, -1, 0, 0, 0, 0, 0, 0, 0, 0, 0, 0] strings=|||||||k||||||||||||||||||||||||||||||Splendour|||||||||||||||||||
138 legacy=333 raw=[4, 1, 0, 0, 0, 10, 20, 122, 0, -106, 0, 14, 0, 0, 0, -1, -1, 1, 1, 0, 1, 1, 0, 4, 0, 13, 0, 23, 0, 18, 0, 0, 0, 0, 0, 1, -17, 1, 83, 112, 111, 111, 107, 121, 0, 0, 0, -1, 0, 0, 0, 0, -1, 0, 0, 0, 0, 0, 0, 0, 0, 0, 0] strings=|||||||z||||||||||||||||||||||||||||||Spooky|||||||||||||||||||
139 legacy=129 raw=[4, 1, 0, 0, 0, 10, 20, -104, 0, -106, 0, 14, 0, 0, 0, -1, -1, 1, 1, 0, 1, 1, 0, 4, 0, 13, 0, 23, 0, 19, 0, 0, 0, 0, 0, 1, -17, 1, 83, 112, 111, 111, 107, 121, 32, 74, 117, 110, 103, 108, 101, 0, 0, 0, -1, 0, 0, 0, 0, -1, 0, 0, 0, 0, 0, 0, 0, 0, 0, 0] strings=||||||||||||||||||||||||||||||||||||||Spooky Jungle|||||||||||||||||||
140 legacy=108 raw=[4, 1, 0, 0, 0, 10, 20, -74, 0, -106, 0, 14, 0, 0, 0, -1, -1, 1, 1, 0, 1, 1, 0, 4, 0, 13, 0, 23, 0, 20, 0, 0, 0, 0, 0, 1, -17, 1, 83, 116, 97, 114, 108, 105, 103, 104, 116, 0, 0, 0, -1, 0, 0, 0, 0, -1, 0, 0, 0, 0, 0, 0, 0, 0, 0, 0] strings=||||||||||||||||||||||||||||||||||||||Starlight|||||||||||||||||||
141 legacy=111 raw=[4, 1, 0, 0, 0, 10, 20, -29, 0, -106, 0, 14, 0, 0, 0, -1, -1, 1, 1, 0, 1, 1, 0, 4, 0, 13, 0, 23, 0, 22, 0, 0, 0, 0, 0, 1, -17, 1, 83, 116, 105, 108, 108, 32, 78, 105, 103, 104, 116, 0, 0, 0, -1, 0, 0, 0, 0, -1, 0, 0, 0, 0, 0, 0, 0, 0, 0, 0] strings=||||||||||||||||||||||||||||||||||||||Still Night|||||||||||||||||||
142 legacy=79 raw=[4, 1, 0, 0, 0, 10, 5, 17, 0, -106, 0, 14, 0, 0, 0, -1, -1, 1, 1, 0, 1, 1, 0, 4, 0, 13, 0, 23, 0, 24, 0, 0, 0, 0, 0, 1, -17, 1, 84, 104, 101, 32, 68, 101, 115, 101, 114, 116, 0, 0, 0, -1, 0, 0, 0, 0, -1, 0, 0, 0, 0, 0, 0, 0, 0, 0, 0] strings=||||||||||||||||||||||||||||||||||||||The Desert|||||||||||||||||||
143 legacy=170 raw=[4, 1, 0, 0, 0, 10, 19, -118, 0, -106, 0, 14, 0, 0, 0, -1, -1, 1, 1, 0, 1, 1, 0, 4, 0, 13, 0, 23, 0, 25, 0, 0, 0, 0, 0, 1, -17, 1, 84, 104, 101, 32, 83, 104, 97, 100, 111, 119, 0, 0, 0, -1, 0, 0, 0, 0, -1, 0, 0, 0, 0, 0, 0, 0, 0, 0, 0] strings=||||||||||||||||||||||||||||||||||||||The Shadow|||||||||||||||||||
144 legacy=133 raw=[4, 1, 0, 0, 0, 10, 22, 90, 0, -106, 0, 14, 0, 0, 0, -1, -1, 1, 1, 0, 1, 1, 0, 4, 0, 13, 0, 23, 0, 26, 0, 0, 0, 0, 0, 1, -17, 1, 84, 104, 101, 32, 84, 111, 119, 101, 114, 0, 0, 0, -1, 0, 0, 0, 0, -1, 0, 0, 0, 0, 0, 0, 0, 0, 0, 0] strings=|||||||Z||||||||||||||||||||||||||||||The Tower|||||||||||||||||||
145 legacy=38 raw=[4, 1, 0, 0, 0, 10, 22, 105, 0, -106, 0, 14, 0, 0, 0, -1, -1, 1, 1, 0, 1, 1, 0, 4, 0, 13, 0, 23, 0, 28, 0, 0, 0, 0, 0, 1, -17, 1, 84, 114, 97, 119, 108, 101, 114, 0, 0, 0, -1, 0, 0, 0, 0, -1, 0, 0, 0, 0, 0, 0, 0, 0, 0, 0] strings=|||||||i||||||||||||||||||||||||||||||Trawler|||||||||||||||||||
146 legacy=51 raw=[4, 1, 0, 0, 0, 10, 22, 120, 0, -106, 0, 14, 0, 0, 0, -1, -1, 1, 1, 0, 1, 1, 0, 4, 0, 13, 0, 23, 0, 29, 0, 0, 0, 0, 0, 1, -17, 1, 84, 114, 97, 119, 108, 101, 114, 32, 77, 105, 110, 111, 114, 0, 0, 0, -1, 0, 0, 0, 0, -1, 0, 0, 0, 0, 0, 0, 0, 0, 0, 0] strings=|||||||x||||||||||||||||||||||||||||||Trawler Minor|||||||||||||||||||
147 legacy=130 raw=[4, 1, 0, 0, 0, 10, 22, -121, 0, -106, 0, 14, 0, 0, 0, -1, -1, 1, 1, 0, 1, 1, 0, 4, 0, 13, 0, 23, 0, 30, 0, 0, 0, 0, 0, 1, -17, 1, 84, 114, 101, 101, 32, 83, 112, 105, 114, 105, 116, 115, 0, 0, 0, -1, 0, 0, 0, 0, -1, 0, 0, 0, 0, 0, 0, 0, 0, 0, 0] strings=||||||||||||||||||||||||||||||||||||||Tree Spirits|||||||||||||||||||
148 legacy=162 raw=[4, 1, 0, 0, 0, 10, 22, -91, 0, -106, 0, 14, 0, 0, 0, -1, -1, 1, 1, 0, 1, 1, 0, 4, 0, 13, 0, 23, 0, 31, 0, 0, 0, 0, 0, 1, -17, 1, 84, 114, 105, 98, 97, 108, 32, 66, 97, 99, 107, 103, 114, 111, 117, 110, 100, 0, 0, 0, -1, 0, 0, 0, 0, -1, 0, 0, 0, 0, 0, 0, 0, 0, 0, 0] strings=||||||||||||||||||||||||||||||||||||||Tribal Background|||||||||||||||||||
149 legacy=165 raw=[4, 1, 0, 0, 0, 10, 22, -76, 0, -106, 0, 14, 0, 0, 0, -1, -1, 1, 1, 0, 1, 1, 0, 4, 0, 13, 0, 24, 0, 0, 0, 0, 0, 0, 0, 1, -17, 1, 84, 114, 105, 98, 97, 108, 0, 0, 0, -1, 0, 0, 0, 0, -1, 0, 0, 0, 0, 0, 0, 0, 0, 0, 0] strings=||||||||||||||||||||||||||||||||||||||Tribal|||||||||||||||||||
150 legacy=94 raw=[4, 1, 0, 0, 0, 10, 22, -61, 0, -106, 0, 14, 0, 0, 0, -1, -1, 1, 1, 0, 1, 1, 0, 4, 0, 13, 0, 24, 0, 1, 0, 0, 0, 0, 0, 1, -17, 1, 84, 114, 105, 98, 97, 108, 32, 50, 0, 0, 0, -1, 0, 0, 0, 0, -1, 0, 0, 0, 0, 0, 0, 0, 0, 0, 0] strings=||||||||||||||||||||||||||||||||||||||Tribal 2|||||||||||||||||||
151 legacy=192 raw=[4, 1, 0, 0, 0, 10, 22, -46, 0, -106, 0, 14, 0, 0, 0, -1, -1, 1, 1, 0, 1, 1, 0, 4, 0, 13, 0, 24, 0, 2, 0, 0, 0, 0, 0, 1, -17, 1, 84, 114, 105, 110, 105, 116, 121, 0, 0, 0, -1, 0, 0, 0, 0, -1, 0, 0, 0, 0, 0, 0, 0, 0, 0, 0] strings=||||||||||||||||||||||||||||||||||||||Trinity|||||||||||||||||||
152 legacy=183 raw=[4, 1, 0, 0, 0, 10, 22, -16, 0, -106, 0, 14, 0, 0, 0, -1, -1, 1, 1, 0, 1, 1, 0, 4, 0, 13, 0, 24, 0, 3, 0, 0, 0, 0, 0, 1, -17, 1, 84, 114, 111, 117, 98, 108, 101, 100, 0, 0, 0, -1, 0, 0, 0, 0, -1, 0, 0, 0, 0, 0, 0, 0, 0, 0, 0] strings=||||||||||||||||||||||||||||||||||||||Troubled|||||||||||||||||||
153 legacy=179 raw=[4, 1, 0, 0, 0, 10, 23, 44, 0, -106, 0, 14, 0, 0, 0, -1, -1, 1, 1, 0, 1, 1, 0, 4, 0, 13, 0, 24, 0, 4, 0, 0, 0, 0, 0, 1, -17, 1, 85, 110, 100, 101, 114, 103, 114, 111, 117, 110, 100, 0, 0, 0, -1, 0, 0, 0, 0, -1, 0, 0, 0, 0, 0, 0, 0, 0, 0, 0] strings=|||||||,||||||||||||||||||||||||||||||Underground|||||||||||||||||||
156 legacy=3 raw=[4, 1, 0, 0, 0, 10, 23, 89, 0, -106, 0, 14, 0, 0, 0, -1, -1, 1, 1, 0, 1, 1, 0, 4, 0, 13, 0, 24, 0, 5, 0, 0, 0, 0, 0, 1, -17, 1, 85, 110, 107, 110, 111, 119, 110, 32, 76, 97, 110, 100, 0, 0, 0, -1, 0, 0, 0, 0, -1, 0, 0, 0, 0, 0, 0, 0, 0, 0, 0] strings=|||||||Y||||||||||||||||||||||||||||||Unknown Land|||||||||||||||||||
157 legacy=323 raw=[4, 1, 0, 0, 0, 10, 23, 59, 0, -106, 0, 14, 0, 0, 0, -1, -1, 1, 1, 0, 1, 1, 0, 4, 0, 13, 0, 24, 0, 6, 0, 0, 0, 0, 0, 1, -17, 1, 85, 110, 100, 101, 114, 103, 114, 111, 117, 110, 100, 32, 80, 97, 115, 115, 0, 0, 0, -1, 0, 0, 0, 0, -1, 0, 0, 0, 0, 0, 0, 0, 0, 0, 0] strings=|||||||;||||||||||||||||||||||||||||||Underground Pass|||||||||||||||||||
158 legacy=70 raw=[4, 1, 0, 0, 0, 10, 23, 104, 0, -106, 0, 14, 0, 0, 0, -1, -1, 1, 1, 0, 1, 1, 0, 4, 0, 13, 0, 24, 0, 7, 0, 0, 0, 0, 0, 1, -17, 1, 85, 112, 99, 111, 109, 105, 110, 103, 0, 0, 0, -1, 0, 0, 0, 0, -1, 0, 0, 0, 0, 0, 0, 0, 0, 0, 0] strings=|||||||h||||||||||||||||||||||||||||||Upcoming|||||||||||||||||||
159 legacy=75 raw=[4, 1, 0, 0, 0, 10, 23, 119, 0, -106, 0, 14, 0, 0, 0, -1, -1, 1, 1, 0, 1, 1, 0, 4, 0, 13, 0, 24, 0, 8, 0, 0, 0, 0, 0, 1, -17, 1, 86, 101, 110, 116, 117, 114, 101, 0, 0, 0, -1, 0, 0, 0, 0, -1, 0, 0, 0, 0, 0, 0, 0, 0, 0, 0] strings=|||||||w||||||||||||||||||||||||||||||Venture|||||||||||||||||||
160 legacy=85 raw=[4, 1, 0, 0, 0, 10, 23, -77, 0, -106, 0, 14, 0, 0, 0, -1, -1, 1, 1, 0, 1, 1, 0, 4, 0, 13, 0, 24, 0, 9, 0, 0, 0, 0, 0, 1, -17, 1, 86, 105, 115, 105, 111, 110, 0, 0, 0, -1, 0, 0, 0, 0, -1, 0, 0, 0, 0, 0, 0, 0, 0, 0, 0] strings=||||||||||||||||||||||||||||||||||||||Vision|||||||||||||||||||
161 legacy=30 raw=[4, 1, 0, 0, 0, 10, 23, -62, 0, -106, 0, 14, 0, 0, 0, -1, -1, 1, 1, 0, 1, 1, 0, 4, 0, 13, 0, 24, 0, 10, 0, 0, 0, 0, 0, 1, -17, 1, 86, 111, 111, 100, 111, 111, 32, 67, 117, 108, 116, 0, 0, 0, -1, 0, 0, 0, 0, -1, 0, 0, 0, 0, 0, 0, 0, 0, 0, 0] strings=||||||||||||||||||||||||||||||||||||||Voodoo Cult|||||||||||||||||||
162 legacy=32 raw=[4, 1, 0, 0, 0, 10, 23, -47, 0, -106, 0, 14, 0, 0, 0, -1, -1, 1, 1, 0, 1, 1, 0, 4, 0, 13, 0, 24, 0, 11, 0, 0, 0, 0, 0, 1, -17, 1, 86, 111, 121, 97, 103, 101, 0, 0, 0, -1, 0, 0, 0, 0, -1, 0, 0, 0, 0, 0, 0, 0, 0, 0, 0] strings=||||||||||||||||||||||||||||||||||||||Voyage|||||||||||||||||||
163 legacy=49 raw=[4, 1, 0, 0, 0, 10, 23, -17, 0, -106, 0, 14, 0, 0, 0, -1, -1, 1, 1, 0, 1, 1, 0, 4, 0, 13, 0, 24, 0, 12, 0, 0, 0, 0, 0, 1, -17, 1, 87, 97, 110, 100, 101, 114, 0, 0, 0, -1, 0, 0, 0, 0, -1, 0, 0, 0, 0, 0, 0, 0, 0, 0, 0] strings=||||||||||||||||||||||||||||||||||||||Wander|||||||||||||||||||
164 legacy=82 raw=[4, 1, 0, 0, 0, 10, 24, 28, 0, -106, 0, 14, 0, 0, 0, -1, -1, 1, 1, 0, 1, 1, 0, 4, 0, 13, 0, 24, 0, 13, 0, 0, 0, 0, 0, 1, -17, 1, 87, 97, 116, 101, 114, 102, 97, 108, 108, 0, 0, 0, -1, 0, 0, 0, 0, -1, 0, 0, 0, 0, 0, 0, 0, 0, 0, 0] strings=||||||||||||||||||||||||||||||||||||||Waterfall|||||||||||||||||||
165 legacy=435 raw=[4, 1, 0, 0, 0, 10, 24, -123, 0, -106, 0, 14, 0, 0, 0, -1, -1, 1, 1, 0, 1, 1, 0, 4, 0, 13, 0, 24, 0, 14, 0, 0, 0, 0, 0, 1, -17, 1, 87, 105, 108, 100, 101, 114, 110, 101, 115, 115, 0, 0, 0, -1, 0, 0, 0, 0, -1, 0, 0, 0, 0, 0, 0, 0, 0, 0, 0] strings=||||||||||||||||||||||||||||||||||||||Wilderness|||||||||||||||||||
166 legacy=42 raw=[4, 1, 0, 0, 0, 10, 24, -108, 0, -106, 0, 14, 0, 0, 0, -1, -1, 1, 1, 0, 1, 1, 0, 4, 0, 13, 0, 24, 0, 15, 0, 0, 0, 0, 0, 1, -17, 1, 87, 105, 108, 100, 101, 114, 110, 101, 115, 115, 32, 50, 0, 0, 0, -1, 0, 0, 0, 0, -1, 0, 0, 0, 0, 0, 0, 0, 0, 0, 0] strings=||||||||||||||||||||||||||||||||||||||Wilderness 2|||||||||||||||||||
167 legacy=43 raw=[4, 1, 0, 0, 0, 10, 24, -93, 0, -106, 0, 14, 0, 0, 0, -1, -1, 1, 1, 0, 1, 1, 0, 4, 0, 13, 0, 24, 0, 16, 0, 0, 0, 0, 0, 1, -17, 1, 87, 105, 108, 100, 101, 114, 110, 101, 115, 115, 32, 51, 0, 0, 0, -1, 0, 0, 0, 0, -1, 0, 0, 0, 0, 0, 0, 0, 0, 0, 0] strings=||||||||||||||||||||||||||||||||||||||Wilderness 3|||||||||||||||||||
168 legacy=14 raw=[4, 1, 0, 0, 0, 10, 24, -48, 0, -106, 0, 14, 0, 0, 0, -1, -1, 1, 1, 0, 1, 1, 0, 4, 0, 13, 0, 24, 0, 17, 0, 0, 0, 0, 0, 1, -17, 1, 87, 105, 116, 99, 104, 105, 110, 103, 0, 0, 0, -1, 0, 0, 0, 0, -1, 0, 0, 0, 0, 0, 0, 0, 0, 0, 0] strings=||||||||||||||||||||||||||||||||||||||Witching|||||||||||||||||||
169 legacy=34 raw=[4, 1, 0, 0, 0, 10, 24, -3, 0, -106, 0, 14, 0, 0, 0, -1, -1, 1, 1, 0, 1, 1, 0, 4, 0, 13, 0, 24, 0, 18, 0, 0, 0, 0, 0, 1, -17, 1, 87, 111, 110, 100, 101, 114, 0, 0, 0, -1, 0, 0, 0, 0, -1, 0, 0, 0, 0, 0, 0, 0, 0, 0, 0] strings=||||||||||||||||||||||||||||||||||||||Wonder|||||||||||||||||||
170 legacy=81 raw=[4, 1, 0, 0, 0, 10, 25, 12, 0, -106, 0, 14, 0, 0, 0, -1, -1, 1, 1, 0, 1, 1, 0, 4, 0, 13, 0, 24, 0, 19, 0, 0, 0, 0, 0, 1, -17, 1, 87, 111, 110, 100, 101, 114, 111, 117, 115, 0, 0, 0, -1, 0, 0, 0, 0, -1, 0, 0, 0, 0, 0, 0, 0, 0, 0, 0] strings=||||||||||||||||||||||||||||||||||||||Wonderous|||||||||||||||||||
171 legacy=15 raw=[4, 1, 0, 0, 0, 10, 25, 42, 0, -106, 0, 14, 0, 0, 0, -1, -1, 1, 1, 0, 1, 1, 0, 4, 0, 13, 0, 24, 0, 20, 0, 0, 0, 0, 0, 1, -17, 1, 87, 111, 114, 107, 115, 104, 111, 112, 0, 0, 0, -1, 0, 0, 0, 0, -1, 0, 0, 0, 0, 0, 0, 0, 0, 0, 0] strings=|||||||*||||||||||||||||||||||||||||||Workshop|||||||||||||||||||
172 legacy=151 raw=[4, 1, 0, 0, 0, 10, 20, -59, 0, -106, 0, 14, 0, 0, 0, -1, -1, 1, 1, 0, 1, 1, 0, 4, 0, 13, 0, 23, 0, 21, 0, 0, 0, 0, 0, 1, -17, 1, 83, 116, 97, 114, 116, 0, 0, 0, -1, 0, 0, 0, 0, -1, 0, 0, 0, 0, 0, 0, 0, 0, 0, 0] strings=||||||||||||||||||||||||||||||||||||||Start|||||||||||||||||||
173 legacy=140 raw=[4, 1, 0, 0, 0, 10, 21, 121, 0, -106, 0, 14, 0, 0, 0, -1, -1, 1, 1, 0, 1, 1, 0, 4, 0, 13, 0, 23, 0, 23, 0, 0, 0, 0, 0, 1, -17, 1, 84, 97, 108, 107, 105, 110, 103, 32, 70, 111, 114, 101, 115, 116, 0, 0, 0, -1, 0, 0, 0, 0, -1, 0, 0, 0, 0, 0, 0, 0, 0, 0, 0] strings=|||||||y||||||||||||||||||||||||||||||Talking Forest|||||||||||||||||||
174 legacy=109 raw=[4, 1, 0, 0, 0, 10, 21, -45, 0, -106, 0, 14, 0, 0, 0, -1, -1, 1, 1, 0, 1, 1, 0, 4, 0, 13, 0, 23, 0, 27, 0, 0, 0, 0, 0, 1, -17, 1, 84, 104, 101, 109, 101, 0, 0, 0, -1, 0, 0, 0, 0, -1, 0, 0, 0, 0, 0, 0, 0, 0, 0, 0] strings=||||||||||||||||||||||||||||||||||||||Theme|||||||||||||||||||
175 legacy=153 raw=[4, 1, 0, 0, 0, 10, 6, -30, 0, -106, 0, 14, 0, 0, 0, -1, -1, 1, 1, 0, 1, 1, 0, 4, 0, 13, 0, 21, 0, 10, 0, 0, 0, 0, 0, 1, -17, 1, 69, 120, 112, 101, 100, 105, 116, 105, 111, 110, 0, 0, 0, -1, 0, 0, 0, 0, -1, 0, 0, 0, 0, 0, 0, 0, 0, 0, 0] strings=||||||||||||||||||||||||||||||||||||||Expedition|||||||||||||||||||
179 legacy=138 raw=[4, 1, 0, 0, 0, 10, 6, 91, 0, -106, 0, 14, 0, 0, 0, -1, -1, 1, 1, 0, 1, 1, 0, 4, 0, 13, 0, 21, 0, 7, 0, 0, 0, 0, 0, 1, -17, 1, 69, 109, 112, 101, 114, 111, 114, 0, 0, 0, -1, 0, 0, 0, 0, -1, 0, 0, 0, 0, 0, 0, 0, 0, 0, 0] strings=|||||||[||||||||||||||||||||||||||||||Emperor|||||||||||||||||||
184 legacy=54 raw=[4, 1, 0, 0, 0, 10, 19, 3, 0, -106, 0, 14, 0, 0, 0, -1, -1, 1, 1, 0, 1, 1, 0, 4, 0, 13, 0, 24, 0, 31, 0, 0, 0, 0, 0, 1, -17, 1, 83, 99, 97, 112, 101, 32, 83, 111, 102, 116, 0, 0, 0, -1, 0, 0, 0, 0, -1, 0, 0, 0, 0, 0, 0, 0, 0, 0, 0] strings=||||||||||||||||||||||||||||||||||||||Scape Soft|||||||||||||||||||
185 legacy=145 raw=[4, 1, 0, 0, 0, 10, 25, 87, 0, -106, 0, 14, 0, 0, 0, -1, -1, 1, 1, 0, 1, 1, 0, 4, 0, 13, 0, 25, 0, 1, 0, 0, 0, 0, 0, 1, -17, 1, 89, 101, 115, 116, 101, 114, 121, 101, 97, 114, 0, 0, 0, -1, 0, 0, 0, 0, -1, 0, 0, 0, 0, 0, 0, 0, 0, 0, 0] strings=|||||||W||||||||||||||||||||||||||||||Yesteryear|||||||||||||||||||
186 legacy=120 raw=[4, 1, 0, 0, 0, 10, 19, -73, 0, -106, 0, 14, 0, 0, 0, -1, -1, 1, 1, 0, 1, 1, 0, 4, 0, 13, 0, 25, 0, 0, 0, 0, 0, 0, 0, 1, -17, 1, 83, 104, 105, 110, 105, 110, 103, 0, 0, 0, -1, 0, 0, 0, 0, -1, 0, 0, 0, 0, 0, 0, 0, 0, 0, 0] strings=||||||||||||||||||||||||||||||||||||||Shining|||||||||||||||||||
187 legacy=168 raw=[4, 1, 0, 0, 0, 10, 13, 9, 0, -106, 0, 14, 0, 0, 0, -1, -1, 1, 1, 0, 1, 1, 0, 4, 0, 13, 0, 24, 0, 21, 0, 0, 0, 0, 0, 1, -17, 1, 76, 111, 110, 101, 115, 111, 109, 101, 0, 0, 0, -1, 0, 0, 0, 0, -1, 0, 0, 0, 0, 0, 0, 0, 0, 0, 0] strings=||||||||||||||||||||||||||||||||||||||Lonesome|||||||||||||||||||
188 legacy=105 raw=[4, 1, 0, 0, 0, 10, 22, 60, 0, -106, 0, 14, 0, 0, 0, -1, -1, 1, 1, 0, 1, 1, 0, 4, 0, 13, 0, 25, 0, 3, 0, 0, 0, 0, 0, 1, -17, 1, 84, 111, 109, 111, 114, 114, 111, 119, 0, 0, 0, -1, 0, 0, 0, 0, -1, 0, 0, 0, 0, 0, 0, 0, 0, 0, 0] strings=|||||||<||||||||||||||||||||||||||||||Tomorrow|||||||||||||||||||
189 legacy=47 raw=[4, 1, 0, 0, 0, 10, 5, -14, 0, -106, 0, 14, 0, 0, 0, -1, -1, 1, 1, 0, 1, 1, 0, 4, 0, 13, 0, 25, 0, 4, 0, 0, 0, 0, 0, 1, -17, 1, 68, 117, 101, 108, 32, 65, 114, 101, 110, 97, 0, 0, 0, -1, 0, 0, 0, 0, -1, 0, 0, 0, 0, 0, 0, 0, 0, 0, 0] strings=||||||||||||||||||||||||||||||||||||||Duel Arena|||||||||||||||||||
190 legacy=87 raw=[4, 1, 0, 0, 0, 10, 10, -124, 0, -106, 0, 14, 0, 0, 0, -1, -1, 1, 1, 0, 1, 1, 0, 4, 0, 13, 0, 25, 0, 5, 0, 0, 0, 0, 0, 1, -17, 1, 73, 99, 101, 32, 77, 101, 108, 111, 100, 121, 0, 0, 0, -1, 0, 0, 0, 0, -1, 0, 0, 0, 0, 0, 0, 0, 0, 0, 0] strings=||||||||||||||||||||||||||||||||||||||Ice Melody|||||||||||||||||||
191 legacy=189 raw=[4, 1, 0, 0, 0, 10, 24, -18, 0, -106, 0, 14, 0, 0, 0, -1, -1, 1, 1, 0, 1, 1, 0, 4, 0, 13, 0, 25, 0, 6, 0, 0, 0, 0, 0, 1, -17, 1, 87, 111, 108, 102, 32, 77, 111, 117, 110, 116, 97, 105, 110, 0, 0, 0, -1, 0, 0, 0, 0, -1, 0, 0, 0, 0, 0, 0, 0, 0, 0, 0] strings=||||||||||||||||||||||||||||||||||||||Wolf Mountain|||||||||||||||||||
192 legacy=46 raw=[4, 1, 0, 0, 0, 10, 9, -78, 0, -106, 0, 14, 0, 0, 0, -1, -1, 1, 1, 0, 1, 1, 0, 4, 0, 13, 0, 25, 0, 7, 0, 0, 0, 0, 0, 1, -17, 1, 72, 97, 114, 109, 111, 110, 121, 32, 50, 0, 0, 0, -1, 0, 0, 0, 0, -1, 0, 0, 0, 0, 0, 0, 0, 0, 0, 0] strings=||||||||||||||||||||||||||||||||||||||Harmony 2|||||||||||||||||||
193 legacy=45 raw=[4, 1, 0, 0, 0, 10, 23, -122, 0, -106, 0, 14, 0, 0, 0, -1, -1, 1, 1, 0, 1, 1, 0, 4, 0, 13, 0, 25, 0, 8, 0, 0, 0, 0, 0, 1, -17, 1, 86, 101, 110, 116, 117, 114, 101, 32, 50, 0, 0, 0, -1, 0, 0, 0, 0, -1, 0, 0, 0, 0, 0, 0, 0, 0, 0, 0] strings=||||||||||||||||||||||||||||||||||||||Venture 2|||||||||||||||||||
194 legacy=164 raw=[4, 1, 0, 0, 0, 10, 12, 100, 0, -106, 0, 14, 0, 0, 0, -1, -1, 1, 1, 0, 1, 1, 0, 4, 0, 13, 0, 25, 0, 9, 0, 0, 0, 0, 0, 1, -17, 1, 76, 97, 110, 100, 108, 117, 98, 98, 101, 114, 0, 0, 0, -1, 0, 0, 0, 0, -1, 0, 0, 0, 0, 0, 0, 0, 0, 0, 0] strings=|||||||d||||||||||||||||||||||||||||||Landlubber|||||||||||||||||||
195 legacy=176 raw=[4, 1, 0, 0, 0, 10, 23, 29, 0, -106, 0, 14, 0, 0, 0, -1, -1, 1, 1, 0, 1, 1, 0, 4, 0, 13, 0, 25, 0, 10, 0, 0, 0, 0, 0, 1, -17, 1, 85, 110, 100, 101, 114, 99, 117, 114, 114, 101, 110, 116, 0, 0, 0, -1, 0, 0, 0, 0, -1, 0, 0, 0, 0, 0, 0, 0, 0, 0, 0] strings=||||||||||||||||||||||||||||||||||||||Undercurrent|||||||||||||||||||
196 legacy=146 raw=[4, 1, 0, 0, 0, 10, 25, 102, 0, -106, 0, 14, 0, 0, 0, -1, -1, 1, 1, 0, 1, 1, 0, 4, 0, 13, 0, 25, 0, 12, 0, 0, 0, 0, 0, 1, -17, 1, 90, 101, 97, 108, 111, 116, 0, 0, 0, -1, 0, 0, 0, 0, -1, 0, 0, 0, 0, 0, 0, 0, 0, 0, 0] strings=|||||||f||||||||||||||||||||||||||||||Zealot|||||||||||||||||||
197 legacy=330 raw=[4, 1, 0, 0, 0, 10, 3, 35, 0, -106, 0, 14, 0, 0, 0, -1, -1, 1, 1, 0, 1, 1, 0, 4, 0, 13, 0, 25, 0, 13, 0, 0, 0, 0, 0, 1, -17, 1, 67, 101, 108, 108, 97, 114, 32, 83, 111, 110, 103, 0, 0, 0, -1, 0, 0, 0, 0, -1, 0, 0, 0, 0, 0, 0, 0, 0, 0, 0] strings=|||||||#||||||||||||||||||||||||||||||Cellar Song|||||||||||||||||||
198 legacy=17 raw=[4, 1, 0, 0, 0, 10, 6, 121, 0, -106, 0, 14, 0, 0, 0, -1, -1, 1, 1, 0, 1, 1, 0, 4, 0, 13, 0, 25, 0, 16, 0, 0, 0, 0, 0, 1, -17, 1, 69, 115, 99, 97, 112, 101, 0, 0, 0, -1, 0, 0, 0, 0, -1, 0, 0, 0, 0, 0, 0, 0, 0, 0, 0] strings=|||||||y||||||||||||||||||||||||||||||Escape|||||||||||||||||||
199 legacy=67 raw=[4, 1, 0, 0, 0, 10, 3, -86, 0, -106, 0, 14, 0, 0, 0, -1, -1, 1, 1, 0, 1, 1, 0, 4, 0, 13, 0, 25, 0, 15, 0, 0, 0, 0, 0, 1, -17, 1, 67, 108, 111, 115, 101, 32, 81, 117, 97, 114, 116, 101, 114, 115, 0, 0, 0, -1, 0, 0, 0, 0, -1, 0, 0, 0, 0, 0, 0, 0, 0, 0, 0] strings=||||||||||||||||||||||||||||||||||||||Close Quarters|||||||||||||||||||
200 legacy=190 raw=[4, 1, 0, 0, 0, 10, 9, -18, 0, -106, 0, 14, 0, 0, 0, -1, -1, 1, 1, 0, 1, 1, 0, 4, 0, 13, 0, 25, 0, 14, 0, 0, 0, 0, 0, 1, -17, 1, 72, 101, 97, 114, 116, 32, 97, 110, 100, 32, 77, 105, 110, 100, 0, 0, 0, -1, 0, 0, 0, 0, -1, 0, 0, 0, 0, 0, 0, 0, 0, 0, 0] strings=||||||||||||||||||||||||||||||||||||||Heart and Mind|||||||||||||||||||
201 legacy=58 raw=[4, 1, 0, 0, 0, 10, 15, -24, 0, -106, 0, 14, 0, 0, 0, -1, -1, 1, 1, 0, 1, 1, 0, 4, 0, 13, 0, 25, 0, 11, 0, 0, 0, 0, 0, 1, -17, 1, 78, 111, 109, 97, 100, 0, 0, 0, -1, 0, 0, 0, 0, -1, 0, 0, 0, 0, 0, 0, 0, 0, 0, 0] strings=||||||||||||||||||||||||||||||||||||||Nomad|||||||||||||||||||
202 legacy=71 raw=[4, 1, 0, 0, 0, 10, 3, 110, 0, -106, 0, 14, 0, 0, 0, -1, -1, 1, 1, 0, 1, 1, 0, 4, 0, 13, 0, 25, 0, 18, 0, 0, 0, 0, 0, 1, -17, 1, 67, 104, 111, 109, 112, 121, 32, 72, 117, 110, 116, 0, 0, 0, -1, 0, 0, 0, 0, -1, 0, 0, 0, 0, 0, 0, 0, 0, 0, 0] strings=|||||||n||||||||||||||||||||||||||||||Chompy Hunt|||||||||||||||||||
203 legacy=128 raw=[4, 1, 0, 0, 0, 10, 9, -123, 0, -106, 0, 14, 0, 0, 0, -1, -1, 1, 1, 0, 1, 1, 0, 4, 0, 13, 0, 25, 0, 17, 0, 0, 0, 0, 0, 1, -17, 1, 71, 114, 117, 109, 112, 121, 0, 0, 0, -1, 0, 0, 0, 0, -1, 0, 0, 0, 0, 0, 0, 0, 0, 0, 0] strings=||||||||||||||||||||||||||||||||||||||Grumpy|||||||||||||||||||
204 legacy=121 raw=[4, 1, 0, 0, 0, 10, 7, -1, 0, -106, 0, 14, 0, 0, 0, -1, -1, 1, 1, 0, 1, 1, 0, 4, 0, 13, 0, 25, 0, 25, 0, 0, 0, 0, 0, 1, -17, 1, 70, 111, 114, 98, 105, 100, 100, 101, 110, 0, 0, 0, -1, 0, 0, 0, 0, -1, 0, 0, 0, 0, 0, 0, 0, 0, 0, 0] strings=||||||||||||||||||||||||||||||||||||||Forbidden|||||||||||||||||||
205 legacy=59 raw=[4, 1, 0, 0, 0, 10, 4, 64, 0, -106, 0, 14, 0, 0, 0, -1, -1, 1, 1, 0, 1, 1, 0, 4, 0, 13, 0, 25, 0, 26, 0, 0, 0, 0, 0, 1, -17, 1, 67, 117, 114, 115, 101, 100, 0, 0, 0, -1, 0, 0, 0, 0, -1, 0, 0, 0, 0, 0, 0, 0, 0, 0, 0] strings=|||||||@||||||||||||||||||||||||||||||Cursed|||||||||||||||||||
206 legacy=131 raw=[4, 1, 0, 0, 0, 10, 23, 74, 0, -106, 0, 14, 0, 0, 0, -1, -1, 1, 1, 0, 1, 1, 0, 4, 0, 13, 0, 25, 0, 27, 0, 0, 0, 0, 0, 1, -17, 1, 85, 110, 100, 101, 114, 115, 116, 97, 110, 100, 105, 110, 103, 0, 0, 0, -1, 0, 0, 0, 0, -1, 0, 0, 0, 0, 0, 0, 0, 0, 0, 0] strings=|||||||J||||||||||||||||||||||||||||||Understanding|||||||||||||||||||
207 legacy=243 raw=[4, 1, 0, 0, 0, 10, 21, 31, 0, -106, 0, 14, 0, 0, 0, -1, -1, 1, 1, 0, 1, 1, 0, 4, 0, 13, 1, 42, 0, 3, 0, 0, 0, 0, 0, 1, -17, 1, 83, 116, 114, 97, 116, 111, 115, 112, 104, 101, 114, 101, 0, 0, 0, -1, 0, 0, 0, 0, -1, 0, 0, 0, 0, 0, 0, 0, 0, 0, 0] strings=|||||||||||||||||||||||||||*||||||||||Stratosphere|||||||||||||||||||
208 legacy=88 raw=[4, 1, 0, 0, 0, 10, 22, -1, 0, -106, 0, 14, 0, 0, 0, -1, -1, 1, 1, 0, 1, 1, 0, 4, 0, 13, 0, 25, 0, 19, 0, 0, 0, 0, 0, 1, -17, 1, 84, 119, 105, 108, 105, 103, 104, 116, 0, 0, 0, -1, 0, 0, 0, 0, -1, 0, 0, 0, 0, 0, 0, 0, 0, 0, 0] strings=||||||||||||||||||||||||||||||||||||||Twilight|||||||||||||||||||
209 legacy=156 raw=[4, 1, 0, 0, 0, 10, 14, 53, 0, -106, 0, 14, 0, 0, 0, -1, -1, 1, 1, 0, 1, 1, 0, 4, 0, 13, 0, 25, 0, 24, 0, 0, 0, 0, 0, 1, -17, 1, 77, 97, 117, 115, 111, 108, 101, 117, 109, 0, 0, 0, -1, 0, 0, 0, 0, -1, 0, 0, 0, 0, 0, 0, 0, 0, 0, 0] strings=|||||||5||||||||||||||||||||||||||||||Mausoleum|||||||||||||||||||
210 legacy=48 raw=[4, 1, 0, 0, 0, 10, 15, 67, 0, -106, 0, 14, 0, 0, 0, -1, -1, 1, 1, 0, 1, 1, 0, 4, 0, 13, 0, 25, 0, 20, 0, 0, 0, 0, 0, 1, -17, 1, 77, 111, 114, 121, 116, 97, 110, 105, 97, 0, 0, 0, -1, 0, 0, 0, 0, -1, 0, 0, 0, 0, 0, 0, 0, 0, 0, 0] strings=|||||||C||||||||||||||||||||||||||||||Morytania|||||||||||||||||||
211 legacy=61 raw=[4, 1, 0, 0, 0, 10, 23, -92, 0, -106, 0, 14, 0, 0, 0, -1, -1, 1, 1, 0, 1, 1, 0, 4, 0, 13, 0, 25, 0, 22, 0, 0, 0, 0, 0, 1, -17, 1, 86, 105, 108, 108, 97, 103, 101, 0, 0, 0, -1, 0, 0, 0, 0, -1, 0, 0, 0, 0, 0, 0, 0, 0, 0, 0] strings=||||||||||||||||||||||||||||||||||||||Village|||||||||||||||||||
212 legacy=246 raw=[4, 1, 0, 0, 0, 10, 9, 103, 0, -106, 0, 14, 0, 0, 0, -1, -1, 1, 1, 0, 1, 1, 0, 4, 0, 13, 1, 42, 0, 6, 0, 0, 0, 0, 0, 1, -17, 1, 71, 114, 111, 116, 116, 111, 0, 0, 0, -1, 0, 0, 0, 0, -1, 0, 0, 0, 0, 0, 0, 0, 0, 0, 0] strings=|||||||g|||||||||||||||||||*||||||||||Grotto|||||||||||||||||||
213 legacy=245 raw=[4, 1, 0, 0, 0, 10, 15, 127, 0, -106, 0, 14, 0, 0, 0, -1, -1, 1, 1, 0, 1, 1, 0, 4, 0, 13, 1, 42, 0, 5, 0, 0, 0, 0, 0, 1, -17, 1, 78, 97, 116, 117, 114, 97, 108, 0, 0, 0, -1, 0, 0, 0, 0, -1, 0, 0, 0, 0, 0, 0, 0, 0, 0, 0] strings=|||||||||||||||||||||||||||*||||||||||Natural|||||||||||||||||||
214 legacy=244 raw=[4, 1, 0, 0, 0, 10, 24, 43, 0, -106, 0, 14, 0, 0, 0, -1, -1, 1, 1, 0, 1, 1, 0, 4, 0, 13, 1, 42, 0, 7, 0, 0, 0, 0, 0, 1, -17, 1, 87, 97, 116, 101, 114, 108, 111, 103, 103, 101, 100, 0, 0, 0, -1, 0, 0, 0, 0, -1, 0, 0, 0, 0, 0, 0, 0, 0, 0, 0] strings=|||||||+|||||||||||||||||||*||||||||||Waterlogged|||||||||||||||||||
215 legacy=241 raw=[4, 1, 0, 0, 0, 10, 20, -89, 0, -106, 0, 14, 0, 0, 0, -1, -1, 1, 1, 0, 1, 1, 0, 4, 0, 13, 1, 42, 0, 1, 0, 0, 0, 0, 0, 1, -17, 1, 83, 116, 97, 103, 110, 97, 110, 116, 0, 0, 0, -1, 0, 0, 0, 0, -1, 0, 0, 0, 0, 0, 0, 0, 0, 0, 0] strings=|||||||||||||||||||||||||||*||||||||||Stagnant|||||||||||||||||||
216 legacy=84 raw=[4, 1, 0, 0, 0, 10, 4, -28, 0, -106, 0, 14, 0, 0, 0, -1, -1, 1, 1, 0, 1, 1, 0, 4, 0, 13, 0, 25, 0, 21, 0, 0, 0, 0, 0, 1, -17, 1, 68, 101, 97, 100, 32, 81, 117, 105, 101, 116, 0, 0, 0, -1, 0, 0, 0, 0, -1, 0, 0, 0, 0, 0, 0, 0, 0, 0, 0] strings=||||||||||||||||||||||||||||||||||||||Dead Quiet|||||||||||||||||||
217 legacy=248 raw=[4, 1, 0, 0, 0, 10, 1, 127, 0, -106, 0, 14, 0, 0, 0, -1, -1, 1, 1, 0, 1, 1, 0, 4, 0, 13, 1, 42, 0, 9, 0, 0, 0, 0, 0, 1, -17, 1, 65, 122, 116, 101, 99, 0, 0, 0, -1, 0, 0, 0, 0, -1, 0, 0, 0, 0, 0, 0, 0, 0, 0, 0] strings=|||||||||||||||||||||||||||*||||||||||Aztec|||||||||||||||||||
218 legacy=242 raw=[4, 1, 0, 0, 0, 10, 21, -15, 0, -106, 0, 14, 0, 0, 0, -1, -1, 1, 1, 0, 1, 1, 0, 4, 0, 13, 1, 42, 0, 4, 0, 0, 0, 0, 0, 1, -17, 1, 84, 105, 109, 101, 32, 79, 117, 116, 0, 0, 0, -1, 0, 0, 0, 0, -1, 0, 0, 0, 0, 0, 0, 0, 0, 0, 0] strings=|||||||||||||||||||||||||||*||||||||||Time Out|||||||||||||||||||
219 legacy=149 raw=[4, 1, 0, 0, 0, 10, 17, 50, 0, -106, 0, 14, 0, 0, 0, -1, -1, 1, 1, 0, 1, 1, 0, 4, 0, 13, 0, 25, 0, 28, 0, 0, 0, 0, 0, 1, -17, 1, 80, 114, 105, 110, 99, 105, 112, 97, 108, 105, 116, 121, 0, 0, 0, -1, 0, 0, 0, 0, -1, 0, 0, 0, 0, 0, 0, 0, 0, 0, 0] strings=|||||||2||||||||||||||||||||||||||||||Principality|||||||||||||||||||
220 legacy=97 raw=[4, 1, 0, 0, 0, 10, 10, 12, 0, -106, 0, 14, 0, 0, 0, -1, -1, 1, 1, 0, 1, 1, 0, 4, 0, 13, 0, 25, 0, 31, 0, 0, 0, 0, 0, 1, -17, 1, 72, 101, 114, 109, 105, 116, 0, 0, 0, -1, 0, 0, 0, 0, -1, 0, 0, 0, 0, 0, 0, 0, 0, 0, 0] strings=||||||||||||||||||||||||||||||||||||||Hermit|||||||||||||||||||
221 legacy=362 raw=[4, 1, 0, 0, 0, 10, 11, -35, 0, -106, 0, 14, 0, 0, 0, -1, -1, 1, 1, 0, 1, 1, 0, 4, 0, 13, 1, 90, 0, 30, 0, 0, 0, 0, 0, 1, -17, 1, 75, 97, 114, 97, 109, 106, 97, 32, 74, 97, 109, 0, 0, 0, -1, 0, 0, 0, 0, -1, 0, 0, 0, 0, 0, 0, 0, 0, 0, 0] strings=|||||||||||||||||||||||||||Z||||||||||Karamja Jam|||||||||||||||||||
222 legacy=258 raw=[4, 1, 0, 0, 0, 10, 3, -41, 0, -106, 0, 14, 0, 0, 0, -1, -1, 1, 1, 0, 1, 1, 0, 4, 0, 13, 1, 42, 0, 16, 0, 0, 0, 0, 0, 1, -17, 1, 67, 111, 110, 116, 101, 115, 116, 0, 0, 0, -1, 0, 0, 0, 0, -1, 0, 0, 0, 0, 0, 0, 0, 0, 0, 0] strings=|||||||||||||||||||||||||||*||||||||||Contest|||||||||||||||||||
223 legacy=187 raw=[4, 1, 0, 0, 0, 10, 22, -106, 0, -106, 0, 14, 0, 0, 0, -1, -1, 1, 1, 0, 1, 1, 0, 4, 0, 13, 0, 25, 0, 29, 0, 0, 0, 0, 0, 1, -17, 1, 84, 114, 101, 109, 98, 108, 101, 0, 0, 0, -1, 0, 0, 0, 0, -1, 0, 0, 0, 0, 0, 0, 0, 0, 0, 0] strings=||||||||||||||||||||||||||||||||||||||Tremble|||||||||||||||||||
224 legacy=257 raw=[4, 1, 0, 0, 0, 10, 20, 32, 0, -106, 0, 14, 0, 0, 0, -1, -1, 1, 1, 0, 1, 1, 0, 4, 0, 13, 1, 42, 0, 17, 0, 0, 0, 0, 0, 1, -17, 1, 83, 111, 106, 111, 117, 114, 110, 0, 0, 0, -1, 0, 0, 0, 0, -1, 0, 0, 0, 0, 0, 0, 0, 0, 0, 0] strings=||||||| |||||||||||||||||||*||||||||||Sojourn|||||||||||||||||||
225 legacy=264 raw=[4, 1, 0, 0, 0, 10, 13, -127, 0, -106, 0, 14, 0, 0, 0, -1, -1, 1, 1, 0, 1, 1, 0, 4, 0, 13, 1, 42, 0, 21, 0, 0, 0, 0, 0, 1, -17, 1, 77, 97, 100, 32, 69, 97, 100, 103, 97, 114, 0, 0, 0, -1, 0, 0, 0, 0, -1, 0, 0, 0, 0, 0, 0, 0, 0, 0, 0] strings=|||||||||||||||||||||||||||*||||||||||Mad Eadgar|||||||||||||||||||
226 legacy=261 raw=[4, 1, 0, 0, 0, 10, 14, 8, 0, -106, 0, 14, 0, 0, 0, -1, -1, 1, 1, 0, 1, 1, 0, 4, 0, 13, 1, 42, 0, 19, 0, 0, 0, 0, 0, 1, -17, 1, 77, 97, 114, 122, 105, 112, 97, 110, 0, 0, 0, -1, 0, 0, 0, 0, -1, 0, 0, 0, 0, 0, 0, 0, 0, 0, 0] strings=|||||||||||||||||||||||||||*||||||||||Marzipan|||||||||||||||||||
227 legacy=262 raw=[4, 1, 0, 0, 0, 10, 17, -56, 0, -106, 0, 14, 0, 0, 0, -1, -1, 1, 1, 0, 1, 1, 0, 4, 0, 13, 1, 42, 0, 31, 0, 0, 0, 0, 0, 1, -17, 1, 82, 105, 103, 104, 116, 101, 111, 117, 115, 110, 101, 115, 115, 0, 0, 0, -1, 0, 0, 0, 0, -1, 0, 0, 0, 0, 0, 0, 0, 0, 0, 0] strings=|||||||||||||||||||||||||||*||||||||||Righteousness|||||||||||||||||||
228 legacy=260 raw=[4, 1, 0, 0, 0, 10, 10, -19, 0, -106, 0, 14, 0, 0, 0, -1, -1, 1, 1, 0, 1, 1, 0, 4, 0, 13, 1, 42, 0, 20, 0, 0, 0, 0, 0, 1, -17, 1, 73, 110, 115, 101, 99, 116, 32, 81, 117, 101, 101, 110, 0, 0, 0, -1, 0, 0, 0, 0, -1, 0, 0, 0, 0, 0, 0, 0, 0, 0, 0] strings=|||||||||||||||||||||||||||*||||||||||Insect Queen|||||||||||||||||||
229 legacy=132 raw=[4, 1, 0, 0, 0, 10, 2, 96, 0, -106, 0, 14, 0, 0, 0, -1, -1, 1, 1, 0, 1, 1, 0, 4, 0, 13, 1, 42, 0, 2, 0, 0, 0, 0, 0, 1, -17, 1, 66, 114, 101, 101, 122, 101, 0, 0, 0, -1, 0, 0, 0, 0, -1, 0, 0, 0, 0, 0, 0, 0, 0, 0, 0] strings=|||||||`|||||||||||||||||||*||||||||||Breeze|||||||||||||||||||
230 legacy=32 raw=[4, 1, 0, 0, 0, 10, 24, 103, 0, -106, 0, 14, 0, 0, 0, -1, -1, 1, 1, 0, 1, 1, 0, 4, 0, 13, 1, 42, 0, 29, 0, 0, 0, 0, 0, 1, -17, 1, 87, 101, 108, 108, 32, 111, 102, 32, 86, 111, 121, 97, 103, 101, 0, 0, 0, -1, 0, 0, 0, 0, -1, 0, 0, 0, 0, 0, 0, 0, 0, 0, 0] strings=|||||||g|||||||||||||||||||*||||||||||Well of Voyage|||||||||||||||||||
231 legacy=259 raw=[4, 1, 0, 0, 0, 10, 4, 19, 0, -106, 0, 14, 0, 0, 0, -1, -1, 1, 1, 0, 1, 1, 0, 4, 0, 13, 1, 42, 0, 18, 0, 0, 0, 0, 0, 1, -17, 1, 67, 114, 121, 115, 116, 97, 108, 32, 67, 97, 115, 116, 108, 101, 0, 0, 0, -1, 0, 0, 0, 0, -1, 0, 0, 0, 0, 0, 0, 0, 0, 0, 0] strings=|||||||||||||||||||||||||||*||||||||||Crystal Castle|||||||||||||||||||
232 legacy=270 raw=[4, 1, 0, 0, 0, 10, 6, -15, 0, -106, 0, 14, 0, 0, 0, -1, -1, 1, 1, 0, 1, 1, 0, 4, 0, 13, 1, 42, 0, 28, 0, 0, 0, 0, 0, 1, -17, 1, 69, 120, 112, 111, 115, 101, 100, 0, 0, 0, -1, 0, 0, 0, 0, -1, 0, 0, 0, 0, 0, 0, 0, 0, 0, 0] strings=|||||||||||||||||||||||||||*||||||||||Exposed|||||||||||||||||||
233 legacy=253 raw=[4, 1, 0, 0, 0, 10, 13, 69, 0, -106, 0, 14, 0, 0, 0, -1, -1, 1, 1, 0, 1, 1, 0, 4, 0, 13, 1, 42, 0, 12, 0, 0, 0, 0, 0, 1, -17, 1, 76, 111, 115, 116, 32, 83, 111, 117, 108, 0, 0, 0, -1, 0, 0, 0, 0, -1, 0, 0, 0, 0, 0, 0, 0, 0, 0, 0] strings=|||||||E|||||||||||||||||||*||||||||||Lost Soul|||||||||||||||||||
234 legacy=254 raw=[4, 1, 0, 0, 0, 10, 14, -128, 0, -106, 0, 14, 0, 0, 0, -1, -1, 1, 1, 0, 1, 1, 0, 4, 0, 13, 1, 42, 0, 13, 0, 0, 0, 0, 0, 1, -17, 1, 77, 101, 114, 105, 100, 105, 97, 110, 0, 0, 0, -1, 0, 0, 0, 0, -1, 0, 0, 0, 0, 0, 0, 0, 0, 0, 0] strings=|||||||||||||||||||||||||||*||||||||||Meridian|||||||||||||||||||
235 legacy=255 raw=[4, 1, 0, 0, 0, 10, 25, 27, 0, -106, 0, 14, 0, 0, 0, -1, -1, 1, 1, 0, 1, 1, 0, 4, 0, 13, 1, 42, 0, 14, 0, 0, 0, 0, 0, 1, -17, 1, 87, 111, 111, 100, 108, 97, 110, 100, 0, 0, 0, -1, 0, 0, 0, 0, -1, 0, 0, 0, 0, 0, 0, 0, 0, 0, 0] strings=|||||||||||||||||||||||||||*||||||||||Woodland|||||||||||||||||||
236 legacy=268 raw=[4, 1, 0, 0, 0, 10, 6, -90, 0, -106, 0, 14, 0, 0, 0, -1, -1, 1, 1, 0, 1, 1, 0, 4, 0, 13, 1, 42, 0, 27, 0, 0, 0, 0, 0, 1, -17, 1, 69, 118, 101, 114, 121, 119, 104, 101, 114, 101, 0, 0, 0, -1, 0, 0, 0, 0, -1, 0, 0, 0, 0, 0, 0, 0, 0, 0, 0] strings=|||||||||||||||||||||||||||*||||||||||Everywhere|||||||||||||||||||
237 legacy=256 raw=[4, 1, 0, 0, 0, 10, 16, 96, 0, -106, 0, 14, 0, 0, 0, -1, -1, 1, 1, 0, 1, 1, 0, 4, 0, 13, 1, 42, 0, 15, 0, 0, 0, 0, 0, 1, -17, 1, 79, 118, 101, 114, 112, 97, 115, 115, 0, 0, 0, -1, 0, 0, 0, 0, -1, 0, 0, 0, 0, 0, 0, 0, 0, 0, 0] strings=|||||||`|||||||||||||||||||*||||||||||Overpass|||||||||||||||||||
238 legacy=251 raw=[4, 1, 0, 0, 0, 10, 8, 14, 0, -106, 0, 14, 0, 0, 0, -1, -1, 1, 1, 0, 1, 1, 0, 4, 0, 13, 1, 42, 0, 11, 0, 0, 0, 0, 0, 1, -17, 1, 70, 111, 114, 101, 115, 116, 0, 0, 0, -1, 0, 0, 0, 0, -1, 0, 0, 0, 0, 0, 0, 0, 0, 0, 0] strings=|||||||||||||||||||||||||||*||||||||||Forest|||||||||||||||||||
239 legacy=252 raw=[4, 1, 0, 0, 0, 10, 6, 61, 0, -106, 0, 14, 0, 0, 0, -1, -1, 1, 1, 0, 1, 1, 0, 4, 0, 13, 1, 42, 0, 10, 0, 0, 0, 0, 0, 1, -17, 1, 69, 108, 118, 101, 110, 32, 77, 105, 115, 116, 0, 0, 0, -1, 0, 0, 0, 0, -1, 0, 0, 0, 0, 0, 0, 0, 0, 0, 0] strings=|||||||=|||||||||||||||||||*||||||||||Elven Mist|||||||||||||||||||
240 legacy=290 raw=[4, 1, 0, 0, 0, 10, 18, 109, 0, -106, 0, 14, 0, 0, 0, -1, -1, 1, 1, 0, 1, 1, 0, 4, 0, 13, 1, 55, 0, 8, 0, 0, 0, 0, 0, 1, -17, 1, 83, 97, 103, 97, 0, 0, 0, -1, 0, 0, 0, 0, -1, 0, 0, 0, 0, 0, 0, 0, 0, 0, 0] strings=|||||||m|||||||||||||||||||7||||||||||Saga|||||||||||||||||||
241 legacy=293 raw=[4, 1, 0, 0, 0, 10, 12, -96, 0, -106, 0, 14, 0, 0, 0, -1, -1, 1, 1, 0, 1, 1, 0, 4, 0, 13, 1, 55, 0, 11, 0, 0, 0, 0, 0, 1, -17, 1, 76, 101, 103, 101, 110, 100, 0, 0, 0, -1, 0, 0, 0, 0, -1, 0, 0, 0, 0, 0, 0, 0, 0, 0, 0] strings=|||||||||||||||||||||||||||7||||||||||Legend|||||||||||||||||||
242 legacy=267 raw=[4, 1, 0, 0, 0, 10, 21, 61, 0, -106, 0, 14, 0, 0, 0, -1, -1, 1, 1, 0, 1, 1, 0, 4, 0, 13, 1, 42, 0, 23, 0, 0, 0, 0, 0, 1, -17, 1, 83, 117, 110, 98, 117, 114, 110, 0, 0, 0, -1, 0, 0, 0, 0, -1, 0, 0, 0, 0, 0, 0, 0, 0, 0, 0] strings=|||||||=|||||||||||||||||||*||||||||||Sunburn|||||||||||||||||||
243 legacy=263 raw=[4, 1, 0, 0, 0, 10, 1, -84, 0, -106, 0, 14, 0, 0, 0, -1, -1, 1, 1, 0, 1, 1, 0, 4, 0, 13, 1, 42, 0, 22, 0, 0, 0, 0, 0, 1, -17, 1, 66, 97, 110, 100, 105, 116, 32, 67, 97, 109, 112, 0, 0, 0, -1, 0, 0, 0, 0, -1, 0, 0, 0, 0, 0, 0, 0, 0, 0, 0] strings=|||||||||||||||||||||||||||*||||||||||Bandit Camp|||||||||||||||||||
245 legacy=247 raw=[4, 1, 0, 0, 0, 10, 0, -23, 0, -106, 0, 14, 0, 0, 0, -1, -1, 1, 1, 0, 1, 1, 0, 4, 0, 13, 1, 42, 0, 8, 0, 0, 0, 0, 0, 1, -17, 1, 65, 114, 116, 105, 115, 116, 114, 121, 0, 0, 0, -1, 0, 0, 0, 0, -1, 0, 0, 0, 0, 0, 0, 0, 0, 0, 0] strings=|||||||||||||||||||||||||||*||||||||||Artistry|||||||||||||||||||
246 legacy=288 raw=[4, 1, 0, 0, 0, 10, 4, -43, 0, -106, 0, 14, 0, 0, 0, -1, -1, 1, 1, 0, 1, 1, 0, 4, 0, 13, 1, 55, 0, 6, 0, 0, 0, 0, 0, 1, -17, 1, 68, 101, 97, 100, 108, 97, 110, 100, 115, 0, 0, 0, -1, 0, 0, 0, 0, -1, 0, 0, 0, 0, 0, 0, 0, 0, 0, 0] strings=|||||||||||||||||||||||||||7||||||||||Deadlands|||||||||||||||||||
247 legacy=287 raw=[4, 1, 0, 0, 0, 10, 12, 25, 0, -106, 0, 14, 0, 0, 0, -1, -1, 1, 1, 0, 1, 1, 0, 4, 0, 13, 1, 55, 0, 5, 0, 0, 0, 0, 0, 1, -17, 1, 76, 97, 105, 114, 0, 0, 0, -1, 0, 0, 0, 0, -1, 0, 0, 0, 0, 0, 0, 0, 0, 0, 0] strings=|||||||||||||||||||||||||||7||||||||||Lair|||||||||||||||||||
248 legacy=154 raw=[4, 1, 0, 0, 0, 10, 2, 36, 0, -106, 0, 14, 0, 0, 0, -1, -1, 1, 1, 0, 1, 1, 0, 4, 0, 13, 0, 25, 0, 23, 0, 0, 0, 0, 0, 1, -17, 1, 66, 111, 110, 101, 32, 68, 97, 110, 99, 101, 0, 0, 0, -1, 0, 0, 0, 0, -1, 0, 0, 0, 0, 0, 0, 0, 0, 0, 0] strings=|||||||$||||||||||||||||||||||||||||||Bone Dance|||||||||||||||||||
249 legacy=286 raw=[4, 1, 0, 0, 0, 10, 19, -103, 0, -106, 0, 14, 0, 0, 0, -1, -1, 1, 1, 0, 1, 1, 0, 4, 0, 13, 1, 55, 0, 4, 0, 0, 0, 0, 0, 1, -17, 1, 83, 104, 97, 100, 111, 119, 108, 97, 110, 100, 0, 0, 0, -1, 0, 0, 0, 0, -1, 0, 0, 0, 0, 0, 0, 0, 0, 0, 0] strings=|||||||||||||||||||||||||||7||||||||||Shadowland|||||||||||||||||||
250 legacy=8 raw=[4, 1, 0, 0, 0, 10, 24, -63, 0, -106, 0, 14, 0, 0, 0, -1, -1, 1, 1, 0, 1, 1, 0, 4, 0, 13, 1, 90, 0, 0, 0, 0, 0, 0, 0, 1, -17, 1, 87, 105, 108, 100, 119, 111, 111, 100, 0, 0, 0, -1, 0, 0, 0, 0, -1, 0, 0, 0, 0, 0, 0, 0, 0, 0, 0] strings=|||||||||||||||||||||||||||Z||||||||||Wildwood|||||||||||||||||||
253 legacy=141 raw=[4, 1, 0, 0, 0, 10, 1, -69, 0, -106, 0, 14, 0, 0, 0, -1, -1, 1, 1, 0, 1, 1, 0, 4, 0, 13, 1, 90, 0, 1, 0, 0, 0, 0, 0, 1, -17, 1, 66, 97, 114, 98, 97, 114, 105, 97, 110, 105, 115, 109, 0, 0, 0, -1, 0, 0, 0, 0, -1, 0, 0, 0, 0, 0, 0, 0, 0, 0, 0] strings=|||||||||||||||||||||||||||Z||||||||||Barbarianism|||||||||||||||||||
254 legacy=269 raw=[4, 1, 0, 0, 0, 10, 3, -71, 0, -106, 0, 14, 0, 0, 0, -1, -1, 1, 1, 0, 1, 1, 0, 4, 0, 13, 1, 42, 0, 25, 0, 0, 0, 0, 0, 1, -17, 1, 67, 111, 109, 112, 101, 116, 105, 116, 105, 111, 110, 0, 0, 0, -1, 0, 0, 0, 0, -1, 0, 0, 0, 0, 0, 0, 0, 0, 0, 0] strings=|||||||||||||||||||||||||||*||||||||||Competition|||||||||||||||||||
255 legacy=143 raw=[4, 1, 0, 0, 0, 10, 5, -74, 0, -106, 0, 14, 0, 0, 0, -1, -1, 1, 1, 0, 1, 1, 0, 4, 0, 13, 1, 90, 0, 3, 0, 0, 0, 0, 0, 1, -17, 1, 68, 111, 119, 110, 32, 84, 111, 32, 69, 97, 114, 116, 104, 0, 0, 0, -1, 0, 0, 0, 0, -1, 0, 0, 0, 0, 0, 0, 0, 0, 0, 0] strings=|||||||||||||||||||||||||||Z||||||||||Down To Earth|||||||||||||||||||
256 legacy=178 raw=[4, 1, 0, 0, 0, 10, 4, 4, 0, -106, 0, 14, 0, 0, 0, -1, -1, 1, 1, 0, 1, 1, 0, 4, 0, 13, 1, 90, 0, 4, 0, 0, 0, 0, 0, 1, -17, 1, 67, 111, 117, 114, 97, 103, 101, 0, 0, 0, -1, 0, 0, 0, 0, -1, 0, 0, 0, 0, 0, 0, 0, 0, 0, 0] strings=|||||||||||||||||||||||||||Z||||||||||Courage|||||||||||||||||||
257 legacy=265 raw=[4, 1, 0, 0, 0, 10, 21, 76, 0, -106, 0, 14, 0, 0, 0, -1, -1, 1, 1, 0, 1, 1, 0, 4, 0, 13, 1, 90, 0, 5, 0, 0, 0, 0, 0, 1, -17, 1, 83, 117, 112, 101, 114, 115, 116, 105, 116, 105, 111, 110, 0, 0, 0, -1, 0, 0, 0, 0, -1, 0, 0, 0, 0, 0, 0, 0, 0, 0, 0] strings=|||||||L|||||||||||||||||||Z||||||||||Superstition|||||||||||||||||||
258 legacy=291 raw=[4, 1, 0, 0, 0, 10, 2, 81, 0, -106, 0, 14, 0, 0, 0, -1, -1, 1, 1, 0, 1, 1, 0, 4, 0, 13, 1, 55, 0, 9, 0, 0, 0, 0, 0, 1, -17, 1, 66, 111, 114, 100, 101, 114, 108, 97, 110, 100, 0, 0, 0, -1, 0, 0, 0, 0, -1, 0, 0, 0, 0, 0, 0, 0, 0, 0, 0] strings=|||||||Q|||||||||||||||||||7||||||||||Borderland|||||||||||||||||||
259 legacy=289 raw=[4, 1, 0, 0, 0, 10, 17, -71, 0, -106, 0, 14, 0, 0, 0, -1, -1, 1, 1, 0, 1, 1, 0, 4, 0, 13, 1, 55, 0, 7, 0, 0, 0, 0, 0, 1, -17, 1, 82, 101, 108, 108, 101, 107, 107, 97, 0, 0, 0, -1, 0, 0, 0, 0, -1, 0, 0, 0, 0, 0, 0, 0, 0, 0, 0] strings=|||||||||||||||||||||||||||7||||||||||Rellekka|||||||||||||||||||
260 legacy=295 raw=[4, 1, 0, 0, 0, 10, 23, -2, 0, -106, 0, 14, 0, 0, 0, -1, -1, 1, 1, 0, 1, 1, 0, 4, 0, 13, 1, 55, 0, 13, 0, 0, 0, 0, 0, 1, -17, 1, 87, 97, 114, 114, 105, 111, 114, 0, 0, 0, -1, 0, 0, 0, 0, -1, 0, 0, 0, 0, 0, 0, 0, 0, 0, 0] strings=|||||||||||||||||||||||||||7||||||||||Warrior|||||||||||||||||||
261 legacy=316 raw=[4, 1, 0, 0, 0, 10, 15, -114, 0, -106, 0, 14, 0, 0, 0, -1, -1, 1, 1, 0, 1, 1, 0, 4, 0, 13, 1, 55, 0, 31, 0, 0, 0, 0, 0, 1, -17, 1, 84, 104, 101, 32, 78, 97, 118, 105, 103, 97, 116, 111, 114, 0, 0, 0, -1, 0, 0, 0, 0, -1, 0, 0, 0, 0, 0, 0, 0, 0, 0, 0] strings=|||||||||||||||||||||||||||7||||||||||The Navigator|||||||||||||||||||
262 legacy=321 raw=[4, 1, 0, 0, 0, 10, 18, -12, 0, -106, 0, 14, 0, 0, 0, -1, -1, 0, 0, 0, 0, 0, 1, -17, 1, 83, 99, 97, 112, 101, 32, 83, 99, 97, 114, 101, 100, 0, 0, 0, 0, -1, 0, 0, 0, -1, 0, 0, 0, 0, 0, 0, 0, 0, 0, 0] strings=|||||||||||||||||||||||||Scape Scared|||||||||||||||||||
263 legacy=334 raw=[4, 1, 0, 0, 0, 10, 16, -10, 0, -106, 0, 14, 0, 0, 0, -1, -1, 1, 1, 0, 1, 1, 0, 4, 0, 13, 1, 90, 0, 6, 0, 0, 0, 0, 0, 1, -17, 1, 80, 105, 114, 97, 116, 101, 115, 32, 111, 102, 32, 80, 101, 114, 105, 108, 0, 0, 0, -1, 0, 0, 0, 0, -1, 0, 0, 0, 0, 0, 0, 0, 0, 0, 0] strings=|||||||||||||||||||||||||||Z||||||||||Pirates of Peril|||||||||||||||||||
264 legacy=336 raw=[4, 1, 0, 0, 0, 10, 4, -117, 0, -106, 0, 14, 0, 0, 0, -1, -1, 1, 1, 0, 1, 1, 0, 4, 0, 13, 1, 90, 0, 7, 0, 0, 0, 0, 0, 1, -17, 1, 68, 97, 110, 103, 101, 114, 111, 117, 115, 32, 82, 111, 97, 100, 0, 0, 0, -1, 0, 0, 0, 0, -1, 0, 0, 0, 0, 0, 0, 0, 0, 0, 0] strings=|||||||||||||||||||||||||||Z||||||||||Dangerous Road|||||||||||||||||||
265 legacy=337 raw=[4, 1, 0, 0, 0, 10, 7, 15, 0, -106, 0, 14, 0, 0, 0, -1, -1, 1, 1, 0, 1, 1, 0, 4, 0, 13, 1, 90, 0, 9, 0, 0, 0, 0, 0, 1, -17, 1, 70, 97, 105, 116, 104, 108, 101, 115, 115, 0, 0, 0, -1, 0, 0, 0, 0, -1, 0, 0, 0, 0, 0, 0, 0, 0, 0, 0] strings=|||||||||||||||||||||||||||Z||||||||||Faithless|||||||||||||||||||
266 legacy=-1 raw=[4, 1, 0, 0, 0, 10, 20, 17, 0, -106, 0, 14, 0, 0, 0, -1, -1, 1, 1, 0, 1, 1, 0, 4, 0, 13, 2, -47, 0, 29, 0, 0, 0, 0, 0, 1, -17, 1, 83, 108, 117, 103, 32, 97, 32, 98, 117, 103, 32, 66, 97, 108, 108, 0, 0, 0, -1, 0, 0, 0, 0, -1, 0, 0, 0, 0, 0, 0, 0, 0, 0, 0] strings=||||||||||||||||||||||||||||||||||||||Slug a bug Ball|||||||||||||||||||
267 legacy=320 raw=[4, 1, 0, 0, 0, 10, 12, -51, 0, -106, 0, 14, 0, 0, 0, -1, -1, 1, 1, 0, 1, 1, 0, 4, 0, 13, 1, 55, 0, 27, 0, 0, 0, 0, 0, 1, -17, 1, 76, 105, 103, 104, 116, 104, 111, 117, 115, 101, 0, 0, 0, -1, 0, 0, 0, 0, -1, 0, 0, 0, 0, 0, 0, 0, 0, 0, 0] strings=|||||||||||||||||||||||||||7||||||||||Lighthouse|||||||||||||||||||
268 legacy=322 raw=[4, 1, 0, 0, 0, 10, 16, 66, 0, -106, 0, 14, 0, 0, 0, -1, -1, 1, 1, 0, 1, 1, 0, 4, 0, 13, 1, 55, 0, 29, 0, 0, 0, 0, 0, 1, -17, 1, 79, 117, 116, 32, 111, 102, 32, 116, 104, 101, 32, 68, 101, 101, 112, 0, 0, 0, -1, 0, 0, 0, 0, -1, 0, 0, 0, 0, 0, 0, 0, 0, 0, 0] strings=|||||||B|||||||||||||||||||7||||||||||Out of the Deep|||||||||||||||||||
269 legacy=338 raw=[4, 1, 0, 0, 0, 10, 22, 15, 0, -106, 0, 14, 0, 0, 0, -1, -1, 1, 1, 0, 1, 1, 0, 4, 0, 13, 1, 90, 0, 10, 0, 0, 0, 0, 0, 1, -17, 1, 84, 105, 112, 116, 111, 101, 0, 0, 0, -1, 0, 0, 0, 0, -1, 0, 0, 0, 0, 0, 0, 0, 0, 0, 0] strings=|||||||||||||||||||||||||||Z||||||||||Tiptoe|||||||||||||||||||
270 legacy=142 raw=[4, 1, 0, 0, 0, 10, 3, -56, 0, -106, 0, 14, 0, 0, 0, -1, -1, 1, 1, 0, 1, 1, 0, 4, 0, 13, 1, 90, 0, 2, 0, 0, 0, 0, 0, 1, -17, 1, 67, 111, 109, 112, 108, 105, 99, 97, 116, 105, 111, 110, 0, 0, 0, -1, 0, 0, 0, 0, -1, 0, 0, 0, 0, 0, 0, 0, 0, 0, 0] strings=|||||||||||||||||||||||||||Z||||||||||Complication|||||||||||||||||||
271 legacy=346 raw=[4, 1, 0, 0, 0, 10, 9, 28, 0, -106, 0, 14, 0, 0, 0, -1, -1, 1, 1, 0, 1, 1, 0, 4, 0, 13, 1, 55, 0, 28, 0, 0, 0, 0, 0, 1, -17, 1, 71, 111, 98, 108, 105, 110, 32, 71, 97, 109, 101, 0, 0, 0, -1, 0, 0, 0, 0, -1, 0, 0, 0, 0, 0, 0, 0, 0, 0, 0] strings=|||||||||||||||||||||||||||7||||||||||Goblin Game|||||||||||||||||||
272 legacy=347 raw=[4, 1, 0, 0, 0, 10, 8, 104, 0, -106, 0, 14, 0, 0, 0, -1, -1, 1, 1, 0, 1, 1, 0, 4, 0, 13, 1, 90, 0, 17, 0, 0, 0, 0, 0, 1, -17, 1, 70, 114, 117, 105, 116, 115, 32, 100, 101, 32, 77, 101, 114, 0, 0, 0, -1, 0, 0, 0, 0, -1, 0, 0, 0, 0, 0, 0, 0, 0, 0, 0] strings=|||||||h|||||||||||||||||||Z||||||||||Fruits de Mer|||||||||||||||||||
273 legacy=285 raw=[4, 1, 0, 0, 0, 10, 6, -120, 0, -106, 0, 14, 0, 0, 0, -1, -1, 1, 1, 0, 1, 1, 0, 4, 0, 13, 1, 55, 0, 3, 0, 0, 0, 0, 0, 1, -17, 1, 69, 116, 99, 101, 116, 101, 114, 105, 97, 0, 0, 0, -1, 0, 0, 0, 0, -1, 0, 0, 0, 0, 0, 0, 0, 0, 0, 0] strings=|||||||||||||||||||||||||||7||||||||||Etceteria|||||||||||||||||||
274 legacy=284 raw=[4, 1, 0, 0, 0, 10, 14, -38, 0, -106, 0, 14, 0, 0, 0, -1, -1, 1, 1, 0, 1, 1, 0, 4, 0, 13, 1, 55, 0, 2, 0, 0, 0, 0, 0, 1, -17, 1, 77, 105, 115, 99, 101, 108, 108, 97, 110, 105, 97, 0, 0, 0, -1, 0, 0, 0, 0, -1, 0, 0, 0, 0, 0, 0, 0, 0, 0, 0] strings=|||||||||||||||||||||||||||7||||||||||Miscellania|||||||||||||||||||
275 legacy=109 raw=[4, 1, 0, 0, 0, 10, 15, 112, 0, -106, 0, 14, 0, 0, 0, -1, -1, 1, 1, 0, 1, 1, 0, 4, 0, 13, 1, 90, 0, 18, 0, 0, 0, 0, 0, 1, -17, 1, 78, 97, 114, 110, 111, 100, 101, 39, 115, 32, 84, 104, 101, 109, 101, 0, 0, 0, -1, 0, 0, 0, 0, -1, 0, 0, 0, 0, 0, 0, 0, 0, 0, 0] strings=|||||||p|||||||||||||||||||Z||||||||||Narnode's Theme|||||||||||||||||||
276 legacy=305 raw=[4, 1, 0, 0, 0, 10, 0, -128, 0, -106, 0, 14, 0, 0, 0, -1, -1, 1, 1, 0, 1, 1, 0, 4, 0, 13, 1, 55, 0, 16, 0, 0, 0, 0, 0, 1, -17, 1, 65, 110, 121, 119, 104, 101, 114, 101, 0, 0, 0, -1, 0, 0, 0, 0, -1, 0, 0, 0, 0, 0, 0, 0, 0, 0, 0] strings=|||||||||||||||||||||||||||7||||||||||Anywhere|||||||||||||||||||
277 legacy=296 raw=[4, 1, 0, 0, 0, 10, 21, -105, 0, -106, 0, 14, 0, 0, 0, -1, -1, 1, 1, 0, 1, 1, 0, 4, 0, 13, 1, 55, 0, 14, 0, 0, 0, 0, 0, 1, -17, 1, 84, 101, 99, 104, 110, 111, 108, 111, 103, 121, 0, 0, 0, -1, 0, 0, 0, 0, -1, 0, 0, 0, 0, 0, 0, 0, 0, 0, 0] strings=|||||||||||||||||||||||||||7||||||||||Technology|||||||||||||||||||
278 legacy=303 raw=[4, 1, 0, 0, 0, 10, 15, 7, 0, -106, 0, 14, 0, 0, 0, -1, -1, 1, 1, 0, 1, 1, 0, 4, 0, 13, 1, 55, 0, 15, 0, 0, 0, 0, 0, 1, -17, 1, 77, 111, 110, 107, 101, 121, 32, 77, 97, 100, 110, 101, 115, 115, 0, 0, 0, -1, 0, 0, 0, 0, -1, 0, 0, 0, 0, 0, 0, 0, 0, 0, 0] strings=|||||||||||||||||||||||||||7||||||||||Monkey Madness|||||||||||||||||||
279 legacy=304 raw=[4, 1, 0, 0, 0, 10, 13, -7, 0, -106, 0, 14, 0, 0, 0, -1, -1, 1, 1, 0, 1, 1, 0, 4, 0, 13, 1, 55, 0, 17, 0, 0, 0, 0, 0, 1, -17, 1, 77, 97, 114, 111, 111, 110, 101, 100, 0, 0, 0, -1, 0, 0, 0, 0, -1, 0, 0, 0, 0, 0, 0, 0, 0, 0, 0] strings=|||||||||||||||||||||||||||7||||||||||Marooned|||||||||||||||||||
280 legacy=306 raw=[4, 1, 0, 0, 0, 10, 11, 41, 0, -106, 0, 14, 0, 0, 0, -1, -1, 1, 1, 0, 1, 1, 0, 4, 0, 13, 1, 55, 0, 18, 0, 0, 0, 0, 0, 1, -17, 1, 73, 115, 108, 97, 110, 100, 32, 76, 105, 102, 101, 0, 0, 0, -1, 0, 0, 0, 0, -1, 0, 0, 0, 0, 0, 0, 0, 0, 0, 0] strings=|||||||)|||||||||||||||||||7||||||||||Island Life|||||||||||||||||||
281 legacy=307 raw=[4, 1, 0, 0, 0, 10, 21, -90, 0, -106, 0, 14, 0, 0, 0, -1, -1, 1, 1, 0, 1, 1, 0, 4, 0, 13, 1, 55, 0, 19, 0, 0, 0, 0, 0, 1, -17, 1, 84, 101, 109, 112, 108, 101, 0, 0, 0, -1, 0, 0, 0, 0, -1, 0, 0, 0, 0, 0, 0, 0, 0, 0, 0] strings=|||||||||||||||||||||||||||7||||||||||Temple|||||||||||||||||||
282 legacy=308 raw=[4, 1, 0, 0, 0, 10, 21, 91, 0, -106, 0, 14, 0, 0, 0, -1, -1, 1, 1, 0, 1, 1, 0, 4, 0, 13, 1, 55, 0, 20, 0, 0, 0, 0, 0, 1, -17, 1, 83, 117, 115, 112, 105, 99, 105, 111, 117, 115, 0, 0, 0, -1, 0, 0, 0, 0, -1, 0, 0, 0, 0, 0, 0, 0, 0, 0, 0] strings=|||||||[|||||||||||||||||||7||||||||||Suspicious|||||||||||||||||||
283 legacy=311 raw=[4, 1, 0, 0, 0, 10, 19, -43, 0, -106, 0, 14, 0, 0, 0, -1, -1, 1, 1, 0, 1, 1, 0, 4, 0, 13, 1, 55, 0, 21, 0, 0, 0, 0, 0, 1, -17, 1, 83, 104, 111, 119, 100, 111, 119, 110, 0, 0, 0, -1, 0, 0, 0, 0, -1, 0, 0, 0, 0, 0, 0, 0, 0, 0, 0] strings=|||||||||||||||||||||||||||7||||||||||Showdown|||||||||||||||||||
284 legacy=312 raw=[4, 1, 0, 0, 0, 10, 7, -91, 0, -106, 0, 14, 0, 0, 0, -1, -1, 1, 1, 0, 1, 1, 0, 4, 0, 13, 1, 55, 0, 22, 0, 0, 0, 0, 0, 1, -17, 1, 70, 105, 110, 100, 32, 77, 121, 32, 87, 97, 121, 0, 0, 0, -1, 0, 0, 0, 0, -1, 0, 0, 0, 0, 0, 0, 0, 0, 0, 0] strings=|||||||||||||||||||||||||||7||||||||||Find My Way|||||||||||||||||||
285 legacy=314 raw=[4, 1, 0, 0, 0, 10, 2, -70, 0, -106, 0, 14, 0, 0, 0, -1, -1, 1, 1, 0, 1, 1, 0, 4, 0, 13, 1, 55, 0, 23, 0, 0, 0, 0, 0, 1, -17, 1, 67, 97, 115, 116, 108, 101, 119, 97, 114, 115, 0, 0, 0, -1, 0, 0, 0, 0, -1, 0, 0, 0, 0, 0, 0, 0, 0, 0, 0] strings=|||||||||||||||||||||||||||7||||||||||Castlewars|||||||||||||||||||
286 legacy=317 raw=[4, 1, 0, 0, 0, 10, 14, 113, 0, -106, 0, 14, 0, 0, 0, -1, -1, 1, 1, 0, 1, 1, 0, 4, 0, 13, 1, 55, 0, 24, 0, 0, 0, 0, 0, 1, -17, 1, 77, 101, 108, 111, 100, 114, 97, 109, 97, 0, 0, 0, -1, 0, 0, 0, 0, -1, 0, 0, 0, 0, 0, 0, 0, 0, 0, 0] strings=|||||||q|||||||||||||||||||7||||||||||Melodrama|||||||||||||||||||
287 legacy=318 raw=[4, 1, 0, 0, 0, 10, 17, 125, 0, -106, 0, 14, 0, 0, 0, -1, -1, 1, 1, 0, 1, 1, 0, 4, 0, 13, 1, 55, 0, 25, 0, 0, 0, 0, 0, 1, -17, 1, 82, 101, 97, 100, 121, 32, 102, 111, 114, 32, 66, 97, 116, 116, 108, 101, 0, 0, 0, -1, 0, 0, 0, 0, -1, 0, 0, 0, 0, 0, 0, 0, 0, 0, 0] strings=|||||||}|||||||||||||||||||7||||||||||Ready for Battle|||||||||||||||||||
288 legacy=277 raw=[4, 1, 0, 0, 0, 10, 9, -63, 0, -106, 0, 14, 0, 0, 0, -1, -1, 1, 1, 0, 1, 1, 0, 4, 0, 13, 1, 42, 0, 30, 0, 0, 0, 0, 0, 1, -17, 1, 72, 97, 117, 110, 116, 101, 100, 32, 77, 105, 110, 101, 0, 0, 0, -1, 0, 0, 0, 0, -1, 0, 0, 0, 0, 0, 0, 0, 0, 0, 0] strings=|||||||||||||||||||||||||||*||||||||||Haunted Mine|||||||||||||||||||
289 legacy=11 raw=[4, 1, 0, 0, 0, 10, 20, -119, 0, -106, 0, 14, 0, 0, 0, -1, -1, 1, 1, 0, 1, 1, 0, 4, 0, 13, 1, 42, 0, 26, 0, 0, 0, 0, 0, 1, -17, 1, 83, 112, 111, 111, 107, 121, 32, 50, 0, 0, 0, -1, 0, 0, 0, 0, -1, 0, 0, 0, 0, 0, 0, 0, 0, 0, 0] strings=|||||||||||||||||||||||||||*||||||||||Spooky 2|||||||||||||||||||
290 legacy=278 raw=[4, 1, 0, 0, 0, 10, 4, -13, 0, -106, 0, 14, 0, 0, 0, -1, -1, 1, 1, 0, 1, 1, 0, 4, 0, 13, 1, 55, 0, 0, 0, 0, 0, 0, 0, 1, -17, 1, 68, 101, 101, 112, 32, 68, 111, 119, 110, 0, 0, 0, -1, 0, 0, 0, 0, -1, 0, 0, 0, 0, 0, 0, 0, 0, 0, 0] strings=|||||||||||||||||||||||||||7||||||||||Deep Down|||||||||||||||||||
291 legacy=282 raw=[4, 1, 0, 0, 0, 10, 3, 65, 0, -106, 0, 14, 0, 0, 0, -1, -1, 1, 1, 0, 1, 1, 0, 4, 0, 13, 1, 55, 0, 1, 0, 0, 0, 0, 0, 1, -17, 1, 67, 104, 97, 109, 98, 101, 114, 0, 0, 0, -1, 0, 0, 0, 0, -1, 0, 0, 0, 0, 0, 0, 0, 0, 0, 0] strings=|||||||A|||||||||||||||||||7||||||||||Chamber|||||||||||||||||||
292 legacy=547 raw=[4, 1, 0, 0, 0, 10, 18, -27, 0, -106, 0, 14, 0, 0, 0, -1, -1, 0, 0, 0, 0, 0, 1, -17, 1, 83, 99, 97, 112, 101, 32, 83, 97, 110, 116, 97, 0, 0, 0, 0, -1, 0, 0, 0, -1, 0, 0, 0, 0, 0, 0, 0, 0, 0, 0] strings=|||||||||||||||||||||||||Scape Santa|||||||||||||||||||
293 legacy=4 raw=[4, 1, 0, 0, 0, 10, 9, -3, 0, -106, 0, 14, 0, 0, 0, -1, -1, 1, 1, 0, 1, 1, 0, 4, 0, 13, 1, 55, 0, 30, 0, 0, 0, 0, 0, 1, -17, 1, 72, 101, 108, 108, 115, 32, 66, 101, 108, 108, 115, 0, 0, 0, -1, 0, 0, 0, 0, -1, 0, 0, 0, 0, 0, 0, 0, 0, 0, 0] strings=|||||||||||||||||||||||||||7||||||||||Hells Bells|||||||||||||||||||
294 legacy=335 raw=[4, 1, 0, 0, 0, 10, 18, 34, 0, -106, 0, 14, 0, 0, 0, -1, -1, 1, 1, 0, 1, 1, 0, 4, 0, 13, 1, 90, 0, 8, 0, 0, 0, 0, 0, 1, -17, 1, 82, 111, 109, 97, 110, 99, 105, 110, 103, 32, 116, 104, 101, 32, 67, 114, 111, 110, 101, 0, 0, 0, -1, 0, 0, 0, 0, -1, 0, 0, 0, 0, 0, 0, 0, 0, 0, 0] strings=|||||||"|||||||||||||||||||Z||||||||||Romancing the Crone|||||||||||||||||||
295 legacy=292 raw=[4, 1, 0, 0, 0, 10, 21, 1, 0, -106, 0, 14, 0, 0, 0, -1, -1, 1, 1, 0, 1, 1, 0, 4, 0, 13, 1, 55, 0, 10, 0, 0, 0, 0, 0, 1, -17, 1, 83, 116, 114, 97, 110, 100, 101, 100, 0, 0, 0, -1, 0, 0, 0, 0, -1, 0, 0, 0, 0, 0, 0, 0, 0, 0, 0] strings=|||||||||||||||||||||||||||7||||||||||Stranded|||||||||||||||||||
296 legacy=319 raw=[4, 1, 0, 0, 0, 10, 20, -44, 0, -106, 0, 14, 0, 0, 0, -1, -1, 1, 1, 0, 1, 1, 0, 4, 0, 13, 1, 55, 0, 26, 0, 0, 0, 0, 0, 1, -17, 1, 83, 116, 105, 108, 108, 110, 101, 115, 115, 0, 0, 0, -1, 0, 0, 0, 0, -1, 0, 0, 0, 0, 0, 0, 0, 0, 0, 0] strings=|||||||||||||||||||||||||||7||||||||||Stillness|||||||||||||||||||
297 legacy=364 raw=[4, 1, 0, 0, 0, 10, 16, -100, 0, -106, 0, 14, 0, 0, 0, -1, -1, 1, 1, 0, 1, 1, 0, 4, 0, 13, 1, 90, 0, 31, 0, 0, 0, 0, 0, 1, -17, 1, 80, 97, 116, 104, 119, 97, 121, 115, 0, 0, 0, -1, 0, 0, 0, 0, -1, 0, 0, 0, 0, 0, 0, 0, 0, 0, 0] strings=|||||||||||||||||||||||||||Z||||||||||Pathways|||||||||||||||||||
298 legacy=9 raw=[4, 1, 0, 0, 0, 10, 11, -20, 0, -106, 0, 14, 0, 0, 0, -1, -1, 1, 1, 0, 1, 1, 0, 4, 0, 13, 0, 25, 0, 30, 0, 0, 0, 0, 0, 1, -17, 1, 75, 105, 110, 103, 100, 111, 109, 0, 0, 0, -1, 0, 0, 0, 0, -1, 0, 0, 0, 0, 0, 0, 0, 0, 0, 0] strings=||||||||||||||||||||||||||||||||||||||Kingdom|||||||||||||||||||
299 legacy=363 raw=[4, 1, 0, 0, 0, 10, 0, 38, 0, -106, 0, 14, 0, 0, 0, -1, -1, 1, 1, 0, 1, 1, 0, 4, 0, 13, 1, 90, 0, 29, 0, 0, 0, 0, 0, 1, -17, 1, 55, 116, 104, 32, 82, 101, 97, 108, 109, 0, 0, 0, -1, 0, 0, 0, 0, -1, 0, 0, 0, 0, 0, 0, 0, 0, 0, 0] strings=|||||||&|||||||||||||||||||Z||||||||||7th Realm|||||||||||||||||||
300 legacy=340 raw=[4, 1, 0, 0, 0, 10, 14, 23, 0, -106, 0, 14, 0, 0, 0, -1, -1, 1, 1, 0, 1, 1, 0, 4, 0, 13, 1, 90, 0, 12, 0, 0, 0, 0, 0, 1, -17, 1, 77, 97, 115, 113, 117, 101, 114, 97, 100, 101, 0, 0, 0, -1, 0, 0, 0, 0, -1, 0, 0, 0, 0, 0, 0, 0, 0, 0, 0] strings=|||||||||||||||||||||||||||Z||||||||||Masquerade|||||||||||||||||||
301 legacy=339 raw=[4, 1, 0, 0, 0, 10, 21, -60, 0, -106, 0, 14, 0, 0, 0, -1, -1, 1, 1, 0, 1, 1, 0, 4, 0, 13, 1, 90, 0, 11, 0, 0, 0, 0, 0, 1, -17, 1, 84, 104, 101, 32, 84, 101, 114, 114, 105, 98, 108, 101, 32, 84, 111, 119, 101, 114, 0, 0, 0, -1, 0, 0, 0, 0, -1, 0, 0, 0, 0, 0, 0, 0, 0, 0, 0] strings=|||||||||||||||||||||||||||Z||||||||||The Terrible Tower|||||||||||||||||||
302 legacy=341 raw=[4, 1, 0, 0, 0, 10, 19, -13, 0, -106, 0, 14, 0, 0, 0, -1, -1, 1, 1, 0, 1, 1, 0, 4, 0, 13, 1, 90, 0, 13, 0, 0, 0, 0, 0, 1, -17, 1, 84, 104, 101, 32, 83, 108, 97, 121, 101, 114, 0, 0, 0, -1, 0, 0, 0, 0, -1, 0, 0, 0, 0, 0, 0, 0, 0, 0, 0] strings=|||||||||||||||||||||||||||Z||||||||||The Slayer|||||||||||||||||||
303 legacy=344 raw=[4, 1, 0, 0, 0, 10, 7, -121, 0, -106, 0, 14, 0, 0, 0, -1, -1, 1, 1, 0, 1, 1, 0, 4, 0, 13, 1, 90, 0, 15, 0, 0, 0, 0, 0, 1, -17, 1, 70, 101, 110, 107, 101, 110, 115, 116, 114, 97, 105, 110, 39, 115, 32, 82, 101, 102, 114, 97, 105, 110, 0, 0, 0, -1, 0, 0, 0, 0, -1, 0, 0, 0, 0, 0, 0, 0, 0, 0, 0] strings=|||||||||||||||||||||||||||Z||||||||||Fenkenstrain's Refrain|||||||||||||||||||
304 legacy=342 raw=[4, 1, 0, 0, 0, 10, 2, 21, 0, -106, 0, 14, 0, 0, 0, -1, -1, 1, 1, 0, 1, 1, 0, 4, 0, 13, 1, 90, 0, 14, 0, 0, 0, 0, 0, 1, -17, 1, 66, 111, 100, 121, 32, 80, 97, 114, 116, 115, 0, 0, 0, -1, 0, 0, 0, 0, -1, 0, 0, 0, 0, 0, 0, 0, 0, 0, 0] strings=|||||||||||||||||||||||||||Z||||||||||Body Parts|||||||||||||||||||
305 legacy=345 raw=[4, 1, 0, 0, 0, 10, 1, -54, 0, -106, 0, 14, 0, 0, 0, -1, -1, 1, 1, 0, 1, 1, 0, 4, 0, 13, 1, 90, 0, 18, 0, 0, 0, 0, 0, 1, -17, 1, 66, 97, 114, 107, 105, 110, 103, 32, 77, 97, 100, 0, 0, 0, -1, 0, 0, 0, 0, -1, 0, 0, 0, 0, 0, 0, 0, 0, 0, 0] strings=|||||||||||||||||||||||||||Z||||||||||Barking Mad|||||||||||||||||||
306 legacy=353 raw=[4, 1, 0, 0, 0, 10, 19, -58, 0, -106, 0, 14, 0, 0, 0, -1, -1, 1, 1, 0, 1, 1, 0, 4, 0, 13, 1, 90, 0, 20, 0, 0, 0, 0, 0, 1, -17, 1, 83, 104, 105, 112, 119, 114, 101, 99, 107, 101, 100, 0, 0, 0, -1, 0, 0, 0, 0, -1, 0, 0, 0, 0, 0, 0, 0, 0, 0, 0] strings=|||||||||||||||||||||||||||Z||||||||||Shipwrecked|||||||||||||||||||
307 legacy=354 raw=[4, 1, 0, 0, 0, 10, 16, -55, 0, -106, 0, 14, 0, 0, 0, -1, -1, 1, 1, 0, 1, 1, 0, 4, 0, 13, 1, 90, 0, 21, 0, 0, 0, 0, 0, 1, -17, 1, 80, 104, 97, 115, 109, 97, 116, 121, 115, 0, 0, 0, -1, 0, 0, 0, 0, -1, 0, 0, 0, 0, 0, 0, 0, 0, 0, 0] strings=|||||||||||||||||||||||||||Z||||||||||Phasmatys|||||||||||||||||||
308 legacy=355 raw=[4, 1, 0, 0, 0, 10, 16, 51, 0, -106, 0, 14, 0, 0, 0, -1, -1, 1, 1, 0, 1, 1, 0, 4, 0, 13, 1, 90, 0, 22, 0, 0, 0, 0, 0, 1, -17, 1, 84, 104, 101, 32, 79, 116, 104, 101, 114, 32, 83, 105, 100, 101, 0, 0, 0, -1, 0, 0, 0, 0, -1, 0, 0, 0, 0, 0, 0, 0, 0, 0, 0] strings=|||||||3|||||||||||||||||||Z||||||||||The Other Side|||||||||||||||||||
309 legacy=358 raw=[4, 1, 0, 0, 0, 10, 5, -59, 0, -106, 0, 14, 0, 0, 0, -1, -1, 1, 1, 0, 1, 1, 0, 4, 0, 13, 1, 90, 0, 25, 0, 0, 0, 0, 0, 1, -17, 1, 68, 114, 97, 103, 111, 110, 116, 111, 111, 116, 104, 32, 73, 115, 108, 97, 110, 100, 0, 0, 0, -1, 0, 0, 0, 0, -1, 0, 0, 0, 0, 0, 0, 0, 0, 0, 0] strings=|||||||||||||||||||||||||||Z||||||||||Dragontooth Island|||||||||||||||||||
310 legacy=343 raw=[4, 1, 0, 0, 0, 10, 15, 22, 0, -106, 0, 14, 0, 0, 0, -1, -1, 1, 1, 0, 1, 1, 0, 4, 0, 13, 1, 90, 0, 16, 0, 0, 0, 0, 0, 1, -17, 1, 77, 111, 110, 115, 116, 101, 114, 32, 77, 101, 108, 101, 101, 0, 0, 0, -1, 0, 0, 0, 0, -1, 0, 0, 0, 0, 0, 0, 0, 0, 0, 0] strings=|||||||||||||||||||||||||||Z||||||||||Monster Melee|||||||||||||||||||
311 legacy=357 raw=[4, 1, 0, 0, 0, 10, 2, -25, 0, -106, 0, 14, 0, 0, 0, -1, -1, 1, 1, 0, 1, 1, 0, 4, 0, 13, 1, 90, 0, 24, 0, 0, 0, 0, 0, 1, -17, 1, 67, 97, 118, 101, 32, 111, 102, 32, 66, 101, 97, 115, 116, 115, 0, 0, 0, -1, 0, 0, 0, 0, -1, 0, 0, 0, 0, 0, 0, 0, 0, 0, 0] strings=|||||||||||||||||||||||||||Z||||||||||Cave of Beasts|||||||||||||||||||
312 legacy=356 raw=[4, 1, 0, 0, 0, 10, 19, 123, 0, -106, 0, 14, 0, 0, 0, -1, -1, 1, 1, 0, 1, 1, 0, 4, 0, 13, 1, 90, 0, 23, 0, 0, 0, 0, 0, 1, -17, 1, 83, 101, 116, 116, 108, 101, 109, 101, 110, 116, 0, 0, 0, -1, 0, 0, 0, 0, -1, 0, 0, 0, 0, 0, 0, 0, 0, 0, 0] strings=|||||||{|||||||||||||||||||Z||||||||||Settlement|||||||||||||||||||
313 legacy=389 raw=[4, 1, 0, 0, 0, 10, 2, -10, 0, -106, 0, 14, 0, 0, 0, -1, -1, 1, 1, 0, 1, 1, 0, 4, 0, 13, 1, -98, 0, 16, 0, 0, 0, 0, 0, 1, -17, 1, 67, 97, 118, 101, 32, 111, 102, 32, 116, 104, 101, 32, 71, 111, 98, 108, 105, 110, 115, 0, 0, 0, -1, 0, 0, 0, 0, -1, 0, 0, 0, 0, 0, 0, 0, 0, 0, 0] strings=||||||||||||||||||||||||||||||||||||||Cave of the Goblins|||||||||||||||||||
314 legacy=369 raw=[4, 1, 0, 0, 0, 10, 22, 0, 0, -106, 0, 14, 0, 0, 0, -1, -1, 1, 1, 0, 1, 1, 0, 4, 0, 13, 1, -98, 0, 1, 0, 0, 0, 0, 0, 1, -17, 1, 84, 105, 109, 101, 32, 116, 111, 32, 77, 105, 110, 101, 0, 0, 0, -1, 0, 0, 0, 0, -1, 0, 0, 0, 0, 0, 0, 0, 0, 0, 0] strings=||||||||||||||||||||||||||||||||||||||Time to Mine|||||||||||||||||||
315 legacy=370 raw=[4, 1, 0, 0, 0, 10, 10, -109, 0, -106, 0, 14, 0, 0, 0, -1, -1, 1, 1, 0, 1, 1, 0, 4, 0, 13, 1, -98, 0, 2, 0, 0, 0, 0, 0, 1, -17, 1, 73, 110, 32, 66, 101, 116, 119, 101, 101, 110, 0, 0, 0, -1, 0, 0, 0, 0, -1, 0, 0, 0, 0, 0, 0, 0, 0, 0, 0] strings=||||||||||||||||||||||||||||||||||||||In Between|||||||||||||||||||
316 legacy=373 raw=[4, 1, 0, 0, 0, 10, 3, -101, 0, -106, 0, 14, 0, 0, 0, -1, -1, 1, 1, 0, 1, 1, 0, 4, 0, 13, 1, -98, 0, 3, 0, 0, 0, 0, 0, 1, -17, 1, 67, 108, 97, 117, 115, 116, 114, 111, 112, 104, 111, 98, 105, 97, 0, 0, 0, -1, 0, 0, 0, 0, -1, 0, 0, 0, 0, 0, 0, 0, 0, 0, 0] strings=||||||||||||||||||||||||||||||||||||||Claustrophobia|||||||||||||||||||
317 legacy=351 raw=[4, 1, 0, 0, 0, 10, 6, 16, 0, -106, 0, 14, 0, 0, 0, -1, -1, 1, 1, 0, 1, 1, 0, 4, 0, 13, 1, 90, 0, 19, 0, 0, 0, 0, 0, 1, -17, 1, 68, 121, 110, 97, 115, 116, 121, 0, 0, 0, -1, 0, 0, 0, 0, -1, 0, 0, 0, 0, 0, 0, 0, 0, 0, 0] strings=|||||||||||||||||||||||||||Z||||||||||Dynasty|||||||||||||||||||
318 legacy=0 raw=[4, 1, 0, 0, 0, 10, 18, -72, 0, -106, 0, 14, 0, 0, 0, -1, -1, 0, 0, 0, 0, 0, 1, -17, 1, 83, 99, 97, 112, 101, 32, 77, 97, 105, 110, 0, 0, 0, 0, -1, 0, 0, 0, -1, 0, 0, 0, 0, 0, 0, 0, 0, 0, 0] strings=|||||||||||||||||||||||||Scape Main|||||||||||||||||||
319 legacy=377 raw=[4, 1, 0, 0, 0, 10, 9, 58, 0, -106, 0, 14, 0, 0, 0, -1, -1, 1, 1, 0, 1, 1, 0, 4, 0, 13, 1, -98, 0, 7, 0, 0, 0, 0, 0, 1, -17, 1, 84, 104, 101, 32, 71, 111, 108, 101, 109, 0, 0, 0, -1, 0, 0, 0, 0, -1, 0, 0, 0, 0, 0, 0, 0, 0, 0, 0] strings=|||||||:||||||||||||||||||||||||||||||The Golem|||||||||||||||||||
320 legacy=378 raw=[4, 1, 0, 0, 0, 10, 8, 59, 0, -106, 0, 14, 0, 0, 0, -1, -1, 1, 1, 0, 1, 1, 0, 4, 0, 13, 1, -98, 0, 8, 0, 0, 0, 0, 0, 1, -17, 1, 70, 111, 114, 103, 111, 116, 116, 101, 110, 0, 0, 0, -1, 0, 0, 0, 0, -1, 0, 0, 0, 0, 0, 0, 0, 0, 0, 0] strings=|||||||;||||||||||||||||||||||||||||||Forgotten|||||||||||||||||||
321 legacy=379 raw=[4, 1, 0, 0, 0, 10, 21, -30, 0, -106, 0, 14, 0, 0, 0, -1, -1, 1, 1, 0, 1, 1, 0, 4, 0, 13, 1, -98, 0, 9, 0, 0, 0, 0, 0, 1, -17, 1, 84, 104, 114, 111, 110, 101, 32, 111, 102, 32, 116, 104, 101, 32, 68, 101, 109, 111, 110, 0, 0, 0, -1, 0, 0, 0, 0, -1, 0, 0, 0, 0, 0, 0, 0, 0, 0, 0] strings=||||||||||||||||||||||||||||||||||||||Throne of the Demon|||||||||||||||||||
322 legacy=266 raw=[4, 1, 0, 0, 0, 10, 2, 51, 0, -106, 0, 14, 0, 0, 0, -1, -1, 1, 1, 0, 1, 1, 0, 4, 0, 13, 1, 42, 0, 24, 0, 0, 0, 0, 0, 1, -17, 1, 66, 111, 110, 101, 32, 68, 114, 121, 0, 0, 0, -1, 0, 0, 0, 0, -1, 0, 0, 0, 0, 0, 0, 0, 0, 0, 0] strings=|||||||3|||||||||||||||||||*||||||||||Bone Dry|||||||||||||||||||
323 legacy=393 raw=[4, 1, 0, 0, 0, 10, 16, -115, 0, -106, 0, 14, 0, 0, 0, -1, -1, 1, 1, 0, 1, 1, 0, 4, 0, 13, 1, -98, 0, 19, 0, 0, 0, 0, 0, 1, -17, 1, 80, 97, 116, 104, 32, 111, 102, 32, 80, 101, 114, 105, 108, 0, 0, 0, -1, 0, 0, 0, 0, -1, 0, 0, 0, 0, 0, 0, 0, 0, 0, 0] strings=||||||||||||||||||||||||||||||||||||||Path of Peril|||||||||||||||||||
324 legacy=359 raw=[4, 1, 0, 0, 0, 10, 18, 124, 0, -106, 0, 14, 0, 0, 0, -1, -1, 1, 1, 0, 1, 1, 0, 4, 0, 13, 1, 90, 0, 27, 0, 0, 0, 0, 0, 1, -17, 1, 83, 97, 114, 99, 111, 112, 104, 97, 103, 117, 115, 0, 0, 0, -1, 0, 0, 0, 0, -1, 0, 0, 0, 0, 0, 0, 0, 0, 0, 0] strings=|||||||||||||||||||||||||||Z||||||||||Sarcophagus|||||||||||||||||||
325 legacy=294 raw=[4, 1, 0, 0, 0, 10, 8, 89, 0, -106, 0, 14, 0, 0, 0, -1, -1, 1, 1, 0, 1, 1, 0, 4, 0, 13, 1, 55, 0, 12, 0, 0, 0, 0, 0, 1, -17, 1, 70, 114, 111, 115, 116, 98, 105, 116, 101, 0, 0, 0, -1, 0, 0, 0, 0, -1, 0, 0, 0, 0, 0, 0, 0, 0, 0, 0] strings=|||||||Y|||||||||||||||||||7||||||||||Frostbite|||||||||||||||||||
326 legacy=361 raw=[4, 1, 0, 0, 0, 10, 5, -89, 0, -106, 0, 14, 0, 0, 0, -1, -1, 1, 1, 0, 1, 1, 0, 4, 0, 13, 1, 90, 0, 28, 0, 0, 0, 0, 0, 1, -17, 1, 68, 111, 119, 110, 32, 66, 101, 108, 111, 119, 0, 0, 0, -1, 0, 0, 0, 0, -1, 0, 0, 0, 0, 0, 0, 0, 0, 0, 0] strings=|||||||||||||||||||||||||||Z||||||||||Down Below|||||||||||||||||||
327 legacy=383 raw=[4, 1, 0, 0, 0, 10, 3, -116, 0, -106, 0, 14, 0, 0, 0, -1, -1, 1, 1, 0, 1, 1, 0, 4, 0, 13, 1, -98, 0, 12, 0, 0, 0, 0, 0, 1, -17, 1, 67, 105, 116, 121, 32, 111, 102, 32, 116, 104, 101, 32, 68, 101, 97, 100, 0, 0, 0, -1, 0, 0, 0, 0, -1, 0, 0, 0, 0, 0, 0, 0, 0, 0, 0] strings=||||||||||||||||||||||||||||||||||||||City of the Dead|||||||||||||||||||
328 legacy=352 raw=[4, 1, 0, 0, 0, 10, 19, 33, 0, -106, 0, 14, 0, 0, 0, -1, -1, 1, 1, 0, 1, 1, 0, 4, 0, 13, 1, 90, 0, 26, 0, 0, 0, 0, 0, 1, -17, 1, 83, 99, 97, 114, 97, 98, 0, 0, 0, -1, 0, 0, 0, 0, -1, 0, 0, 0, 0, 0, 0, 0, 0, 0, 0] strings=|||||||!|||||||||||||||||||Z||||||||||Scarab|||||||||||||||||||
329 legacy=387 raw=[4, 1, 0, 0, 0, 10, 20, 62, 0, -106, 0, 14, 0, 0, 0, -1, -1, 1, 1, 0, 1, 1, 0, 4, 0, 13, 1, -98, 0, 14, 0, 0, 0, 0, 0, 1, -17, 1, 83, 112, 104, 105, 110, 120, 0, 0, 0, -1, 0, 0, 0, 0, -1, 0, 0, 0, 0, 0, 0, 0, 0, 0, 0] strings=|||||||>||||||||||||||||||||||||||||||Sphinx|||||||||||||||||||
330 legacy=384 raw=[4, 1, 0, 0, 0, 10, 10, 102, 0, -106, 0, 14, 0, 0, 0, -1, -1, 1, 1, 0, 1, 1, 0, 4, 0, 13, 1, -98, 0, 13, 0, 0, 0, 0, 0, 1, -17, 1, 72, 121, 112, 110, 111, 116, 105, 122, 101, 100, 0, 0, 0, -1, 0, 0, 0, 0, -1, 0, 0, 0, 0, 0, 0, 0, 0, 0, 0] strings=|||||||f||||||||||||||||||||||||||||||Hypnotized|||||||||||||||||||
331 legacy=388 raw=[4, 1, 0, 0, 0, 10, 14, -53, 0, -106, 0, 14, 0, 0, 0, -1, -1, 1, 1, 0, 1, 1, 0, 4, 0, 13, 1, -98, 0, 15, 0, 0, 0, 0, 0, 1, -17, 1, 77, 105, 114, 97, 103, 101, 0, 0, 0, -1, 0, 0, 0, 0, -1, 0, 0, 0, 0, 0, 0, 0, 0, 0, 0] strings=||||||||||||||||||||||||||||||||||||||Mirage|||||||||||||||||||
332 legacy=397 raw=[4, 1, 0, 0, 0, 10, 21, -120, 0, -106, 0, 14, 0, 0, 0, -1, -1, 1, 1, 0, 1, 1, 0, 4, 0, 13, 1, -98, 0, 23, 0, 0, 0, 0, 0, 1, -17, 1, 84, 101, 97, 114, 115, 32, 111, 102, 32, 71, 117, 116, 104, 105, 120, 0, 0, 0, -1, 0, 0, 0, 0, -1, 0, 0, 0, 0, 0, 0, 0, 0, 0, 0] strings=||||||||||||||||||||||||||||||||||||||Tears of Guthix|||||||||||||||||||
333 legacy=398 raw=[4, 1, 0, 0, 0, 10, 17, 20, 0, -106, 0, 14, 0, 0, 0, -1, -1, 1, 1, 0, 1, 1, 0, 4, 0, 13, 1, -98, 0, 31, 0, 0, 0, 0, 0, 1, -17, 1, 84, 104, 101, 32, 80, 111, 119, 101, 114, 32, 111, 102, 32, 84, 101, 97, 114, 115, 0, 0, 0, -1, 0, 0, 0, 0, -1, 0, 0, 0, 0, 0, 0, 0, 0, 0, 0] strings=||||||||||||||||||||||||||||||||||||||The Power of Tears|||||||||||||||||||
334 legacy=380 raw=[4, 1, 0, 0, 0, 10, 4, 109, 0, -106, 0, 14, 0, 0, 0, -1, -1, 1, 1, 0, 1, 1, 0, 4, 0, 13, 1, -98, 0, 10, 0, 0, 0, 0, 0, 1, -17, 1, 68, 97, 110, 99, 101, 32, 111, 102, 32, 116, 104, 101, 32, 85, 110, 100, 101, 97, 100, 0, 0, 0, -1, 0, 0, 0, 0, -1, 0, 0, 0, 0, 0, 0, 0, 0, 0, 0] strings=|||||||m||||||||||||||||||||||||||||||Dance of the Undead|||||||||||||||||||
335 legacy=381 raw=[4, 1, 0, 0, 0, 10, 4, -102, 0, -106, 0, 14, 0, 0, 0, -1, -1, 1, 1, 0, 1, 1, 0, 4, 0, 13, 1, -98, 0, 11, 0, 0, 0, 0, 0, 1, -17, 1, 68, 97, 110, 103, 101, 114, 111, 117, 115, 32, 87, 97, 121, 0, 0, 0, -1, 0, 0, 0, 0, -1, 0, 0, 0, 0, 0, 0, 0, 0, 0, 0] strings=||||||||||||||||||||||||||||||||||||||Dangerous Way|||||||||||||||||||
336 legacy=394 raw=[4, 1, 0, 0, 0, 10, 24, 73, 0, -106, 0, 14, 0, 0, 0, -1, -1, 1, 1, 0, 1, 1, 0, 4, 0, 13, 1, -98, 0, 20, 0, 0, 0, 0, 0, 1, -17, 1, 87, 97, 121, 119, 97, 114, 100, 0, 0, 0, -1, 0, 0, 0, 0, -1, 0, 0, 0, 0, 0, 0, 0, 0, 0, 0] strings=|||||||I||||||||||||||||||||||||||||||Wayward|||||||||||||||||||
337 legacy=392 raw=[4, 1, 0, 0, 0, 10, 25, 117, 0, -106, 0, 14, 0, 0, 0, -1, -1, 1, 1, 0, 1, 1, 0, 4, 0, 13, 1, -98, 0, 18, 0, 0, 0, 0, 0, 1, -17, 1, 90, 111, 103, 114, 101, 32, 68, 97, 110, 99, 101, 0, 0, 0, -1, 0, 0, 0, 0, -1, 0, 0, 0, 0, 0, 0, 0, 0, 0, 0] strings=|||||||u||||||||||||||||||||||||||||||Zogre Dance|||||||||||||||||||
338 legacy=390 raw=[4, 1, 0, 0, 0, 10, 18, 49, 0, -106, 0, 14, 0, 0, 0, -1, -1, 1, 1, 0, 1, 1, 0, 4, 0, 13, 1, -98, 0, 24, 0, 0, 0, 0, 0, 1, -17, 1, 82, 111, 109, 112, 101, 114, 32, 67, 104, 111, 109, 112, 101, 114, 0, 0, 0, -1, 0, 0, 0, 0, -1, 0, 0, 0, 0, 0, 0, 0, 0, 0, 0] strings=|||||||1||||||||||||||||||||||||||||||Romper Chomper|||||||||||||||||||
339 legacy=407 raw=[4, 1, 0, 0, 0, 10, 13, 54, 0, -106, 0, 14, 0, 0, 0, -1, -1, 1, 1, 0, 1, 1, 0, 4, 0, 13, 1, -98, 0, 27, 0, 0, 0, 0, 0, 1, -17, 1, 84, 104, 101, 32, 76, 111, 115, 116, 32, 77, 101, 108, 111, 100, 121, 0, 0, 0, -1, 0, 0, 0, 0, -1, 0, 0, 0, 0, 0, 0, 0, 0, 0, 0] strings=|||||||6||||||||||||||||||||||||||||||The Lost Melody|||||||||||||||||||
340 legacy=420 raw=[4, 1, 0, 0, 0, 10, 13, 84, 0, -106, 0, 14, 0, 0, 0, -1, -1, 1, 1, 0, 1, 1, 0, 4, 0, 13, 1, -48, 0, 2, 0, 0, 0, 0, 0, 1, -17, 1, 84, 104, 101, 32, 76, 111, 115, 116, 32, 84, 114, 105, 98, 101, 0, 0, 0, -1, 0, 0, 0, 0, -1, 0, 0, 0, 0, 0, 0, 0, 0, 0, 0] strings=|||||||T||||||||||||||||||||||||||||||The Lost Tribe|||||||||||||||||||
341 legacy=395 raw=[4, 1, 0, 0, 0, 10, 21, 106, 0, -106, 0, 14, 0, 0, 0, -1, -1, 1, 1, 0, 1, 1, 0, 4, 0, 13, 1, -98, 0, 21, 0, 0, 0, 0, 0, 1, -17, 1, 84, 97, 108, 101, 32, 111, 102, 32, 75, 101, 108, 100, 97, 103, 114, 105, 109, 0, 0, 0, -1, 0, 0, 0, 0, -1, 0, 0, 0, 0, 0, 0, 0, 0, 0, 0] strings=|||||||j||||||||||||||||||||||||||||||Tale of Keldagrim|||||||||||||||||||
342 legacy=396 raw=[4, 1, 0, 0, 0, 10, 12, 85, 0, -106, 0, 14, 0, 0, 0, -1, -1, 1, 1, 0, 1, 1, 0, 4, 0, 13, 1, -98, 0, 22, 0, 0, 0, 0, 0, 1, -17, 1, 76, 97, 110, 100, 32, 111, 102, 32, 116, 104, 101, 32, 68, 119, 97, 114, 118, 101, 115, 0, 0, 0, -1, 0, 0, 0, 0, -1, 0, 0, 0, 0, 0, 0, 0, 0, 0, 0] strings=|||||||U||||||||||||||||||||||||||||||Land of the Dwarves|||||||||||||||||||
343 legacy=412 raw=[4, 1, 0, 0, 0, 10, 11, 11, 0, -106, 0, 14, 0, 0, 0, -1, -1, 1, 1, 0, 1, 1, 0, 4, 0, 13, 1, -98, 0, 29, 0, 0, 0, 0, 0, 1, -17, 1, 73, 110, 116, 111, 32, 116, 104, 101, 32, 65, 98, 121, 115, 115, 0, 0, 0, -1, 0, 0, 0, 0, -1, 0, 0, 0, 0, 0, 0, 0, 0, 0, 0] strings=||||||||||||||||||||||||||||||||||||||Into the Abyss|||||||||||||||||||
344 legacy=402 raw=[4, 1, 0, 0, 0, 10, 18, 4, 0, -106, 0, 14, 0, 0, 0, -1, -1, 1, 1, 0, 1, 1, 0, 4, 0, 13, 1, -98, 0, 25, 0, 0, 0, 0, 0, 1, -17, 1, 84, 104, 101, 32, 82, 111, 103, 117, 101, 115, 32, 68, 101, 110, 0, 0, 0, -1, 0, 0, 0, 0, -1, 0, 0, 0, 0, 0, 0, 0, 0, 0, 0] strings=||||||||||||||||||||||||||||||||||||||The Rogues Den|||||||||||||||||||
345 legacy=403 raw=[4, 1, 0, 0, 0, 10, 7, 105, 0, -106, 0, 14, 0, 0, 0, -1, -1, 1, 1, 0, 1, 1, 0, 4, 0, 13, 1, -98, 0, 26, 0, 0, 0, 0, 0, 1, -17, 1, 84, 104, 101, 32, 70, 97, 114, 32, 83, 105, 100, 101, 0, 0, 0, -1, 0, 0, 0, 0, -1, 0, 0, 0, 0, 0, 0, 0, 0, 0, 0] strings=|||||||i||||||||||||||||||||||||||||||The Far Side|||||||||||||||||||
346 legacy=425 raw=[4, 1, 0, 0, 0, 10, 3, 125, 0, -106, 0, 14, 0, 0, 0, -1, -1, 1, 1, 0, 1, 1, 0, 4, 0, 13, 1, -48, 0, 4, 0, 0, 0, 0, 0, 1, -17, 1, 84, 104, 101, 32, 67, 104, 111, 115, 101, 110, 0, 0, 0, -1, 0, 0, 0, 0, -1, 0, 0, 0, 0, 0, 0, 0, 0, 0, 0] strings=|||||||}||||||||||||||||||||||||||||||The Chosen|||||||||||||||||||
347 legacy=466 raw=[4, 1, 0, 0, 0, 10, 9, 118, 0, -106, 0, 14, 0, 0, 0, -1, -1, 0, 0, 0, 0, 0, 1, -17, 1, 71, 114, 111, 117, 110, 100, 32, 83, 99, 97, 112, 101, 0, 0, 0, 0, -1, 0, 0, 0, 0, 0, 0, 0, 0, 0, 0, 0, 0, 0, 0] strings=|||||||v|||||||||||||||||Ground Scape|||||||||||||||||||
348 legacy=372 raw=[4, 1, 0, 0, 0, 10, 7, 90, 0, -106, 0, 14, 0, 0, 0, -1, -1, 1, 1, 0, 1, 1, 0, 4, 0, 13, 1, -98, 0, 4, 0, 0, 0, 0, 0, 1, -17, 1, 70, 97, 114, 32, 65, 119, 97, 121, 0, 0, 0, -1, 0, 0, 0, 0, -1, 0, 0, 0, 0, 0, 0, 0, 0, 0, 0] strings=|||||||Z||||||||||||||||||||||||||||||Far Away|||||||||||||||||||
349 legacy=375 raw=[4, 1, 0, 0, 0, 10, 7, -106, 0, -106, 0, 14, 0, 0, 0, -1, -1, 1, 1, 0, 1, 1, 0, 4, 0, 13, 1, -98, 0, 5, 0, 0, 0, 0, 0, 1, -17, 1, 70, 105, 103, 104, 116, 32, 111, 114, 32, 70, 108, 105, 103, 104, 116, 0, 0, 0, -1, 0, 0, 0, 0, -1, 0, 0, 0, 0, 0, 0, 0, 0, 0, 0] strings=||||||||||||||||||||||||||||||||||||||Fight or Flight|||||||||||||||||||
350 legacy=436 raw=[4, 1, 0, 0, 0, 10, 8, 44, 0, -106, 0, 14, 0, 0, 0, -1, -1, 1, 1, 0, 1, 1, 0, 4, 0, 13, 1, -48, 0, 6, 0, 0, 0, 0, 0, 1, -17, 1, 70, 111, 114, 103, 101, 116, 116, 97, 98, 108, 101, 32, 77, 101, 108, 111, 100, 121, 0, 0, 0, -1, 0, 0, 0, 0, -1, 0, 0, 0, 0, 0, 0, 0, 0, 0, 0] strings=|||||||,||||||||||||||||||||||||||||||Forgettable Melody|||||||||||||||||||
351 legacy=44 raw=[4, 1, 0, 0, 0, 10, 17, -41, 0, -106, 0, 14, 0, 0, 0, -1, -1, 1, 1, 0, 1, 1, 0, 4, 0, 13, 1, -48, 0, 7, 0, 0, 0, 0, 0, 1, -17, 1, 82, 105, 103, 104, 116, 32, 111, 110, 32, 84, 114, 97, 99, 107, 0, 0, 0, -1, 0, 0, 0, 0, -1, 0, 0, 0, 0, 0, 0, 0, 0, 0, 0] strings=||||||||||||||||||||||||||||||||||||||Right on Track|||||||||||||||||||
352 legacy=461 raw=[4, 1, 0, 0, 0, 10, 5, 62, 0, -106, 0, 14, 0, 0, 0, -1, -1, 1, 1, 0, 1, 1, 0, 4, 0, 13, 1, -48, 0, 10, 0, 0, 0, 0, 0, 1, -17, 1, 84, 104, 101, 32, 68, 101, 115, 111, 108, 97, 116, 101, 32, 73, 115, 108, 101, 0, 0, 0, -1, 0, 0, 0, 0, -1, 0, 0, 0, 0, 0, 0, 0, 0, 0, 0] strings=|||||||>||||||||||||||||||||||||||||||The Desolate Isle|||||||||||||||||||
353 legacy=448 raw=[4, 1, 0, 0, 0, 10, 15, 37, 0, -106, 0, 14, 0, 0, 0, -1, -1, 1, 1, 0, 1, 1, 0, 4, 0, 13, 1, -48, 0, 9, 0, 0, 0, 0, 0, 1, -17, 1, 84, 104, 101, 32, 77, 111, 110, 115, 116, 101, 114, 115, 32, 66, 101, 108, 111, 119, 0, 0, 0, -1, 0, 0, 0, 0, -1, 0, 0, 0, 0, 0, 0, 0, 0, 0, 0] strings=|||||||%||||||||||||||||||||||||||||||The Monsters Below|||||||||||||||||||
354 legacy=419 raw=[4, 1, 0, 0, 0, 10, 16, -40, 0, -106, 0, 14, 0, 0, 0, -1, -1, 1, 1, 0, 1, 1, 0, 4, 0, 13, 1, -48, 0, 1, 0, 0, 0, 0, 0, 1, -17, 1, 80, 104, 101, 97, 115, 97, 110, 116, 32, 80, 101, 97, 115, 97, 110, 116, 0, 0, 0, -1, 0, 0, 0, 0, -1, 0, 0, 0, 0, 0, 0, 0, 0, 0, 0] strings=||||||||||||||||||||||||||||||||||||||Pheasant Peasant|||||||||||||||||||
355 legacy=409 raw=[4, 1, 0, 0, 0, 10, 8, 74, 0, -106, 0, 14, 0, 0, 0, -1, -1, 1, 1, 0, 1, 1, 0, 4, 0, 13, 1, -48, 0, 16, 0, 0, 0, 0, 0, 1, -17, 1, 70, 114, 111, 103, 108, 97, 110, 100, 0, 0, 0, -1, 0, 0, 0, 0, -1, 0, 0, 0, 0, 0, 0, 0, 0, 0, 0] strings=|||||||J||||||||||||||||||||||||||||||Frogland|||||||||||||||||||
356 legacy=413 raw=[4, 1, 0, 0, 0, 10, 17, 80, 0, -106, 0, 14, 0, 0, 0, -1, -1, 1, 1, 0, 1, 1, 0, 4, 0, 13, 1, -98, 0, 30, 0, 0, 0, 0, 0, 1, -17, 1, 84, 104, 101, 32, 81, 117, 105, 122, 109, 97, 115, 116, 101, 114, 0, 0, 0, -1, 0, 0, 0, 0, -1, 0, 0, 0, 0, 0, 0, 0, 0, 0, 0] strings=|||||||P||||||||||||||||||||||||||||||The Quizmaster|||||||||||||||||||
357 legacy=471 raw=[4, 1, 0, 0, 0, 10, 2, 111, 0, -106, 0, 14, 0, 0, 0, -1, -1, 1, 1, 0, 1, 1, 0, 4, 0, 13, 1, -48, 0, 18, 0, 0, 0, 0, 0, 1, -17, 1, 66, 114, 101, 119, 32, 72, 111, 111, 32, 72, 111, 111, 33, 0, 0, 0, -1, 0, 0, 0, 0, -1, 0, 0, 0, 0, 0, 0, 0, 0, 0, 0] strings=|||||||o||||||||||||||||||||||||||||||Brew Hoo Hoo!|||||||||||||||||||
358 legacy=411 raw=[4, 1, 0, 0, 0, 10, 6, -75, 0, -106, 0, 14, 0, 0, 0, -1, -1, 1, 1, 0, 1, 1, 0, 4, 0, 13, 1, -98, 0, 28, 0, 0, 0, 0, 0, 1, -17, 1, 69, 118, 105, 108, 32, 66, 111, 98, 39, 115, 32, 73, 115, 108, 97, 110, 100, 0, 0, 0, -1, 0, 0, 0, 0, -1, 0, 0, 0, 0, 0, 0, 0, 0, 0, 0] strings=||||||||||||||||||||||||||||||||||||||Evil Bob's Island|||||||||||||||||||
359 legacy=476 raw=[4, 1, 0, 0, 0, 10, 4, -57, 0, -106, 0, 14, 0, 0, 0, -1, -1, 1, 1, 0, 1, 1, 0, 4, 0, 13, 1, -48, 0, 21, 0, 0, 0, 0, 0, 1, -17, 1, 68, 101, 97, 100, 32, 67, 97, 110, 32, 68, 97, 110, 99, 101, 0, 0, 0, -1, 0, 0, 0, 0, -1, 0, 0, 0, 0, 0, 0, 0, 0, 0, 0] strings=||||||||||||||||||||||||||||||||||||||Dead Can Dance|||||||||||||||||||
360 legacy=475 raw=[4, 1, 0, 0, 0, 10, 24, -78, 0, -106, 0, 14, 0, 0, 0, -1, -1, 1, 1, 0, 1, 1, 0, 4, 0, 13, 1, -48, 0, 20, 0, 0, 0, 0, 0, 1, -17, 1, 87, 105, 108, 100, 32, 83, 105, 100, 101, 0, 0, 0, -1, 0, 0, 0, 0, -1, 0, 0, 0, 0, 0, 0, 0, 0, 0, 0] strings=||||||||||||||||||||||||||||||||||||||Wild Side|||||||||||||||||||
361 legacy=478 raw=[4, 1, 0, 0, 0, 10, 3, 20, 0, -106, 0, 14, 0, 0, 0, -1, -1, 1, 1, 0, 1, 1, 0, 4, 0, 13, 1, -48, 0, 22, 0, 0, 0, 0, 0, 1, -17, 1, 84, 104, 101, 32, 67, 101, 108, 108, 97, 114, 32, 68, 119, 101, 108, 108, 101, 114, 115, 0, 0, 0, -1, 0, 0, 0, 0, -1, 0, 0, 0, 0, 0, 0, 0, 0, 0, 0] strings=||||||||||||||||||||||||||||||||||||||The Cellar Dwellers|||||||||||||||||||
362 legacy=434 raw=[4, 1, 0, 0, 0, 10, 9, -48, 0, -106, 0, 14, 0, 0, 0, -1, -1, 1, 1, 0, 1, 1, 0, 4, 0, 13, 1, -48, 0, 5, 0, 0, 0, 0, 0, 1, -17, 1, 72, 97, 118, 101, 32, 65, 32, 66, 108, 97, 115, 116, 0, 0, 0, -1, 0, 0, 0, 0, -1, 0, 0, 0, 0, 0, 0, 0, 0, 0, 0] strings=||||||||||||||||||||||||||||||||||||||Have A Blast|||||||||||||||||||
363 legacy=453 raw=[4, 1, 0, 0, 0, 10, 11, -110, 0, -106, 0, 14, 0, 0, 0, -1, -1, 1, 1, 0, 1, 1, 0, 4, 0, 13, 2, -106, 0, 0, 0, 0, 0, 0, 0, 1, -17, 1, 74, 117, 110, 103, 108, 101, 32, 72, 117, 110, 116, 0, 0, 0, -1, 0, 0, 0, 0, -1, 0, 0, 0, 0, 0, 0, 0, 0, 0, 0] strings=||||||||||||||||||||||||||||||||||||||Jungle Hunt|||||||||||||||||||
364 legacy=470 raw=[4, 1, 0, 0, 0, 10, 21, 16, 0, -106, 0, 14, 0, 0, 0, -1, -1, 2, 1, 0, 0, 2, 0, 40, 2, 0, 4, 0, 13, 1, -48, 0, 17, 0, 0, 0, 3, 0, 14, 4, 4, 0, 0, 0, 0, 0, 1, -17, 1, 83, 116, 114, 97, 110, 103, 101, 32, 80, 108, 97, 99, 101, 0, 0, 0, 0, -1, 0, 0, -1, 0, 0, 0, 0, 0, 0, 0, 0, 0, 0, 0] strings=|||||||||||||||||||||||(|||||||||||||||||||||||||Strange Place|||||||||||||||||||
365 legacy=463 raw=[4, 1, 0, 0, 0, 10, 7, -76, 0, -106, 0, 14, 0, 0, 0, -1, -1, 1, 1, 0, 1, 1, 0, 4, 0, 13, 1, -48, 0, 14, 0, 0, 0, 0, 0, 1, -17, 1, 70, 105, 114, 101, 32, 97, 110, 100, 32, 66, 114, 105, 109, 115, 116, 111, 110, 101, 0, 0, 0, -1, 0, 0, 0, 0, -1, 0, 0, 0, 0, 0, 0, 0, 0, 0, 0] strings=||||||||||||||||||||||||||||||||||||||Fire and Brimstone|||||||||||||||||||
366 legacy=469 raw=[4, 1, 0, 0, 0, 10, 10, -49, 0, -106, 0, 14, 0, 0, 0, -1, -1, 1, 1, 0, 1, 1, 0, 4, 0, 13, 1, -48, 0, 15, 0, 0, 0, 0, 0, 1, -17, 1, 73, 110, 32, 116, 104, 101, 32, 80, 105, 116, 115, 0, 0, 0, -1, 0, 0, 0, 0, -1, 0, 0, 0, 0, 0, 0, 0, 0, 0, 0] strings=||||||||||||||||||||||||||||||||||||||In the Pits|||||||||||||||||||
367 legacy=473 raw=[4, 1, 0, 0, 0, 10, 23, 14, 0, -106, 0, 14, 0, 0, 0, -1, -1, 1, 1, 0, 1, 1, 0, 4, 0, 13, 1, -48, 0, 19, 0, 0, 0, 0, 0, 1, -17, 1, 84, 122, 72, 97, 97, 114, 33, 0, 0, 0, -1, 0, 0, 0, 0, -1, 0, 0, 0, 0, 0, 0, 0, 0, 0, 0] strings=||||||||||||||||||||||||||||||||||||||TzHaar!|||||||||||||||||||
368 legacy=376 raw=[4, 1, 0, 0, 0, 10, 21, -75, 0, -106, 0, 14, 0, 0, 0, -1, -1, 1, 1, 0, 1, 1, 0, 4, 0, 13, 1, -98, 0, 6, 0, 0, 0, 0, 0, 1, -17, 1, 84, 101, 109, 112, 108, 101, 32, 111, 102, 32, 76, 105, 103, 104, 116, 0, 0, 0, -1, 0, 0, 0, 0, -1, 0, 0, 0, 0, 0, 0, 0, 0, 0, 0] strings=||||||||||||||||||||||||||||||||||||||Temple of Light|||||||||||||||||||
369 legacy=134 raw=[4, 1, 0, 0, 0, 10, 12, 10, 0, -106, 0, 14, 0, 0, 0, -1, -1, 1, 1, 0, 1, 1, 0, 4, 0, 13, 1, 42, 0, 0, 0, 0, 0, 0, 0, 1, -17, 1, 76, 97, 32, 77, 111, 114, 116, 0, 0, 0, -1, 0, 0, 0, 0, -1, 0, 0, 0, 0, 0, 0, 0, 0, 0, 0] strings=|||||||||||||||||||||||||||*||||||||||La Mort|||||||||||||||||||
370 legacy=418 raw=[4, 1, 0, 0, 0, 10, 3, -26, 0, -106, 0, 14, 0, 0, 0, -1, -1, 1, 1, 0, 1, 1, 0, 4, 0, 13, 1, -48, 0, 3, 0, 0, 0, 0, 0, 1, -17, 1, 67, 111, 114, 112, 111, 114, 97, 108, 32, 80, 117, 110, 105, 115, 104, 109, 101, 110, 116, 0, 0, 0, -1, 0, 0, 0, 0, -1, 0, 0, 0, 0, 0, 0, 0, 0, 0, 0] strings=||||||||||||||||||||||||||||||||||||||Corporal Punishment|||||||||||||||||||
371 legacy=515 raw=[4, 1, 0, 0, 0, 10, 15, 82, 0, -106, 0, 14, 0, 0, 0, -1, -1, 1, 1, 0, 1, 1, 0, 4, 0, 13, 2, 86, 0, 9, 0, 0, 0, 0, 0, 1, -17, 1, 77, 117, 100, 115, 107, 105, 112, 112, 101, 114, 32, 77, 101, 108, 111, 100, 121, 0, 0, 0, -1, 0, 0, 0, 0, -1, 0, 0, 0, 0, 0, 0, 0, 0, 0, 0] strings=|||||||R|||||||||||||||||||V||||||||||Mudskipper Melody|||||||||||||||||||
372 legacy=498 raw=[4, 1, 0, 0, 0, 10, 2, 6, 0, -106, 0, 14, 0, 0, 0, -1, -1, 1, 1, 0, 1, 1, 0, 4, 0, 13, 2, 86, 0, 0, 0, 0, 0, 0, 0, 1, -17, 1, 66, 108, 105, 115, 116, 101, 114, 105, 110, 103, 32, 66, 97, 114, 110, 97, 99, 108, 101, 115, 0, 0, 0, -1, 0, 0, 0, 0, -1, 0, 0, 0, 0, 0, 0, 0, 0, 0, 0] strings=|||||||||||||||||||||||||||V||||||||||Blistering Barnacles|||||||||||||||||||
373 legacy=497 raw=[4, 1, 0, 0, 0, 10, 1, 112, 0, -106, 0, 14, 0, 0, 0, -1, -1, 1, 1, 0, 1, 1, 0, 4, 0, 13, 1, -48, 0, 31, 0, 0, 0, 0, 0, 1, -17, 1, 65, 121, 101, 32, 67, 97, 114, 32, 82, 117, 109, 32, 66, 97, 0, 0, 0, -1, 0, 0, 0, 0, -1, 0, 0, 0, 0, 0, 0, 0, 0, 0, 0] strings=|||||||p||||||||||||||||||||||||||||||Aye Car Rum Ba|||||||||||||||||||
374 legacy=171 raw=[4, 1, 0, 0, 0, 10, 4, 79, 0, -106, 0, 14, 0, 0, 0, -1, -1, 1, 1, 0, 1, 1, 0, 4, 0, 13, 2, 86, 0, 13, 0, 0, 0, 0, 0, 1, -17, 1, 68, 97, 103, 97, 110, 110, 111, 116, 104, 32, 68, 97, 119, 110, 0, 0, 0, -1, 0, 0, 0, 0, -1, 0, 0, 0, 0, 0, 0, 0, 0, 0, 0] strings=|||||||O|||||||||||||||||||V||||||||||Dagannoth Dawn|||||||||||||||||||
375 legacy=517 raw=[4, 1, 0, 0, 0, 10, 21, 46, 0, -106, 0, 14, 0, 0, 0, -1, -1, 1, 1, 0, 1, 1, 0, 4, 0, 13, 2, 86, 0, 10, 0, 0, 0, 0, 0, 1, -17, 1, 83, 117, 98, 116, 101, 114, 114, 97, 110, 101, 97, 0, 0, 0, -1, 0, 0, 0, 0, -1, 0, 0, 0, 0, 0, 0, 0, 0, 0, 0] strings=|||||||.|||||||||||||||||||V||||||||||Subterranea|||||||||||||||||||
376 legacy=524 raw=[4, 1, 0, 0, 0, 10, 25, 72, 0, -106, 0, 14, 0, 0, 0, -1, -1, 1, 1, 0, 1, 1, 0, 4, 0, 13, 2, 86, 0, 14, 0, 0, 0, 0, 0, 1, -17, 1, 88, 101, 110, 111, 112, 104, 111, 98, 101, 0, 0, 0, -1, 0, 0, 0, 0, -1, 0, 0, 0, 0, 0, 0, 0, 0, 0, 0] strings=|||||||H|||||||||||||||||||V||||||||||Xenophobe|||||||||||||||||||
377 legacy=520 raw=[4, 1, 0, 0, 0, 10, 9, 88, 0, -106, 0, 14, 0, 0, 0, -1, -1, 1, 1, 0, 1, 1, 0, 4, 0, 13, 2, 86, 0, 12, 0, 0, 0, 0, 0, 1, -17, 1, 71, 114, 105, 112, 32, 111, 102, 32, 116, 104, 101, 32, 84, 97, 108, 111, 110, 0, 0, 0, -1, 0, 0, 0, 0, -1, 0, 0, 0, 0, 0, 0, 0, 0, 0, 0] strings=|||||||X|||||||||||||||||||V||||||||||Grip of the Talon|||||||||||||||||||
378 legacy=519 raw=[4, 1, 0, 0, 0, 10, 10, -34, 0, -106, 0, 14, 0, 0, 0, -1, -1, 1, 1, 0, 1, 1, 0, 4, 0, 13, 2, 86, 0, 11, 0, 0, 0, 0, 0, 1, -17, 1, 73, 110, 99, 97, 110, 116, 97, 116, 105, 111, 110, 0, 0, 0, -1, 0, 0, 0, 0, -1, 0, 0, 0, 0, 0, 0, 0, 0, 0, 0] strings=|||||||||||||||||||||||||||V||||||||||Incantation|||||||||||||||||||
379 legacy=481 raw=[4, 1, 0, 0, 0, 10, 2, -55, 0, -106, 0, 14, 0, 0, 0, -1, -1, 1, 1, 0, 1, 1, 0, 4, 0, 13, 1, -48, 0, 24, 0, 0, 0, 0, 0, 1, -17, 1, 67, 97, 116, 99, 104, 32, 109, 101, 32, 105, 102, 32, 121, 111, 117, 32, 99, 97, 110, 0, 0, 0, -1, 0, 0, 0, 0, -1, 0, 0, 0, 0, 0, 0, 0, 0, 0, 0] strings=||||||||||||||||||||||||||||||||||||||Catch me if you can|||||||||||||||||||
380 legacy=489 raw=[4, 1, 0, 0, 0, 10, 2, -115, 0, -106, 0, 14, 0, 0, 0, -1, -1, 1, 1, 0, 1, 1, 0, 4, 0, 13, 1, -48, 0, 27, 0, 0, 0, 0, 0, 1, -17, 1, 66, 117, 98, 98, 108, 101, 32, 97, 110, 100, 32, 83, 113, 117, 101, 97, 107, 0, 0, 0, -1, 0, 0, 0, 0, -1, 0, 0, 0, 0, 0, 0, 0, 0, 0, 0] strings=||||||||||||||||||||||||||||||||||||||Bubble and Squeak|||||||||||||||||||
381 legacy=485 raw=[4, 1, 0, 0, 0, 10, 15, -39, 0, -106, 0, 14, 0, 0, 0, -1, -1, 1, 1, 0, 1, 1, 0, 4, 0, 13, 1, -48, 0, 26, 0, 0, 0, 0, 0, 1, -17, 1, 84, 104, 101, 32, 78, 111, 98, 108, 101, 32, 82, 111, 100, 101, 110, 116, 0, 0, 0, -1, 0, 0, 0, 0, -1, 0, 0, 0, 0, 0, 0, 0, 0, 0, 0] strings=||||||||||||||||||||||||||||||||||||||The Noble Rodent|||||||||||||||||||
382 legacy=482 raw=[4, 1, 0, 0, 0, 10, 17, 95, 0, -106, 0, 14, 0, 0, 0, -1, -1, 1, 1, 0, 1, 1, 0, 4, 0, 13, 1, -48, 0, 25, 0, 0, 0, 0, 0, 1, -17, 1, 82, 97, 116, 32, 97, 32, 84, 97, 116, 32, 84, 97, 116, 0, 0, 0, -1, 0, 0, 0, 0, -1, 0, 0, 0, 0, 0, 0, 0, 0, 0, 0] strings=|||||||_||||||||||||||||||||||||||||||Rat a Tat Tat|||||||||||||||||||
383 legacy=491 raw=[4, 1, 0, 0, 0, 10, 17, 110, 0, -106, 0, 14, 0, 0, 0, -1, -1, 1, 1, 0, 1, 1, 0, 4, 0, 13, 1, -48, 0, 29, 0, 0, 0, 0, 0, 1, -17, 1, 82, 97, 116, 32, 72, 117, 110, 116, 0, 0, 0, -1, 0, 0, 0, 0, -1, 0, 0, 0, 0, 0, 0, 0, 0, 0, 0] strings=|||||||n||||||||||||||||||||||||||||||Rat Hunt|||||||||||||||||||
384 legacy=490 raw=[4, 1, 0, 0, 0, 10, 18, -117, 0, -106, 0, 14, 0, 0, 0, -1, -1, 1, 1, 0, 1, 1, 0, 4, 0, 13, 1, -48, 0, 28, 0, 0, 0, 0, 0, 1, -17, 1, 83, 97, 114, 105, 109, 39, 115, 32, 86, 101, 114, 109, 105, 110, 0, 0, 0, -1, 0, 0, 0, 0, -1, 0, 0, 0, 0, 0, 0, 0, 0, 0, 0] strings=||||||||||||||||||||||||||||||||||||||Sarim's Vermin|||||||||||||||||||
385 legacy=465 raw=[4, 1, 0, 0, 0, 10, 5, 32, 0, -106, 0, 14, 0, 0, 0, -1, -1, 1, 1, 0, 1, 1, 0, 4, 0, 13, 1, -48, 0, 13, 0, 0, 0, 0, 0, 1, -17, 1, 68, 101, 115, 101, 114, 116, 32, 72, 101, 97, 116, 0, 0, 0, -1, 0, 0, 0, 0, -1, 0, 0, 0, 0, 0, 0, 0, 0, 0, 0] strings=||||||| ||||||||||||||||||||||||||||||Desert Heat|||||||||||||||||||
386 legacy=464 raw=[4, 1, 0, 0, 0, 10, 8, -77, 0, -106, 0, 14, 0, 0, 0, -1, -1, 1, 1, 0, 1, 1, 0, 4, 0, 13, 1, -48, 0, 12, 0, 0, 0, 0, 0, 1, -17, 1, 84, 104, 101, 32, 71, 101, 110, 105, 101, 0, 0, 0, -1, 0, 0, 0, 0, -1, 0, 0, 0, 0, 0, 0, 0, 0, 0, 0] strings=||||||||||||||||||||||||||||||||||||||The Genie|||||||||||||||||||
387 legacy=447 raw=[4, 1, 0, 0, 0, 10, 16, 81, 0, -106, 0, 14, 0, 0, 0, -1, -1, 1, 1, 0, 1, 1, 0, 4, 0, 13, 1, -48, 0, 8, 0, 0, 0, 0, 0, 1, -17, 1, 79, 118, 101, 114, 32, 116, 111, 32, 78, 97, 114, 100, 97, 104, 0, 0, 0, -1, 0, 0, 0, 0, -1, 0, 0, 0, 0, 0, 0, 0, 0, 0, 0] strings=|||||||Q||||||||||||||||||||||||||||||Over to Nardah|||||||||||||||||||
388 legacy=462 raw=[4, 1, 0, 0, 0, 10, 20, 92, 0, -106, 0, 14, 0, 0, 0, -1, -1, 1, 1, 0, 1, 1, 0, 4, 0, 13, 1, -48, 0, 11, 0, 0, 0, 0, 0, 1, -17, 1, 83, 112, 105, 114, 105, 116, 115, 32, 111, 102, 32, 116, 104, 101, 32, 69, 108, 105, 100, 0, 0, 0, -1, 0, 0, 0, 0, -1, 0, 0, 0, 0, 0, 0, 0, 0, 0, 0] strings=|||||||\||||||||||||||||||||||||||||||Spirits of the Elid|||||||||||||||||||
389 legacy=525 raw=[4, 1, 0, 0, 0, 10, 22, 30, 0, -106, 0, 14, 0, 0, 0, -1, -1, 1, 1, 0, 1, 1, 0, 4, 0, 13, 2, 86, 0, 15, 0, 0, 0, 0, 0, 1, -17, 1, 84, 105, 116, 108, 101, 32, 70, 105, 103, 104, 116, 0, 0, 0, -1, 0, 0, 0, 0, -1, 0, 0, 0, 0, 0, 0, 0, 0, 0, 0] strings=|||||||||||||||||||||||||||V||||||||||Title Fight|||||||||||||||||||
390 legacy=528 raw=[4, 1, 0, 0, 0, 10, 23, -107, 0, -106, 0, 14, 0, 0, 0, -1, -1, 1, 1, 0, 1, 1, 0, 4, 0, 13, 2, 86, 0, 16, 0, 0, 0, 0, 0, 1, -17, 1, 86, 105, 99, 116, 111, 114, 121, 32, 105, 115, 32, 77, 105, 110, 101, 0, 0, 0, -1, 0, 0, 0, 0, -1, 0, 0, 0, 0, 0, 0, 0, 0, 0, 0] strings=|||||||||||||||||||||||||||V||||||||||Victory is Mine|||||||||||||||||||
391 legacy=529 raw=[4, 1, 0, 0, 0, 10, 24, -33, 0, -106, 0, 14, 0, 0, 0, -1, -1, 1, 1, 0, 1, 1, 0, 4, 0, 13, 2, 86, 0, 17, 0, 0, 0, 0, 0, 1, -17, 1, 87, 111, 101, 32, 111, 102, 32, 116, 104, 101, 32, 87, 121, 118, 101, 114, 110, 0, 0, 0, -1, 0, 0, 0, 0, -1, 0, 0, 0, 0, 0, 0, 0, 0, 0, 0] strings=|||||||||||||||||||||||||||V||||||||||Woe of the Wyvern|||||||||||||||||||
392 legacy=532 raw=[4, 1, 0, 0, 0, 10, 5, 77, 0, -106, 0, 14, 0, 0, 0, -1, -1, 1, 1, 0, 1, 1, 0, 4, 0, 13, 2, 86, 0, 19, 0, 0, 0, 0, 0, 1, -17, 1, 68, 105, 97, 110, 103, 111, 39, 115, 32, 76, 105, 116, 116, 108, 101, 32, 72, 101, 108, 112, 101, 114, 115, 0, 0, 0, -1, 0, 0, 0, 0, -1, 0, 0, 0, 0, 0, 0, 0, 0, 0, 0] strings=|||||||M|||||||||||||||||||V||||||||||Diango's Little Helpers|||||||||||||||||||
393 legacy=541 raw=[4, 1, 0, 0, 0, 10, 6, 106, 0, -106, 0, 14, 0, 0, 0, -1, -1, 1, 1, 0, 1, 1, 0, 4, 0, 13, 2, 86, 0, 24, 0, 0, 0, 0, 0, 1, -17, 1, 84, 104, 101, 32, 69, 110, 99, 104, 97, 110, 116, 101, 114, 0, 0, 0, -1, 0, 0, 0, 0, -1, 0, 0, 0, 0, 0, 0, 0, 0, 0, 0] strings=|||||||j|||||||||||||||||||V||||||||||The Enchanter|||||||||||||||||||
394 legacy=535 raw=[4, 1, 0, 0, 0, 10, 9, 43, 0, -106, 0, 14, 0, 0, 0, -1, -1, 1, 1, 0, 1, 1, 0, 4, 0, 13, 2, 86, 0, 22, 0, 0, 0, 0, 0, 1, -17, 1, 71, 111, 108, 100, 101, 110, 32, 84, 111, 117, 99, 104, 0, 0, 0, -1, 0, 0, 0, 0, -1, 0, 0, 0, 0, 0, 0, 0, 0, 0, 0] strings=|||||||+|||||||||||||||||||V||||||||||Golden Touch|||||||||||||||||||
395 legacy=534 raw=[4, 1, 0, 0, 0, 10, 14, -83, 0, -106, 0, 14, 0, 0, 0, -1, -1, 1, 1, 0, 1, 1, 0, 4, 0, 13, 2, 86, 0, 21, 0, 0, 0, 0, 0, 1, -17, 1, 77, 105, 110, 100, 32, 111, 118, 101, 114, 32, 77, 97, 116, 116, 101, 114, 0, 0, 0, -1, 0, 0, 0, 0, -1, 0, 0, 0, 0, 0, 0, 0, 0, 0, 0] strings=|||||||||||||||||||||||||||V||||||||||Mind over Matter|||||||||||||||||||
396 legacy=533 raw=[4, 1, 0, 0, 0, 10, 18, 19, 0, -106, 0, 14, 0, 0, 0, -1, -1, 1, 1, 0, 1, 1, 0, 4, 0, 13, 2, 86, 0, 20, 0, 0, 0, 0, 0, 1, -17, 1, 82, 111, 108, 108, 32, 116, 104, 101, 32, 66, 111, 110, 101, 115, 0, 0, 0, -1, 0, 0, 0, 0, -1, 0, 0, 0, 0, 0, 0, 0, 0, 0, 0] strings=|||||||||||||||||||||||||||V||||||||||Roll the Bones|||||||||||||||||||
397 legacy=511 raw=[4, 1, 0, 0, 0, 10, 10, -79, 0, -106, 0, 14, 0, 0, 0, -1, -1, 1, 1, 0, 1, 1, 0, 4, 0, 13, 2, 86, 0, 8, 0, 0, 0, 0, 0, 1, -17, 1, 73, 110, 32, 116, 104, 101, 32, 67, 108, 105, 110, 107, 0, 0, 0, -1, 0, 0, 0, 0, -1, 0, 0, 0, 0, 0, 0, 0, 0, 0, 0] strings=|||||||||||||||||||||||||||V||||||||||In the Clink|||||||||||||||||||
398 legacy=505 raw=[4, 1, 0, 0, 0, 10, 16, -70, 0, -106, 0, 14, 0, 0, 0, -1, -1, 1, 1, 0, 1, 1, 0, 4, 0, 13, 2, 86, 0, 3, 0, 0, 0, 0, 0, 1, -17, 1, 80, 104, 97, 114, 97, 111, 104, 39, 115, 32, 84, 111, 109, 98, 0, 0, 0, -1, 0, 0, 0, 0, -1, 0, 0, 0, 0, 0, 0, 0, 0, 0, 0] strings=|||||||||||||||||||||||||||V||||||||||Pharaoh's Tomb|||||||||||||||||||
399 legacy=542 raw=[4, 1, 0, 0, 0, 10, 12, 40, 0, -106, 0, 14, 0, 0, 0, -1, -1, 1, 1, 0, 1, 1, 0, 4, 0, 13, 2, 86, 0, 29, 0, 0, 0, 0, 0, 1, -17, 1, 76, 97, 109, 101, 110, 116, 0, 0, 0, -1, 0, 0, 0, 0, -1, 0, 0, 0, 0, 0, 0, 0, 0, 0, 0] strings=|||||||(|||||||||||||||||||V||||||||||Lament|||||||||||||||||||
400 legacy=545 raw=[4, 1, 0, 0, 0, 10, 2, -100, 0, -106, 0, 14, 0, 0, 0, -1, -1, 1, 1, 0, 1, 1, 0, 4, 0, 13, 2, 86, 0, 27, 0, 0, 0, 0, 0, 1, -17, 1, 67, 97, 98, 105, 110, 32, 70, 101, 118, 101, 114, 0, 0, 0, -1, 0, 0, 0, 0, -1, 0, 0, 0, 0, 0, 0, 0, 0, 0, 0] strings=|||||||||||||||||||||||||||V||||||||||Cabin Fever|||||||||||||||||||
401 legacy=530 raw=[4, 1, 0, 0, 0, 10, 10, -94, 0, -106, 0, 14, 0, 0, 0, -1, -1, 1, 1, 0, 1, 1, 0, 4, 0, 13, 2, 86, 0, 18, 0, 0, 0, 0, 0, 1, -17, 1, 73, 110, 32, 116, 104, 101, 32, 66, 114, 105, 110, 101, 0, 0, 0, -1, 0, 0, 0, 0, -1, 0, 0, 0, 0, 0, 0, 0, 0, 0, 0] strings=|||||||||||||||||||||||||||V||||||||||In the Brine|||||||||||||||||||
402 legacy=568 raw=[4, 1, 0, 0, 0, 10, 20, -14, 0, -106, 0, 14, 0, 0, 0, -1, -1, 1, 1, 0, 1, 1, 0, 4, 0, 13, 2, -106, 0, 8, 0, 0, 0, 0, 0, 1, -17, 1, 83, 116, 111, 114, 109, 32, 66, 114, 101, 119, 0, 0, 0, -1, 0, 0, 0, 0, -1, 0, 0, 0, 0, 0, 0, 0, 0, 0, 0] strings=||||||||||||||||||||||||||||||||||||||Storm Brew|||||||||||||||||||
403 legacy=573 raw=[4, 1, 0, 0, 0, 10, 13, -112, 0, -106, 0, 14, 0, 0, 0, -1, -1, 1, 1, 0, 1, 1, 0, 4, 0, 13, 2, -106, 0, 9, 0, 0, 0, 0, 0, 1, -17, 1, 84, 104, 101, 32, 77, 97, 100, 32, 77, 111, 108, 101, 0, 0, 0, -1, 0, 0, 0, 0, -1, 0, 0, 0, 0, 0, 0, 0, 0, 0, 0] strings=||||||||||||||||||||||||||||||||||||||The Mad Mole|||||||||||||||||||
404 legacy=-1 raw=[4, 1, 0, 0, 0, 10, 4, -72, 0, -106, 0, 14, 0, 0, 0, -1, -1, 1, 1, 0, 1, 1, 0, 4, 0, 13, 2, -106, 0, 10, 0, 0, 0, 0, 0, 1, -17, 1, 68, 97, 118, 121, 32, 74, 111, 110, 101, 115, 39, 32, 76, 111, 99, 107, 101, 114, 0, 0, 0, -1, 0, 0, 0, 0, -1, 0, 0, 0, 0, 0, 0, 0, 0, 0, 0] strings=||||||||||||||||||||||||||||||||||||||Davy Jones' Locker|||||||||||||||||||
405 legacy=575 raw=[4, 1, 0, 0, 0, 10, 3, 95, 0, -106, 0, 14, 0, 0, 0, -1, -1, 1, 1, 0, 1, 1, 0, 4, 0, 13, 2, -106, 0, 11, 0, 0, 0, 0, 0, 1, -17, 1, 67, 104, 105, 99, 107, 101, 110, 101, 100, 32, 79, 117, 116, 0, 0, 0, -1, 0, 0, 0, 0, -1, 0, 0, 0, 0, 0, 0, 0, 0, 0, 0] strings=|||||||_||||||||||||||||||||||||||||||Chickened Out|||||||||||||||||||
406 legacy=583 raw=[4, 1, 0, 0, 0, 10, 3, 80, 0, -106, 0, 14, 0, 0, 0, -1, -1, 1, 1, 0, 1, 1, 0, 4, 0, 13, 2, -106, 0, 15, 0, 0, 0, 0, 0, 1, -17, 1, 67, 104, 101, 102, 32, 83, 117, 114, 112, 114, 105, 115, 101, 0, 0, 0, -1, 0, 0, 0, 0, -1, 0, 0, 0, 0, 0, 0, 0, 0, 0, 0] strings=|||||||P||||||||||||||||||||||||||||||Chef Surprise|||||||||||||||||||
407 legacy=577 raw=[4, 1, 0, 0, 0, 10, 14, 38, 0, -106, 0, 14, 0, 0, 0, -1, -1, 1, 1, 0, 1, 1, 0, 4, 0, 13, 2, -106, 0, 13, 0, 0, 0, 0, 0, 1, -17, 1, 77, 97, 115, 116, 101, 114, 109, 105, 110, 100, 108, 101, 115, 115, 0, 0, 0, -1, 0, 0, 0, 0, -1, 0, 0, 0, 0, 0, 0, 0, 0, 0, 0] strings=|||||||&||||||||||||||||||||||||||||||Mastermindless|||||||||||||||||||
408 legacy=582 raw=[4, 1, 0, 0, 0, 10, 22, 75, 0, -106, 0, 14, 0, 0, 0, -1, -1, 1, 1, 0, 1, 1, 0, 4, 0, 13, 2, -106, 0, 14, 0, 0, 0, 0, 0, 1, -17, 1, 84, 111, 111, 32, 77, 97, 110, 121, 32, 67, 111, 111, 107, 115, 46, 46, 46, 0, 0, 0, -1, 0, 0, 0, 0, -1, 0, 0, 0, 0, 0, 0, 0, 0, 0, 0] strings=|||||||K||||||||||||||||||||||||||||||Too Many Cooks...|||||||||||||||||||
409 legacy=501 raw=[4, 1, 0, 0, 0, 10, 5, 107, 0, -106, 0, 14, 0, 0, 0, -1, -1, 1, 1, 0, 1, 1, 0, 4, 0, 13, 2, 86, 0, 1, 0, 0, 0, 0, 0, 1, -17, 1, 68, 105, 115, 116, 97, 110, 116, 32, 76, 97, 110, 100, 0, 0, 0, -1, 0, 0, 0, 0, -1, 0, 0, 0, 0, 0, 0, 0, 0, 0, 0] strings=|||||||k|||||||||||||||||||V||||||||||Distant Land|||||||||||||||||||
410 legacy=504 raw=[4, 1, 0, 0, 0, 10, 7, 75, 0, -106, 0, 14, 0, 0, 0, -1, -1, 1, 1, 0, 1, 1, 0, 4, 0, 13, 2, 86, 0, 2, 0, 0, 0, 0, 0, 1, -17, 1, 70, 97, 110, 103, 115, 32, 102, 111, 114, 32, 116, 104, 101, 32, 77, 101, 109, 111, 114, 121, 0, 0, 0, -1, 0, 0, 0, 0, -1, 0, 0, 0, 0, 0, 0, 0, 0, 0, 0] strings=|||||||K|||||||||||||||||||V||||||||||Fangs for the Memory|||||||||||||||||||
411 legacy=602 raw=[4, 1, 0, 0, 0, 10, 7, 120, 0, -106, 0, 14, 0, 0, 0, -1, -1, 1, 1, 0, 1, 1, 0, 4, 0, 13, 2, -106, 0, 21, 0, 0, 0, 0, 0, 1, -17, 1, 70, 101, 97, 114, 32, 97, 110, 100, 32, 76, 111, 97, 116, 104, 105, 110, 103, 0, 0, 0, -1, 0, 0, 0, 0, -1, 0, 0, 0, 0, 0, 0, 0, 0, 0, 0] strings=|||||||x||||||||||||||||||||||||||||||Fear and Loathing|||||||||||||||||||
412 legacy=600 raw=[4, 1, 0, 0, 0, 10, 14, -113, 0, -106, 0, 14, 0, 0, 0, -1, -1, 1, 1, 0, 1, 1, 0, 4, 0, 13, 2, -106, 0, 20, 0, 0, 0, 0, 0, 1, -17, 1, 77, 101, 116, 104, 111, 100, 32, 111, 102, 32, 77, 97, 100, 110, 101, 115, 115, 0, 0, 0, -1, 0, 0, 0, 0, -1, 0, 0, 0, 0, 0, 0, 0, 0, 0, 0] strings=||||||||||||||||||||||||||||||||||||||Method of Madness|||||||||||||||||||
413 legacy=594 raw=[4, 1, 0, 0, 0, 10, 15, -9, 0, -106, 0, 14, 0, 0, 0, -1, -1, 1, 1, 0, 1, 1, 0, 4, 0, 13, 2, -106, 0, 19, 0, 0, 0, 0, 0, 1, -17, 1, 78, 111, 32, 87, 97, 121, 32, 79, 117, 116, 0, 0, 0, -1, 0, 0, 0, 0, -1, 0, 0, 0, 0, 0, 0, 0, 0, 0, 0] strings=||||||||||||||||||||||||||||||||||||||No Way Out|||||||||||||||||||
414 legacy=565 raw=[4, 1, 0, 0, 0, 10, 25, 57, 0, -106, 0, 14, 0, 0, 0, -1, -1, 1, 1, 0, 1, 1, 0, 4, 0, 13, 2, -106, 0, 7, 0, 0, 0, 0, 0, 1, -17, 1, 87, 114, 97, 116, 104, 32, 97, 110, 100, 32, 82, 117, 105, 110, 0, 0, 0, -1, 0, 0, 0, 0, -1, 0, 0, 0, 0, 0, 0, 0, 0, 0, 0] strings=|||||||9||||||||||||||||||||||||||||||Wrath and Ruin|||||||||||||||||||
415 legacy=603 raw=[4, 1, 0, 0, 0, 10, 8, 119, 0, -106, 0, 14, 0, 0, 0, -1, -1, 1, 1, 0, 1, 1, 0, 4, 0, 13, 2, -106, 0, 22, 0, 0, 0, 0, 0, 1, -17, 1, 70, 117, 110, 110, 121, 32, 66, 117, 110, 110, 105, 101, 115, 0, 0, 0, -1, 0, 0, 0, 0, -1, 0, 0, 0, 0, 0, 0, 0, 0, 0, 0] strings=|||||||w||||||||||||||||||||||||||||||Funny Bunnies|||||||||||||||||||
416 legacy=587 raw=[4, 1, 0, 0, 0, 10, 16, 6, 0, -106, 0, 14, 0, 0, 0, -1, -1, 1, 1, 0, 1, 1, 0, 4, 0, 13, 2, -106, 0, 16, 0, 0, 0, 0, 0, 1, -17, 1, 78, 117, 108, 108, 32, 97, 110, 100, 32, 86, 111, 105, 100, 0, 0, 0, -1, 0, 0, 0, 0, -1, 0, 0, 0, 0, 0, 0, 0, 0, 0, 0] strings=||||||||||||||||||||||||||||||||||||||Null and Void|||||||||||||||||||
417 legacy=588 raw=[4, 1, 0, 0, 0, 10, 16, -85, 0, -106, 0, 14, 0, 0, 0, -1, -1, 1, 1, 0, 1, 1, 0, 4, 0, 13, 2, -106, 0, 17, 0, 0, 0, 0, 0, 1, -17, 1, 80, 101, 115, 116, 32, 67, 111, 110, 116, 114, 111, 108, 0, 0, 0, -1, 0, 0, 0, 0, -1, 0, 0, 0, 0, 0, 0, 0, 0, 0, 0] strings=||||||||||||||||||||||||||||||||||||||Pest Control|||||||||||||||||||
418 legacy=586 raw=[4, 1, 0, 0, 0, 10, 6, -105, 0, -106, 0, 14, 0, 0, 0, -1, -1, 1, 1, 0, 1, 1, 0, 4, 0, 13, 2, -47, 0, 1, 0, 0, 0, 0, 0, 1, -17, 1, 69, 118, 101, 114, 108, 97, 115, 116, 105, 110, 103, 32, 70, 105, 114, 101, 0, 0, 0, -1, 0, 0, 0, 0, -1, 0, 0, 0, 0, 0, 0, 0, 0, 0, 0] strings=||||||||||||||||||||||||||||||||||||||Everlasting Fire|||||||||||||||||||
419 legacy=546 raw=[4, 1, 0, 0, 0, 10, 12, -126, 0, -106, 0, 14, 0, 0, 0, -1, -1, 1, 1, 0, 1, 1, 0, 4, 0, 13, 2, 86, 0, 28, 0, 0, 0, 0, 0, 1, -17, 1, 76, 97, 115, 116, 32, 83, 116, 97, 110, 100, 0, 0, 0, -1, 0, 0, 0, 0, -1, 0, 0, 0, 0, 0, 0, 0, 0, 0, 0] strings=|||||||||||||||||||||||||||V||||||||||Last Stand|||||||||||||||||||
420 legacy=544 raw=[4, 1, 0, 0, 0, 10, 13, -52, 0, -106, 0, 14, 0, 0, 0, -1, -1, 1, 1, 0, 1, 1, 0, 4, 0, 13, 2, 86, 0, 26, 0, 0, 0, 0, 0, 1, -17, 1, 77, 97, 107, 105, 110, 103, 32, 87, 97, 118, 101, 115, 0, 0, 0, -1, 0, 0, 0, 0, -1, 0, 0, 0, 0, 0, 0, 0, 0, 0, 0] strings=|||||||||||||||||||||||||||V||||||||||Making Waves|||||||||||||||||||
421 legacy=612 raw=[4, 1, 0, 0, 0, 10, 9, -33, 0, -106, 0, 14, 0, 0, 0, -1, -1, 1, 1, 0, 1, 1, 0, 4, 0, 13, 2, -106, 0, 27, 0, 0, 0, 0, 0, 1, -17, 1, 72, 101, 97, 100, 32, 116, 111, 32, 72, 101, 97, 100, 0, 0, 0, -1, 0, 0, 0, 0, -1, 0, 0, 0, 0, 0, 0, 0, 0, 0, 0] strings=||||||||||||||||||||||||||||||||||||||Head to Head|||||||||||||||||||
422 legacy=614 raw=[4, 1, 0, 0, 0, 10, 16, -25, 0, -106, 0, 14, 0, 0, 0, -1, -1, 1, 1, 0, 1, 1, 0, 4, 0, 13, 2, -106, 0, 28, 0, 0, 0, 0, 0, 1, -17, 1, 80, 105, 110, 98, 97, 108, 108, 32, 87, 105, 122, 97, 114, 100, 0, 0, 0, -1, 0, 0, 0, 0, -1, 0, 0, 0, 0, 0, 0, 0, 0, 0, 0] strings=||||||||||||||||||||||||||||||||||||||Pinball Wizard|||||||||||||||||||
423 legacy=509 raw=[4, 1, 0, 0, 0, 10, 3, -11, 0, -106, 0, 14, 0, 0, 0, -1, -1, 1, 1, 0, 1, 1, 0, 4, 0, 13, 2, 86, 0, 6, 0, 0, 0, 0, 0, 1, -17, 1, 67, 111, 114, 114, 105, 100, 111, 114, 115, 32, 111, 102, 32, 80, 111, 119, 101, 114, 0, 0, 0, -1, 0, 0, 0, 0, -1, 0, 0, 0, 0, 0, 0, 0, 0, 0, 0] strings=|||||||||||||||||||||||||||V||||||||||Corridors of Power|||||||||||||||||||
424 legacy=506 raw=[4, 1, 0, 0, 0, 10, 12, 70, 0, -106, 0, 14, 0, 0, 0, -1, -1, 1, 1, 0, 1, 1, 0, 4, 0, 13, 2, 86, 0, 4, 0, 0, 0, 0, 0, 1, -17, 1, 76, 97, 110, 100, 32, 68, 111, 119, 110, 32, 85, 110, 100, 101, 114, 0, 0, 0, -1, 0, 0, 0, 0, -1, 0, 0, 0, 0, 0, 0, 0, 0, 0, 0] strings=|||||||F|||||||||||||||||||V||||||||||Land Down Under|||||||||||||||||||
425 legacy=508 raw=[4, 1, 0, 0, 0, 10, 14, 68, 0, -106, 0, 14, 0, 0, 0, -1, -1, 1, 1, 0, 1, 1, 0, 4, 0, 13, 2, 86, 0, 5, 0, 0, 0, 0, 0, 1, -17, 1, 77, 101, 100, 100, 108, 105, 110, 103, 32, 75, 105, 100, 115, 0, 0, 0, -1, 0, 0, 0, 0, -1, 0, 0, 0, 0, 0, 0, 0, 0, 0, 0] strings=|||||||D|||||||||||||||||||V||||||||||Meddling Kids|||||||||||||||||||
426 legacy=510 raw=[4, 1, 0, 0, 0, 10, 20, 2, 0, -106, 0, 14, 0, 0, 0, -1, -1, 1, 1, 0, 1, 1, 0, 4, 0, 13, 2, 86, 0, 7, 0, 0, 0, 0, 0, 1, -17, 1, 83, 108, 105, 116, 104, 101, 114, 32, 97, 110, 100, 32, 84, 104, 105, 116, 104, 101, 114, 0, 0, 0, -1, 0, 0, 0, 0, -1, 0, 0, 0, 0, 0, 0, 0, 0, 0, 0] strings=|||||||||||||||||||||||||||V||||||||||Slither and Thither|||||||||||||||||||
427 legacy=-1 raw=[4, 1, 0, 0, 0, 10, 10, 72, 0, -106, 0, 14, 0, 0, 0, -1, -1, 0, 0, 0, 0, 0, 1, -17, 1, 72, 111, 109, 101, 83, 99, 97, 112, 101, 0, 0, 0, 0, -1, 0, 0, 0, 0, 0, 0, 0, 0, 0, 0, 0, 0, 0, 0] strings=|||||||H|||||||||||||||||HomeScape|||||||||||||||||||
428 legacy=454 raw=[4, 1, 0, 0, 0, 10, 10, 57, 0, -106, 0, 14, 0, 0, 0, -1, -1, 1, 1, 0, 1, 1, 0, 4, 0, 13, 2, -106, 0, 1, 0, 0, 0, 0, 0, 1, -17, 1, 72, 111, 109, 101, 32, 83, 119, 101, 101, 116, 32, 72, 111, 109, 101, 0, 0, 0, -1, 0, 0, 0, 0, -1, 0, 0, 0, 0, 0, 0, 0, 0, 0, 0] strings=|||||||9||||||||||||||||||||||||||||||Home Sweet Home|||||||||||||||||||
429 legacy=634 raw=[4, 1, 0, 0, 0, 10, 24, 13, 0, -106, 0, 14, 0, 0, 0, -1, -1, 1, 1, 0, 1, 1, 0, 4, 0, 13, 2, -47, 0, 7, 0, 0, 0, 0, 0, 1, -17, 1, 87, 97, 114, 114, 105, 111, 114, 115, 39, 32, 71, 117, 105, 108, 100, 0, 0, 0, -1, 0, 0, 0, 0, -1, 0, 0, 0, 0, 0, 0, 0, 0, 0, 0] strings=||||||||||||||||||||||||||||||||||||||Warriors' Guild|||||||||||||||||||
430 legacy=-1 raw=[4, 1, 0, 0, 0, 10, 9, -108, 0, -106, 0, 14, 0, 0, 0, -1, -1, 1, 1, 0, 1, 1, 0, 4, 0, 13, 2, -47, 0, 13, 0, 0, 0, 0, 0, 1, -17, 1, 72, 65, 77, 32, 102, 105, 115, 116, 101, 100, 0, 0, 0, -1, 0, 0, 0, 0, -1, 0, 0, 0, 0, 0, 0, 0, 0, 0, 0] strings=||||||||||||||||||||||||||||||||||||||HAM fisted|||||||||||||||||||
431 legacy=311 raw=[4, 1, 0, 0, 0, 10, 19, -28, 0, -106, 0, 14, 0, 0, 0, -1, -1, 1, 1, 0, 1, 1, 0, 4, 0, 13, 2, -47, 0, 15, 0, 0, 0, 0, 0, 1, -17, 1, 83, 105, 103, 109, 117, 110, 100, 39, 115, 32, 83, 104, 111, 119, 100, 111, 119, 110, 0, 0, 0, -1, 0, 0, 0, 0, -1, 0, 0, 0, 0, 0, 0, 0, 0, 0, 0] strings=||||||||||||||||||||||||||||||||||||||Sigmund's Showdown|||||||||||||||||||
432 legacy=610 raw=[4, 1, 0, 0, 0, 10, 5, 122, 0, -106, 0, 14, 0, 0, 0, -1, -1, 1, 1, 0, 1, 1, 0, 4, 0, 13, 2, -106, 0, 25, 0, 0, 0, 0, 0, 1, -17, 1, 68, 105, 115, 116, 105, 108, 108, 101, 114, 121, 32, 72, 105, 108, 97, 114, 105, 116, 121, 0, 0, 0, -1, 0, 0, 0, 0, -1, 0, 0, 0, 0, 0, 0, 0, 0, 0, 0] strings=|||||||z||||||||||||||||||||||||||||||Distillery Hilarity|||||||||||||||||||
433 legacy=631 raw=[4, 1, 0, 0, 0, 10, 12, -66, 0, -106, 0, 14, 0, 0, 0, -1, -1, 1, 1, 0, 1, 1, 0, 4, 0, 13, 2, -47, 0, 8, 0, 0, 0, 0, 0, 1, -17, 1, 76, 105, 102, 101, 39, 115, 32, 97, 32, 66, 101, 97, 99, 104, 33, 0, 0, 0, -1, 0, 0, 0, 0, -1, 0, 0, 0, 0, 0, 0, 0, 0, 0, 0] strings=||||||||||||||||||||||||||||||||||||||Life's a Beach!|||||||||||||||||||
434 legacy=632 raw=[4, 1, 0, 0, 0, 10, 12, -6, 0, -106, 0, 14, 0, 0, 0, -1, -1, 1, 1, 0, 1, 1, 0, 4, 0, 13, 2, -47, 0, 10, 0, 0, 0, 0, 0, 1, -17, 1, 76, 105, 116, 116, 108, 101, 32, 67, 97, 118, 101, 32, 111, 102, 32, 72, 111, 114, 114, 111, 114, 115, 0, 0, 0, -1, 0, 0, 0, 0, -1, 0, 0, 0, 0, 0, 0, 0, 0, 0, 0] strings=||||||||||||||||||||||||||||||||||||||Little Cave of Horrors|||||||||||||||||||
435 legacy=611 raw=[4, 1, 0, 0, 0, 10, 22, -31, 0, -106, 0, 14, 0, 0, 0, -1, -1, 1, 1, 0, 1, 1, 0, 4, 0, 13, 2, -106, 0, 26, 0, 0, 0, 0, 0, 1, -17, 1, 84, 114, 111, 117, 98, 108, 101, 32, 66, 114, 101, 119, 105, 110, 103, 0, 0, 0, -1, 0, 0, 0, 0, -1, 0, 0, 0, 0, 0, 0, 0, 0, 0, 0] strings=||||||||||||||||||||||||||||||||||||||Trouble Brewing|||||||||||||||||||
436 legacy=560 raw=[4, 1, 0, 0, 0, 10, 4, 94, 0, -106, 0, 14, 0, 0, 0, -1, -1, 1, 1, 0, 1, 1, 0, 4, 0, 13, 2, -106, 0, 6, 0, 0, 0, 0, 0, 1, -17, 1, 68, 97, 110, 99, 101, 32, 111, 102, 32, 68, 101, 97, 116, 104, 0, 0, 0, -1, 0, 0, 0, 0, -1, 0, 0, 0, 0, 0, 0, 0, 0, 0, 0] strings=|||||||^||||||||||||||||||||||||||||||Dance of Death|||||||||||||||||||
437 legacy=537 raw=[4, 1, 0, 0, 0, 10, 5, -119, 0, -106, 0, 14, 0, 0, 0, -1, -1, 1, 1, 0, 1, 1, 0, 4, 0, 13, 2, -106, 0, 3, 0, 0, 0, 0, 0, 1, -17, 1, 68, 111, 103, 115, 32, 111, 102, 32, 87, 97, 114, 0, 0, 0, -1, 0, 0, 0, 0, -1, 0, 0, 0, 0, 0, 0, 0, 0, 0, 0] strings=||||||||||||||||||||||||||||||||||||||Dogs of War|||||||||||||||||||
438 legacy=558 raw=[4, 1, 0, 0, 0, 10, 7, -16, 0, -106, 0, 14, 0, 0, 0, -1, -1, 1, 1, 0, 1, 1, 0, 4, 0, 13, 2, -106, 0, 4, 0, 0, 0, 0, 0, 1, -17, 1, 70, 111, 111, 100, 32, 102, 111, 114, 32, 84, 104, 111, 117, 103, 104, 116, 0, 0, 0, -1, 0, 0, 0, 0, -1, 0, 0, 0, 0, 0, 0, 0, 0, 0, 0] strings=||||||||||||||||||||||||||||||||||||||Food for Thought|||||||||||||||||||
439 legacy=559 raw=[4, 1, 0, 0, 0, 10, 13, -37, 0, -106, 0, 14, 0, 0, 0, -1, -1, 1, 1, 0, 1, 1, 0, 4, 0, 13, 2, -106, 0, 5, 0, 0, 0, 0, 0, 1, -17, 1, 77, 97, 108, 97, 100, 121, 0, 0, 0, -1, 0, 0, 0, 0, -1, 0, 0, 0, 0, 0, 0, 0, 0, 0, 0] strings=||||||||||||||||||||||||||||||||||||||Malady|||||||||||||||||||
440 legacy=633 raw=[4, 1, 0, 0, 0, 10, 16, 21, 0, -106, 0, 14, 0, 0, 0, -1, -1, 1, 1, 0, 1, 1, 0, 4, 0, 13, 2, -47, 0, 9, 0, 0, 0, 0, 0, 1, -17, 1, 79, 110, 32, 116, 104, 101, 32, 87, 105, 110, 103, 0, 0, 0, -1, 0, 0, 0, 0, -1, 0, 0, 0, 0, 0, 0, 0, 0, 0, 0] strings=||||||||||||||||||||||||||||||||||||||On the Wing|||||||||||||||||||
441 legacy=126 raw=[4, 1, 0, 0, 0, 10, 24, 88, 0, -106, 0, 14, 0, 0, 0, -1, -1, 1, 1, 0, 1, 1, 0, 4, 0, 13, 2, -47, 0, 18, 0, 0, 0, 0, 0, 1, -17, 1, 87, 101, 32, 97, 114, 101, 32, 116, 104, 101, 32, 70, 97, 105, 114, 105, 101, 115, 0, 0, 0, -1, 0, 0, 0, 0, -1, 0, 0, 0, 0, 0, 0, 0, 0, 0, 0] strings=|||||||X||||||||||||||||||||||||||||||We are the Fairies|||||||||||||||||||
442 legacy=86 raw=[4, 1, 0, 0, 0, 10, 5, 92, 0, -106, 0, 14, 0, 0, 0, -1, -1, 1, 1, 0, 1, 1, 0, 4, 0, 13, 2, -47, 0, 19, 0, 0, 0, 0, 0, 1, -17, 1, 68, 105, 109, 101, 110, 115, 105, 111, 110, 32, 88, 0, 0, 0, -1, 0, 0, 0, 0, -1, 0, 0, 0, 0, 0, 0, 0, 0, 0, 0] strings=|||||||\||||||||||||||||||||||||||||||Dimension X|||||||||||||||||||
443 legacy=-1 raw=[4, 1, 0, 0, 0, 10, 0, 83, 0, -106, 0, 14, 0, 0, 0, -1, -1, 1, 1, 0, 1, 1, 0, 4, 0, 13, 2, -47, 0, 20, 0, 0, 0, 0, 0, 1, -17, 1, 65, 108, 108, 39, 115, 32, 70, 97, 105, 114, 121, 32, 105, 110, 32, 76, 111, 118, 101, 39, 110, 39, 87, 97, 114, 0, 0, 0, -1, 0, 0, 0, 0, -1, 0, 0, 0, 0, 0, 0, 0, 0, 0, 0] strings=|||||||S||||||||||||||||||||||||||||||All's Fairy in Love'n'War|||||||||||||||||||
444 legacy=591 raw=[4, 1, 0, 0, 0, 10, 22, 45, 0, -106, 0, 14, 0, 0, 0, -1, -1, 1, 1, 0, 1, 1, 0, 4, 0, 13, 2, -106, 0, 18, 0, 0, 0, 0, 0, 1, -17, 1, 84, 111, 109, 98, 32, 82, 97, 105, 100, 101, 114, 0, 0, 0, -1, 0, 0, 0, 0, -1, 0, 0, 0, 0, 0, 0, 0, 0, 0, 0] strings=|||||||-||||||||||||||||||||||||||||||Tomb Raider|||||||||||||||||||
445 legacy=327 raw=[4, 1, 0, 0, 0, 10, 23, -32, 0, -106, 0, 14, 0, 0, 0, -1, -1, 1, 1, 0, 1, 1, 0, 4, 0, 13, 2, -47, 0, 2, 0, 0, 0, 0, 0, 1, -17, 1, 87, 97, 107, 105, 110, 103, 32, 68, 114, 101, 97, 109, 0, 0, 0, -1, 0, 0, 0, 0, -1, 0, 0, 0, 0, 0, 0, 0, 0, 0, 0] strings=||||||||||||||||||||||||||||||||||||||Waking Dream|||||||||||||||||||
446 legacy=623 raw=[4, 1, 0, 0, 0, 10, 5, -29, 0, -106, 0, 14, 0, 0, 0, -1, -1, 1, 1, 0, 1, 1, 0, 4, 0, 13, 2, -47, 0, 3, 0, 0, 0, 0, 0, 1, -17, 1, 68, 114, 101, 97, 109, 115, 116, 97, 116, 101, 0, 0, 0, -1, 0, 0, 0, 0, -1, 0, 0, 0, 0, 0, 0, 0, 0, 0, 0] strings=||||||||||||||||||||||||||||||||||||||Dreamstate|||||||||||||||||||
447 legacy=625 raw=[4, 1, 0, 0, 0, 10, 13, 114, 0, -106, 0, 14, 0, 0, 0, -1, -1, 1, 1, 0, 1, 1, 0, 4, 0, 13, 2, -47, 0, 4, 0, 0, 0, 0, 0, 1, -17, 1, 84, 104, 101, 32, 76, 117, 110, 97, 114, 32, 73, 115, 108, 101, 0, 0, 0, -1, 0, 0, 0, 0, -1, 0, 0, 0, 0, 0, 0, 0, 0, 0, 0] strings=|||||||r||||||||||||||||||||||||||||||The Lunar Isle|||||||||||||||||||
448 legacy=268 raw=[4, 1, 0, 0, 0, 10, 11, 56, 0, -106, 0, 14, 0, 0, 0, -1, -1, 1, 1, 0, 1, 1, 0, 4, 0, 13, 2, -47, 0, 5, 0, 0, 0, 0, 0, 1, -17, 1, 73, 115, 108, 101, 32, 111, 102, 32, 69, 118, 101, 114, 121, 119, 104, 101, 114, 101, 0, 0, 0, -1, 0, 0, 0, 0, -1, 0, 0, 0, 0, 0, 0, 0, 0, 0, 0] strings=|||||||8||||||||||||||||||||||||||||||Isle of Everywhere|||||||||||||||||||
449 legacy=626 raw=[4, 1, 0, 0, 0, 10, 24, 58, 0, -106, 0, 14, 0, 0, 0, -1, -1, 1, 1, 0, 1, 1, 0, 4, 0, 13, 2, -47, 0, 6, 0, 0, 0, 0, 0, 1, -17, 1, 87, 97, 121, 32, 111, 102, 32, 116, 104, 101, 32, 69, 110, 99, 104, 97, 110, 116, 101, 114, 0, 0, 0, -1, 0, 0, 0, 0, -1, 0, 0, 0, 0, 0, 0, 0, 0, 0, 0] strings=|||||||:||||||||||||||||||||||||||||||Way of the Enchanter|||||||||||||||||||
450 legacy=630 raw=[4, 1, 0, 0, 0, 10, 8, -122, 0, -106, 0, 14, 0, 0, 0, -1, -1, 1, 1, 0, 1, 1, 0, 4, 0, 13, 2, -47, 0, 12, 0, 0, 0, 0, 0, 1, -17, 1, 84, 104, 101, 32, 71, 97, 108, 108, 101, 111, 110, 0, 0, 0, -1, 0, 0, 0, 0, -1, 0, 0, 0, 0, 0, 0, 0, 0, 0, 0] strings=||||||||||||||||||||||||||||||||||||||The Galleon|||||||||||||||||||
451 legacy=194 raw=[4, 1, 0, 0, 0, 10, 2, 126, 0, -106, 0, 14, 0, 0, 0, -1, -1, 1, 1, 0, 1, 1, 0, 4, 0, 13, 2, -47, 0, 27, 0, 0, 0, 0, 0, 1, -17, 1, 66, 114, 105, 109, 115, 116, 97, 105, 108, 39, 115, 32, 83, 99, 97, 108, 101, 115, 0, 0, 0, -1, 0, 0, 0, 0, -1, 0, 0, 0, 0, 0, 0, 0, 0, 0, 0] strings=|||||||~||||||||||||||||||||||||||||||Brimstail's Scales|||||||||||||||||||
452 legacy=197 raw=[4, 1, 0, 0, 0, 10, 12, 55, 0, -106, 0, 14, 0, 0, 0, -1, -1, 1, 1, 0, 1, 1, 0, 4, 0, 13, 2, -47, 0, 14, 0, 0, 0, 0, 0, 1, -17, 1, 76, 97, 109, 101, 110, 116, 32, 111, 102, 32, 77, 101, 105, 121, 101, 114, 100, 105, 116, 99, 104, 0, 0, 0, -1, 0, 0, 0, 0, -1, 0, 0, 0, 0, 0, 0, 0, 0, 0, 0] strings=|||||||7||||||||||||||||||||||||||||||Lament of Meiyerditch|||||||||||||||||||
453 legacy=643 raw=[4, 1, 0, 0, 0, 10, 12, 115, 0, -106, 0, 14, 0, 0, 0, -1, -1, 1, 1, 0, 1, 1, 0, 4, 0, 13, 2, -47, 0, 16, 0, 0, 0, 0, 0, 1, -17, 1, 84, 104, 101, 32, 76, 97, 115, 116, 32, 83, 104, 97, 110, 116, 121, 0, 0, 0, -1, 0, 0, 0, 0, -1, 0, 0, 0, 0, 0, 0, 0, 0, 0, 0] strings=|||||||s||||||||||||||||||||||||||||||The Last Shanty|||||||||||||||||||
454 legacy=-1 raw=[4, 1, 0, 0, 0, 10, 15, -54, 0, -106, 0, 14, 0, 0, 0, -1, -1, 1, 1, 0, 1, 1, 0, 4, 0, 13, 2, -47, 0, 17, 0, 0, 0, 0, 0, 1, -17, 1, 78, 105, 103, 104, 116, 32, 111, 102, 32, 116, 104, 101, 32, 86, 97, 109, 112, 121, 114, 101, 0, 0, 0, -1, 0, 0, 0, 0, -1, 0, 0, 0, 0, 0, 0, 0, 0, 0, 0] strings=||||||||||||||||||||||||||||||||||||||Night of the Vampyre|||||||||||||||||||
455 legacy=200 raw=[4, 1, 0, 0, 0, 10, 14, -23, 0, -106, 0, 14, 0, 0, 0, -1, -1, 1, 1, 0, 1, 1, 0, 4, 0, 13, 2, -47, 0, 11, 0, 0, 0, 0, 0, 1, -17, 1, 84, 104, 101, 32, 77, 111, 108, 108, 117, 115, 99, 32, 77, 101, 110, 97, 99, 101, 0, 0, 0, -1, 0, 0, 0, 0, -1, 0, 0, 0, 0, 0, 0, 0, 0, 0, 0] strings=||||||||||||||||||||||||||||||||||||||The Mollusc Menace|||||||||||||||||||
456 legacy=202 raw=[4, 1, 0, 0, 0, 10, 17, 35, 0, -106, 0, 14, 0, 0, 0, -1, -1, 1, 1, 0, 1, 1, 0, 4, 0, 13, 2, -47, 0, 30, 0, 0, 0, 0, 0, 1, -17, 1, 80, 114, 105, 109, 101, 32, 84, 105, 109, 101, 0, 0, 0, -1, 0, 0, 0, 0, -1, 0, 0, 0, 0, 0, 0, 0, 0, 0, 0] strings=|||||||#||||||||||||||||||||||||||||||Prime Time|||||||||||||||||||
457 legacy=-1 raw=[4, 1, 0, 0, 0, 10, 15, 97, 0, -106, 0, 14, 0, 0, 0, -1, -1, 1, 1, 0, 1, 1, 0, 4, 0, 13, 2, -47, 0, 28, 0, 0, 0, 0, 0, 1, -17, 1, 77, 121, 32, 65, 114, 109, 39, 115, 32, 74, 111, 117, 114, 110, 101, 121, 0, 0, 0, -1, 0, 0, 0, 0, -1, 0, 0, 0, 0, 0, 0, 0, 0, 0, 0] strings=|||||||a||||||||||||||||||||||||||||||My Arm's Journey|||||||||||||||||||
458 legacy=204 raw=[4, 1, 0, 0, 0, 10, 17, -11, 0, -106, 0, 14, 0, 0, 0, -1, -1, 1, 1, 0, 1, 1, 0, 4, 0, 13, 3, -118, 0, 8, 0, 0, 0, 0, 0, 1, -17, 1, 82, 111, 99, 32, 97, 110, 100, 32, 82, 111, 108, 108, 0, 0, 0, -1, 0, 0, 0, 0, -1, 0, 0, 0, 0, 0, 0, 0, 0, 0, 0] strings=||||||||||||||||||||||||||||||||||||||Roc and Roll|||||||||||||||||||
459 legacy=205 raw=[4, 1, 0, 0, 0, 10, 10, 42, 0, -106, 0, 14, 0, 0, 0, -1, -1, 1, 1, 0, 1, 1, 0, 4, 0, 13, 3, -118, 0, 9, 0, 0, 0, 0, 0, 1, -17, 1, 72, 105, 103, 104, 32, 83, 112, 105, 114, 105, 116, 115, 0, 0, 0, -1, 0, 0, 0, 0, -1, 0, 0, 0, 0, 0, 0, 0, 0, 0, 0] strings=|||||||*||||||||||||||||||||||||||||||High Spirits|||||||||||||||||||
460 legacy=206 raw=[4, 1, 0, 0, 0, 10, 7, -46, 0, -106, 0, 14, 0, 0, 0, -1, -1, 1, 1, 0, 1, 1, 0, 4, 0, 13, 3, -118, 0, 7, 0, 0, 0, 0, 0, 1, -17, 1, 70, 108, 111, 97, 116, 105, 110, 103, 32, 70, 114, 101, 101, 0, 0, 0, -1, 0, 0, 0, 0, -1, 0, 0, 0, 0, 0, 0, 0, 0, 0, 0] strings=||||||||||||||||||||||||||||||||||||||Floating Free|||||||||||||||||||
461 legacy=207 raw=[4, 1, 0, 0, 0, 10, 18, -87, 0, -106, 0, 14, 0, 0, 0, -1, -1, 0, 0, 0, 0, 0, 1, -17, 1, 83, 99, 97, 112, 101, 32, 72, 117, 110, 116, 101, 114, 0, 0, 0, 0, -1, 0, 0, 0, -1, 0, 0, 0, 0, 0, 0, 0, 0, 0, 0] strings=|||||||||||||||||||||||||Scape Hunter|||||||||||||||||||
462 legacy=-1 raw=[4, 1, 0, 0, 0, 10, 6, 31, 0, -106, 0, 14, 0, 0, 0, -1, -1, 1, 1, 0, 1, 1, 0, 4, 0, 13, 1, -98, 0, 0, 0, 0, 0, 0, 0, 1, -17, 1, 69, 97, 103, 108, 101, 115, 39, 32, 80, 101, 97, 107, 0, 0, 0, -1, 0, 0, 0, 0, -1, 0, 0, 0, 0, 0, 0, 0, 0, 0, 0] strings=||||||||||||||||||||||||||||||||||||||Eagles' Peak|||||||||||||||||||
463 legacy=548 raw=[4, 1, 0, 0, 0, 10, 17, 5, 0, -106, 0, 14, 0, 0, 0, -1, -1, 1, 1, 0, 1, 1, 0, 4, 0, 13, 2, 86, 0, 30, 0, 0, 0, 0, 0, 1, -17, 1, 80, 111, 108, 101, 115, 32, 65, 112, 97, 114, 116, 0, 0, 0, -1, 0, 0, 0, 0, -1, 0, 0, 0, 0, 0, 0, 0, 0, 0, 0] strings=|||||||||||||||||||||||||||V||||||||||Poles Apart|||||||||||||||||||
464 legacy=460 raw=[4, 1, 0, 0, 0, 10, 11, 86, 0, -106, 0, 14, 0, 0, 0, -1, -1, 1, 1, 0, 1, 1, 0, 4, 0, 13, 2, -106, 0, 2, 0, 0, 0, 0, 0, 1, -17, 1, 74, 111, 121, 32, 111, 102, 32, 116, 104, 101, 32, 72, 117, 110, 116, 0, 0, 0, -1, 0, 0, 0, 0, -1, 0, 0, 0, 0, 0, 0, 0, 0, 0, 0] strings=|||||||V||||||||||||||||||||||||||||||Joy of the Hunt|||||||||||||||||||
465 legacy=479 raw=[4, 1, 0, 0, 0, 10, 11, -95, 0, -106, 0, 14, 0, 0, 0, -1, -1, 1, 1, 0, 1, 1, 0, 4, 0, 13, 1, -48, 0, 23, 0, 0, 0, 0, 0, 1, -17, 1, 74, 117, 110, 103, 108, 101, 32, 84, 114, 111, 117, 98, 108, 101, 115, 0, 0, 0, -1, 0, 0, 0, 0, -1, 0, 0, 0, 0, 0, 0, 0, 0, 0, 0] strings=||||||||||||||||||||||||||||||||||||||Jungle Troubles|||||||||||||||||||
466 legacy=287 raw=[4, 1, 0, 0, 0, 10, 24, 118, 0, -106, 0, 14, 0, 0, 0, -1, -1, 1, 1, 0, 1, 1, 0, 4, 0, 13, 3, -118, 0, 0, 0, 0, 0, 0, 0, 1, -17, 1, 87, 104, 101, 114, 101, 32, 69, 97, 103, 108, 101, 115, 32, 76, 97, 105, 114, 0, 0, 0, -1, 0, 0, 0, 0, -1, 0, 0, 0, 0, 0, 0, 0, 0, 0, 0] strings=|||||||v||||||||||||||||||||||||||||||Where Eagles Lair|||||||||||||||||||
467 legacy=209 raw=[4, 1, 0, 0, 0, 10, 11, 101, 0, -106, 0, 14, 0, 0, 0, -1, -1, 1, 1, 0, 1, 1, 0, 4, 0, 13, 3, -118, 0, 13, 0, 0, 0, 0, 0, 1, -17, 1, 74, 117, 110, 103, 108, 101, 32, 66, 101, 108, 108, 115, 0, 0, 0, -1, 0, 0, 0, 0, -1, 0, 0, 0, 0, 0, 0, 0, 0, 0, 0] strings=|||||||e||||||||||||||||||||||||||||||Jungle Bells|||||||||||||||||||
468 legacy=-1 raw=[4, 1, 0, 0, 0, 10, 11, -125, 0, -106, 0, 14, 0, 0, 0, -1, -1, 1, 1, 0, 1, 1, 0, 4, 0, 13, 3, -118, 0, 11, 0, 0, 0, 0, 0, 1, -17, 1, 74, 117, 110, 103, 108, 101, 32, 73, 115, 108, 97, 110, 100, 32, 88, 109, 97, 115, 0, 0, 0, -1, 0, 0, 0, 0, -1, 0, 0, 0, 0, 0, 0, 0, 0, 0, 0] strings=||||||||||||||||||||||||||||||||||||||Jungle Island Xmas|||||||||||||||||||
469 legacy=-1 raw=[4, 1, 0, 0, 0, 10, 19, 78, 0, -106, 0, 14, 0, 0, 0, -1, -1, 1, 1, 0, 1, 1, 0, 4, 0, 13, 3, -118, 0, 12, 0, 0, 0, 0, 0, 1, -17, 1, 83, 101, 97, 32, 83, 104, 97, 110, 116, 121, 32, 88, 109, 97, 115, 0, 0, 0, -1, 0, 0, 0, 0, -1, 0, 0, 0, 0, 0, 0, 0, 0, 0, 0] strings=|||||||N||||||||||||||||||||||||||||||Sea Shanty Xmas|||||||||||||||||||
homescape asset=621
