# LostCityRS/Content 4949e619a53f40c0fe83395df89bd35ff1f044f4; kind	id	name	examine
item	0	Dwarf remains	The body of a Dwarf savaged by Goblins.
item	1	Tool kit	These could be handy.
item	2	Cannonball	Ammo for the Dwarf Cannon.
item	3	Nulodion's notes	Construction notes for Dwarf cannon ammo.
item	4	Ammo mould	Used to make cannon ammunition.
item	5	Instruction manual	An old note book.
item	6	Cannon base	The cannon is built on this.
item	8	Cannon stand	The mounting for the multicannon.
item	10	Cannon barrels	The barrels of the multicannon.
item	12	Cannon furnace	This powers the multicannon.
item	14	Railing	A metal railing replacement.
item	15	Holy table napkin	A cloth given to me by Sir Galahad.
item	16	Magic whistle	A small tin whistle.
item	17	Grail bell	I wonder what happens when I ring it?
item	18	Magic gold feather	It will point the way for me.
item	19	Holy grail	A holy and powerful artefact.
item	20	Cog	A cog from some machinery.
item	21	Cog	A cog from some machinery.
item	22	Cog	A cog from some machinery.
item	23	Cog	A cog from some machinery.
item	24	Rat poison	Doesn't look very tasty.
item	25	Red vine worm	Wormy.
item	26	Fishing trophy	Hemenster fishing contest trophy.
item	27	Fishing pass	Pass to the Hemenster fishing contest.
item	28	Insect repellent	Drives away all known 6 legged creatures.
item	30	Bucket of wax	It's a bucket of wax.
item	32	Lit black candle	A lit spooky candle.
item	33	Lit candle	A lit candle.
item	34	Lit candle	A lit candle.
item	35	Excalibur	This used to belong to King Arthur.
item	36	Candle	A candle.
item	38	Black candle	A spooky candle.
item	39	Bronze arrowtips	I can make an arrow with these.
item	40	Iron arrowtips	I can make an arrow with these.
item	41	Steel arrowtips	I can make an arrow with these.
item	42	Mithril arrowtips	I can make an arrow with these.
item	43	Adamant arrowtips	I can make an arrow with these.
item	44	Rune arrowtips	I can make an arrow with these.
item	45	Opal bolttips	I can make bolts with these.
item	46	Pearl bolttips	I can make bolts with these.
item	47	Barb bolttips	I can make bolts with these.
item	48	Longbow (u)	I need to find a string for this.
item	50	Shortbow (u)	I need to find a string for this.
item	52	Arrow shaft	A wooden arrow shaft.
item	53	Headless arrow	A wooden arrow shaft with flights attached.
item	54	Oak shortbow (u)	An unstrung oak shortbow, I need a bowstring for this.
item	56	Oak longbow (u)	An unstrung oak longbow, I need a bowstring for this.
item	58	Willow longbow (u)	An unstrung willow longbow, I need a bowstring for this.
item	60	Willow shortbow (u)	An unstrung willow shortbow, I need a bowstring for this.
item	62	Maple longbow (u)	An unstrung maple longbow, I need a bowstring for this.
item	64	Maple shortbow (u)	An unstrung maple shortbow, I need a bowstring for this.
item	66	Yew longbow (u)	An unstrung yew longbow, I need a bowstring for this.
item	68	Yew shortbow (u)	An unstrung yew shortbow, I need a bowstring for this.
item	70	Magic longbow (u)	An unstrung magic longbow, I need a bowstring for this.
item	72	Magic shortbow (u)	An unstrung magic shortbow, I need a bowstring for this.
item	74	Khazard helmet	A helmet, as worn by the minions of General Khazard.
item	75	Khazard armour	Armour, as worn by the minions of General Khazard.
item	76	Khazard cell keys	These keys open the cells at the Khazard fight arena.
item	77	Khali brew	A bottle of Khazard's worst brew.
item	78	Ice arrows	Can only be fired with yew or magic bows.
item	83	Lever	A lever to open something perhaps?
item	84	Staff of armadyl	The power in this staff causes it to vibrate gently.
item	85	Shiny key	It catches the light!
item	86	Pendant of lucien	The amulet that Lucien gave you.
item	87	Armadyl pendant	Yet another amulet.
item	88	Boots of lightness	Magic boots that make you lighter than normal.
item	89	Boots of lightness	Magic boots that make you lighter than normal.
item	90	Child's blanket	It's very soft!
item	91	Unfinished potion	I need another ingredient to finish this Guam potion.
item	93	Unfinished potion	I need another ingredient to finish this Marrentill potion.
item	95	Unfinished potion	I need another ingredient to finish this Tarromin potion.
item	97	Unfinished potion	I need another ingredient to finish this Harralander potion.
item	99	Unfinished potion	I need another ingredient to finish this Ranarr potion.
item	101	Unfinished potion	I need another ingredient to finish this Irit potion.
item	103	Unfinished potion	I need another ingredient to finish this Avantoe potion.
item	105	Unfinished potion	I need another ingredient to finish this Kwuarm potion.
item	107	Unfinished potion	I need another ingredient to finish this Cadantine potion.
item	109	Unfinished potion	I need another ingredient to finish this Dwarf Weed potion.
item	111	Unfinished potion	I need another ingredient to finish this Torstol potion.
item	113	Strength potion(4)	4 doses of strength potion.
item	115	Strength potion(3)	3 doses of strength potion.
item	117	Strength potion(2)	2 doses of strength potion.
item	119	Strength potion(1)	1 dose of strength potion.
item	121	Attack potion(3)	3 doses of attack potion.
item	123	Attack potion(2)	2 doses of attack potion.
item	125	Attack potion(1)	1 dose of attack potion.
item	127	Restore potion(3)	3 doses of stat restoration potion.
item	129	Restore potion(2)	2 doses of stat restoration potion.
item	131	Restore potion(1)	1 dose of stat restoration potion.
item	133	Defence potion(3)	3 doses of defence potion.
item	135	Defence potion(2)	2 doses of defence potion.
item	137	Defence potion(1)	1 dose of defence potion.
item	139	Prayer potion(3)	3 doses of restore prayer potion.
item	141	Prayer potion(2)	2 doses of restore prayer potion.
item	143	Prayer potion(1)	1 dose of restore prayer potion.
item	145	Super attack(3)	3 doses of super attack potion.
item	147	Super attack(2)	2 doses of super attack potion.
item	149	Super attack(1)	1 dose of super attack potion.
item	151	Fishing potion(3)	3 doses of fishing potion.
item	153	Fishing potion(2)	2 doses of fishing potion.
item	155	Fishing potion(1)	1 dose of fishing potion.
item	157	Super strength(3)	3 doses of super strength potion.
item	159	Super strength(2)	2 doses of super strength potion.
item	161	Super strength(1)	1 dose of super strength potion.
item	163	Super defence(3)	3 doses of super defence potion.
item	165	Super defence(2)	2 doses of super defence potion.
item	167	Super defence(1)	1 dose of super defence potion.
item	169	Ranging potion(3)	3 doses of ranging potion.
item	171	Ranging potion(2)	2 doses of ranging potion.
item	173	Ranging potion(1)	1 dose of ranging potion.
item	175	Antipoison(3)	3 doses of antipoison potion.
item	177	Antipoison(2)	2 doses of antipoison potion.
item	179	Antipoison(1)	1 dose of antipoison potion.
item	181	Superantipoison(3)	3 doses of super antipoison potion.
item	183	Superantipoison(2)	2 doses of super antipoison potion.
item	185	Superantipoison(1)	1 dose of super antipoison potion.
item	187	Weapon poison	For use on daggers and projectiles.
item	189	Zamorak brew(3)	3 doses of Zamorak Brew.
item	191	Zamorak brew(2)	2 doses of Zamorak Brew.
item	193	Zamorak brew(1)	1 dose of Zamorak Brew.
item	195	Potion	This is meant to be good for spots.
item	197	Poison chalice	A cup of a strange brew...
item	199	Herb	I need a closer look to identify this.
item	201	Herb	I need a closer look to identify this.
item	203	Herb	I need a closer look to identify this.
item	205	Herb	I need a closer look to identify this.
item	207	Herb	I need a closer look to identify this.
item	209	Herb	I need a closer look to identify this.
item	211	Herb	I need a closer look to identify this.
item	213	Herb	I need a closer look to identify this.
item	215	Herb	I need a closer look to identify this.
item	217	Herb	I need a closer look to identify this.
item	219	Herb	I need a closer look to identify this.
item	221	Eye of newt	It seems to be looking at me.
item	223	Red spiders' eggs	Ewww!
item	225	Limpwurt root	The root of a limpwurt plant.
item	227	Vial of water	A glass vial containing water.
item	229	Vial	An empty glass vial.
item	231	Snape grass	Strange spiky grass.
item	233	Pestle and mortar	I can grind things for potions in this.
item	235	Unicorn horn dust	Finely ground horn of Unicorn.
item	237	Unicorn horn	This horn has restorative properties.
item	239	White berries	Sour berries, used in potions.
item	241	Dragon scale dust	Finely ground scale of Dragon.
item	243	Blue dragon scale	A large shiny scale.
item	245	Wine of zamorak	An evil wine for an evil god.
item	247	Jangerberries	They don't look very ripe.
item	249	Guam leaf	A bitter green herb.
item	251	Marrentill	A herb used in poison cures.
item	253	Tarromin	A useful herb.
item	255	Harralander	A useful herb.
item	257	Ranarr weed	A useful herb.
item	259	Irit leaf	A useful herb.
item	261	Avantoe	A useful herb.
item	263	Kwuarm	A powerful herb.
item	265	Cadantine	A powerful herb.
item	267	Dwarf weed	A powerful herb.
item	269	Torstol	A powerful herb.
item	271	Pressure gauge	It looks like part of a machine.
item	272	Fish food	Keeps your pet fish strong and healthy.
item	273	Poison	This stuff looks nasty.
item	274	Poisoned fish food	Doesn't seem very nice to the poor fishes.
item	275	Key	A slightly smelly key.
item	276	Rubber tube	It's slightly charred.
item	277	Oil can	It's pretty full.
item	278	Cattleprod	A sharp cattleprod.
item	279	Sheep feed	Councillor Halgrive gave me this to kill some sheep.
item	280	Sheep bones (1)	The suspicious-looking remains of a suspicious-looking sheep.
item	281	Sheep bones (2)	The suspicious-looking remains of a suspicious-looking sheep.
item	282	Sheep bones (3)	The suspicious-looking remains of a suspicious-looking sheep.
item	283	Sheep bones (4)	The suspicious-looking remains of a suspicious-looking sheep.
item	284	Plague jacket	This should protect me from the plague, I hope!
item	285	Plague trousers	These should protect me from the plague, I hope!
item	286	Orange goblin mail	Armour designed to fit goblins.
item	287	Blue goblin mail	Armour designed to fit goblins.
item	288	Goblin mail	Armour designed to fit goblins.
item	290	Research package	This contains some vital research results.
item	291	Notes	It seems to be written in some kind of code.
item	292	Book on baxtorian	A book on elven history in northern RuneScape.
item	293	A key	This will unlock something.
item	294	Glarial's pebble	A small pebble with elven inscription.
item	295	Glarial's amulet	A bright green gem set in a necklace.
item	296	Glarial's urn	An urn containing Glarial's ashes.
item	297	Glarial's urn	An empty urn made for Glarial's ashes.
item	298	A key	This will unlock something.
item	299	Mithril seeds	Magical seeds in a mithril case.
item	300	Rat's tail	A bit of rat.
item	301	Lobster pot	Useful for catching lobsters.
item	303	Small fishing net	Useful for catching small fish.
item	305	Big fishing net	Useful for catching lots of fish.
item	307	Fishing rod	Useful for catching sardine or herring.
item	309	Fly fishing rod	Useful for catching salmon or trout.
item	311	Harpoon	Useful for catching really big fish.
item	313	Fishing bait	For use with a fishing rod.
item	314	Feather	Used for fly fishing.
item	315	Shrimps	Some nicely cooked fish.
item	317	Raw shrimps	I should try cooking this.
item	319	Anchovies	Some nicely cooked fish.
item	321	Raw anchovies	I should try cooking this.
item	323	Burnt fish	Oops!
item	325	Sardine	Some nicely cooked fish.
item	327	Raw sardine	I should try cooking this.
item	329	Salmon	Some nicely cooked fish.
item	331	Raw salmon	I should try cooking this.
item	333	Trout	Some nicely cooked fish.
item	335	Raw trout	I should try cooking this.
item	337	Giant carp	Some nicely cooked fish.
item	338	Raw giant carp	I should try cooking this.
item	339	Cod	Some nicely cooked fish.
item	341	Raw cod	I should try cooking this.
item	343	Burnt fish	Oops!
item	345	Raw herring	I should try cooking this.
item	347	Herring	Some nicely cooked fish.
item	349	Raw pike	I should try cooking this.
item	351	Pike	Some nicely cooked Pike.
item	353	Raw mackerel	I should try cooking this.
item	355	Mackerel	Some nicely cooked fish.
item	357	Burnt fish	Oops!
item	359	Raw tuna	I should try cooking this.
item	361	Tuna	Wow, this is a big fish.
item	363	Raw bass	I should try cooking this.
item	365	Bass	Wow, this is a big fish.
item	367	Burnt fish	Oops!
item	369	Burnt fish	Oops!
item	371	Raw swordfish	I should try cooking this.
item	373	Swordfish	I'd better be careful eating this!
item	375	Burnt swordfish	Oops!
item	377	Raw lobster	I should try cooking this.
item	379	Lobster	This looks tricky to eat.
item	381	Burnt lobster	Oops!
item	383	Raw shark	I should try cooking this.
item	385	Shark	I'd better be careful eating this.
item	387	Burnt shark	Oops!
item	389	Raw manta ray	A rare catch.
item	391	Manta ray	A rare catch.
item	393	Burnt manta ray	Oops!
item	395	Raw sea turtle	A rare catch.
item	397	Sea turtle	Tasty!
item	399	Burnt sea turtle	Oops!
item	401	Seaweed	Slightly damp seaweed.
item	403	Edible seaweed	Slightly damp seaweed.
item	405	Casket	I hope there's treasure in it.
item	407	Oyster	It's a rare oyster.
item	409	Empty oyster	It's empty.
item	411	Oyster pearl	I could work wonders with a chisel on this pearl.
item	413	Oyster pearls	I could work wonders with a chisel on these pearls.
item	415	Ethenea	An expensive colourless liquid.
item	416	Liquid honey	This isn't worth much.
item	417	Sulphuric broline	It's highly poisonous.
item	418	Plague sample	Probably best I don't keep this too long.
item	419	Touch paper	A special kind of paper.
item	420	Distillator	Apparently it distills.
item	421	Lathas' amulet	Yup. It's an amulet.
item	422	Bird feed	Birds love this stuff!
item	423	Key	Opens things.
item	424	Pigeon cage	It's full of pigeons.
item	425	Pigeon cage	It's empty...
item	426	Priest gown	Top half of a priest suit.
item	428	Priest gown	Bottom half of a priest suit.
item	430	Doctors' gown	Medical looking.
item	431	Karamjan rum	A very strong spirit brewed in Karamja.
item	432	Chest key	A key to One eyed Hector's chest.
item	433	Pirate message	Pirates don't have the best handwriting...
item	434	Clay	Some hard dry clay.
item	436	Copper ore	This needs refining.
item	438	Tin ore	This needs refining.
item	440	Iron ore	This needs refining.
item	442	Silver ore	This needs refining.
item	444	Gold ore	This needs refining.
item	446	'perfect' gold ore	This needs refining.
item	447	Mithril ore	This needs refining.
item	449	Adamantite ore	This needs refining.
item	451	Runite ore	This needs refining.
item	453	Coal	Hmm a non-renewable energy source!
item	455	Barcrawl card	The official Alfred Grimhand bar crawl card.
item	456	Scorpion cage	It's empty!
item	457	Scorpion cage	There is 1 scorpion inside.
item	458	Scorpion cage	There are 2 scorpions inside.
item	459	Scorpion cage	There are 2 scorpions inside.
item	460	Scorpion cage	There is 1 scorpion inside.
item	461	Scorpion cage	There are 2 scorpions inside.
item	462	Scorpion cage	There is 1 scorpion inside.
item	463	Scorpion cage	There are 3 scorpions inside.
item	464	Strange fruit	I wonder what this tastes like?
item	466	Pickaxe handle	Useless without the head.
item	468	Broken pickaxe	Nurmof can fix this for me.
item	470	Broken pickaxe	Nurmof can fix this for me.
item	472	Broken pickaxe	Nurmof can fix this for me.
item	474	Broken pickaxe	Nurmof can fix this for me.
item	476	Broken pickaxe	Nurmof can fix this for me.
item	478	Broken pickaxe	Nurmof can fix this for me.
item	480	Bronze pick head	It's missing a handle.
item	482	Iron pick head	It's missing a handle.
item	484	Steel pick head	It's missing a handle.
item	486	Mithril pick head	It's missing a handle.
item	488	Adamant pick head	It's missing a handle.
item	490	Rune pick head	It's missing a handle.
item	492	Axe handle	Useless without the head.
item	494	Broken axe	Bob can fix this for me.
item	496	Broken axe	Bob can fix this for me.
item	498	Broken axe	Bob can fix this for me.
item	500	Broken axe	Bob can fix this for me.
item	502	Broken axe	Bob can fix this for me.
item	504	Broken axe	Bob can fix this for me.
item	506	Broken axe	Bob can fix this for me.
item	508	Bronze axe head	It's missing a handle.
item	510	Iron axe head	It's missing a handle.
item	512	Steel axe head	It's missing a handle.
item	514	Black axe head	It's missing a handle.
item	516	Mithril axe head	It's missing a handle.
item	518	Adamant axe head	It's missing a handle.
item	520	Rune axe head	It's missing a handle.
item	522	Enchanted beef	I don't fancy eating this now.
item	523	Enchanted rat	I don't fancy eating this now.
item	524	Enchanted bear	I don't fancy eating this now.
item	525	Enchanted chicken	I don't fancy eating this now.
item	526	Bones	Bones are for burying!
item	528	Burnt bones	Bones are for burying!
item	530	Bat bones	Bones are for burying!
item	532	Big bones	Ew it's a pile of bones.
item	534	Babydragon bones	Ew it's a pile of bones.
item	536	Dragon bones	These would feed a dog for months!
item	538	Druid's robe	Keeps a druid's knees nice and warm.
item	540	Druid's robe	I feel closer to the gods when I am wearing this.
item	542	Monk's robe	Keeps a monk's knees nice and warm.
item	544	Monk's robe	I feel closer to the gods when I am wearing this.
item	546	Shade robe	I feel closer to the gods when I am wearing this.
item	548	Shade robe	If a shade had knees, this would keep them nice and warm.
item	550	Newcomer map	Issued by RuneScape Council to all new citizens.
item	552	Ghostspeak amulet	It lets me talk to ghosts.
item	553	Skull	Ooooh spooky!
item	554	Fire rune	One of the 4 basic elemental Runes.
item	555	Water rune	One of the 4 basic elemental Runes.
item	556	Air rune	One of the 4 basic elemental Runes.
item	557	Earth rune	One of the 4 basic elemental Runes.
item	558	Mind rune	Used for basic level missile spells.
item	559	Body rune	Used for curse spells.
item	560	Death rune	Used for medium level missile spells.
item	561	Nature rune	Used for alchemy spells.
item	562	Chaos rune	Used for low level missile spells.
item	563	Law rune	Used for teleport spells.
item	564	Cosmic rune	Used for enchant spells.
item	565	Blood rune	Used for high level missile spells.
item	566	Soul rune	Used for high level curse spells.
item	567	Unpowered orb	I'd prefer it if it was powered.
item	569	Fire orb	A magic glowing orb.
item	571	Water orb	A magic glowing orb.
item	573	Air orb	A magic glowing orb.
item	575	Earth orb	A magic glowing orb.
item	577	Wizard robe	I can do magic better in this.
item	579	Wizard hat	A silly pointed hat.
item	581	Black robe	I can do magic better in this.
item	583	Bailing bucket	It's a bailing bucket.
item	585	Bailing bucket	It's a bailing bucket full of salty water.
item	587	Orb of protection	A strange glowing green orb.
item	588	Orbs of protection	Two strange glowing green orbs.
item	589	Gnome amulet	It's an amulet of protection given to me by the gnomes.
item	590	Tinderbox	Useful for lighting a fire.
item	592	Ashes	A heap of ashes.
item	594	Torch	A lit home-made torch.
item	595	Torch	A lit home-made torch.
item	596	Torch	An unlit home-made torch.
item	598	Bronze fire arrows	Arrows with bronze heads and oil soaked cloth.
item	599	Double helix	Who says it's just manners that maketh man?
item	600	Astrology book	A book on the history of Astrology in RuneScape.
item	601	Keep key	A small key for a jail door.
item	602	Lens mould	An unusual clay mould in the shape of a disc.
item	603	Lens	A perfectly circular disc of glass.
item	604	Bone shard	A slender bone shard given to you by Zadimus.
item	605	Bone key	A bone key fashioned from a shard of bone.
item	606	Stone-plaque	A stone plaque with carved letters in it.
item	607	Tattered scroll	An ancient tattered scroll.
item	608	Crumpled scroll	An ancient crumpled scroll.
item	609	Rashiliyia corpse	The remains of the Zombie Queen.
item	610	Zadimus corpse	The remains of Zadimus.
item	611	Locating crystal	A magical crystal sphere.
item	612	Locating crystal	A magical crystal sphere.
item	613	Locating crystal	A magical crystal sphere.
item	614	Locating crystal	A magical crystal sphere.
item	615	Locating crystal	A magical crystal sphere.
item	616	Beads of the dead	A curious looking neck ornament.
item	617	Coins	Lovely money!
item	618	Bone beads	Beads carved out of a bone.
item	619	Paramaya ticket	Allows you to rest in the luxurious Paramayer Inn.
item	621	Ship ticket	Allows you passage on the 'Lady of the waves' ship.
item	623	Sword pommel	An ivory sword pommel.
item	624	Bervirius notes	Notes taken from the tomb of Bervirius.
item	625	Wampum belt	A decorated belt used to trade information between distant villages.
item	626	Boots	They're soft and silky.
item	628	Boots	They're soft and silky.
item	630	Boots	They're soft and silky.
item	632	Boots	They're soft and silky.
item	634	Boots	They're soft and silky.
item	636	Robe top	The ultimate in gnome design.
item	638	Robe top	The ultimate in gnome design.
item	640	Robe top	The ultimate in gnome design.
item	642	Robe top	The ultimate in gnome design.
item	644	Robe top	The ultimate in gnome design.
item	646	Robe bottoms	Made by Tree Gnomes.
item	648	Robe bottoms	Made by Tree Gnomes.
item	650	Robe bottoms	Made by Tree Gnomes.
item	652	Robe bottoms	Made by Tree Gnomes.
item	654	Robe bottoms	Made by Tree Gnomes.
item	656	Hat	A silly pointed hat.
item	658	Hat	A silly pointed hat.
item	660	Hat	A silly pointed hat.
item	662	Hat	A silly pointed hat.
item	664	Hat	A silly pointed hat.
item	666	Portrait	Picture of a posing Paladin.
item	667	Blurite sword	A Faladian Knight's sword.
item	668	Blurite ore	Definitely blue.
item	669	Specimen jar	A receptacle for specimens!
item	670	Specimen brush	A small brush used to clean rock samples.
item	671	Rock sample 1	A carefully-kept-safe rock sample.
item	672	Rock sample 2	A carefully-kept-safe rock sample.
item	673	Rock sample 3	A carefully-kept-safe rock sample.
item	674	Rock sample	A rough shaped piece of rock.
item	675	Rock pick	A small pick for cracking rock samples.
item	676	Trowel	Used for digging!
item	677	Panning tray	An empty tray for panning.
item	678	Panning tray	This tray contains gold.
item	679	Panning tray	This tray contains mud.
item	680	Nuggets	Pure, lovely gold!
item	681	Zaros talisman	An unusual symbol of a lesser-known god.
item	682	Unstamped letter	A scroll waiting to be stamped.
item	683	Stamped letter	A stamped scroll of recommendation.
item	684	Belt buckle	Used to hold up trousers!
item	685	Old boot	Phew!
item	686	Rusty sword	A decent enough weapon gone rusty.
item	687	Broken arrow	This must have been shot at high speed.
item	688	Buttons	Not Dick Whittington's helper at all!
item	689	Broken staff	I pity the poor person beaten with this!
item	690	Broken glass	Watch those feet!
item	691	Level 1 certificate	The owner has passed the Earth Sciences level 1 exam.
item	692	Level 2 certificate	The owner has passed Earth Sciences level 2 exam.
item	693	Level 3 certificate	The owner has passed Earth Sciences level 3 exam.
item	694	Ceramic remains	Smashing!
item	695	Old tooth	Now if I can just find a tooth fairy to sell this to...
item	696	Invitation letter	A letter inviting me to use the private digshafts.
item	697	Damaged armour	Beyond repair.
item	698	Broken armour	No use to me...
item	699	Stone tablet	An old stone slab with writing on it.
item	700	Chemical powder	An acrid chemical.
item	701	Ammonium nitrate	An acrid chemical.
item	702	Unidentified liquid	A strong chemical.
item	703	Nitroglycerin	A strong chemical.
item	704	Ground charcoal	Charcoal, crushed to small pieces!
item	705	Mixed chemicals	A mixture of strong chemicals.
item	706	Mixed chemicals	A mixture of strong chemicals.
item	707	Chemical compound	A mixture of strong chemicals.
item	708	Arcenia root	The root of an Arcenia plant.
item	709	Chest key	This fits a chest.
item	710	Vase	A vessel for holding plants.
item	711	Book on chemicals	It's about chemicals, judging from its cover.
item	712	Cup of tea	A refreshing cuppa.
item	713	Enjifern	Truly fun to have around.
item	714	Radimus notes	Notes given to you by Radimus Erkle, it includes a partially completed map.
item	715	Radimus notes	Notes given to you by Radimus Erkle, it includes a partially completed map.
item	716	Bull roarer	It makes a loud but interesting sound when swung in the air.
item	717	Scrawled note	A scrawled note with spidery writing on it.
item	718	A scribbled note	A scrawled note with spidery writing on it.
item	719	Scrumpled note	A scrawled note with spidery writing on it.
item	720	Sketch	A rough sketch of a bowl shaped vessel given to you by Gujuo.
item	721	Gold bowl	A specially made bowl constructed out of pure gold.
item	722	Blessed gold bowl	A specially made bowl constructed out of pure gold and blessed.
item	723	Golden bowl	A specially made golden bowl with water.
item	724	Golden bowl	A specially made bowl constructed out of pure gold. It has pure water in it.
item	725	Golden bowl	A blessed golden bowl. It has water in it.
item	726	Golden bowl	A blessed golden bowl. It has pure sacred water in it.
item	727	Hollow reed	One of nature's pipes.
item	729	Shamans tome	It looks like the Shamans personal notes...
item	730	Book of binding	An ancient tome on Demonology.
item	731	Enchanted vial	An enchanted empty glass vial.
item	732	Holy water	A vial of holy water, good against certain demons.
item	733	Smashed glass	Fragments of a broken container.
item	735	Yommi tree seeds	These need to be germinated before they can be used.
item	736	Yommi tree seeds	These are germinated and ready to be planted in fertile soil.
item	737	Snakeweed mixture	It's a mixture of Snakeweed and water. Needs another ingredient.
item	738	Ardrigal mixture	It's a mixture of Ardrigal and water. Needs another ingredient.
item	739	Bravery potion	A bravery potion for which Gujuo gave you the details, let's hope it works.
item	740	Blue hat	A strange blue wizards hat.
item	741	Chunk of crystal	It looks like it's been snapped off of something.
item	742	Hunk of crystal	It looks like it's been snapped off of something.
item	743	Lump of crystal	It looks like it's been snapped off of something.
item	744	Heart crystal	A heart shaped crystal.
item	745	Heart crystal	A heart shaped crystal.
item	746	Dark dagger	A black obsidian dagger, it has a strange aura about it.
item	747	Glowing dagger	A black obsidian dagger, it has a strange aura about it - it seems to be glowing.
item	748	Holy force	A powerful spell for good.
item	749	Yommi totem	A well carved totem pole made from the trunk of a Yommi tree.
item	750	Gilded totem	A gilded totem pole from the Kharazi tribe.
item	751	Gnomeball	A ball used in Gnomeball.
item	753	Cadava berries	Poisonous berries.
item	755	Message	A message from Juliet to Romeo.
item	756	Cadava potion	I'm meant to give this to Juliet.
item	757	Book	The Shield of Arrav by A R Wright.
item	758	Key	The key to get into the Phoenix Gang HQ.
item	759	Key	The key to the Phoenix Gang's weapons store.
item	761	Scroll	An intelligence report.
item	763	Broken shield	Half of the Shield of Arrav.
item	765	Broken shield	Half of the Shield of Arrav.
item	767	Phoenix crossbow	Former property of the Phoenix Gang.
item	769	Certificate	I can use this to claim a reward from the King.
item	771	Dramen branch	A limb of the fabled Dramen tree.
item	772	Dramen staff	Crafted from a Dramen tree branch.
item	773	'perfect' ring	A perfect ruby ring.
item	774	'perfect' necklace	A perfect ruby necklace.
item	775	Cooking gauntlets	These gauntlets empower with a greater ability to cook fish.
item	776	Goldsmith gauntlet	These gauntlets empower the bearer whilst making gold.
item	777	Chaos gauntlets	These gauntlets empower spell casters.
item	778	Steel gauntlets	My reward for assisting the Fitzharmon family.
item	779	Crest part	A fragment of the Fitzharmon family crest.
item	780	Crest part	A fragment of the Fitzharmon family crest.
item	781	Crest part	A fragment of the Fitzharmon family crest.
item	782	Family crest	The Fitzharmon family crest.
item	783	Bark sample	A sample of the bark from the Grand Tree.
item	784	Translation book	A book to translate the ancient gnome language into English.
item	785	Glough's journal	Perhaps I should read it and see what Glough is up to!
item	786	Hazelmere's scroll	Hazelmere wrote something down on this scroll.
item	787	Lumber order	An order from the Karamja shipyard.
item	788	Glough's key	The key to Glough's chest.
item	789	Twigs	Twigs bound together in the shape of a T.
item	790	Twigs	Twigs bound together in the shape of a U.
item	791	Twigs	Twigs bound together in the shape of a Z.
item	792	Twigs	Twigs bound together in the shape of a O.
item	793	Daconia rock	An ancient rock with strange magical properties.
item	794	Invasion plans	These are plans for an invasion!
item	795	War ship	A model of a Karamja warship.
item	796	Exploding vial	An exploding vial.
item	797	Herb bowl	A bowl of herbs.
item	798	Grinder	A grinder.
item	800	Bronze thrownaxe	A finely balanced throwing axe.
item	801	Iron thrownaxe	A finely balanced throwing axe.
item	802	Steel thrownaxe	A finely balanced throwing axe.
item	803	Mithril thrownaxe	A finely balanced throwing axe.
item	804	Adamnt thrownaxe	A finely balanced throwing axe.
item	805	Rune thrownaxe	A finely balanced throwing axe.
item	806	Bronze dart	A deadly throwing dart with a bronze tip.
item	807	Iron dart	A deadly throwing dart with an iron tip.
item	808	Steel dart	A deadly throwing dart with a steel tip.
item	809	Mithril dart	A deadly throwing dart with a mithril tip.
item	810	Adamant dart	A deadly throwing dart with an adamantite tip.
item	811	Rune dart	A deadly throwing dart with a rune tip.
item	812	Bronze dart(p)	A deadly poisoned dart with a bronze tip.
item	813	Iron dart(p)	A deadly poisoned dart with an iron tip.
item	814	Steel dart(p)	A deadly poisoned dart with a steel tip.
item	815	Mithril dart(p)	A deadly poisoned dart with a mithril tip.
item	816	Adamant dart(p)	A deadly poisoned dart with an adamantite tip.
item	817	Rune dart(p)	A deadly poisoned dart with a rune tip.
item	818	Poisoned dart(p)	A deadly throwing dart with a poisoned tip.
item	819	Bronze dart tip	A deadly looking dart tip made of bronze - needs feathers for flight.
item	820	Iron dart tip	A deadly looking dart tip made of iron - needs feathers for flight.
item	821	Steel dart tip	A deadly looking dart tip made of steel - needs feathers for flight.
item	822	Mithril dart tip	A deadly looking dart tip made of mithril - needs feathers for flight.
item	823	Adamant dart tip	A deadly looking dart tip made of adamantite - needs feathers for flight.
item	824	Rune dart tip	A deadly looking dart tip made of runite - needs feathers for flight.
item	825	Bronze javelin	A bronze tipped javelin.
item	826	Iron javelin	An iron tipped javelin.
item	827	Steel javelin	A steel tipped javelin.
item	828	Mithril javelin	A mithril tipped javelin.
item	829	Adamant javelin	An adamantite tipped javelin.
item	830	Rune javelin	A rune tipped javelin.
item	831	Bronze javelin(p)	A bronze tipped javelin.
item	832	Iron javelin(p)	An iron tipped javelin.
item	833	Steel javelin(p)	A steel tipped javelin.
item	834	Mithril javelin(p)	A mithril tipped javelin.
item	835	Adamant javelin(p)	An adamantite tipped javelin.
item	836	Rune javelin(p)	A rune tipped javelin.
item	837	Crossbow	This fires crossbow bolts.
item	839	Longbow	A nice sturdy bow.
item	841	Shortbow	Short but effective.
item	843	Oak shortbow	A shortbow made out of oak, still effective.
item	845	Oak longbow	A nice sturdy bow made out of oak.
item	847	Willow longbow	A nice sturdy bow made out of willow.
item	849	Willow shortbow	A shortbow made out of willow, still effective.
item	851	Maple longbow	A nice sturdy bow made out of Maple.
item	853	Maple shortbow	A shortbow made out of Maple, still effective.
item	855	Yew longbow	A nice sturdy bow made out of yew.
item	857	Yew shortbow	A shortbow made out of yew, still effective.
item	859	Magic longbow	A nice sturdy magical bow.
item	861	Magic shortbow	Short and magical, but still effective.
item	863	Iron knife	A finely balanced throwing knife.
item	864	Bronze knife	A finely balanced throwing knife.
item	865	Steel knife	A finely balanced throwing knife.
item	866	Mithril knife	A finely balanced throwing knife.
item	867	Adamant knife	A finely balanced throwing knife.
item	868	Rune knife	A finely balanced throwing knife.
item	869	Black knife	A finely balanced throwing knife.
item	870	Bronze knife(p)	A finely balanced throwing knife.
item	871	Iron knife(p)	A finely balanced throwing knife.
item	872	Steel knife(p)	A finely balanced throwing knife.
item	873	Mithril knife(p)	A finely balanced throwing knife.
item	874	Black knife(p)	A finely balanced throwing knife.
item	875	Adamant knife(p)	A finely balanced throwing knife.
item	876	Rune knife(p)	A finely balanced throwing knife.
item	877	Bolts	Good if you have a crossbow!
item	878	Bolts(p)	Vicious poisoned bolts.
item	879	Opal bolts	Great if you have a crossbow!
item	880	Pearl bolts	Useful if you have a crossbow!
item	881	Barbed bolts	Great if you have a crossbow!
item	882	Bronze arrow	Arrows with bronze heads.
item	883	Bronze arrow(p)	Venomous looking arrows.
item	884	Iron arrow	Arrows with iron heads.
item	885	Iron arrow(p)	Venomous looking arrows.
item	886	Steel arrow	Arrows with steel heads.
item	887	Steel arrow(p)	Venomous looking arrows.
item	888	Mithril arrow	Arrows with mithril heads.
item	889	Mithril arrow(p)	Venomous looking arrows.
item	890	Adamant arrow	Arrows with adamantite heads.
item	891	Adamant arrow(p)	Venomous looking arrows.
item	892	Rune arrow	Arrows with rune heads.
item	893	Rune arrow(p)	Venomous looking arrows.
item	942	Bronze fire arrows	These bronze headed arrows are ablaze with fire.
item	943	Worm	Ugh! It's wriggling!
item	945	Throwing rope	A rope.
item	946	Knife	A dangerous looking knife.
item	948	Bear fur	This would make warm clothing.
item	950	Silk	It's a sheet of silk.
item	952	Spade	A slightly muddy spade.
item	954	Rope	A coil of rope.
item	956	Flier	Get your axes from Bob's Axes.
item	958	Grey wolf fur	This would make warm clothing.
item	960	Plank	A plank of wood!
item	962	Christmas cracker	I need to pull this.
item	964	Skull	Ooooh spooky!
item	966	Tile	A fraction of a roof.
item	968	Rock	A rock
item	970	Papyrus	Used for making notes.
item	972	Papyrus	Used papyrus, it has squiggles all over it.
item	973	Charcoal	A lump of charcoal.
item	975	Machete	A jungle specific slashing device.
item	977	Cooking pot	A cooking pot.
item	980	Whoopsie	Just chuck this away, it's useless!
item	981	Disk of returning	Used to get out of Thordur's blackhole.
item	983	Brass key	Opens a door that leads into a dungeon.
item	985	Half of a key	The tooth end of the mysterious Crystal Key. Can you find the other half?
item	987	Half of a key	The loop end of the mysterious Crystal Key. Can you find the other half?
item	989	Crystal key	A very rare and mysterious key.
item	991	Muddy key	It looks like the key to a chest.
item	993	Sinister key	You get a sense of dread from this key.
item	995	Coins	Lovely money!
item	1005	White apron	A mostly clean apron.
item	1007	Cape	A bright red cape.
item	1009	Brass necklace	I'd prefer a gold one.
item	1011	Blue skirt	Leg covering favoured by women and wizards.
item	1013	Pink skirt	A ladies skirt.
item	1015	Black skirt	Clothing favoured by women and dark wizards.
item	1017	Wizard hat	A silly pointed hat.
item	1019	Cape	A warm black cape.
item	1021	Cape	A thick blue cape.
item	1023	Cape	A thick yellow cape.
item	1025	Eye patch	A black piece of cloth on a string.
item	1027	Cape	A thick green cape.
item	1029	Cape	A thick purple cape.
item	1031	Cape	A thick orange cape.
item	1033	Zamorak robe	A robe worn by worshippers of Zamorak.
item	1035	Zamorak robe	A robe worn by worshippers of Zamorak.
item	1037	Bunny ears	A rabbit-like adornment.
item	1038	Red partyhat	A nice hat from a cracker.
item	1040	Yellow partyhat	A nice hat from a cracker.
item	1042	Blue partyhat	A nice hat from a cracker.
item	1044	Green partyhat	A nice hat from a cracker.
item	1046	Purple partyhat	A nice hat from a cracker.
item	1048	White partyhat	A nice hat from a cracker.
item	1050	Santa hat	It's a Santa hat.
item	1052	Cape of legends	The cape worn by members of the Legends Guild.
item	1053	Green h'ween mask	Aaaarrrghhh ... I'm a monster.
item	1055	Blue h'ween mask	Aaaarrrghhh ... I'm a monster.
item	1057	Red h'ween mask	Aaaarrrghhh ... I'm a monster.
item	1059	Leather gloves	These will keep my hands warm!
item	1061	Leather boots	Comfortable leather boots.
item	1063	Leather vambraces	Better than no armour!
item	1065	Green d'hide vamb	Vambraces made from 100% real dragonhide.
item	1067	Iron platelegs	These look pretty heavy.
item	1069	Steel platelegs	These look pretty heavy.
item	1071	Mithril platelegs	These look pretty heavy.
item	1073	Adamant platelegs	These look pretty heavy.
item	1075	Bronze platelegs	These look pretty heavy.
item	1077	Black platelegs	Big, black and heavy looking.
item	1079	Rune platelegs	These look pretty heavy.
item	1081	Iron plateskirt	Designer leg protection.
item	1083	Steel plateskirt	Designer leg protection.
item	1085	Mithril plateskirt	Designer leg protection.
item	1087	Bronze plateskirt	Designer leg protection.
item	1089	Black plateskirt	Big, black and heavy looking.
item	1091	Adamant plateskirt	Designer leg protection.
item	1093	Rune plateskirt	Designer leg protection.
item	1095	Leather chaps	Better than no armour!
item	1097	Studded chaps	Those studs should provide a bit more protection.
item	1099	Green d'hide chaps	Made from 100% real dragonhide.
item	1101	Iron chainbody	A series of connected metal rings.
item	1103	Bronze chainbody	A series of connected metal rings.
item	1105	Steel chainbody	A series of connected metal rings.
item	1107	Black chainbody	A series of connected metal rings.
item	1109	Mithril chainbody	A series of connected metal rings.
item	1111	Adamant chainbody	A series of connected metal rings.
item	1113	Rune chainbody	A series of connected metal rings.
item	1115	Iron platebody	Provides excellent protection.
item	1117	Bronze platebody	Provides excellent protection.
item	1119	Steel platebody	Provides excellent protection.
item	1121	Mithril platebody	Provides excellent protection.
item	1123	Adamant platebody	Provides excellent protection.
item	1125	Black platebody	Provides excellent protection.
item	1127	Rune platebody	Provides excellent protection.
item	1129	Leather body	Better than no armour!
item	1131	Hardleather body	Harder than normal leather.
item	1133	Studded body	Those studs should provide a bit more protection.
item	1135	Green d'hide body	Made from 100% real dragonhide.
item	1137	Iron med helm	A medium sized helmet.
item	1139	Bronze med helm	A medium sized helmet.
item	1141	Steel med helm	A medium sized helmet.
item	1143	Mithril med helm	A medium sized helmet.
item	1145	Adamant med helm	A medium sized helmet.
item	1147	Rune med helm	A medium sized helmet.
item	1149	Dragon med helm	Makes the wearer pretty intimidating.
item	1151	Black med helm	A medium sized helmet.
item	1153	Iron full helm	A full face helmet.
item	1155	Bronze full helm	A full face helmet.
item	1157	Steel full helm	A full face helmet.
item	1159	Mithril full helm	A full face helmet.
item	1161	Adamant full helm	A full face helmet.
item	1163	Rune full helm	A full face helmet.
item	1165	Black full helm	A full face helmet.
item	1167	Leather cowl	Better than no armour!
item	1169	Coif	Light weight head protection.
item	1171	Wooden shield	A solid wooden shield.
item	1173	Bronze sq shield	A medium square shield.
item	1175	Iron sq shield	A medium square shield.
item	1177	Steel sq shield	A medium square shield.
item	1179	Black sq shield	A medium square shield.
item	1181	Mithril sq shield	A medium square shield.
item	1183	Adamant sq shield	A medium square shield.
item	1185	Rune sq shield	A medium square shield.
item	1187	Dragon sq shield	An ancient and powerful looking Dragon Square shield.
item	1189	Bronze kiteshield	A large metal shield.
item	1191	Iron kiteshield	A large metal shield.
item	1193	Steel kiteshield	A large metal shield.
item	1195	Black kiteshield	A large metal shield.
item	1197	Mithril kiteshield	A large metal shield.
item	1199	Adamant kiteshield	A large metal shield.
item	1201	Rune kiteshield	A large metal shield.
item	1203	Iron dagger	Short but pointy.
item	1205	Bronze dagger	Short but pointy.
item	1207	Steel dagger	Short but pointy.
item	1209	Mithril dagger	A dangerous dagger.
item	1211	Adamant dagger	Short and deadly.
item	1213	Rune dagger	A powerful dagger.
item	1215	Dragon dagger	A powerful dagger.
item	1217	Black dagger	A vicious black dagger.
item	1219	Iron dagger(p)	The blade is covered with poison.
item	1221	Bronze dagger(p)	This dagger is poisoned.
item	1223	Steel dagger(p)	The blade has been poisoned.
item	1225	Mithril dagger(p)	A poisoned Mithril dagger.
item	1227	Adamant dagger(p)	A very dangerous poisoned dagger.
item	1229	Rune dagger(p)	The blade is covered with a nasty poison.
item	1231	Dragon dagger(p)	A powerful dagger.
item	1233	Black dagger(p)	This dagger is poisoned.
item	1235	Poisoned dagger(p)	The blade is covered with poison.
item	1237	Bronze spear	A bronze tipped spear.
item	1239	Iron spear	An iron tipped spear.
item	1241	Steel spear	A steel tipped spear.
item	1243	Mithril spear	A mithril tipped spear.
item	1245	Adamant spear	An adamantite tipped spear.
item	1247	Rune spear	A rune tipped spear.
item	1249	Dragon spear	A dragon tipped spear.
item	1251	Bronze spear(p)	A poisoned bronze tipped spear.
item	1253	Iron spear(p)	A poisoned iron tipped spear.
item	1255	Steel spear(p)	A poisoned steel tipped spear.
item	1257	Mithril spear(p)	A poisoned mithril tipped spear.
item	1259	Adamant spear(p)	A poisoned adamantite tipped spear.
item	1261	Rune spear(p)	A poisoned rune tipped spear.
item	1263	Dragon spear(p)	A poisoned dragon tipped spear.
item	1265	Bronze pickaxe	Used for mining.
item	1267	Iron pickaxe	Used for mining.
item	1269	Steel pickaxe	Used for mining.
item	1271	Adamant pickaxe	Used for mining.
item	1273	Mithril pickaxe	Used for mining.
item	1275	Rune pickaxe	Used for mining.
item	1277	Bronze sword	A razor sharp sword.
item	1279	Iron sword	A razor sharp sword.
item	1281	Steel sword	A razor sharp sword.
item	1283	Black sword	A razor sharp sword.
item	1285	Mithril sword	A razor sharp sword.
item	1287	Adamant sword	A razor sharp sword.
item	1289	Rune sword	A razor sharp sword.
item	1291	Bronze longsword	A razor sharp longsword.
item	1293	Iron longsword	A razor sharp longsword.
item	1295	Steel longsword	A razor sharp longsword.
item	1297	Black longsword	A razor sharp longsword.
item	1299	Mithril longsword	A razor sharp longsword.
item	1301	Adamant longsword	A razor sharp longsword.
item	1303	Rune longsword	A razor sharp longsword.
item	1305	Dragon longsword	A very powerful sword.
item	1307	Bronze 2h sword	A two handed sword.
item	1309	Iron 2h sword	A two handed sword.
item	1311	Steel 2h sword	A two handed sword.
item	1313	Black 2h sword	A two handed sword.
item	1315	Mithril 2h sword	A two handed sword.
item	1317	Adamant 2h sword	A two handed sword.
item	1319	Rune 2h sword	A two handed sword.
item	1321	Bronze scimitar	A vicious, curved sword.
item	1323	Iron scimitar	A vicious, curved sword.
item	1325	Steel scimitar	A vicious, curved sword.
item	1327	Black scimitar	A vicious, curved sword.
item	1329	Mithril scimitar	A vicious, curved sword.
item	1331	Adamant scimitar	A vicious, curved sword.
item	1333	Rune scimitar	A vicious, curved sword.
item	1335	Iron warhammer	I don't think it's intended for joinery.
item	1337	Bronze warhammer	I don't think it's intended for joinery.
item	1339	Steel warhammer	I don't think it's intended for joinery.
item	1341	Black warhammer	I don't think it's intended for joinery.
item	1343	Mithril warhammer	I don't think it's intended for joinery.
item	1345	Addy warhammer	I don't think it's intended for joinery.
item	1347	Rune warhammer	I don't think it's intended for joinery.
item	1349	Iron axe	A woodcutter's axe.
item	1351	Bronze axe	A woodcutter's axe.
item	1353	Steel axe	A woodcutter's axe.
item	1355	Mithril axe	A powerful axe.
item	1357	Adamant axe	A powerful axe.
item	1359	Rune axe	A powerful axe.
item	1361	Black axe	A sinister looking axe.
item	1363	Iron battleaxe	A vicious looking axe.
item	1365	Steel battleaxe	A vicious looking axe.
item	1367	Black battleaxe	A vicious looking axe.
item	1369	Mithril battleaxe	A vicious looking axe.
item	1371	Adamant battleaxe	A vicious looking axe.
item	1373	Rune battleaxe	A vicious looking axe.
item	1375	Bronze battleaxe	A vicious looking axe.
item	1377	Dragon battleaxe	A vicious looking axe.
item	1379	Staff	It's a slightly magical stick.
item	1381	Staff of air	A Magical staff.
item	1383	Staff of water	A Magical staff.
item	1385	Staff of earth	A Magical staff.
item	1387	Staff of fire	A Magical staff.
item	1389	Magic staff	A Magical staff.
item	1391	Battlestaff	It's a slightly magical stick.
item	1393	Fire battlestaff	It's a slightly magical stick.
item	1395	Water battlestaff	It's a slightly magical stick.
item	1397	Air battlestaff	It's a slightly magical stick.
item	1399	Earth battlestaff	It's a slightly magical stick.
item	1401	Mystic fire staff	It's a slightly magical stick.
item	1403	Mystic water staff	It's a slightly magical stick.
item	1405	Mystic air staff	It's a slightly magical stick.
item	1407	Mystic earth staff	It's a slightly magical stick.
item	1409	Iban's staff	An ancient staff, formerly the property of Iban.
item	1410	Iban's staff	I'll need to get this repaired before I can use it.
item	1411	Farmer's fork	A farmer's fork.
item	1413	Halberd	A halberd.
item	1415	Warhammer	A warhammer.
item	1417	Javelin	A javelin.
item	1419	Scythe	It's a Scythe.
item	1420	Iron mace	A spiky mace.
item	1422	Bronze mace	A spiky mace.
item	1424	Steel mace	A spiky mace.
item	1426	Black mace	A spiky mace.
item	1428	Mithril mace	A spiky mace.
item	1430	Adamant mace	A spiky mace.
item	1432	Rune mace	A spiky mace.
item	1434	Dragon mace	A spiky mace.
item	1436	Rune essence	An uncharged Rune Stone.
item	1438	Air talisman	A mysterious power emanates from the talisman...
item	1440	Earth talisman	A mysterious power emanates from the talisman...
item	1442	Fire talisman	A mysterious power emanates from the talisman...
item	1444	Water talisman	A mysterious power emanates from the talisman...
item	1446	Body talisman	A mysterious power emanates from the talisman...
item	1448	Mind talisman	A mysterious power emanates from the talisman...
item	1450	Blood talisman	A mysterious power emanates from the talisman...
item	1452	Chaos talisman	A mysterious power emanates from the talisman...
item	1454	Cosmic talisman	A mysterious power emanates from the talisman...
item	1456	Death talisman	A mysterious power emanates from the talisman...
item	1458	Law talisman	A mysterious power emanates from the talisman...
item	1459	Rotten net	For catching rotten fish.
item	1460	Soul talisman	A mysterious power emanates from the talisman...
item	1462	Nature talisman	A mysterious power emanates from the talisman...
item	1464	Archery ticket	I can exchange this for equipment.
item	1465	Weapon poison	For use on daggers and projectiles.
item	1466	Sea slug	A rather nasty looking crustacean.
item	1467	Damp sticks	Some damp wooden sticks.
item	1468	Dry sticks	Some dry wooden sticks.
item	1469	Broken glass	Smashed glass.
item	1470	Red bead	A small round red bead.
item	1472	Yellow bead	A small round yellow bead.
item	1474	Black bead	A small round black bead.
item	1476	White bead	A small round white bead.
item	1478	Amulet of accuracy	It increases my aim.
item	1480	Rock	A chunk of rock.
item	1481	Orb of light	A magical sphere that glimmers within.
item	1482	Orb of light	A magical sphere that glimmers within.
item	1483	Orb of light	A magical sphere that glimmers within.
item	1484	Orb of light	A magical sphere that glimmers within.
item	1485	Damp cloth	A damp, wet cloth.
item	1486	Piece of railing	A broken piece of railing.
item	1487	Unicorn horn	A withered unicorn horn.
item	1488	Paladin's badge	A coat of arms of the Ardougne Paladins.
item	1489	Paladin's badge	A coat of arms of the Ardougne Paladins.
item	1490	Paladin's badge	A coat of arms of the Ardougne Paladins.
item	1491	Witch's cat	A cat.
item	1492	Doll of iban	A simple doll with Iban's likeness.
item	1493	Old journal	An account of the last times of someone.
item	1494	History of iban	The tale of Iban.
item	1495	Klank's gauntlets	Strong dwarvish gloves.
item	1496	Iban's dove	I thought you only saw these in pairs?
item	1497	Amulet of othanian	A mystical demonic amulet.
item	1498	Amulet of doomion	A mystical demonic amulet.
item	1499	Amulet of holthion	A mystical demonic amulet.
item	1500	Iban's shadow	A strange dark liquid.
item	1501	Dwarf brew	Smells stronger than most spirits.
item	1502	Iban's ashes	The burnt remains of Iban.
item	1503	Warrant	A search warrant for a house in Ardougne.
item	1504	Hangover cure	It doesn't look very tasty.
item	1505	A magic scroll	Maybe I should read it...
item	1506	Gas mask	Stops me from breathing nasty stuff!
item	1507	A small key	Quite a small key.
item	1508	A scruffy note	It seems to say "hongorer lure"...
item	1509	Book	Turnip growing for beginners.
item	1510	Picture	A picture of a lady called Elena.
item	1511	Logs	A number of wooden logs.
item	1513	Magic logs	Logs cut from a magic tree.
item	1515	Yew logs	Logs cut from a yew tree.
item	1517	Maple logs	Logs cut from a maple tree.
item	1519	Willow logs	Logs cut from a willow tree.
item	1521	Oak logs	Logs cut from an oak tree.
item	1523	Lockpick	For picking tough locks.
item	1525	Herb	An unidentified herb.
item	1526	Snake weed	This herb is Snake Weed.
item	1527	Herb	An unidentified herb.
item	1528	Ardrigal	This herb is Ardrigal.
item	1529	Herb	An unidentified herb.
item	1530	Sito foil	This herb is Sito Foil.
item	1531	Herb	An unidentified herb.
item	1532	Volencia moss	This herb is Volencia Moss.
item	1533	Herb	An unidentified herb.
item	1534	Rogue's purse	This herb is Rogue's Purse.
item	1535	Map part	A piece of a map.
item	1536	Map part	A piece of a map.
item	1537	Map part	A piece of a map.
item	1538	Crandor map	A map of the route to Crandor.
item	1539	Steel nails	Keeps things in place fairly permanently.
item	1540	Anti-dragon shield	This provides partial protection from dragon-breath attacks.
item	1542	Maze key	A key to Melzar's Maze.
item	1543	Key	A red key.
item	1544	Key	An orange key.
item	1545	Key	A yellow key.
item	1546	Key	A blue key.
item	1547	Key	A magenta key.
item	1548	Key	A green key.
item	1549	Stake	A very pointy stick.
item	1550	Garlic	A clove of garlic.
item	1552	Seasoned sardine	Sardine flavoured with doogle leaves.
item	1554	Fluffs' kitten	It looks like it's lost.
item	1555	Pet kitten	This kitten seems to like you.
item	1556	Pet kitten	This kitten seems to like you.
item	1557	Pet kitten	This kitten seems to like you.
item	1558	Pet kitten	This kitten seems to like you.
item	1559	Pet kitten	This kitten seems to like you.
item	1560	Pet kitten	This kitten seems to like you.
item	1561	Pet cat	This cat definitely likes you.
item	1562	Pet cat	This cat definitely likes you.
item	1563	Pet cat	This cat definitely likes you.
item	1564	Pet cat	This cat definitely likes you.
item	1565	Pet cat	This cat definitely likes you.
item	1566	Pet cat	This cat definitely likes you.
item	1567	Pet cat	This cat is so well fed it can hardly move.
item	1568	Pet cat	This cat is so well fed it can hardly move.
item	1569	Pet cat	This cat is so well fed it can hardly move.
item	1570	Pet cat	This cat is so well fed it can hardly move.
item	1571	Pet cat	This cat is so well fed it can hardly move.
item	1572	Pet cat	This cat is so well fed it can hardly move.
item	1573	Doogle leaves	A tasty herb good for seasoning.
item	1575	Cat training medal	For feline training expertise.
item	1577	Pete's candlestick	Scarface Pete's Candlestick.
item	1579	Thieves' armband	This denotes a Master Thief.
item	1580	Ice gloves	These will keep my hands cold!
item	1581	Blamish snail slime	Yuck.
item	1582	Blamish oil	Made from the finest snail slime.
item	1583	Fire feather	Firebird feather.
item	1584	Id papers	Apparently my name is Hartigen.
item	1585	Oily fishing rod	Useful for catching lava eels.
item	1586	Miscellaneous key	I wonder what this unlocks?
item	1588	Grips' keyring	Some keys on a keyring.
item	1589	Pretty girl	To be handled with caution.
item	1590	Dusty key	I wonder what this unlocks?
item	1591	Jail key	Key to a cell.
item	1592	Ring mould	Used to make gold rings.
item	1594	Unholy mould	Used to make unholy symbols.
item	1595	Amulet mould	Used to make gold amulets
item	1597	Necklace mould	Used to make gold necklaces.
item	1599	Holy mould	Used to make Holy Symbols of Saradomin.
item	1601	Diamond	This looks valuable.
item	1603	Ruby	This looks valuable.
item	1605	Emerald	This looks valuable.
item	1607	Sapphire	This looks valuable.
item	1609	Opal	A semi precious stone.
item	1611	Jade	A semi precious stone.
item	1613	Red topaz	A semi precious stone.
item	1615	Dragonstone	This looks valuable.
item	1617	Uncut diamond	This would be worth more cut.
item	1619	Uncut ruby	This would be worth more cut.
item	1621	Uncut emerald	This would be worth more cut.
item	1623	Uncut sapphire	This would be worth more cut.
item	1625	Uncut opal	This would be worth more cut.
item	1627	Uncut jade	This would be worth more cut.
item	1629	Uncut red topaz	This would be worth more cut.
item	1631	Uncut dragonstone	This would be worth more cut.
item	1633	Crushed gemstone	A gemstone that has been smashed.
item	1635	Gold ring	A valuable ring.
item	1637	Sapphire ring	A valuable ring.
item	1639	Emerald ring	A valuable ring.
item	1641	Ruby ring	A valuable ring.
item	1643	Diamond ring	A valuable ring.
item	1645	Dragonstone ring	A valuable ring.
item	1648	Whoopsie	Just chuck this away, it's useless!
item	1649	Sapphire ring	A valuable ring.
item	1650	Emerald ring	A valuable ring.
item	1651	Ruby ring	A valuable ring.
item	1652	Diamond ring	A valuable ring.
item	1653	Dragonstone ring	A valuable ring.
item	1654	Gold necklace	I wonder if this is valuable.
item	1656	Sapphire necklace	I wonder if this is valuable.
item	1658	Emerald necklace	I wonder if this is valuable.
item	1660	Ruby necklace	I wonder if this is valuable.
item	1662	Diamond necklace	I wonder if this is valuable.
item	1664	Dragon necklace	I wonder if this is valuable.
item	1667	Whoopsie	Just chuck this away, it's useless!
item	1668	Sapphire necklace	I wonder if this is valuable.
item	1669	Emerald necklace	I wonder if this is valuable.
item	1670	Ruby necklace	I wonder if this is valuable.
item	1671	Diamond necklace	I wonder if this is valuable.
item	1672	Dragon necklace	I wonder if this is valuable.
item	1673	Gold amulet	It needs a string so I can wear it.
item	1675	Sapphire amulet	It needs a string so I can wear it.
item	1677	Emerald amulet	It needs a string so I can wear it.
item	1679	Ruby amulet	It needs a string so I can wear it.
item	1681	Diamond amulet	It needs a string so I can wear it.
item	1683	Dragonstone ammy	It needs a string so I can wear it.
item	1686	Whoopsie	Just chuck this away, it's useless!
item	1687	Sapphire amulet	It needs a string so I can wear it.
item	1688	Emerald amulet	It needs a string so I can wear it.
item	1689	Ruby amulet	It needs a string so I can wear it.
item	1690	Diamond amulet	It needs a string so I can wear it.
item	1691	Dragonstone ammy	It needs a string so I can wear it.
item	1692	Gold amulet	A plain gold amulet.
item	1694	Sapphire amulet	I wonder if I can get this enchanted.
item	1696	Emerald amulet	I wonder if I can get this enchanted.
item	1698	Ruby amulet	I wonder if I can get this enchanted.
item	1700	Diamond amulet	I wonder if I can get this enchanted.
item	1702	Dragonstone ammy	I wonder if I can get this enchanted.
item	1704	Amulet of glory	A very powerful dragonstone amulet.
item	1706	Amulet of glory(1)	A dragonstone amulet with 1 magic charge.
item	1708	Amulet of glory(2)	A dragonstone amulet with 2 magic charges.
item	1710	Amulet of glory(3)	A dragonstone amulet with 3 magic charges.
item	1712	Amulet of glory(4)	A dragonstone amulet with 4 magic charges.
item	1714	Unstrung symbol	It needs a string so I can wear it.
item	1716	Unblessed symbol	A symbol of Saradomin.
item	1718	Holy symbol	A blessed holy symbol of Saradomin.
item	1720	Unstrung emblem	It needs a string so I can wear it.
item	1722	Unpowered symbol	An unblessed symbol of Zamorak.
item	1724	Unholy symbol	An unholy symbol of Zamorak.
item	1725	Amulet of strength	An enchanted ruby amulet.
item	1727	Amulet of magic	An enchanted sapphire amulet of magic.
item	1729	Amulet of defence	An enchanted emerald amulet of protection.
item	1731	Amulet of power	An enchanted diamond amulet of power.
item	1733	Needle	Used with a thread to make clothes.
item	1734	Thread	Used with a needle to make clothes.
item	1735	Shears	For shearing sheep.
item	1737	Wool	I think this came from a sheep.
item	1739	Cowhide	I should take this to the tannery.
item	1741	Leather	It's a piece of leather.
item	1743	Hard leather	It's a piece of hard leather.
item	1745	Green d-leather	It's a piece of prepared green dragonhide.
item	1747	Black dragonhide	The scaly rough hide from a Black Dragon.
item	1749	Red dragonhide	The scaly rough hide from a Red Dragon.
item	1751	Blue dragonhide	The scaly rough hide from a Blue Dragon.
item	1753	Green dragonhide	The scaly rough hide from a Green Dragon.
item	1755	Chisel	Good for detailed crafting.
item	1757	Brown apron	A mostly clean apron.
item	1759	Ball of wool	Spun from sheeps' wool.
item	1761	Soft clay	Clay soft enough to mould.
item	1763	Red dye	A little bottle of red dye.
item	1765	Yellow dye	A little bottle of yellow dye.
item	1767	Blue dye	A little bottle of blue dye.
item	1769	Orange dye	A little bottle of orange dye.
item	1771	Green dye	A little bottle of green dye.
item	1773	Purple dye	A little bottle of purple dye.
item	1775	Molten glass	Hot glass ready to be blown into useful objects.
item	1777	Bow string	I need a bow stave to attach this to.
item	1779	Flax	I should use this with a spinning wheel.
item	1781	Soda ash	One of the ingredients for making glass.
item	1783	Bucket of sand	One of the ingredients for making glass.
item	1785	Glassblowing pipe	Used to form molten glass into useful items.
item	1787	Unfired pot	I need to put this in a pottery oven.
item	1789	Unfired pie dish	I need to put this in a pottery oven.
item	1791	Unfired bowl	I need to put this in a pottery oven.
item	1793	Woad leaf	A slightly bluish leaf.
item	1794	Bronze wire	Useful for crafting items.
item	1796	Silver necklace	Anna's shiny silver coated necklace.
item	1797	Silver necklace	Anna's shiny silver coated necklace coated with a thin layer of flour.
item	1798	Silver cup	Bob's shiny silver coated tea cup.
item	1799	Silver cup	Bob's shiny silver coated tea cup coated with a thin layer of flour.
item	1800	Silver bottle	Carol's shiny silver coated bottle.
item	1801	Silver bottle	Carol's shiny silver coated bottle coated with a thin layer of flour.
item	1802	Silver book	David's shiny silver coated book.
item	1803	Silver book	David's shiny silver coated book coated with a thin layer of flour.
item	1804	Silver needle	Elizabeth's shiny silver coated needle.
item	1805	Silver needle	Elizabeth's shiny silver coated needle coated with a thin layer of flour.
item	1806	Silver pot	Frank's shiny silver coated pot.
item	1807	Silver pot	Frank's shiny silver coated pot coated with a thin layer of flour.
item	1808	Criminal's thread	Some red thread found at the murder scene.
item	1809	Criminal's thread	Some green thread found at the murder scene.
item	1810	Criminal's thread	Some blue thread found at the murder scene.
item	1811	Flypaper	A piece of fly paper. It's sticky.
item	1812	Pungent pot	A pot found at the murder scene, with a sickly odour.
item	1813	Criminal's dagger	A flimsy-looking dagger found at the crime scene.
item	1814	Criminal's dagger	A flimsy-looking dagger found at the crime scene coated with a thin layer of flour.
item	1815	Killer's print	The fingerprints of the murderer.
item	1816	Anna's print	An imprint of Anna's fingerprint.
item	1817	Bob's print	An imprint of Bob's fingerprint.
item	1818	Carol's print	An imprint of Carol's fingerprint.
item	1819	David's print	An imprint of David's fingerprint.
item	1820	Elizabeth's print	An imprint of Elizabeth's fingerprint.
item	1821	Frank's print	An imprint of Frank's fingerprint.
item	1822	Unknown print	An unidentified fingerprint taken from the murder weapon.
item	1823	Waterskin(4)	A full waterskin with four portions of water.
item	1825	Waterskin(3)	A nearly full waterskin with three portions of water.
item	1827	Waterskin(2)	A half empty waterskin with two portions of water.
item	1829	Waterskin(1)	A nearly empty waterskin with one portion of water.
item	1831	Waterskin(0)	A completely empty waterskin - you'll need to fill it up.
item	1833	Desert shirt	A cool, light desert shirt.
item	1835	Desert robe	A cool, light desert robe.
item	1837	Desert boots	Comfortable desert shoes.
item	1839	Metal key	A metal key, it's very crudely constructed.
item	1840	Cell door key	A metallic key, usually used by prison guards.
item	1841	Barrel	An empty mining barrel.
item	1842	Ana in a barrel	A mining barrel with Ana in it.
item	1843	Wrought iron key	This key unlocks a very sturdy gate of some sort.
item	1844	Slave shirt	A filthy, smelly, flea infested shirt.
item	1845	Slave robe	A filthy, smelly, flea infested robe.
item	1846	Slave boots	A set of filthy, smelly, flea infested desert slave boots.
item	1847	Scrumpled paper	A piece of paper with barely legible writing - looks like a recipe!
item	1848	Shantay disclaimer	Very important information.
item	1849	Prototype dart	A prototype throwing dart.
item	1850	Technical plans	Plans of a technical nature.
item	1851	Tenti pineapple	The most delicious of pineapples.
item	1852	Bedabin key	A key to the chest in Captain Siad's room.
item	1853	Prototype dart tip	A prototype dart tip - it looks deadly.
item	1854	Shantay pass	Allows you to pass through the Shantay pass into the Kharid Desert.
item	1855	Rock	Looks like a plain rock, must have some ore in it?
item	1856	Guide book	'A Tourists Guide To Ardougne'.
item	1857	Totem	The Rantuki tribes' totem.
item	1858	Address label	It says 'To Lord Handelmort, Handelmort Mansion'.
item	1859	Raw ugthanki meat	I need to cook this first.
item	1861	Ugthanki meat	Freshly cooked ugthanki meat.
item	1863	Pitta dough	I need to cook this.
item	1865	Pitta bread	Nicely baked pitta bread. Needs more ingredients to make a kebab.
item	1867	Burnt pitta bread	It's all burnt.
item	1869	Chopped tomato	A mixture of tomatoes in a bowl.
item	1871	Chopped onion	A mixture of onions in a bowl.
item	1873	Chopped ugthanki	Strips of ugthanki meat in a bowl.
item	1875	Onion & tomato	A mixture of chopped onions and tomatoes in a bowl.
item	1877	Ugthanki & onion	A mixture of chopped onions and ugthanki meat in a bowl.
item	1879	Ugthanki & tomato	A mixture of chopped tomatoes and ugthanki meat in a bowl.
item	1881	Kebab mix	A mixture of chopped tomatoes, onions and ugthanki meat in a bowl.
item	1883	Ugthanki kebab	A strange smelling kebab made from ugthanki meat.
item	1885	Ugthanki kebab	A fresh kebab made from ugthanki meat.
item	1887	Cake tin	Useful for baking cakes.
item	1889	Uncooked cake	Now all I need to do is cook it.
item	1891	Cake	A plain sponge cake.
item	1893	2/3 cake	Someone has eaten a big chunk of this cake.
item	1895	Slice of cake	I'd rather have a whole cake.
item	1897	Chocolate cake	This looks very tasty.
item	1899	2/3 chocolate cake	Someone has eaten a big chunk of this cake.
item	1901	Chocolate slice	I'd rather have a whole cake.
item	1903	Burnt cake	Argh what a mess!
item	1905	Asgarnian ale	Probably the finest ale in Asgarnia.
item	1907	Wizard's mind bomb	It's got strange bubbles in it.
item	1909	Greenman's ale	A glass of frothy ale.
item	1911	Dragon bitter	A glass of bitter.
item	1913	Dwarven stout	A pint of thick dark beer.
item	1915	Grog	A murky glass of some sort of drink.
item	1917	Beer	A glass of frothy ale.
item	1919	Beer glass	I need to fill this with beer.
item	1921	Bowl of water	It's a bowl of water.
item	1923	Bowl	Useful for mixing things.
item	1925	Bucket	It's a wooden bucket.
item	1927	Bucket of milk	It's a bucket of milk.
item	1929	Bucket of water	It's a bucket of water.
item	1931	Pot	This pot is empty.
item	1933	Pot of flour	There is flour in this pot.
item	1935	Jug	This jug is empty.
item	1937	Jug of water	It's full of water.
item	1939	Swamp tar	A foul smelling thick tar-like substance.
item	1940	Raw swamp paste	A thick tar-like substance mixed with flour.
item	1941	Swamp paste	A tar-like substance mixed with flour and warmed.
item	1942	Potato	This could be used to make a good stew.
item	1944	Egg	A nice fresh egg.
item	1946	Flour	A little heap of flour.
item	1947	Grain	Some wheat heads.
item	1949	Chef's hat	What a silly hat.
item	1951	Redberries	Very bright red berries.
item	1953	Pastry dough	Potentially pastry.
item	1955	Cooking apple	Keeps the doctor away.
item	1957	Onion	A strong smelling onion.
item	1959	Pumpkin	Happy Halloween.
item	1961	Easter egg	Happy Easter.
item	1963	Banana	Mmm this looks tasty.
item	1965	Cabbage	Yuck I don't like cabbage.
item	1967	Cabbage	Yuck I don't like cabbage.
item	1969	Spinach roll	A home made spinach thing.
item	1971	Kebab	A meaty kebab.
item	1973	Chocolate bar	Mmmmmmm chocolate.
item	1975	Chocolate dust	It's ground up chocolate.
item	1977	Chocolatey milk	Milk with chocolate in it.
item	1978	Cup of tea	A nice cup of tea.
item	1980	Empty cup	An empty cup.
item	1982	Tomato	This would make good ketchup.
item	1984	Rotten apple	Rotten to the core!
item	1985	Cheese	It's got holes in it.
item	1987	Grapes	Good grapes for wine making.
item	1989	Half full wine jug	An optimist would say it's half full.
item	1991	Jug of bad wine	Oh dear, this wine is terrible!
item	1993	Jug of wine	It's full of wine.
item	1995	Unfermented wine	This wine needs to ferment before it can be drunk.
item	1997	Incomplete stew	I need to add some meat too.
item	1999	Incomplete stew	I need to add some potato too.
item	2001	Uncooked stew	I need to cook this.
item	2003	Stew	It's a meat and potato stew.
item	2005	Burnt stew	Eew, it's horribly burnt.
item	2007	Spice	This could liven up an otherwise bland stew.
item	2009	Uncooked curry	I need to cook this.
item	2011	Curry	It's a spicy hot curry.
item	2013	Burnt curry	Eew, it's horribly burnt.
item	2015	Vodka	A strong spirit.
item	2017	Whisky	A bottle of Draynor Malt.
item	2019	Gin	A strong spirit.
item	2021	Brandy	A strong spirit.
item	2023	Cocktail guide	A book on tree gnome cocktails.
item	2025	Cocktail shaker	Used for mixing cocktails.
item	2026	Cocktail glass	For sipping cocktails.
item	2028	Blurberry special	Looks good... smells strong.
item	2030	Choc saturday	A warm creamy alcoholic beverage.
item	2032	Drunk dragon	A warm creamy alcoholic beverage.
item	2034	Fruit blast	A cool refreshing fruit mix.
item	2036	Pineapple punch	A fresh healthy fruit mix.
item	2038	Short green guy	A Short Green Guy... looks good.
item	2040	Wizard blizzard	This looks like a strange mix.
item	2042	Unfinished cocktail	This cocktail is just missing those little finishing touches.
item	2044	Unfinished cocktail	This cocktail is just missing those little finishing touches.
item	2046	Unfinished cocktail	This cocktail is just missing those little finishing touches.
item	2048	Pineapple punch	A fresh healthy fruit mix.
item	2050	Unfinished cocktail	This cocktail is just missing those little finishing touches.
item	2052	Unfinished cocktail	This cocktail is just missing those little finishing touches.
item	2054	Wizard blizzard	This looks like a strange mix.
item	2056	Unfinished cocktail	This cocktail is just missing those little finishing touches.
item	2058	Unfinished cocktail	This cocktail is just missing those little finishing touches.
item	2060	Unfinished cocktail	This cocktail is just missing those little finishing touches.
item	2062	Unfinished cocktail	This cocktail is just missing those little finishing touches.
item	2064	Blurberry special	Looks good... smells strong.
item	2066	Unfinished cocktail	This cocktail is just missing those little finishing touches.
item	2068	Unfinished cocktail	This cocktail is just missing those little finishing touches.
item	2070	Unfinished cocktail	This cocktail is just missing those little finishing touches.
item	2072	Unfinished cocktail	This cocktail is just missing those little finishing touches.
item	2074	Choc saturday	A warm creamy alcoholic beverage.
item	2076	Unfinished cocktail	This cocktail is just missing those little finishing touches.
item	2078	Unfinished cocktail	This cocktail is just missing those little finishing touches.
item	2080	Short green guy	A Short Green Guy... looks good.
item	2082	Unfinished cocktail	This cocktail is just missing those little finishing touches.
item	2084	Fruit blast	A cool refreshing fruit mix.
item	2086	Unfinished cocktail	This cocktail is just missing those little finishing touches.
item	2088	Unfinished cocktail	This cocktail is just missing those little finishing touches.
item	2090	Unfinished cocktail	This cocktail is just missing those little finishing touches.
item	2092	Drunk dragon	A warm creamy alcoholic beverage.
item	2094	Odd cocktail	I'm not completely sure what this contains.
item	2096	Odd cocktail	I'm not completely sure what this contains.
item	2098	Odd cocktail	I'm not completely sure what this contains.
item	2100	Odd cocktail	I'm not completely sure what this contains.
item	2102	Lemon	A fresh lemon.
item	2104	Lemon chunks	Fresh chunks of lemon.
item	2106	Lemon slices	Fresh lemon slices.
item	2108	Orange	A fresh orange.
item	2110	Orange chunks	Fresh chunks of orange.
item	2112	Orange slices	Fresh orange slices.
item	2114	Pineapple	It can be cut up into something more manageable with a knife.
item	2116	Pineapple chunks	Fresh chunks of pineapple.
item	2118	Pineapple ring	Exotic fruit.
item	2120	Lime	A fresh lime.
item	2122	Lime chunks	Fresh chunks of lime.
item	2124	Lime slices	Fresh lime slices.
item	2126	Dwellberries	Some rather pretty blue berries.
item	2128	Equa leaves	Small sweet smelling leaves.
item	2130	Pot of cream	Fresh cream.
item	2132	Raw beef	I need to cook this first.
item	2134	Raw rat meat	I need to cook this first.
item	2136	Raw bear meat	I need to cook this first.
item	2138	Raw chicken	I need to cook this first.
item	2140	Cooked chicken	Mmm this looks tasty.
item	2142	Cooked meat	Mmm this looks tasty.
item	2144	Burnt chicken	Oh dear, it's totally burnt!
item	2146	Burnt meat	Oh dear, it's totally burnt!
item	2148	Raw lava eel	A very strange eel.
item	2149	Lava eel	Strange, it looks cooler now it's been cooked.
item	2150	Swamp toad	A slippery little blighter.
item	2152	Toad's legs	They're a gnome delicacy apparently.
item	2154	Equa toad's legs	They're a gnome delicacy apparently.
item	2156	Spicy toad's legs	They're a gnome delicacy apparently.
item	2158	Seasoned legs	They're a gnome delicacy apparently.
item	2160	Spicy worm	They're a gnome delicacy apparently.
item	2162	King worm	They're a gnome delicacy apparently.
item	2164	Batta tin	A deep tin used for baking gnome battas in.
item	2165	Crunchy tray	A shallow tray used for baking crunchies in.
item	2166	Gnomebowl mould	A large ovenproof bowl.
item	2167	Gianne's cook book	Aluft Gianne's favorite dishes.
item	2169	Gnome spice	It's Aluft Gianne's secret mix of spices.
item	2171	Gianne dough	It's made from a secret recipe.
item	2173	Odd gnomebowl	This gnome bowl doesn't look very appetising.
item	2175	Burnt gnomebowl	This gnome bowl has been burnt to a cinder.
item	2177	Half baked bowl	This gnome bowl is in the early stages of preparation.
item	2178	Raw gnomebowl	This gnome bowl needs cooking.
item	2179	Unfinished bowl	This dish is just missing those little finishing touches.
item	2181	Unfinished bowl	This dish is just missing those little finishing touches.
item	2183	Unfinished bowl	This dish is just missing those little finishing touches.
item	2185	Chocolate bomb	Looks great!
item	2187	Tangled toad's legs	It actually smells quite good.
item	2189	Unfinished bowl	This dish is just missing those little finishing touches.
item	2191	Worm hole	It actually smells quite good.
item	2193	Unfinished bowl	This dish is just missing those little finishing touches.
item	2195	Veg ball	This looks pretty healthy.
item	2197	Odd crunchies	These crunchies don't look very appetising.
item	2199	Burnt crunchies	These crunchies have been burnt to a cinder.
item	2201	Half baked crunchy	This crunchy is in the early stages of preparation.
item	2202	Raw crunchies	These crunchies need cooking.
item	2203	Unfinished crunchy	These crunchies are just missing those little finishing touches.
item	2205	Worm crunchies	It actually smells quite good.
item	2207	Unfinished crunchy	These crunchies are just missing those little finishing touches.
item	2209	Chocchip crunchies	Yum... smells good.
item	2211	Unfinished crunchy	These crunchies are just missing those little finishing touches.
item	2213	Spicy crunchies	Yum... smells good.
item	2215	Unfinished crunchy	These crunchies are just missing those little finishing touches.
item	2217	Toad crunchies	It actually smells quite good.
item	2219	Worm batta	It actually smells quite good.
item	2221	Toad batta	It actually smells quite good.
item	2223	Cheese+tom batta	This smells really good.
item	2225	Fruit batta	It actually smells quite good.
item	2227	Vegetable batta	Well... it looks healthy.
item	2229	Chocolate bomb	Looks great!
item	2231	Tangled toad's legs	It actually smells quite good.
item	2233	Worm hole	It actually smells quite good.
item	2235	Veg ball	This looks pretty healthy.
item	2237	Worm crunchies	It actually smells quite good.
item	2239	Chocchip crunchies	Yum... smells good.
item	2241	Spicy crunchies	Yum... smells good.
item	2243	Toad crunchies	It actually smells quite good.
item	2245	Odd batta	This batta doesn't look very appetising.
item	2247	Burnt batta	This batta has been burnt to a cinder.
item	2249	Half baked batta	This gnome batta is in the early stages of preparation.
item	2250	Raw batta	This gnome batta needs cooking.
item	2251	Unfinished batta	This batta is just missing those little finishing touches.
item	2253	Worm batta	It actually smells quite good.
item	2255	Toad batta	It actually smells quite good.
item	2257	Unfinished batta	This batta is just missing those little finishing touches.
item	2259	Cheese+tom batta	This smells really good.
item	2261	Unfinished batta	This batta is just missing those little finishing touches.
item	2263	Unfinished batta	This batta is just missing those little finishing touches.
item	2265	Unfinished batta	This batta is just missing those little finishing touches.
item	2267	Unfinished batta	This batta is just missing those little finishing touches.
item	2269	Unfinished batta	This batta is just missing those little finishing touches.
item	2271	Unfinished batta	This batta is just missing those little finishing touches.
item	2273	Unfinished batta	This batta is just missing those little finishing touches.
item	2275	Unfinished batta	This batta is just missing those little finishing touches.
item	2277	Fruit batta	It actually smells quite good.
item	2279	Unfinished batta	This batta is just missing those little finishing touches.
item	2281	Vegetable batta	Well... it looks healthy.
item	2283	Pizza base	I need to add some tomato next.
item	2285	Incomplete pizza	I need to add some cheese next.
item	2287	Uncooked pizza	This needs cooking.
item	2289	Plain pizza	A cheese and tomato pizza.
item	2291	1/2 plain pizza	Half of this pizza has been eaten.
item	2293	Meat pizza	A pizza with bits of meat on it.
item	2295	1/2 meat pizza	Half of this pizza has been eaten.
item	2297	Anchovy pizza	A pizza with anchovies.
item	2299	1/2 anchovy pizza	Half of this pizza has been eaten.
item	2301	Pineapple pizza	A tropicana pizza.
item	2303	1/2pineapple pizza	Half of this pizza has been eaten.
item	2305	Burnt pizza	Oh dear!
item	2307	Bread dough	Some uncooked dough.
item	2309	Bread	Nice crispy bread.
item	2311	Burnt bread	Nice crispy bread.  Possibly too crispy.
item	2313	Pie dish	Deceptively pie shaped.
item	2315	Pie shell	I need to find a filling for this pie.
item	2317	Uncooked apple pie	This would be much tastier cooked.
item	2319	Uncooked meat pie	This would be much healthier cooked.
item	2321	Uncooked berry pie	This would be much more appetising cooked.
item	2323	Apple pie	Mmm Apple pie.
item	2325	Redberry pie	Looks tasty.
item	2327	Meat pie	Not for vegetarians.
item	2329	Burnt pie	I think I left it on the stove too long.
item	2331	Half a meat pie	Half of it is suitable for vegetarians.
item	2333	Half a redberry pie	So tasty I kept some for later.
item	2335	Half an apple pie	Mmm half an apple pie.
item	2337	Raw oomlie	Raw meat from the oomlie bird.
item	2339	Palm leaf	A thick green palm leaf used by natives to cook meat in.
item	2341	Wrapped oomlie	Oomlie meat in a palm leaf pouch.  It just needs to be cooked.
item	2343	Cooked oomlie wrap	Deliciously cooked oomlie meat in a palm leaf pouch.
item	2345	Burnt oomlie wrap	Burnt oomlie meat in a palm leaf pouch.
item	2347	Hammer	Good for hitting things!
item	2349	Bronze bar	It's a bar of bronze.
item	2351	Iron bar	It's a bar of iron.
item	2353	Steel bar	It's a bar of steel.
item	2355	Silver bar	It's a bar of silver.
item	2357	Gold bar	It's a bar of gold.
item	2359	Mithril bar	It's a bar of mithril.
item	2361	Adamantite bar	It's a bar of adamantite.
item	2363	Runite bar	It's a bar of runite.
item	2365	'perfect' gold bar	It's a bar of 'perfect' gold.
item	2366	Shield left half	The left half of a dragon square shield.
item	2368	Shield right half	The right half of a dragon square shield.
item	2370	Steel studs	A set of studs for leather armour.
item	2372	Ogre relic	An old statue of an ogre warrior.
item	2373	Relic part 1	Part of an ogre relic.
item	2374	Relic part 2	Part of an ogre relic.
item	2375	Relic part 3	Part of an ogre relic.
item	2376	Skavid map	It's a map.
item	2377	Ogre tooth	Very tooth like.
item	2378	Toban's key	Formerly the property of Toban the ogre.
item	2379	Rock cake	Handy if you want to break all your teeth.
item	2380	Crystal	Powers the Watchtower in Yanille.
item	2381	Crystal	Powers the Watchtower in Yanille.
item	2382	Crystal	Powers the Watchtower in Yanille.
item	2383	Crystal	Powers the Watchtower in Yanille.
item	2384	Finger nails	Eeeeyeeew!
item	2385	Old robe	I can't wear this old thing.
item	2386	Unusual armour	Looks kind of useless...
item	2387	Damaged dagger	Pointy.
item	2388	Tattered eye patch	Useless as an eyepatch.
item	2389	Vial	An infusion of water and jangerberries.
item	2390	Vial	A mixture of jangerberries and guam leaves in a vial.
item	2391	Ground bat bones	Let's see it fly now!
item	2393	Gold	It's a stolen bar of gold.
item	2394	Potion	A strange brew.
item	2395	Magic ogre potion	A dangerous magical liquid.
item	2396	Spell scroll	A spell is written on this parchment.
item	2397	Shaman robe	A tattered old robe.
item	2398	Nightshade	Deadly!
item	2399	Key	A key given to me by Wizard Traiborn.
item	2400	Key	A key given to me by Captain Rovin.
item	2401	Key	A key I found in a drain.
item	2402	Silverlight	The magical sword 'Silverlight'.
item	2403	Hazeel scroll	Scroll containing a powerful enchantment of restoration.
item	2404	Chest key	This key opens a chest in the Carnillean household.
item	2405	Carnillean armour	Decorative armour; an heirloom of the Carnillean family.
item	2406	Hazeel's mark	A sign of my commitment to Hazeel.
item	2407	Ball	A child's ball.
item	2408	Diary	A daily journal.
item	2409	Door key	A key to the Witch's house's front door.
item	2410	Magnet	A very attractive magnet.
item	2411	Key	A key to the Witch's shed.
item	2412	Saradomin cape	A cape from the almighty god Saradomin.
item	2413	Guthix cape	A cape from the almighty god Guthix.
item	2414	Zamorak cape	A cape from the almighty god Zamorak.
item	2415	Saradomin staff	A magical staff imbued with the power of Saradomin.
item	2416	Guthix staff	A magical staff imbued with the power of Guthix.
item	2417	Zamorak staff	A magical staff imbued with the power of Zamorak.
item	2418	Bronze key	A heavy key made of bronze.
item	2419	Wig	A wig that has been dyed slightly blonde.
item	2420	Brass monkey	Suffers in cold weather.
item	2421	Wig	A grey woollen wig.
item	2422	Blue partyhat	A nice hat from a cracker.
item	2423	Key print	An imprint of a key in a lump of clay.
item	2424	Paste	A bottle of skin coloured paste.
item	2425	Orbital knife	On average, it's accurate.
item	2426	Burnt oomlie	Oh dear, it's totally burnt!
item	2428	Attack potion(4)	4 doses of attack potion.
item	2430	Restore potion(4)	4 doses of stat restoration potion.
item	2432	Defence potion(4)	4 doses of defence potion.
item	2434	Prayer potion(4)	4 doses of restore prayer potion.
item	2436	Super attack(4)	4 doses of super attack potion.
item	2438	Fishing potion(4)	4 doses of fishing potion.
item	2440	Super strength(4)	4 doses of super strength potion.
item	2442	Super defence(4)	4 doses of super defence potion.
item	2444	Ranging potion(4)	4 doses of ranging potion.
item	2446	Antipoison(4)	4 doses of antipoison potion.
item	2448	Superantipoison(4)	4 doses of super antipoison potion.
item	2450	Zamorak brew(4)	4 doses of Zamorak Brew.
item	2452	Antifire potion(4)	4 doses of anti-firebreath potion.
item	2454	Antifire potion(3)	3 doses of anti-firebreath potion.
item	2456	Antifire potion(2)	2 doses of anti-firebreath potion.
item	2458	Antifire potion(1)	1 dose of anti-firebreath potion.
item	2460	Flowers	A posy of flowers.
item	2462	Flowers	A posy of flowers.
item	2464	Flowers	A posy of flowers.
item	2466	Flowers	A posy of flowers.
item	2468	Flowers	A posy of flowers.
item	2470	Flowers	A posy of flowers.
item	2472	Flowers	A posy of flowers.
item	2474	Flowers	A posy of flowers.
item	2476	Flowers	A posy of flowers.
item	2480	Firestarter	Distorted.
item	2481	Lantadyme	A powerful herb.
item	2483	Unfinished potion	I need another ingredient to finish this Lantadyme potion.
item	2485	Herb	I need a closer look to identify this.
item	2487	Blue d'hide vamb	Vambraces made from 100% real dragonhide.
item	2489	Red d'hide vamb	Vambraces made from 100% real dragonhide.
item	2491	Black d'hide vamb	Vambraces made from 100% real dragonhide.
item	2493	Blue d'hide chaps	Made from 100% real dragonhide.
item	2495	Red d'hide chaps	Made from 100% real dragonhide.
item	2497	Black d'hide chaps	Made from 100% real dragonhide.
item	2499	Blue d'hide body	Made from 100% real dragonhide.
item	2501	Red d'hide body	Made from 100% real dragonhide.
item	2503	Black d'hide body	Made from 100% real dragonhide.
item	2505	Blue d-leather	It's a piece of prepared blue dragonhide.
item	2507	Red dragon leather	It's a piece of prepared red dragonhide.
item	2509	Black d-leather	It's a piece of prepared black dragonhide.
item	2511	Logs	A number of wooden logs.
item	2512	Box of delights	What could be in here?
item	2513	Waste disposal	Gets rid of all that nasty kitchen waste.
item	2514	Raw shrimps	I should try cooking this.
item	2516	Pot of flour	There is flour in this pot.
item	2518	Rotten tomato	Pretty smelly.
item	2520	Toy horsey	A brown toy horse.
item	2522	Toy horsey	A white toy horse.
item	2524	Toy horsey	A black toy horse.
item	2526	Toy horsey	A grey toy horse.
item	2528	Lamp	Wonder what happens if I rub it...
item	2529	Orb of light	A magical sphere that glimmers within.
item	2530	Bones	Bones are for burying!
item	2532	Iron fire arrows	Arrows with iron heads and oil soaked cloth.
item	2533	Iron fire arrows	These iron headed arrows are ablaze with fire.
item	2534	Steel fire arrows	Arrows with steel heads and oil soaked cloth.
item	2535	Steel fire arrows	These steel headed arrows are ablaze with fire.
item	2536	Mithril fire arrows	Arrows with mithril heads and oil soaked cloth.
item	2537	Mithril fire arrows	These mithril headed arrows are ablaze with fire.
item	2538	Addy fire arrows	Arrows with adamant heads and oil soaked cloth.
item	2539	Addy fire arrows	These adamant headed arrows are ablaze with fire.
item	2540	Rune fire arrows	Arrows with rune heads and oil soaked cloth.
item	2541	Rune fire arrows	These rune headed arrows are ablaze with fire.
item	2550	Ring of recoil	An enchanted ring.
item	2552	Ring of dueling(8)	An enchanted ring.
item	2554	Ring of dueling(7)	An enchanted ring.
item	2556	Ring of dueling(6)	An enchanted ring.
item	2558	Ring of dueling(5)	An enchanted ring.
item	2560	Ring of dueling(4)	An enchanted ring.
item	2562	Ring of dueling(3)	An enchanted ring.
item	2564	Ring of dueling(2)	An enchanted ring.
item	2566	Ring of dueling(1)	An enchanted ring.
item	2568	Ring of forging	An enchanted ring.
item	2570	Ring of life	An enchanted ring.
item	2572	Ring of wealth	An enchanted ring.
item	2574	Sextant	Used by navigators to find their position in RuneScape.
item	2575	Watch	A fine looking time piece.
item	2576	Chart	A navigator's chart of RuneScape.
item	2577	Ranger boots	Lightweight boots ideal for rangers.
item	2579	Wizard boots	Slightly magical boots.
item	2581	Robin hood hat	Endorsed by Robin Hood.
item	2583	Black platebody (t)	Black plate body with trim.
item	2585	Black platelegs (t)	Black platelegs with trim.
item	2587	Black full helm (t)	Black full helm with trim.
item	2589	Black kiteshield (t)	Black kiteshield with trim.
item	2591	Black platebody (g)	Black platebody with gold trim.
item	2593	Black platelegs (g)	Black platelegs with gold trim.
item	2595	Black full helm (g)	Black full helm with gold trim.
item	2597	Black kiteshield (g)	Black kiteshield with gold trim.
item	2599	Adam platebody (t)	Adamant platebody with trim.
item	2601	Adam platelegs (t)	Adamant platelegs with trim.
item	2603	Adam kiteshield (t)	Adamant kiteshield with trim.
item	2605	Adam full helm (t)	Adamant full helm with trim.
item	2607	Adam platebody (g)	Adamant platebody with gold trim.
item	2609	Adam platelegs (g)	Adamant platelegs with gold trim.
item	2611	Adam kiteshield (g)	Adamant kiteshield with gold trim.
item	2613	Adam full helm (g)	Adamant full helm with gold trim.
item	2615	Rune platebody (g)	Rune plate body with gold trim.
item	2617	Rune platelegs (g)	Rune platelegs with gold trim.
item	2619	Rune full helm (g)	Rune full helm with gold trim.
item	2621	Rune kiteshield (g)	Rune kiteshield with gold trim.
item	2623	Rune platebody (t)	Rune platebody with trim.
item	2625	Rune platelegs (t)	Rune platelegs with trim.
item	2627	Rune full helm (t)	Rune full helm with trim.
item	2629	Rune kiteshield (t)	Rune kiteshield with trim.
item	2631	Highwayman mask	Your money or your life!
item	2633	Blue beret	Parlez-vous francais?
item	2635	Black beret	Parlez-vous francais?
item	2637	White beret	Parlez-vous francais?
item	2639	Tan cavalier	All for one and one for all!
item	2641	Dark cavalier	All for one and one for all!
item	2643	Black cavalier	All for one and one for all!
item	2645	Red headband	A minimalist's hat.
item	2647	Black headband	A minimalist's hat.
item	2649	Brown headband	A minimalist's hat.
item	2651	Pirate's hat	Shiver me timbers!
item	2653	Zamorak platebody	Rune platebody in the colours of Zamorak.
item	2655	Zamorak platelegs	Rune platelegs in the colours of Zamorak.
item	2657	Zamorak full helm	Rune full helm in the colours of Zamorak.
item	2659	Zamorak kiteshield	Rune kiteshield in the colours of Zamorak.
item	2661	Saradomin plate	Rune platebody in the colours of Saradomin.
item	2663	Saradomin legs	Rune platelegs in the colours of Saradomin.
item	2665	Saradomin full	Rune full helm in the colours of Saradomin.
item	2667	Saradomin kite	Rune kiteshield in the colours of Saradomin.
item	2669	Guthix platebody	Rune plate body in the colours of Guthix.
item	2671	Guthix platelegs	Rune plate legs in the colours of Guthix.
item	2673	Guthix full helm	A rune full face helmet in the colours of Guthix.
item	2675	Guthix kiteshield	Rune kiteshield in the colours of Guthix.
item	2677	Clue scroll	A clue!
item	2678	Clue scroll	A clue!
item	2679	Clue scroll	A clue!
item	2680	Clue scroll	A clue!
item	2681	Clue scroll	A clue!
item	2682	Clue scroll	A clue!
item	2683	Clue scroll	A clue!
item	2684	Clue scroll	A clue!
item	2685	Clue scroll	A clue!
item	2686	Clue scroll	A clue!
item	2687	Clue scroll	A clue!
item	2688	Clue scroll	A clue!
item	2689	Clue scroll	A clue!
item	2690	Clue scroll	A clue!
item	2691	Clue scroll	A clue!
item	2692	Clue scroll	A clue!
item	2693	Clue scroll	A clue!
item	2694	Clue scroll	A clue!
item	2695	Clue scroll	A clue!
item	2696	Clue scroll	A clue!
item	2697	Clue scroll	A clue!
item	2698	Clue scroll	A clue!
item	2699	Clue scroll	A clue!
item	2700	Clue scroll	A clue!
item	2701	Clue scroll	A clue!
item	2702	Clue scroll	A clue!
item	2703	Clue scroll	A clue!
item	2704	Clue scroll	A clue!
item	2705	Clue scroll	A clue!
item	2706	Clue scroll	A clue!
item	2707	Clue scroll	A clue!
item	2708	Clue scroll	A clue!
item	2709	Clue scroll	A clue!
item	2710	Clue scroll	A clue!
item	2711	Clue scroll	A clue!
item	2712	Clue scroll	A clue!
item	2713	Clue scroll	Part of the world map, but where?
item	2714	Casket	I hope there's treasure in it.
item	2715	Casket	I hope there's treasure in it.
item	2716	Clue scroll	Part of the world map, but where?
item	2717	Casket	I hope there's treasure in it.
item	2718	Casket	I hope there's treasure in it.
item	2719	Clue scroll	Part of the world map, but where?
item	2720	Casket	I hope there's treasure in it.
item	2721	Casket	I hope there's treasure in it.
item	2722	Clue scroll	Part of the world map, but where?
item	2723	Clue scroll	Perhaps someone at the observatory can teach me to navigate?
item	2724	Casket	I hope there's treasure in it.
item	2725	Clue scroll	Perhaps someone at the observatory can teach me to navigate?
item	2726	Casket	I hope there's treasure in it.
item	2727	Clue scroll	Perhaps someone at the observatory can teach me to navigate?
item	2728	Casket	I hope there's treasure in it.
item	2729	Clue scroll	Perhaps someone at the observatory can teach me to navigate?
item	2730	Casket	I hope there's treasure in it.
item	2731	Clue scroll	Perhaps someone at the observatory can teach me to navigate?
item	2732	Casket	I hope there's treasure in it.
item	2733	Clue scroll	Perhaps someone at the observatory can teach me to navigate?
item	2734	Casket	I hope there's treasure in it.
item	2735	Clue scroll	Perhaps someone at the observatory can teach me to navigate?
item	2736	Casket	I hope there's treasure in it.
item	2737	Clue scroll	Perhaps someone at the observatory can teach me to navigate?
item	2738	Casket	I hope there's treasure in it.
item	2739	Clue scroll	Perhaps someone at the observatory can teach me to navigate?
item	2740	Casket	I hope there's treasure in it.
item	2741	Clue scroll	Perhaps someone at the observatory can teach me to navigate?
item	2742	Casket	I hope there's treasure in it.
item	2743	Clue scroll	Perhaps someone at the observatory can teach me to navigate?
item	2744	Casket	I hope there's treasure in it.
item	2745	Clue scroll	Perhaps someone at the observatory can teach me to navigate?
item	2746	Casket	I hope there's treasure in it.
item	2747	Clue scroll	Perhaps someone at the observatory can teach me to navigate?
item	2748	Casket	I hope there's treasure in it.
item	2749	Sliding piece	A piece of the puzzle
item	2750	Sliding piece	A piece of the puzzle
item	2751	Sliding piece	A piece of the puzzle
item	2752	Sliding piece	A piece of the puzzle
item	2753	Sliding piece	A piece of the puzzle
item	2754	Sliding piece	A piece of the puzzle
item	2755	Sliding piece	A piece of the puzzle
item	2756	Sliding piece	A piece of the puzzle
item	2757	Sliding piece	A piece of the puzzle
item	2758	Sliding piece	A piece of the puzzle
item	2759	Sliding piece	A piece of the puzzle
item	2760	Sliding piece	A piece of the puzzle
item	2761	Sliding piece	A piece of the puzzle
item	2762	Sliding piece	A piece of the puzzle
item	2763	Sliding piece	A piece of the puzzle
item	2764	Sliding piece	A piece of the puzzle
item	2765	Sliding piece	A piece of the puzzle
item	2766	Sliding piece	A piece of the puzzle
item	2767	Sliding piece	A piece of the puzzle
item	2768	Sliding piece	A piece of the puzzle
item	2769	Sliding piece	A piece of the puzzle
item	2770	Sliding piece	A piece of the puzzle
item	2771	Sliding piece	A piece of the puzzle
item	2772	Sliding piece	A piece of the puzzle
item	2773	Clue scroll	A clue!
item	2774	Clue scroll	A clue!
item	2775	Casket	I hope there's treasure in it.
item	2776	Clue scroll	A clue!
item	2777	Casket	I hope there's treasure in it.
item	2778	Clue scroll	A clue!
item	2779	Casket	I hope there's treasure in it.
item	2780	Clue scroll	A clue!
item	2781	Casket	I hope there's treasure in it.
item	2782	Clue scroll	A clue!
item	2783	Clue scroll	A clue!
item	2784	Casket	I hope there's treasure in it.
item	2785	Clue scroll	A clue!
item	2786	Clue scroll	A clue!
item	2787	Casket	I hope there's treasure in it.
item	2788	Clue scroll	A clue!
item	2789	Casket	I hope there's treasure in it.
item	2790	Clue scroll	A clue!
item	2791	Casket	I hope there's treasure in it.
item	2792	Clue scroll	A clue!
item	2793	Clue scroll	A clue!
item	2794	Clue scroll	A clue!
item	2795	Puzzle box	I need to solve this!
item	2796	Clue scroll	A clue!
item	2797	Clue scroll	A clue!
item	2798	Puzzle box	I need to solve this!
item	2799	Clue scroll	A clue!
item	2800	Puzzle box	I need to solve this!
item	2801	Clue scroll	Perhaps someone at the observatory can teach me to navigate?
item	2802	Casket	I hope there's treasure in it.
item	2803	Clue scroll	Perhaps someone at the observatory can teach me to navigate?
item	2804	Casket	I hope there's treasure in it.
item	2805	Clue scroll	Perhaps someone at the observatory can teach me to navigate?
item	2806	Casket	I hope there's treasure in it.
item	2807	Clue scroll	Perhaps someone at the observatory can teach me to navigate?
item	2808	Casket	I hope there's treasure in it.
item	2809	Clue scroll	Perhaps someone at the observatory can teach me to navigate?
item	2810	Casket	I hope there's treasure in it.
item	2811	Clue scroll	Perhaps someone at the observatory can teach me to navigate?
item	2812	Casket	I hope there's treasure in it.
item	2813	Clue scroll	Perhaps someone at the observatory can teach me to navigate?
item	2814	Casket	I hope there's treasure in it.
item	2815	Clue scroll	Perhaps someone at the observatory can teach me to navigate?
item	2816	Casket	I hope there's treasure in it.
item	2817	Clue scroll	Perhaps someone at the observatory can teach me to navigate?
item	2818	Casket	I hope there's treasure in it.
item	2819	Clue scroll	Perhaps someone at the observatory can teach me to navigate?
item	2820	Casket	I hope there's treasure in it.
item	2821	Clue scroll	Perhaps someone at the observatory can teach me to navigate?
item	2822	Casket	I hope there's treasure in it.
item	2823	Clue scroll	Perhaps someone at the observatory can teach me to navigate?
item	2824	Casket	I hope there's treasure in it.
item	2825	Clue scroll	Perhaps someone at the observatory can teach me to navigate?
item	2826	Casket	I hope there's treasure in it.
item	2827	Clue scroll	Part of the world map, but where?
item	2828	Casket	I hope there's treasure in it.
item	2829	Clue scroll	Part of the world map, but where?
item	2830	Casket	I hope there's treasure in it.
item	2831	Clue scroll	A clue!
item	2832	Key	A key to unlock a treasure chest.
item	2833	Clue scroll	A clue!
item	2834	Key	A key to some drawers.
item	2835	Clue scroll	A clue!
item	2836	Key	A key to some drawers.
item	2837	Clue scroll	A clue!
item	2838	Key	A key to some drawers.
item	2839	Clue scroll	A clue!
item	2840	Key	A key to a chest.
item	2841	Clue scroll	A clue!
item	2842	Challenge scroll	I need to answer this correctly.
item	2843	Clue scroll	A clue!
item	2844	Challenge scroll	I need to answer this correctly.
item	2845	Clue scroll	A clue!
item	2846	Challenge scroll	I need to answer this correctly.
item	2847	Clue scroll	A clue!
item	2848	Clue scroll	A clue!
item	2849	Clue scroll	A clue!
item	2850	Challenge scroll	I need to answer this correctly.
item	2851	Clue scroll	A clue!
item	2852	Challenge scroll	I need to answer this correctly.
item	2853	Clue scroll	A clue!
item	2854	Challenge scroll	I need to answer this correctly.
item	2855	Clue scroll	A clue!
item	2856	Clue scroll	A clue!
item	2857	Clue scroll	A clue!
item	2858	Clue scroll	A clue!
item	2859	Wolf bones	Bones of a recently slain wolf.
item	2861	Wolfbone arrowtips	I can make an ogre arrow with these.
item	2862	Achey tree logs	These logs are longer than normal.
item	2864	Ogre arrow shaft	A wooden arrow shaft.
item	2865	Flighted ogre arrow	A wooden arrow shaft with four flights attached.
item	2866	Ogre arrow	A large ogre arrow with a bone tip.
item	2871	Ogre bellows	A large pair of ogre bellows.
item	2872	Ogre bellows (3)	A large pair of ogre bellows, it has three loads of swamp gas in it.
item	2873	Ogre bellows (2)	A large pair of ogre bellows, it has two loads of swamp gas in it.
item	2874	Ogre bellows (1)	A large pair of ogre bellows, it has one load of swamp gas in it.
item	2875	Bloated toad	An inflated toad.
item	2876	Raw chompy	I need to cook this first.
item	2878	Cooked chompy	It might look delicious to an ogre.
item	2880	Ruined chompy	It's really burnt.
item	2882	Seasoned chompy	It has been deliciously seasoned to taste wonderful for ogres.
item	2883	Ogre bow	More powerful than a normal bow, useful against large game birds.
item	2885	Whoopsie	Just chuck this away, it's useless!
item	2886	Battered book	A very thickly bound book.
item	2887	Battered key	An old battered key.
item	2888	A stone bowl	This is an empty stone bowl.
item	2889	A stone bowl	This is a stone bowl full of lava.
item	2890	Elemental shield	A magic shield.
item	2892	Elemental ore	This needs refining.
item	2893	Elemental metal	It's a bar of refined elemental ore.
item	2894	Boots	Very stylish!
item	2896	Robe top	Some fine werewolf clothing.
item	2898	Robe bottoms	Made by werewolves for werewolves.
item	2900	Hat	A silly pointed hat.
item	2902	Gloves	These will keep my hands warm!
item	2904	Boots	Very stylish!
item	2906	Robe top	Some fine werewolf clothing.
item	2908	Robe bottoms	Made by werewolves for werewolves.
item	2910	Hat	A silly pointed hat.
item	2912	Gloves	These will keep my hands warm!
item	2914	Boots	Very stylish!
item	2916	Robe top	Some fine werewolf clothing.
item	2918	Robe bottoms	Made by werewolves for werewolves.
item	2920	Hat	A silly pointed hat.
item	2922	Gloves	These will keep my hands warm!
item	2924	Boots	Very stylish!
item	2926	Robe top	Some fine werewolf clothing.
item	2928	Robe bottoms	Made by werewolves for werewolves.
item	2930	Hat	A silly pointed hat.
item	2932	Gloves	These will keep my hands warm!
item	2934	Boots	Very stylish!
item	2936	Robe top	Some fine werewolf clothing.
item	2938	Robe bottoms	Made by werewolves for werewolves.
item	2940	Hat	A silly pointed hat.
item	2942	Gloves	These will keep my hands warm!
item	2944	Golden key	A replica key made of solid gold.
item	2945	Iron key	A key made of solid Iron.
item	2946	Golden tinderbox	A replica tinderbox made of solid gold.
item	2947	Golden candle	A replica candle made of solid gold.
item	2948	Golden pot	A replica pot made of solid gold.
item	2949	Golden hammer	A replica hammer made of solid gold.
item	2950	Golden feather	A replica feather made of solid gold.
item	2951	Golden needle	A replica needle made of solid gold.
item	2952	Wolfbane	A silver dagger that can prevent werewolves changing form.
item	2953	Bucket of water	It's a bucket of murky water.
item	2954	Bucket of water	It's a bucket of blessed water.
item	2955	Moonlight mead	A foul smelling brew.
item	2957	Druid pouch	An empty druid pouch.
item	2958	Druid pouch	A druid pouch.
item	2959	Rotten food	Erhhh! It stinks.
item	2961	Silver sickle	It's a silver sickle.
item	2963	Silver sickle(b)	It's a blessed silver sickle.
item	2964	Washing bowl	Used for washing your face, amongst other things.
item	2966	Mirror	A small mirror, probably used for grooming.
item	2967	Journal	This must be Filliman Tarlocks personal journal.
item	2968	Druidic spell	A druidic spell given to you freely by the spirit of Filliman Tarlock.
item	2969	A used spell	A used druidic spell given to you freely by the spirit of Filliman Tarlock.
item	2970	Mort myre fungi	A mushroom from the swamps of Mort Myre.
item	2972	Mort myre stem	A cutting from a budding branch.
item	2974	Mort myre pear	A pear picked from a dying bush in Mort Myre.
item	2976	Sickle mould	Used to make sickles.
item	2978	Chompy bird hat	A symbol of your chompy bird hunting prowess.
item	2979	Chompy bird hat	A symbol of your chompy bird hunting prowess.
item	2980	Chompy bird hat	A symbol of your chompy bird hunting prowess.
item	2981	Chompy bird hat	A symbol of your chompy bird hunting prowess.
item	2982	Chompy bird hat	A symbol of your chompy bird hunting prowess.
item	2983	Chompy bird hat	A symbol of your chompy bird hunting prowess.
item	2984	Chompy bird hat	A symbol of your chompy bird hunting prowess.
item	2985	Chompy bird hat	A symbol of your chompy bird hunting prowess.
item	2986	Chompy bird hat	A symbol of your chompy bird hunting prowess.
item	2987	Chompy bird hat	A symbol of your chompy bird hunting prowess.
item	2988	Chompy bird hat	A symbol of your chompy bird hunting prowess.
item	2989	Chompy bird hat	A symbol of your chompy bird hunting prowess.
item	2990	Chompy bird hat	A symbol of your chompy bird hunting prowess.
item	2991	Chompy bird hat	A symbol of your chompy bird hunting prowess.
item	2992	Chompy bird hat	A symbol of your chompy bird hunting prowess.
item	2993	Chompy bird hat	A symbol of your chompy bird hunting prowess.
item	2994	Chompy bird hat	A symbol of your chompy bird hunting prowess.
item	2995	Chompy bird hat	A symbol of your chompy bird hunting prowess.
item	2996	Agility arena ticket	I can exchange these for further experience or items.
item	2997	Pirate's hook	You should see the shark...
item	2998	Toadflax	A useful herb.
item	3000	Snapdragon	A powerful herb.
item	3002	Unfinished potion	I need another ingredient to finish this Toadflax potion.
item	3004	Unfinished potion	I need another ingredient to finish this Snapdragon potion.
item	3006	Firework	A firework potion, this'll look pretty!
item	3008	Energy potion(4)	4 doses of energy potion.
item	3010	Energy potion(3)	3 doses of energy potion.
item	3012	Energy potion(2)	2 doses of energy potion.
item	3014	Energy potion(1)	1 dose of energy potion.
item	3016	Super energy(4)	4 doses of super energy potion.
item	3018	Super energy(3)	3 doses of super energy potion.
item	3020	Super energy(2)	2 doses of super energy potion.
item	3022	Super energy(1)	1 dose of super energy potion.
item	3024	Super restore(4)	4 doses of super restore potion.
item	3026	Super restore(3)	3 doses of super restore potion.
item	3028	Super restore(2)	2 doses of super restore potion.
item	3030	Super restore(1)	1 dose of super restore potion.
item	3032	Agility potion(4)	4 doses of agility potion.
item	3034	Agility potion(3)	3 doses of agility potion.
item	3036	Agility potion(2)	2 doses of agility potion.
item	3038	Agility potion(1)	1 dose of agility potion.
item	3040	Magic potion(4)	4 doses of magic potion.
item	3042	Magic potion(3)	3 doses of magic potion.
item	3044	Magic potion(2)	2 doses of magic potion.
item	3046	Magic potion(1)	1 dose of magic potion.
item	3049	Herb	I need a closer look to identify this.
item	3051	Herb	I need a closer look to identify this.
item	3053	Lava battlestaff	It's a slightly magical stick.
item	3054	Mystic lava staff	It's a slightly magical stick.
item	3057	Mime mask	A mime would wear this.
item	3058	Mime top	A mime would wear this.
item	3059	Mime legs	A mime would wear these.
item	3060	Mime gloves	A mime would wear these.
item	3061	Mime boots	A mime would wear these.
item	3062	Strange box	It seems to be humming...
item	3064	Whoopsie	Just chuck this away, it's useless!
item	3066	Whoopsie	Just chuck this away, it's useless!
item	3068	Whoopsie	Just chuck this away, it's useless!
item	3070	Whoopsie	Just chuck this away, it's useless!
item	3072	Whoopsie	Just chuck this away, it's useless!
item	3074	Whoopsie	Just chuck this away, it's useless!
item	3076	Whoopsie	Just chuck this away, it's useless!
item	3078	Whoopsie	Just chuck this away, it's useless!
item	3080	Whoopsie	Just chuck this away, it's useless!
item	3082	Whoopsie	Just chuck this away, it's useless!
item	3084	Whoopsie	Just chuck this away, it's useless!
item	3086	Whoopsie	Just chuck this away, it's useless!
item	3088	Whoopsie	Just chuck this away, it's useless!
item	3090	Whoopsie	Just chuck this away, it's useless!
item	3092	Whoopsie	Just chuck this away, it's useless!
item	3093	Black dart	A deadly throwing dart with a black tip.
item	3094	Black dart(p)	A deadly poisoned dart with a black tip.
item	3095	Bronze claws	A set of fighting claws.
item	3096	Iron claws	A set of fighting claws.
item	3097	Steel claws	A set of fighting claws.
item	3098	Black claws	A set of fighting claws.
item	3099	Mithril claws	A set of fighting claws.
item	3100	Adamant claws	A set of fighting claws.
item	3101	Rune claws	A set of fighting claws.
item	3102	Combination	The combination to Burthorpe Castle's equipment room.
item	3103	Iou	The guard wrote the IOU on the back of some paper.
item	3104	Secret way map	This map shows the secret way up to Death Plateau.
item	3105	Climbing boots	Boots made for climbing.
item	3107	Spiked boots	Climbing boots with spikes.
item	3109	Stone ball	Place on the stone mechanism in the right order to open the door.
item	3110	Stone ball	Place on the stone mechanism in the right order to open the door.
item	3111	Stone ball	Place on the stone mechanism in the right order to open the door.
item	3112	Stone ball	Place on the stone mechanism in the right order to open the door.
item	3113	Stone ball	Place on the stone mechanism in the right order to open the door.
item	3114	Certificate	Entrance certificate to the Imperial Guard.
item	3122	Granite shield	A solid stone shield.
item	3123	Shaikahan bones	Large glistening bones which glow with a pale yellow aura.
item	3125	Jogre bones	Fairly big bones which smell distinctly of Jogre.
item	3127	Burnt jogre bones	These blackened Jogre bones have been somehow burnt.
item	3128	Pasty jogre bones	Burnt Jogre bones smothered with raw Karambwanji Paste.
item	3129	Pasty jogre bones	Burnt Jogre bones smothered with cooked Karambwanji paste.
item	3130	Marinated j' bones	Burnt Jogre bones marinated in a lovely Karambwanji sauce. Perfect.
item	3131	Pasty jogre bones	Jogre bones smothered with raw Karambwanji paste.
item	3132	Pasty jogre bones	Jogre bones smothered with cooked Karambwanji paste.
item	3133	Marinated j' bones	Jogre Bones marinated in Karambwanji sauce. Not quite right.
item	3135	Prison key	The key to the troll prison.
item	3136	Cell key 1	The key to Godric's cell in the troll prison.
item	3137	Cell key 2	The key to Mad Eadgar's cell in the troll prison.
item	3138	Potato cactus	How am I supposed to eat that?!
item	3140	Dragon chainbody	A series of connected metal rings.
item	3142	Raw karambwan	A raw green octopus.
item	3144	Cooked karambwan	Cooked octopus. It looks very nutritious.
item	3146	Cooked karambwan	Cooked octopus. It looks a little suspect.
item	3148	Burnt karambwan	Burnt octopus.
item	3150	Raw karambwanji	Small brightly coloured tropical fish.
item	3151	Karambwanji	Small brightly coloured tropical fish. Looks tasty.
item	3152	Karambwan paste	Freshly made octopus paste.
item	3153	Karambwan paste	Freshly made octopus paste. This smells quite nauseating.
item	3154	Karambwan paste	Freshly made octopus paste.
item	3155	Karambwanji paste	This paste smells of raw fish.
item	3156	Karambwanji paste	This paste smells of cooked fish.
item	3157	Karambwan vessel	A wide bodied and thin necked vessel, encrusted with sea salt.
item	3159	Karambwan vessel	This Karambwan Vessel is loaded with Karambwanji.
item	3161	Crafting manual	A set of instructions explaining how to construct a Karambwan vessel.
item	3162	Sliced banana	You swear you had more than three slices before.
item	3164	Karamjan rum	The Karamjan rum has slices of banana floating in it.
item	3165	Karamjan rum	A banana has been stuffed into the neck of this bottle.
item	3166	Monkey corpse	It's the body of a dead monkey.
item	3167	Monkey skin	It's the skin of a (hopefully) dead monkey.
item	3168	Seaweed sandwich	A 'Seaweed in Monkey Skin' sandwich. Perfect for statue repair.
item	3169	Stuffed monkey	A body of a dead monkey, tastefully stuffed with seaweed.
item	3170	Bronze spear(kp)	A Karambwan poisoned bronze tipped spear.
item	3171	Iron spear(kp)	A Karambwan poisoned iron tipped spear.
item	3172	Steel spear(kp)	A Karambwan poisoned steel tipped spear.
item	3173	Mithril spear(kp)	A Karambwan poisoned mithril tipped spear.
item	3174	Adamant spear(kp)	A Karambwan poisoned adamantite tipped spear.
item	3175	Rune spear(kp)	A Karambwan poisoned rune tipped spear.
item	3176	Dragon spear(kp)	A Karambwan poisoned dragon tipped spear.
item	3177	Banana left	Mmm this looks tasty.
item	3179	Monkey bones	These are smallish monkey bones.
item	3180	Monkey bones	These are medium sized monkey bones.
item	3181	Monkey bones	These are quite large monkey bones.
item	3182	Monkey bones	These are quite large monkey bones.
item	3183	Monkey bones	These are small monkey bones.
item	3185	Monkey bones	These are smallish monkey bones. They smell extremely nauseating.
item	3186	Monkey bones	These are smallish monkey bones. They smell extremely nauseating.
item	3187	Bones	They seem to shake slightly... It might be a good idea to bury them.
item	3188	Cleaning cloth	A spirit soaked piece of silk which can be used to remove poison.
item	3190	Bronze halberd	A bronze halberd.
item	3192	Iron halberd	An iron halberd.
item	3194	Steel halberd	A steel halberd.
item	3196	Black halberd	A black halberd.
item	3198	Mithril halberd	A mithril halberd.
item	3200	Adamant halberd	An adamant halberd.
item	3202	Rune halberd	A rune halberd.
item	3204	Dragon halberd	A dragon halberd.
item	3206	King's message	A summons from King Lathas.
item	3207	Iorwerths message	A letter for King Lathas from Lord Iorwerth.
item	3208	Crystal pendant	Lord Iorwerth's crystal pendant.
item	3209	Sulphur	A piece of sulphur formation.
item	3211	Limestone	Some limestone.
item	3213	Quicklime	Some quicklime.
item	3214	Pot of quicklime	A pot of ground quicklime.
item	3215	Ground sulphur	A pile of ground sulphur.
item	3216	Barrel	An empty barrel.
item	3218	Barrel bomb	A barrel full of fire oil.
item	3219	Barrel bomb	A fused barrel full of fire oil.
item	3220	Barrel of coal-tar	A barrel full of coal-tar.
item	3221	Barrel of naphtha	A barrel full of naphtha.
item	3222	Naphtha mix	A barrel full of naphtha and sulphur.
item	3223	Naphtha mix	A barrel full of naphtha and quicklime.
item	3224	Cloth	A bolt of cloth.
item	3226	Raw rabbit	Might taste better cooked.
item	3228	Cooked rabbit	Mmm this looks tasty.
item	3230	Big book of bangs	A book by Mel Achy.
item	3231	Symbol1	An alchemy symbol
item	3233	Symbol2	An alchemy symbol
item	3235	Symbol3	An alchemy symbol
item	3237	Symbol4	An alchemy symbol
item	3239	Bark	Bark from a hollow tree.
item	3241	Man	One of RuneScape's many citizens.
item	3242	Whoopsie	Just chuck this away, it's useless!
item	3243	Farmer	He grows the crops.
item	3244	Whoopsie	Just chuck this away, it's useless!
item	3245	Warrior woman	Not very fashion conscious.
item	3246	Whoopsie	Just chuck this away, it's useless!
item	3247	Rogue	Rogueish.
item	3248	Whoopsie	Just chuck this away, it's useless!
item	3249	Guard	He tries to keep order.
item	3250	Whoopsie	Just chuck this away, it's useless!
item	3251	Knight of ardougne	A member of Ardougne's militia.
item	3252	Whoopsie	Just chuck this away, it's useless!
item	3253	Watchman	Watches stuff. But who watches him?
item	3254	Whoopsie	Just chuck this away, it's useless!
item	3255	Paladin	A holy warrior!
item	3256	Whoopsie	Just chuck this away, it's useless!
item	3257	Gnome	Looks like a gnome to me.
item	3258	Whoopsie	Just chuck this away, it's useless!
item	3259	Hero	Heroic!
item	3260	Whoopsie	Just chuck this away, it's useless!
item	3261	Goutweed	A pale, tough looking herb.
item	3262	Troll thistle	It's tough and spiky.
item	3263	Dried thistle	It'll be easier to grind now.
item	3264	Ground thistle	It's ready for mixing.
item	3265	Troll potion	It's part of Eadgar's plan.
item	3266	Drunk parrot	It's rather drunk.
item	3267	Dirty robe	It's dirty and smelly.
item	3268	Fake man	It's good enough to fool a troll.
item	3269	Storeroom key	The key to the Troll storeroom.
item	3270	Alco-chunks	Pineapple chunks dipped in strong liquor.
item	3272	Whoopsie	Just chuck this away, it's useless!
item	3325	Vampire dust	That used to be a vampire!
item	3327	Myre snelm	A marshy coloured snail shell helmet.
item	3329	Blood'n'tar snelm	A red and black Snail shell helmet.
item	3331	Ochre snelm	A muddy yellow snail shell helmet.
item	3333	Bruise blue snelm	A moody blue snail shell helmet.
item	3335	Broken bark snelm	An orange and bark coloured snail shell helmet.
item	3337	Myre snelm	A swamp coloured pointed snail shell helmet.
item	3339	Blood'n'tar snelm	A red and black pointed snail shell helmet.
item	3341	Ochre snelm	A muddy yellow coloured pointed snail shell helmet.
item	3343	Bruise blue snelm	A moody blue pointed snail shell helmet.
item	3345	Blamish myre shell	A large 'Myre' coloured blamish snail shell, looks protective.
item	3347	Blamish red shell	A large red and black blamish snail shell, looks protective.
item	3349	Blamish ochre shell	A large muddy yellow coloured blamish snail shell, looks protective.
item	3351	Blamish blue shell	A large blue coloured blamish snail shell, looks protective.
item	3353	Blamish bark shell	A large bark coloured blamish snail shell, looks protective.
item	3355	Blamish myre shell	A large 'Myre' coloured blamish snail shell, looks protective.
item	3357	Blamish red shell	A large red coloured blamish snail shell, looks protective.
item	3359	Blamish ochre shell	A large ochre coloured blamish snail shell, looks protective.
item	3361	Blamish blue shell	A large blue coloured blamish snail shell, looks protective.
item	3363	Thin snail	The thin, slimy corpse of a deceased giant snail.
item	3365	Lean snail	The lean, slimy corpse of a deceased giant snail.
item	3367	Fat snail	The fat, slimy corpse of a deceased giant snail.
item	3369	Thin snail meat	A succulently slimy slice of sumptuous snail.
item	3371	Lean snail meat	A succulently slimy slice of sumptuous snail.
item	3373	Fat snail meat	A succulently slimy slice of sumptuous snail.
item	3375	Burnt snail	A slightly super-saute'ed snail.
item	3377	Sample bottle	An empty sample bottle.
item	3379	Slimy eel	A slime covered eel - yuck!
item	3381	Cooked slimy eel	A cooked slimy eel - not delicious, but pretty nutritious.
item	3383	Burnt eel	It looks like it's seen one too many fires.
item	3385	Splitbark helm	A wooden helmet.
item	3387	Splitbark body	Provides good protection.
item	3389	Splitbark legs	These should protect my legs.
item	3391	Splitbark gauntlets	These should keep my hands safe.
item	3393	Splitbark greaves	Wooden foot protection.
item	3395	Diary	A diary belonging to Herbi Flax.
item	3396	Loar remains	The remains of a deadly shade.
item	3398	Phrin remains	The remains of a deadly shade.
item	3400	Riyl remains	The remains of a deadly shade.
item	3402	Asyn remains	The remains of a deadly shade.
item	3404	Fiyr remains	The remains of a deadly shade.
item	3406	Unfinished potion	I need another ingredient to finish this potion.
item	3408	Serum 207 (4)	4 doses serum 207 as described in Herbi Flax's diary.
item	3410	Serum 207 (3)	3 doses serum 207 as described in Herbi Flax's diary.
item	3412	Serum 207 (2)	2 doses serum 207 as described in Herbi Flax's diary.
item	3414	Serum 207 (1)	1 dose serum 207 as described in Herbi Flax's diary.
item	3416	Serum 207(p) (4)	4 doses permanent serum 207 as described in Herbi Flax's diary.
item	3417	Serum 207(p) (3)	3 doses permanent serum 207 as described in Herbi Flax's diary.
item	3418	Serum 207(p) (2)	2 doses permanent serum 207 as described in Herbi Flax's diary.
item	3419	Serum 207(p) (1)	1 dose permanent serum 207 as described in Herbi Flax's diary.
item	3420	Limestone brick	A well carved limestone brick.
item	3422	Olive oil(4)	4 doses of olive oil.
item	3424	Olive oil(3)	3 doses of olive oil.
item	3426	Olive oil(2)	2 doses of olive oil.
item	3428	Olive oil(1)	1 dose of olive oil.
item	3430	Sacred oil(4)	4 doses of sacred Oil.
item	3432	Sacred oil(3)	3 doses of sacred Oil.
item	3434	Sacred oil(2)	2 doses of sacred Oil.
item	3436	Sacred oil(1)	1 dose of sacred Oil.
item	3438	Pyre logs	Logs prepared with sacred oil for a funeral pyre.
item	3440	Oak pyre logs	Oak logs prepared with sacred oil for a funeral pyre.
item	3442	Willow pyre logs	Willow logs prepared with sacred oil for a funeral pyre.
item	3444	Maple pyre logs	Maple logs prepared with sacred oil for a funeral pyre.
item	3446	Yew pyre logs	Yew logs prepared with sacred oil for a funeral pyre.
item	3448	Magic pyre logs	Magic logs prepared with sacred oil for a funeral pyre.
item	3450	Bronze key red	A bronze key with a blood-red painted eyelet.
item	3451	Bronze key brown	A bronze key with a brown painted eyelet.
item	3452	Bronze key crimson	A bronze key with a crimson painted eyelet.
item	3453	Bronze key black	A bronze key with a black painted eyelet.
item	3454	Bronze key purple	A bronze key with a purple painted eyelet.
item	3455	Steel key red	A steel key with a blood-red painted eyelet.
item	3456	Steel key brown	A steel key with a brown painted eyelet.
item	3457	Steel key crimson	A steel key with a crimson painted eyelet.
item	3458	Steel key black	A steel key with a black painted eyelet.
item	3459	Steel key purple	A steel key with a purple painted eyelet.
item	3460	Black key red	A black key with a blood-red painted eyelet.
item	3461	Black key brown	A black key with a brown painted eyelet.
item	3462	Black key crimson	A black key with a crimson painted eyelet.
item	3463	Black key black	A black key with a black painted eyelet.
item	3464	Black key purple	A black key with a purple painted eyelet.
item	3465	Silver key red	A silver key with a blood-red painted eyelet.
item	3466	Silver key brown	A silver key with a brown painted eyelet.
item	3467	Silver key crimson	A silver key with a crimson painted eyelet.
item	3468	Silver key black	A silver key with a black painted eyelet.
item	3469	Silver key purple	A silver key with a purple painted eyelet.
item	3470	Fine cloth	Amazingly untouched by time.
item	3472	Black plateskirt (t)	Black plateskirt with trim.
item	3473	Black plateskirt (g)	Black plateskirt with gold trim.
item	3474	Adam plateskirt (t)	Adamant plateskirt with trim.
item	3475	Adam plateskirt (g)	Adamant plateskirt with gold trim.
item	3476	Rune plateskirt (g)	Rune plateskirt with gold trim.
item	3477	Rune plateskirt (t)	Rune plateskirt with trim.
item	3478	Zamorak plateskirt	Rune plateskirt in the colours of Zamorak.
item	3479	Saradomin skirt	Rune plateskirt in the colours of Saradomin.
item	3480	Guthix plateskirt	Rune plateskirt in the colours of Guthix.
item	3481	Gilded platebody	Rune platebody with gold plate.
item	3483	Gilded platelegs	Rune platelegs with gold plate.
item	3485	Gilded plateskirt	Rune plateskirt with gold plate.
item	3486	Gilded full helm	Rune full helm with gold plate.
item	3488	Gilded kiteshield	Rune kiteshield with gold plate.
item	3490	Clue scroll	A clue!
item	3491	Clue scroll	A clue!
item	3492	Clue scroll	A clue!
item	3493	Clue scroll	A clue!
item	3494	Clue scroll	A clue!
item	3495	Clue scroll	A clue!
item	3496	Clue scroll	A clue!
item	3497	Clue scroll	A clue!
item	3498	Clue scroll	A clue!
item	3499	Clue scroll	A clue!
item	3500	Clue scroll	A clue!
item	3501	Clue scroll	A clue!
item	3502	Clue scroll	A clue!
item	3503	Clue scroll	A clue!
item	3504	Clue scroll	A clue!
item	3505	Clue scroll	A clue!
item	3506	Clue scroll	A clue!
item	3507	Clue scroll	A clue!
item	3508	Clue scroll	A clue!
item	3509	Clue scroll	A clue!
item	3510	Clue scroll	A clue!
item	3511	Casket	I hope there's treasure in it.
item	3512	Clue scroll	A clue!
item	3513	Clue scroll	A clue!
item	3514	Clue scroll	A clue!
item	3515	Clue scroll	A clue!
item	3516	Clue scroll	Part of the world map, but where?
item	3517	Casket	I hope there's treasure in it.
item	3518	Clue scroll	Part of the world map, but where?
item	3519	Casket	I hope there's treasure in it.
item	3520	Clue scroll	Part of the world map, but where?
item	3521	Casket	I hope there's treasure in it.
item	3522	Clue scroll	Part of the world map, but where?
item	3523	Casket	I hope there's treasure in it.
item	3524	Clue scroll	Part of the world map, but where?
item	3525	Clue scroll	Part of the world map, but where?
item	3526	Clue scroll	Perhaps someone at the observatory can teach me to navigate?
item	3527	Casket	I hope there's treasure in it.
item	3528	Clue scroll	Perhaps someone at the observatory can teach me to navigate?
item	3529	Casket	I hope there's treasure in it.
item	3530	Clue scroll	Perhaps someone at the observatory can teach me to navigate?
item	3531	Casket	I hope there's treasure in it.
item	3532	Clue scroll	Perhaps someone at the observatory can teach me to navigate?
item	3533	Casket	I hope there's treasure in it.
item	3534	Clue scroll	Perhaps someone at the observatory can teach me to navigate?
item	3535	Casket	I hope there's treasure in it.
item	3536	Clue scroll	Perhaps someone at the observatory can teach me to navigate?
item	3537	Casket	I hope there's treasure in it.
item	3538	Clue scroll	Perhaps someone at the observatory can teach me to navigate?
item	3539	Casket	I hope there's treasure in it.
item	3540	Clue scroll	Perhaps someone at the observatory can teach me to navigate?
item	3541	Casket	I hope there's treasure in it.
item	3542	Clue scroll	Perhaps someone at the observatory can teach me to navigate?
item	3543	Casket	I hope there's treasure in it.
item	3544	Clue scroll	Perhaps someone at the observatory can teach me to navigate?
item	3545	Casket	I hope there's treasure in it.
item	3546	Clue scroll	Perhaps someone at the observatory can teach me to navigate?
item	3547	Casket	I hope there's treasure in it.
item	3548	Clue scroll	Perhaps someone at the observatory can teach me to navigate?
item	3549	Casket	I hope there's treasure in it.
item	3550	Clue scroll	Perhaps someone at the observatory can teach me to navigate?
item	3551	Casket	I hope there's treasure in it.
item	3552	Clue scroll	Perhaps someone at the observatory can teach me to navigate?
item	3553	Casket	I hope there's treasure in it.
item	3554	Clue scroll	Perhaps someone at the observatory can teach me to navigate?
item	3555	Casket	I hope there's treasure in it.
item	3556	Clue scroll	Perhaps someone at the observatory can teach me to navigate?
item	3557	Casket	I hope there's treasure in it.
item	3558	Clue scroll	Perhaps someone at the observatory can teach me to navigate?
item	3559	Casket	I hope there's treasure in it.
item	3560	Clue scroll	Perhaps someone at the observatory can teach me to navigate?
item	3561	Casket	I hope there's treasure in it.
item	3562	Clue scroll	Perhaps someone at the observatory can teach me to navigate?
item	3563	Casket	I hope there's treasure in it.
item	3564	Clue scroll	A clue!
item	3565	Puzzle box	I need to solve this!
item	3566	Clue scroll	A clue!
item	3567	Puzzle box	I need to solve this!
item	3568	Clue scroll	A clue!
item	3569	Puzzle box	I need to solve this!
item	3570	Clue scroll	A clue!
item	3571	Puzzle box	I need to solve this!
item	3572	Clue scroll	A clue!
item	3573	Clue scroll	A clue!
item	3574	Clue scroll	A clue!
item	3575	Clue scroll	A clue!
item	3576	Puzzle box	I need to solve this!
item	3577	Clue scroll	A clue!
item	3578	Puzzle box	I need to solve this!
item	3579	Clue scroll	A clue!
item	3580	Clue scroll	A clue!
item	3581	Casket	I hope there's treasure in it.
item	3582	Clue scroll	Perhaps someone at the observatory can teach me to navigate?
item	3583	Casket	I hope there's treasure in it.
item	3584	Clue scroll	Perhaps someone at the observatory can teach me to navigate?
item	3585	Casket	I hope there's treasure in it.
item	3586	Clue scroll	Perhaps someone at the observatory can teach me to navigate?
item	3587	Casket	I hope there's treasure in it.
item	3588	Clue scroll	Perhaps someone at the observatory can teach me to navigate?
item	3589	Casket	I hope there's treasure in it.
item	3590	Clue scroll	Perhaps someone at the observatory can teach me to navigate?
item	3591	Casket	I hope there's treasure in it.
item	3592	Clue scroll	Perhaps someone at the observatory can teach me to navigate?
item	3593	Casket	I hope there's treasure in it.
item	3594	Clue scroll	Perhaps someone at the observatory can teach me to navigate?
item	3595	Casket	I hope there's treasure in it.
item	3596	Clue scroll	Part of the world map, but where?
item	3597	Casket	I hope there's treasure in it.
item	3598	Clue scroll	Part of the world map, but where?
item	3599	Clue scroll	Part of the world map, but where?
item	3600	Casket	I hope there's treasure in it.
item	3601	Clue scroll	Part of the world map, but where?
item	3602	Clue scroll	Part of the world map, but where?
item	3603	Casket	I hope there's treasure in it.
item	3604	Clue scroll	A clue!
item	3605	Clue scroll	A clue!
item	3606	Key	A key to some drawers.
item	3607	Clue scroll	A clue!
item	3608	Key	A key to some drawers.
item	3609	Clue scroll	A clue!
item	3610	Clue scroll	A clue!
item	3611	Clue scroll	A clue!
item	3612	Clue scroll	A clue!
item	3613	Clue scroll	A clue!
item	3614	Clue scroll	A clue!
item	3615	Clue scroll	A clue!
item	3616	Clue scroll	A clue!
item	3617	Clue scroll	A clue!
item	3618	Clue scroll	A clue!
item	3619	Sliding piece	A piece of the puzzle
item	3620	Sliding piece	A piece of the puzzle
item	3621	Sliding piece	A piece of the puzzle
item	3622	Sliding piece	A piece of the puzzle
item	3623	Sliding piece	A piece of the puzzle
item	3624	Sliding piece	A piece of the puzzle
item	3625	Sliding piece	A piece of the puzzle
item	3626	Sliding piece	A piece of the puzzle
item	3627	Sliding piece	A piece of the puzzle
item	3628	Sliding piece	A piece of the puzzle
item	3629	Sliding piece	A piece of the puzzle
item	3630	Sliding piece	A piece of the puzzle
item	3631	Sliding piece	A piece of the puzzle
item	3632	Sliding piece	A piece of the puzzle
item	3633	Sliding piece	A piece of the puzzle
item	3634	Sliding piece	A piece of the puzzle
item	3635	Sliding piece	A piece of the puzzle
item	3636	Sliding piece	A piece of the puzzle
item	3637	Sliding piece	A piece of the puzzle
item	3638	Sliding piece	A piece of the puzzle
item	3639	Sliding piece	A piece of the puzzle
item	3640	Sliding piece	A piece of the puzzle
item	3641	Sliding piece	A piece of the puzzle
item	3642	Sliding piece	A piece of the puzzle
item	3643	Sliding piece	A piece of the puzzle
item	3644	Sliding piece	A piece of the puzzle
item	3645	Sliding piece	A piece of the puzzle
item	3646	Sliding piece	A piece of the puzzle
item	3647	Sliding piece	A piece of the puzzle
item	3648	Sliding piece	A piece of the puzzle
item	3649	Sliding piece	A piece of the puzzle
item	3650	Sliding piece	A piece of the puzzle
item	3651	Sliding piece	A piece of the puzzle
item	3652	Sliding piece	A piece of the puzzle
item	3653	Sliding piece	A piece of the puzzle
item	3654	Sliding piece	A piece of the puzzle
item	3655	Sliding piece	A piece of the puzzle
item	3656	Sliding piece	A piece of the puzzle
item	3657	Sliding piece	A piece of the puzzle
item	3658	Sliding piece	A piece of the puzzle
item	3659	Sliding piece	A piece of the puzzle
item	3660	Sliding piece	A piece of the puzzle
item	3661	Sliding piece	A piece of the puzzle
item	3662	Sliding piece	A piece of the puzzle
item	3663	Sliding piece	A piece of the puzzle
item	3664	Sliding piece	A piece of the puzzle
item	3665	Sliding piece	A piece of the puzzle
item	3666	Sliding piece	A piece of the puzzle
item	3667	Lifeboat	Do not use except in case of emergency.
item	3678	Flamtaer hammer	An exquisitely shaped tool specially designed for fixing temples.
item	3680	Shoe	A shoe.
item	3681	Shoe	A shoe.
item	3682	Shoe	A shoe.
item	3683	Shoe	A shoe.
item	3684	Shoe	A shoe.
item	3685	Shoe.	A shoe.
item	3686	Fremennik	One of Rellekka's many citizens.
item	3687	Whoopsie	Just chuck this away, it's useless!
item	3688	Unstrung lyre	It's almost a musical instrument.
item	3689	Lyre	It's a musical instrument I don't know how to play.
item	3690	Enchanted lyre	A musical instrument that I can magically play.
item	3691	Enchanted lyre(1)	This will teleport me to Rellekka when I play it.
item	3692	Branch	I can use this to make a lyre.
item	3693	Golden fleece	I can spin this into golden wool...
item	3694	Golden wool	I can use this to make a lyre.
item	3695	Pet rock	The lowest maintenance pet you will ever have.
item	3696	Hunters' talisman	Talisman to bind the Draugen.
item	3697	Hunters' talisman	Talisman to bind the Draugen.
item	3698	Exotic flower	Some flowers from a distant land.
item	3699	Fremennik ballad	A hauntingly beautiful love ballad.
item	3700	Sturdy boots	A pair of sturdy custom made boots.
item	3701	Hunters map	A map showing very active hunting spots.
item	3702	Custom bow string	A finely crafted string for a custom bow.
item	3703	Unusual fish	An extremely rare, non edible fish.
item	3704	Sea fishing map	Map showing the best fishing spots out at sea.
item	3705	Weather forecast	An estimate of expected local weather patterns.
item	3706	Champions token	Shows the wearer is worthy of the Champions table.
item	3707	Legendary cocktail	Probably the greatest cocktail in the world.
item	3708	Fiscal statement	A signed statement promising a reduction on sales tax.
item	3709	Promissory note	A legally binding contract promising not to enter the longhall.
item	3710	Warriors' contract	This employment contract is for a warrior to act as a bodyguard.
item	3711	Keg of beer	A lot of beer in a barrel.
item	3712	Low alcohol keg	Suspiciously close to beer, but without the side effects.
item	3713	Strange object	It's some kind of weird little parcel thing.
item	3714	Lit strange object	It's some kind of weird little parcel thing. On fire.
item	3715	Red disk	A red coloured disk, apparently made of wood.
item	3716	Red disk	A red coloured disk, apparently made of wood.
item	3718	Magnet	A very attractive magnet.
item	3719	Blue thread	Some blue thread.
item	3720	Small pick	A small pick for cracking small objects.
item	3721	Toy ship	Might be fun to play with in the bath.
item	3722	Full bucket	This bucket is completely full. It has a 5 painted on its side.
item	3723	4/5ths full bucket	This bucket is eighty percent full. It has a 5 painted on its side.
item	3724	3/5ths full bucket	This bucket is sixty percent full. It has a 5 painted on its side.
item	3725	2/5ths full bucket	This bucket is forty percent full. It has a 5 painted on its side.
item	3726	1/5ths full bucket	This bucket is twenty percent full. It has a 5 painted on its side.
item	3727	Empty bucket	This bucket is completely empty. It has a 5 painted on its side.
item	3728	Frozen bucket	This bucket of water is frozen solid.
item	3729	Full jug	This jug is completely full. It has a 3 painted on its side.
item	3730	2/3rds full jug	This jug is two thirds full. It has a 3 painted on its side.
item	3731	1/3rds full jug	This jug is one thirds full. It has a 3 painted on its side.
item	3732	Empty jug	This jug is completely empty. It has a 3 painted on its side.
item	3733	Frozen jug	This jug of water is frozen solid.
item	3734	Vase	An unusually shaped vase. You can see something glinting inside.
item	3735	Vase of water	An unusually shaped vase full of water. You can see something glinting inside.
item	3736	Frozen vase	An unusually shaped vase full of ice. You can see something glinting inside.
item	3737	Vase lid	This looks like a lid to some kind of container...
item	3738	Sealed vase	The lid is screwed on tightly.
item	3739	Sealed vase	The lid is screwed on tightly. It is very cold.
item	3740	Sealed vase	The lid is screwed on tightly. It is full of water.
item	3741	Frozen key	A key encased in ice.
item	3742	Red herring	The colouring on it seems to be some kind of sticky goop...
item	3743	Red disk	A red coloured disk, apparently made of wood.
item	3744	Wooden disk	A simple looking disk made of wood.
item	3745	Seer's key	The key to leave the Seer's house.
item	3746	Sticky red goop	Yup, it's sticky, it's red and it's goop.
item	3748	Fremennik helm	A sturdy helm worn only by Fremennik clan members.
item	3749	Archer helm	This helmet is worn by archers.
item	3751	Berserker helm	This helmet is worn by berserkers.
item	3753	Warrior helm	This helmet is worn by warriors.
item	3755	Farseer helm	This helmet is worn by farseers.
item	3757	Fremennik blade	A sword used only by Fremennik warriors.
item	3758	Fremennik shield	A shield worn by Fremennik warriors.
item	3759	Fremennik cloak	The latest fashion in Rellekka.
item	3761	Fremennik cloak	The latest fashion in Rellekka.
item	3763	Fremennik cloak	The latest fashion in Rellekka.
item	3765	Fremennik cloak	The latest fashion in Rellekka.
item	3767	Fremennik shirt	The latest in Fremennik fashion.
item	3769	Fremennik shirt	The latest in Fremennik fashion.
item	3771	Fremennik shirt	The latest in Fremennik fashion.
item	3773	Fremennik shirt	The latest in Fremennik fashion.
item	3775	Fremennik shirt	The latest in Fremennik fashion.
item	3777	Fremennik cloak	The latest fashion in Rellekka.
item	3779	Fremennik cloak	The latest fashion in Rellekka.
item	3781	Fremennik cloak	The latest fashion in Rellekka.
item	3783	Fremennik cloak	The latest fashion in Rellekka.
item	3785	Fremennik cloak	The latest fashion in Rellekka.
item	3787	Fremennik cloak	The latest fashion in Rellekka.
item	3789	Fremennik cloak	The latest fashion in Rellekka.
item	3791	Fremennik boots	Very stylish!
item	3793	Fremennik robe	The latest fashion in Rellekka.
item	3795	Fremennik skirt	The latest fashion in Rellekka.
item	3797	Fremennik hat	A silly pointed hat.
item	3799	Gloves	These will keep my hands warm!
item	3801	Keg of beer	A lot of beer in a barrel.
item	3803	Beer	Frothy and alcoholic.
item	3805	Tankard	A big cup for a big thirst.
item	3827	Torn page 1(s)	This seems to have been torn from a book...
item	3828	Torn page 2(s)	This seems to have been torn from a book...
item	3829	Torn page 3(s)	This seems to have been torn from a book...
item	3830	Torn page 4(s)	This seems to have been torn from a book...
item	3831	Torn page 1(z)	This seems to have been torn from a book...
item	3832	Torn page 2(z)	This seems to have been torn from a book...
item	3833	Torn page 3(z)	This seems to have been torn from a book...
item	3834	Torn page 4(z)	This seems to have been torn from a book...
item	3835	Torn page 1(g)	This seems to have been torn from a book...
item	3836	Torn page 2(g)	This seems to have been torn from a book...
item	3837	Torn page 3(g)	This seems to have been torn from a book...
item	3838	Torn page 4(g)	This seems to have been torn from a book...
item	3839	Damaged book	An incomplete book of Saradomin.
item	3840	Holy book	The holy book of Saradomin.
item	3841	Damaged book	An incomplete book of Zamorak.
item	3842	Unholy book	The unholy book of Zamorak.
item	3843	Damaged book	An incomplete book of Guthix.
item	3844	Book of balance	The holy book of Guthix.
item	3845	Journal	A daily journal.
item	3846	Diary	Someone's Diary.
item	3847	Manual	Looks like some kind of manual.
item	3848	Lighthouse key	The key to the front door of the lighthouse.
item	3849	Rusty casket	Looks old and rusty...
item	3851	Whoopsie	Just chuck this away, it's useless!
item	3853	Games necklace(8)	An enchanted necklace.
item	3855	Games necklace(7)	An enchanted necklace.
item	3857	Games necklace(6)	An enchanted necklace.
item	3859	Games necklace(5)	An enchanted necklace.
item	3861	Games necklace(4)	An enchanted necklace.
item	3863	Games necklace(3)	An enchanted necklace.
item	3865	Games necklace(2)	An enchanted necklace.
item	3867	Games necklace(1)	An enchanted necklace.
item	3869	Board game piece	A piece used in board games.
item	3870	Board game piece	A piece used in board games.
item	3871	Board game piece	A piece used in board games.
item	3872	Board game piece	A piece used in board games.
item	3873	Board game piece	A piece used in board games.
item	3874	Board game piece	A piece used in board games.
item	3875	Board game piece	A piece used in board games.
item	3876	Board game piece	A piece used in board games.
item	3877	Board game piece	A piece used in board games.
item	3878	Board game piece	A piece used in board games.
item	3879	Board game piece	A piece used in board games.
item	3880	Board game piece	A piece used in board games.
item	3881	Board game piece	A piece used in board games.
item	3882	Board game piece	A piece used in board games.
item	3883	Board game piece	A piece used in board games.
item	3884	Board game piece	A piece used in board games.
item	3885	Board game piece	A piece used in board games.
item	3886	Board game piece	A piece used in board games.
item	3887	Board game piece	A piece used in board games.
item	3888	Board game piece	A piece used in board games.
item	3889	Board game piece	A piece used in board games.
item	3890	Board game piece	A piece used in board games.
item	3891	Board game piece	A piece used in board games.
item	3892	Board game piece	A piece used in board games.
item	3893	Stool	A comfy stool.
item	3894	Awful anthem	It's not very good.
item	3895	Good anthem	Much better.
item	3896	Treaty	Just needs the King's signature.
item	3897	Giant nib	For making a giant pen.
item	3898	Giant pen	The King should be able to use this.
item	3899	Iron sickle	Not as good as a pet frog.
item	3901	Ghrim's book	''Managing Thine Kingdom for Noobes'' by A. Ghrim.
item	3902	Sliding button	It's a sliding button of some kind.
item	3904	Sliding button	It's a sliding button of some kind.
item	3905	Whoopsie	Just chuck this away, it's useless!
item	3906	Sliding button	It's a sliding button of some kind.
item	3907	Whoopsie	Just chuck this away, it's useless!
item	3908	Sliding button	It's a sliding button of some kind.
item	3909	Whoopsie	Just chuck this away, it's useless!
item	3910	Sliding button	It's a sliding button of some kind.
item	3911	Whoopsie	Just chuck this away, it's useless!
item	3912	Sliding button	It's a sliding button of some kind.
item	3913	Whoopsie	Just chuck this away, it's useless!
item	3914	Sliding button	It's a sliding button of some kind.
item	3915	Whoopsie	Just chuck this away, it's useless!
item	3916	Sliding button	It's a sliding button of some kind.
item	3917	Whoopsie	Just chuck this away, it's useless!
item	3918	Sliding button	It's a sliding button of some kind.
item	3919	Whoopsie	Just chuck this away, it's useless!
item	3920	Sliding button	It's a sliding button of some kind.
item	3921	Whoopsie	Just chuck this away, it's useless!
item	3922	Sliding button	It's a sliding button of some kind.
item	3923	Whoopsie	Just chuck this away, it's useless!
item	3924	Sliding button	It's a sliding button of some kind.
item	3925	Whoopsie	Just chuck this away, it's useless!
item	3926	Sliding button	It's a sliding button of some kind.
item	3927	Whoopsie	Just chuck this away, it's useless!
item	3928	Sliding button	It's a sliding button of some kind.
item	3929	Whoopsie	Just chuck this away, it's useless!
item	3930	Sliding button	It's a sliding button of some kind.
item	3931	Whoopsie	Just chuck this away, it's useless!
item	3932	Sliding button	It's a sliding button of some kind.
item	3933	Whoopsie	Just chuck this away, it's useless!
item	3934	Sliding button	It's a sliding button of some kind.
item	3935	Whoopsie	Just chuck this away, it's useless!
item	3936	Sliding button	It's a sliding button of some kind.
item	3937	Whoopsie	Just chuck this away, it's useless!
item	3938	Sliding button	It's a sliding button of some kind.
item	3939	Whoopsie	Just chuck this away, it's useless!
item	3940	Sliding button	It's a sliding button of some kind.
item	3941	Whoopsie	Just chuck this away, it's useless!
item	3942	Sliding button	It's a sliding button of some kind.
item	3943	Whoopsie	Just chuck this away, it's useless!
item	3944	Sliding button	It's a sliding button of some kind.
item	3945	Whoopsie	Just chuck this away, it's useless!
item	3946	Sliding button	It's a sliding button of some kind.
item	3947	Whoopsie	Just chuck this away, it's useless!
item	3948	Sliding button	It's a sliding button of some kind.
item	3949	Whoopsie	Just chuck this away, it's useless!
item	3950	Sliding button	It's a sliding button of some kind.
item	3951	Whoopsie	Just chuck this away, it's useless!
item	3952	Sliding button	It's a sliding button of some kind.
item	3953	Whoopsie	Just chuck this away, it's useless!
item	3954	Sliding button	It's a sliding button of some kind.
item	3955	Whoopsie	Just chuck this away, it's useless!
item	3956	Sliding button	It's a sliding button of some kind.
item	3957	Whoopsie	Just chuck this away, it's useless!
item	3958	Sliding button	It's a sliding button of some kind.
item	3959	Whoopsie	Just chuck this away, it's useless!
item	3960	Sliding button	It's a sliding button of some kind.
item	3961	Whoopsie	Just chuck this away, it's useless!
item	3962	Sliding button	It's a sliding button of some kind.
item	3963	Whoopsie	Just chuck this away, it's useless!
item	3964	Sliding button	It's a sliding button of some kind.
item	3965	Whoopsie	Just chuck this away, it's useless!
item	3966	Sliding button	It's a sliding button of some kind.
item	3967	Whoopsie	Just chuck this away, it's useless!
item	3968	Sliding button	It's a sliding button of some kind.
item	3969	Whoopsie	Just chuck this away, it's useless!
item	3970	Sliding button	It's a sliding button of some kind.
item	3971	Whoopsie	Just chuck this away, it's useless!
item	3972	Sliding button	It's a sliding button of some kind.
item	3973	Whoopsie	Just chuck this away, it's useless!
item	3974	Sliding button	It's a sliding button of some kind.
item	3975	Whoopsie	Just chuck this away, it's useless!
item	3976	Sliding button	It's a sliding button of some kind.
item	3977	Whoopsie	Just chuck this away, it's useless!
item	3978	Sliding button	It's a sliding button of some kind.
item	3979	Whoopsie	Just chuck this away, it's useless!
item	3980	Sliding button	It's a sliding button of some kind.
item	3981	Whoopsie	Just chuck this away, it's useless!
item	3982	Sliding button	It's a sliding button of some kind.
item	3983	Whoopsie	Just chuck this away, it's useless!
item	3984	Sliding button	It's a sliding button of some kind.
item	3985	Whoopsie	Just chuck this away, it's useless!
item	3986	Sliding button	It's a sliding button of some kind.
item	3987	Whoopsie	Just chuck this away, it's useless!
item	3988	Sliding button	It's a sliding button of some kind.
item	3989	Whoopsie	Just chuck this away, it's useless!
item	3990	Sliding button	It's a sliding button of some kind.
item	3991	Whoopsie	Just chuck this away, it's useless!
item	3992	Sliding button	It's a sliding button of some kind.
item	3993	Whoopsie	Just chuck this away, it's useless!
item	3994	Sliding button	It's a sliding button of some kind.
item	3995	Whoopsie	Just chuck this away, it's useless!
item	3996	Sliding button	It's a sliding button of some kind.
item	3997	Whoopsie	Just chuck this away, it's useless!
item	3998	Sliding button	It's a sliding button of some kind.
item	3999	Whoopsie	Just chuck this away, it's useless!
item	4000	Iodine	Slightly archaic, but effective.
item	4001	Shrine	Sanctity in your pocket.
item	4002	Spare controls	It looks like some kind of control panel.
item	4004	Gnome royal seal	It's the official Gnome Royal Seal, signed by King Narnode Shareen.
item	4005	Narnode's orders	Unreadable orders handwritten by King Narnode Shareen.
item	4006	Monkey dentures	Magical monkey talking dentures! What more can we say? Ook!
item	4007	Enchanted bar	A gold bar invested with a talkative monkey spirit.
item	4008	Eye of gnome	It's ... the eye of a gnome! Now what on earth could one do with this?
item	4010	Monkey magic	A small sample of monkey magic.
item	4012	Monkey nuts	These are monkey nuts. Yummy.
item	4014	Monkey bar	It's a monkey bar. It looks highly nutritious.
item	4016	Banana stew	It's a bowl full of mushy banana.
item	4018	Monkey wrench	For wrenching monkeys I'd guess.
item	4020	M'amulet mould	It's an amulet mould shaped like a monkey head.
item	4021	M'speak amulet	It's an Amulet of Monkey Speak. It makes vague chattering noises.
item	4022	M'speak amulet	It's an unstrung Amulet of Monkey Speak. It makes vague chattering noises.
item	4023	Monkey talisman	A magical talisman in the shape of a monkey head.
item	4024	Monkey greegree	A magical talisman in the shape of a small ninja monkey head.
item	4025	Monkey greegree	A magical talisman in the shape of a medium ninja monkey head.
item	4026	Monkey greegree	A magical talisman in the shape of a gorilla head.
item	4027	Monkey greegree	A magical talisman in the shape of a bearded gorilla head.
item	4028	Monkey greegree	A magical talisman in the shape of a mysterious monkey head.
item	4029	Monkey greegree	A magical talisman in the shape of a small zombie monkey head.
item	4030	Monkey greegree	A magical talisman in the shape of a big zombie monkey head.
item	4031	Monkey greegree	A magical talisman in the shape of a Karamjan monkey head.
item	4032	Dummy	A fade.
item	4033	Monkey	It's a monkey in your backpack. As you look it pokes you.
item	4034	Monkey skull	It's a very ancient skull from some kind of ape.
item	4035	10th squad sigil	It's the official sigil of the 10th squad of the Royal Guard.
item	4036	Whoopsie	Just chuck this away, it's useless!
item	4037	Saradomin banner	The Saradomin Team Standard.
item	4039	Zamorak banner	The Zamorak Team Standard.
item	4041	Hooded cloak	The colours of Saradomin.
item	4042	Hooded cloak	The colours of Zamorak.
item	4043	Rock	I can use this with the catapult.
item	4045	Explosive potion	I could use this to destroy things...
item	4047	Climbing rope	Should be long enough to scale castle walls.
item	4049	Bandages	A box of bandages for healing.
item	4051	Toolbox	I can use this to repair things.
item	4053	Barricade	Use these to block enemy team movement.
item	4055	Castlewars manual	It's a manual for castlewars.
item	4067	Castle wars ticket	I can exchange these for further items.
item	4068	Decorative sword	A very decorative sword.
item	4069	Decorative armour	Very decorative armour.
item	4070	Decorative armour	Very decorative armour.
item	4071	Decorative helm	A very decorative helm.
item	4072	Decorative shield	A very decorative shield.
item	4073	Damp tinderbox	Not so useful for lighting a fire.
item	4075	Glowing fungus	A bizarre fungus.  It glows with a pale blue light.
item	4076	Nezikchened's mum	She wasn't pleased to see what her son did.
item	4077	Crystal-mine key	A key I found in the lower levels of the Morytanian mines.
item	4078	Zealot's key	I stole this from a Saradominist I met South of Mort'ton.
item	4079	Yo-yo	A gift from Santa.
item	4081	Salve amulet	Increases the wearer's strength and accuracy by 15% when fighting the undead.
item	4082	Salve shard	An unstrung crystal imbued with the power of Saradomin.
item	4083	Sled	It needs waxing before I can use it.
item	4084	Sled	A waxed sled.
item	4085	Wax	I can use this to wax my sled.
item	4086	Trollweiss	These are very rare flowers with a pungent odour.
item	4087	Dragon platelegs	These look pretty heavy.
item	4089	Mystic hat	A magical hat.
item	4091	Mystic robe top	The upper half of a magical robe.
item	4093	Mystic robe bottom	The lower half of a magical robe.
item	4095	Mystic gloves	Magical gloves.
item	4097	Mystic boots	Magical boots.
item	4099	Mystic hat	A dark magical hat.
item	4101	Mystic robe top	The upper half of a dark magical robe.
item	4103	Mystic robe bottom	The lower half of a dark magical robe.
item	4105	Mystic gloves	Dark magical gloves.
item	4107	Mystic boots	Dark magical boots.
item	4109	Mystic hat	A bright magical hat.
item	4111	Mystic robe top	The upper half of a bright magical robe.
item	4113	Mystic robe bottom	The lower half of a bright magical robe.
item	4115	Mystic gloves	Bright magical gloves.
item	4117	Mystic boots	Bright magical boots.
item	4119	Bronze boots	These will protect my feet.
item	4121	Iron boots	These will protect my feet.
item	4123	Steel boots	These will protect my feet.
item	4125	Black boots	These will protect my feet.
item	4127	Mithril boots	These will protect my feet.
item	4129	Adamant boots	These will protect my feet.
item	4131	Rune boots	These will protect my feet.
item	4133	Crawling hand	A slayer monster.
item	4134	Cave crawler	A slayer monster.
item	4135	Banshee	A slayer monster.
item	4136	Rockslug	A slayer monster.
item	4137	Cockatrice	A slayer monster.
item	4138	Pyrefiend	A slayer monster.
item	4139	Basilisk	A slayer monster.
item	4140	Infernal mage	A slayer monster.
item	4141	Bloodveld	A slayer monster.
item	4142	Jelly	A slayer monster.
item	4143	Turoth	A slayer monster.
item	4144	Aberrant specter	A slayer monster.
item	4145	Dust devil	A slayer monster.
item	4146	Kurask	A slayer monster.
item	4147	Gargoyle	A slayer monster.
item	4148	Nechryael	A slayer monster.
item	4149	Abyssal demon	A slayer monster.
item	4150	Broad arrows	Arrows with a wider than normal tip.
item	4151	Abyssal whip	A weapon from the abyss.
item	4153	Granite maul	Simplicity is the best weapon.
item	4155	Enchanted gem	I can contact the Slayer Masters with this.
item	4156	Mirror shield	I can just about see things in this shield's reflection.
item	4158	Leaf-bladed spear	A spear with a leaf-shaped point.
item	4160	Broad arrows	Arrows with a wider than normal tip.
item	4161	Bag of salt	A bag of salt.
item	4162	Rock hammer	I can even smash stone with this.
item	4164	Facemask	Stops me breathing in too much dust.
item	4166	Earmuffs	These will protect my ears from loud noise.
item	4168	Nose peg	Protects me from any bad smells.
item	4170	Slayer's staff	An old and magical staff.
item	4172	Broad arrows	Arrows with a wider than normal tip.
item	4173	Broad arrows	Arrows with a wider than normal tip.
item	4174	Broad arrows	Arrows with a wider than normal tip.
item	4175	Broad arrows	Arrows with a wider than normal tip.
item	4177	Wolfbane lever	For magnifying forces applied to werewolves.
item	4178	Olive stuffer	For making cocktails.
item	4179	Stick	For playing fetch with.
item	4180	Coconut bunch	Now you've got a lovely one too!
item	4181	Mouth grip	A holding thingy for the zip line.
item	4182	Elven sheep	Pocketsized so it's handy when you're roving in the woods!
item	4183	Star amulet	A six-pointed marble and obsidian amulet
item	4184	Cavern key	Upon close examination, this seems to be a key.
item	4185	Tower key	Upon close examination, this seems to be a key.
item	4186	Shed key	Upon close examination, this seems to be a key.
item	4187	Marble amulet	Triangular in shape, made from marble, and as large as your hand.
item	4188	Obsidian amulet	Triangular in shape, made from obsidian, and as large as your hand.
item	4189	Garden cane	A length of garden cane.
item	4190	Garden brush	A typical garden brush.
item	4191	Extended brush	A typical garden brush, with a cane tied to it.
item	4192	Extended brush	A typical garden brush, with two canes tied to it.
item	4193	Extended brush	A typical garden brush, with three canes tied to it.
item	4194	Torso	A decomposing torso, from which issues the acrid stench of the grave.
item	4195	Arms	A pair of limp, dead arms.
item	4196	Legs	A pair of lifeless, rotting legs.
item	4197	Decapitated head	A gruesome, decapitated head, whose brain has rotted away.
item	4198	Decapitated head	A gruesome, decapitated head - its eyes stare lifelessly at nothing.
item	4199	Pickled brain	A pickled brain, submerged inside a jar of vinegar.
item	4200	Conductor mould	A mould for making silver lightning conductors.
item	4201	Conductor	A silver lightning conductor.
item	4202	Ring of charos	The Ring of Charos.
item	4203	Journal	A book.
item	4204	Letter	A letter, clearly hastily written.
item	4205	Consecration seed	This consecration seed looks grey and dead.
item	4206	Consecration seed	This consecration seed glows with a warm light.
item	4207	Crystal seed	This crystal seed looks grey and dead.
item	4209	Cadarn lineage	A book on Cadarn clan history.
item	4211	Elf crystal	Elf crystal.
item	4212	New crystal bow	A nice sturdy magical bow.
item	4214	Crystal bow full	A nice sturdy magical bow.
item	4215	Crystal bow 9/10	A nice sturdy magical bow.
item	4216	Crystal bow 8/10	A nice sturdy magical bow.
item	4217	Crystal bow 7/10	A nice sturdy magical bow.
item	4218	Crystal bow 6/10	A nice sturdy magical bow.
item	4219	Crystal bow 5/10	A nice sturdy magical bow.
item	4220	Crystal bow 4/10	A nice sturdy magical bow.
item	4221	Crystal bow 3/10	A nice sturdy magical bow.
item	4222	Crystal bow 2/10	A nice sturdy magical bow.
item	4223	Crystal bow 1/10	A nice sturdy magical bow.
item	4224	New crystal shield	A nice sturdy crystal shield.
item	4225	Crystal shield full	A nice sturdy crystal shield.
item	4226	Crystal shield 9/10	A nice sturdy crystal shield.
item	4227	Crystal shield 8/10	A nice sturdy crystal shield.
item	4228	Crystal shield 7/10	A nice sturdy crystal shield.
item	4229	Crystal shield 6/10	A nice sturdy crystal shield.
item	4230	Crystal shield 5/10	A nice sturdy crystal shield.
item	4231	Crystal shield 4/10	A nice sturdy crystal shield.
item	4232	Crystal shield 3/10	A nice sturdy crystal shield.
item	4233	Crystal shield 2/10	A nice sturdy crystal shield.
item	4234	Crystal shield 1/10	A nice sturdy crystal shield.
item	4236	Oak longbow	This bow has been signed by Robin, Master Bowman.
item	4237	Nettle-water	It's a bowl of water, with some nettles in it.
item	4238	Puddle of slime	 It's a Puddle of slime.
item	4239	Nettle tea	It's a bowl of nettle tea.
item	4240	Nettle tea	It's a bowl of milky nettle tea.
item	4241	Nettles	A handful of nettles.
item	4242	Cup of tea	A nice cup of nettle tea.
item	4243	Cup of tea	A milky cup of nettle tea.
item	4244	Porcelain cup	A porcelain cup.
item	4245	Cup of tea	Some nettle tea in a porcelain cup.
item	4246	Cup of tea	Some milky nettle tea in a porcelain cup.
item	4247	Mystical robes	The Robes of Necrovarus.
item	4248	Book of haricanto	The Book of Haricanto.
item	4249	Translation manual	A translation manual.
item	4250	Ghostspeak amulet	The amulet of ghostspeak glows green from the crone's enchantment.
item	4251	Ectophial	The Ectophial.
item	4252	Ectophial	The Ectophial.
item	4253	Model ship	A small wooden ship.
item	4254	Model ship	A small wooden ship with a silk flag.
item	4255	Bonemeal	A pot of crushed bones.
item	4256	Bonemeal	A pot of crushed bat bones.
item	4257	Bonemeal	A pot of crushed big bones.
item	4258	Bonemeal	A pot of crushed burnt bones.
item	4259	Bonemeal	A pot of crushed burnt jogre bones.
item	4260	Bonemeal	A pot of crushed baby dragon bones.
item	4261	Bonemeal	A pot of crushed dragon bones.
item	4262	Bonemeal	A pot of crushed wolf bones.
item	4263	Bonemeal	A pot of crushed small ninja monkey bones.
item	4264	Bonemeal	A pot of crushed medium ninja monkey bones.
item	4265	Bonemeal	A pot of crushed gorilla monkey bones.
item	4266	Bonemeal	A pot of crushed bearded gorilla monkey bones.
item	4267	Bonemeal	A pot of crushed monkey bones.
item	4268	Bonemeal	A pot of crushed small zombie monkey bones.
item	4269	Bonemeal	A pot of crushed large zombie monkey bones.
item	4270	Bonemeal	A pot of crushed skeleton bones.
item	4271	Bonemeal	A pot of crushed jogre bones.
item	4272	Bone key	A key dropped by Necrovarus.
item	4273	Chest key	A key to a chest.
item	4274	Map scrap	A section from some kind of map.
item	4275	Map scrap	A section from some kind of map.
item	4276	Map scrap	A section from some kind of map.
item	4277	Treasure map	A complete treasure map.
item	4278	Ecto-token	A token with ectoplasm on it.
item	4280	Whoopsie	Just chuck this away, it's useless!
item	4282	Whoopsie	Just chuck this away, it's useless!
item	4283	Petition form	A scroll of paper containing signatures.
item	4284	Bedsheet	It's a bedsheet.
item	4285	Bedsheet	It's an ectoplasm-covered bedsheet.
item	4286	Bucket of slime	It's a bucket of ectoplasm.
item	4287	Raw beef	This raw beef is rancid.
item	4289	Raw chicken	This raw chicken is rancid.
item	4291	Cooked chicken	This cooked chicken looks disgusting.
item	4293	Cooked meat	I wouldn't eat that if I were you.
item	4295	Female ham	She's a Human against Monsters.
item	4296	Whoopsie	Just chuck this away, it's useless!
item	4297	Male ham	He's a Human against Monsters.
item	4298	Ham shirt	A vivid crimson shirt.
item	4300	Ham robe	A vivid crimson robe.
item	4302	Ham hood	Light-weight head protection and eye shield.
item	4304	Ham cloak	A HAM cape.
item	4306	H.a.m logo	A badge for the HAM cult.
item	4308	Gloves	HAM gloves as worn by the Humans Against Monsters group.
item	4310	Boots	HAM boots as worn by the Humans Against Monsters group.
item	4312	Whoopsie	Just chuck this away, it's useless!
item	4313	Crystal of seren	A book on elven crystal.
item	4315	Team-1 cape	Ooohhh look at the pretty colours...
item	4317	Team-2 cape	Ooohhh look at the pretty colours...
item	4319	Team-3 cape	Ooohhh look at the pretty colours...
item	4321	Team-4 cape	Ooohhh look at the pretty colours...
item	4323	Team-5 cape	Ooohhh look at the pretty colours...
item	4325	Team-6 cape	Ooohhh look at the pretty colours...
item	4327	Team-7 cape	Ooohhh look at the pretty colours...
item	4329	Team-8 cape	Ooohhh look at the pretty colours...
item	4331	Team-9 cape	Ooohhh look at the pretty colours...
item	4333	Team-10 cape	Ooohhh look at the pretty colours...
item	4335	Team-11 cape	Ooohhh look at the pretty colours...
item	4337	Team-12 cape	Ooohhh look at the pretty colours...
item	4339	Team-13 cape	Ooohhh look at the pretty colours...
item	4341	Team-14 cape	Ooohhh look at the pretty colours...
item	4343	Team-15 cape	Ooohhh look at the pretty colours...
item	4345	Team-16 cape	Ooohhh look at the pretty colours...
item	4347	Team-17 cape	Ooohhh look at the pretty colours...
item	4349	Team-18 cape	Ooohhh look at the pretty colours...
item	4351	Team-19 cape	Ooohhh look at the pretty colours...
item	4353	Team-20 cape	Ooohhh look at the pretty colours...
item	4355	Team-21 cape	Ooohhh look at the pretty colours...
item	4357	Team-22 cape	Ooohhh look at the pretty colours...
item	4359	Team-23 cape	Ooohhh look at the pretty colours...
item	4361	Team-24 cape	Ooohhh look at the pretty colours...
item	4363	Team-25 cape	Ooohhh look at the pretty colours...
item	4365	Team-26 cape	Ooohhh look at the pretty colours...
item	4367	Team-27 cape	Ooohhh look at the pretty colours...
item	4369	Team-28 cape	Ooohhh look at the pretty colours...
item	4371	Team-29 cape	Ooohhh look at the pretty colours...
item	4373	Team-30 cape	Ooohhh look at the pretty colours...
item	4375	Team-31 cape	Ooohhh look at the pretty colours...
item	4377	Team-32 cape	Ooohhh look at the pretty colours...
item	4379	Team-33 cape	Ooohhh look at the pretty colours...
item	4381	Team-34 cape	Ooohhh look at the pretty colours...
item	4383	Team-35 cape	Ooohhh look at the pretty colours...
item	4385	Team-36 cape	Ooohhh look at the pretty colours...
item	4387	Team-37 cape	Ooohhh look at the pretty colours...
item	4389	Team-38 cape	Ooohhh look at the pretty colours...
item	4391	Team-39 cape	Ooohhh look at the pretty colours...
item	4393	Team-40 cape	Ooohhh look at the pretty colours...
item	4395	Team-41 cape	Ooohhh look at the pretty colours...
item	4397	Team-42 cape	Ooohhh look at the pretty colours...
item	4399	Team-43 cape	Ooohhh look at the pretty colours...
item	4401	Team-44 cape	Ooohhh look at the pretty colours...
item	4403	Team-45 cape	Ooohhh look at the pretty colours...
item	4405	Team-46 cape	Ooohhh look at the pretty colours...
item	4407	Team-47 cape	Ooohhh look at the pretty colours...
item	4409	Team-48 cape	Ooohhh look at the pretty colours...
item	4411	Team-49 cape	Ooohhh look at the pretty colours...
item	4413	Team-50 cape	Ooohhh look at the pretty colours...
item	4415	Blunt axe	A jungle forester's blunt axe.
item	4416	Herbal tincture	A strong medicinal brew for heavy chests.
item	4417	Guthix rest(4)	A cup of Guthix Rest.
item	4419	Guthix rest(3)	A cup of Guthix Rest.
item	4421	Guthix rest(2)	A cup of Guthix Rest.
item	4423	Guthix rest(1)	A cup of Guthix Rest.
item	4425	Stodgy mattress	A half-filled feather mattress.
item	4426	Comfy mattress	A comfy-looking feather mattress.
item	4427	Iron oxide	Looks like a bunch of rust to me.
item	4428	Animate rock scroll	An animate rock spell is written on this parchment.
item	4429	Broken vane part	These weathervane directionals are broken.
item	4430	Directionals	The weathervane directionals should work now.
item	4431	Broken vane part	This weathervane ornament is damaged.
item	4432	Ornament	A fixed Weathervane ornament.
item	4433	Broken vane part	A broken Weathervane pillar.
item	4434	Weathervane pillar	A fixed weathervane rotating pillar.
item	4435	Weather report	Clear skies ahead, with some chance of showers, thunderstorms, ice and hail.
item	4436	Airtight pot	This is pretty well sealed.
item	4438	Unfired pot lid	This needs firing, then it should fit on a normal-sized pot.
item	4440	Pot lid	This should fit on a normal-sized pot.
item	4442	Breathing salts	An airtight pot with something inside, most likely breathing salts.
item	4443	Chicken cage	A large cage for transporting chickens.
item	4444	Sharpened axe	A jungle forester's super sharp axe.
item	4445	Red mahogany log	Some rare mahogany logs which have been professionally cured.
item	4446	Steel key ring	I can store my keys here.
item	4447	Antique lamp	I Wonder what happens if I rub it...
item	4449	Whoopsie	Just chuck this away, it's useless!
item	4451	Whoopsie	Just chuck this away, it's useless!
item	4453	Whoopsie	Just chuck this away, it's useless!
item	4455	Whoopsie	Just chuck this away, it's useless!
item	4456	Bowl of hot water	It's a bowl of hot water.
item	4458	Cup of water	A cup of water.
item	4460	Cup of hot water	It's hot!
item	4462	Ruined herb tea	A ruined herb tea.
item	4464	Herb tea mix	An unfinished herb tea made up of water and harralander.
item	4466	Herb tea mix	An unfinished herb tea made up of water and guam.
item	4468	Herb tea mix	An unfinished herb tea made up of water and marrentill.
item	4470	Herb tea mix	An unfinished herb tea made up of water, harralander and marrentill.
item	4472	Herb tea mix	An unfinished herb tea made up of water, harralander and guam.
item	4474	Herb tea mix	An unfinished herb tea made up of water and 2 doses of guam.
item	4476	Herb tea mix	An unfinished herb tea made up of water, guam and marrentill.
item	4478	Herb tea mix	An unfinished herb tea made up of water, harralander, marrentill and guam.
item	4480	Herb tea mix	An unfinished herb tea made up of water, 2 doses of guam and marrentill.
item	4482	Herb tea mix	An unfinished herb tea made up of water, 2 doses of guam and harralander.
item	4484	Safety guarantee	The strange characters supposedly grant Svidi safe passage into Rellekka.
item	4485	White pearl	This fruit is known as White Pearl. Should taste good.
item	4486	White pearl seed	You can grow this seed even in cold mountain ranges!
item	4487	Half a rock	It's a piece of the Ancient Rock of the mountain people. It's still just a stone.
item	4488	Corpse of woman	The corpse of a woman who died long ago.
item	4489	Asleif's necklace	This used to belong to Asleif, daughter of the mountain camp chieftain.
item	4490	Mud	Yuck, it's sticky, dirty mud.
item	4492	Rock	A rock.
item	4494	Pole	It's just a long stick, really.
item	4496	Broken pole	Splintered into pieces, it has become completely useless to you.
item	4498	Rope	It's the rope you're holding.
item	4500	Pole	It's the pole you're holding.
item	4502	Bearhead	Quite ferocious looking.
item	4503	Decorative sword	A very decorative sword.
item	4504	Decorative armour	Very decorative armour.
item	4505	Decorative armour	Very decorative armour.
item	4506	Decorative helm	A very decorative helm.
item	4507	Decorative shield	A very decorative shield.
item	4508	Decorative sword	A very decorative sword.
item	4509	Decorative armour	Very decorative armour.
item	4510	Decorative armour	Very decorative armour.
item	4511	Decorative helm	A very decorative helm.
item	4512	Decorative shield	A very decorative shield.
item	4513	Castlewars hood	The colours of Saradomin.
item	4514	Castlewars cloak	A fine castlewars Cape.
item	4515	Castlewars hood	The colours of Zamorak.
item	4516	Castlewars cloak	A fine castlewars Cape.
item	4517	Giant frog legs	This could feed a family of gnomes for a week!
item	4519	Swamp wallbeast	A slayer monster.
item	4520	Swamp cave slime	A slayer monster.
item	4521	Swamp cave bug	A slayer monster.
item	4522	Oil lamp	Not the genie sort.
item	4524	Oil lamp	Not the genie sort.
item	4525	Oil lamp	An oil lamp with no oil in it.
item	4527	Candle lantern	Put a candle in to complete it.
item	4529	Candle lantern	A candle in a glass cage.
item	4531	Candle lantern	A flickering candle in a glass cage.
item	4532	Candle lantern	A candle in a glass cage.
item	4534	Candle lantern	A flickering candle in a glass cage.
item	4535	Oil lantern	Put oil in to complete it.
item	4537	Oil lantern	An unlit oil lantern.
item	4539	Oil lantern	It lights your way through the dark places of the earth.
item	4540	Oil lantern frame	Add the glass to complete.
item	4542	Lantern lens	A roughly circular disc of glass.
item	4544	Bullseye lantern	You need to add a lens before you can use it.
item	4546	Bullseye lantern	You need to add lamp oil before you can use it.
item	4548	Bullseye lantern	A sturdy steel lantern.
item	4550	Bullseye lantern	A sturdy steel lantern casting a bright beam.
item	4551	Spiny helmet	You don't want to wear it inside-out.
item	4558	Blue sweets	Not likely to last until next Halloween.
item	4559	Deep blue sweets	Not likely to last until next Halloween.
item	4560	White sweets	Not likely to last until next Halloween.
item	4561	Purple sweets	Not likely to last until next Halloween.
item	4562	Red sweets	Not likely to last until next Halloween.
item	4563	Green sweets	Not likely to last until next Halloween.
item	4564	Pink sweets	Not likely to last until next Halloween.
item	4565	Basket of eggs	Hand them out to spread the Easter happiness.
item	4566	Rubber chicken	Perhaps not the most powerful weapon in RuneScape.
item	4567	Gold helmet	Made of gold and white gold.
item	4568	Dwarven lore	The book is almost falling apart, you'll have to handle it quite carefully.
item	4569	Book page 1	A missing page from Rolad's book! It seems to be the first one.
item	4570	Book page 2	A missing page from Rolad's book! It seems to be the second one.
item	4571	Book page 3	A missing page from Rolad's book! It seems to be the third one.
item	4572	Pages	Missing pages!
item	4573	Pages	A collection of missing pages from Rolad's book!
item	4574	Base schematics	These are the base schematics of a dwarven multicannon
item	4575	Schematic	A transparent overlay - details of something?
item	4576	Schematics	Transparent overlays - details of something?
item	4577	Schematics	Transparent overlays - details of something?
item	4578	Schematic	The assembled schematic for modifying the dwarven multicannon.
item	4579	Cannon ball	A heavy gold metal sphere.
item	4580	Black spear	A black tipped spear.
item	4582	Black spear(p)	A poisoned black tipped spear.
item	4584	Black spear(kp)	A Karambwan poisoned black tipped spear.
item	4585	Dragon plateskirt	This looks pretty heavy.
item	4587	Dragon scimitar	A vicious, curved sword.
item	4589	Keys	Keys to the Mayor's house.
item	4590	Jewels	The Mayor of Pollnivneach's wife's jewels.
item	4591	Karidian headpiece	Wear it on your head.
item	4593	Fake beard	Makes me itch.
item	4595	Karidian disguise	Makes my face itch.
item	4597	Note	A note found in the Mayor's bedroom mentioning the word 'Fibonacci'.
item	4598	Note	A list of 5 numbers.
item	4599	Oak-blackjack	A handy little club made out of oak.
item	4600	Willow-blackjack	A handy little club made out of willow.
item	4601	Ugthanki dung	Dung of the Camelus Horribleus variety.
item	4602	Ugthanki dung	Poor Camel, what have I fed you?
item	4603	Receipt	A receipt for one 'Camelus Horribleus'.
item	4604	Hag's poison	A red viscous liquid in a vial.
item	4605	Snake charm	Makes a hissing sound.
item	4606	Snake basket	This is used to hold snakes.
item	4607	Snake basket full	This basket contains a snake.
item	4608	Super kebab	A meaty and very hot kebab.
item	4610	Red hot sauce	The bottle feels warm.
item	4611	Desert disguise	A disguise suitable for the desert.
item	4613	Spinning plate	It has a picture of a dragon on it.
item	4614	Broken plate	Alas...
item	4615	Letter	An old faded letter.
item	4616	Varmen's notes	An archaeologist's notes.
item	4617	Display cabinet key	The museum curator's key.
item	4618	Statuette	A beautifully-carved stone statuette.
item	4619	Strange implement	It's pretty, but you wish you knew what it was.
item	4620	Black mushroom	It looks horrible.
item	4621	Phoenix feather	A long feather patterned like a flame.
item	4622	Black mushroom ink	Black ink made out of mushrooms.
item	4623	Phoenix quill pen	A phoenix feather dipped in ink.
item	4624	Golem program	It reads 'YOUR TASK IS DONE'.
item	4625	Bandit	A tough looking criminal.
item	4626	Whoopsie	Just chuck this away, it's useless!
item	4627	Bandit's brew	A cheeky little lager.
item	4653	Fire	Hot!
item	4654	Etchings	A copy of the engravings found on a mysterious stone tablet.
item	4655	Translation	A rough translation made from archaeological etchings.
item	4656	Warm key	This key is unusually warm to the touch.
item	4657	Ring of visibility	A ring that allows you to see things that are normally invisible...
item	4658	Silver pot	A silver pot made by Ruantun.
item	4659	Blessed pot	A silver pot made by Ruantun and blessed on Entrana.
item	4660	Silver pot	A silver pot made by Ruantun filled with your blood.
item	4661	Blessed pot	A blessed silver pot made by Ruantun filled with your blood.
item	4662	Silver pot	A silver pot made by Ruantun filled with blood and garlic.
item	4663	Blessed pot	A blessed silver pot filled with blood and garlic.
item	4664	Silver pot	A silver pot made by Ruantun filled with blood, garlic and spices.
item	4665	Blessed pot	A blessed silver pot filled with blood, garlic and spices.
item	4666	Silver pot	A silver pot made by Ruantun filled with blood and spices.
item	4667	Blessed pot	A blessed silver pot filled with blood and spices.
item	4668	Garlic powder	Finely ground garlic powder.
item	4670	Blood diamond	The Diamond of Blood.
item	4671	Ice diamond	The Diamond of Ice.
item	4672	Smoke diamond	The Diamond of Smoke.
item	4673	Shadow diamond	The Diamond of Shadow.
item	4674	Gilded cross	An old and strangely shaped metal cross.
item	4675	Ancient staff	A magical staff of ancient origin...
item	4677	Catspeak amulet	It's an amulet of cat speak. It makes vague purring noises.
item	4678	Canopic jar	Has a lid shaped like a man. I think it contains someone's liver. Yuck.
item	4679	Canopic jar	Has a lid shaped like an ape. Eeew! I think it contains someone's intestines.
item	4680	Canopic jar	Has a lid shaped like a bug. Disgusting! I think there's a stomach inside.
item	4681	Canopic jar	Has a lid shaped like a crocodile. Yuck, I think there are lungs inside.
item	4682	Holy symbol	Menaphite lucky charm.
item	4683	Unholy symbol	Sign of the devourer.
item	4684	Linen	One sheet of mummy wrap.
item	4686	Embalming manual	Little book of embalming by Bod E. Wrapper.
item	4687	Bucket of sap	It's a bucket of sap.
item	4689	Pile of salt	A little heap of salt.
item	4691	Sphinx's token	Miniature golden statue of a sphinx.
item	4692	Gold leaf	Very delicate thin pressed gold.
item	4693	Full bucket	It's a bucket of salty water.
item	4694	Steam rune	A combined Water and Fire Rune.
item	4695	Mist rune	A combined Air and Water Rune.
item	4696	Dust rune	A combined Air and Earth Rune.
item	4697	Smoke rune	A combined Air and Fire Rune.
item	4698	Mud rune	A combined Earth and Water Rune.
item	4699	Lava rune	A combined Earth and Fire Rune.
item	4700	Sapphire lantern	You need to add lamp oil before you can use it.
item	4701	Sapphire lantern	A bullseye lantern with a sapphire for a lens.
item	4702	Sapphire lantern	A lantern casting a bright blue beam.
item	4703	Magic stone	Doesn't look very special.
item	4704	Stone bowl	A magic stone bowl for catching the tears of Guthix.
item	4706	Whoopsie	Just chuck this away, it's useless!
item	4707	Crumbling tome	This book must be really old!
item	4708	Ahrims hood	Ahrim the Blighted's leather hood.
item	4710	Ahrims staff	Ahrim the Blighted's quarterstaff.
item	4712	Ahrims robetop	Ahrim the Blighted's armoured robe top.
item	4714	Ahrims robeskirt	Ahrim the Blighted's armoured robe skirt.
item	4716	Dharoks helm	Dharok the Wretched's helm.
item	4718	Dharoks greataxe	Dharok the Wretched's greataxe.
item	4720	Dharoks platebody	Dharok the Wretched's plate body armour.
item	4722	Dharoks platelegs	Dharok the Wretched's plate leg armour.
item	4724	Guthans helm	Guthan the Infested's helm.
item	4726	Guthans warspear	Guthan the Infested's warspear.
item	4728	Guthans platebody	Guthan the Infested's plate body armour.
item	4730	Guthans chainskirt	Guthan the Infested's chainskirt.
item	4732	Karils coif	Karil the Tainted's coif and facemask.
item	4734	Karils crossbow	Karil the Tainted's repeating crossbow.
item	4736	Karils leathertop	Karil the Tainted's leather body armour.
item	4738	Karils leatherskirt	Karil the Tainted's leather skirt.
item	4740	Bolt rack	Must need a special type of crossbow to use this.
item	4745	Torags helm	Torag the Corrupted's helm.
item	4747	Torags hammers	Torag the Corrupted's twin hammers.
item	4749	Torags platebody	Torag the Corrupted's plate body armour.
item	4751	Torags platelegs	Torag the Corrupted's plate leg armour.
item	4753	Veracs helm	Verac the Defiled's helm.
item	4755	Veracs flail	Verac the Defiled's flail.
item	4757	Veracs brassard	Verac the Defiled's brassard.
item	4759	Veracs plateskirt	Verac the Defiled's plate skirt.
item	4773	Bronze brutal	Blunt bronze arrow...ouch
item	4778	Iron brutal	Blunt iron arrow...ouch
item	4783	Steel brutal	Blunt steel arrow...ouch
item	4788	Black brutal	Blunt black arrow...ouch
item	4793	Mithril brutal	Blunt mithril arrow...ouch
item	4798	Adamant brutal	Blunt adamantite arrow...ouch
item	4803	Rune brutal	Blunt rune arrow...ouch
item	4808	Black prism	A very black prism.
item	4809	Torn page	A half torn necromantic page.
item	4810	Ruined backpack	A broken and useless looking backpack with the moniker,'B.Vahn' in it.
item	4811	Dragon inn tankard	A white ceramic mug with a dragon insignia.
item	4812	Zogre bones	A pile of Zombie Ogre bones.
item	4814	Sithik portrait	A classic realist charcoal portrait of Sithik.
item	4815	Sithik portrait	A semi-nihilistic, pseudo-impressionistic, half-squarist charcoal sketch of Sithik.
item	4816	Signed portrait	A signed classic realist charcoal portrait of Sithik.
item	4817	Book of portraiture	A book explaining the art of portraiture.
item	4818	Ogre artefact	An ancient ogre artefact - resembling a heavy large helm.
item	4819	Bronze nails	Keeps things in place fairly permanently.
item	4820	Iron nails	Keeps things in place fairly permanently.
item	4821	Black nails	Keeps things in place fairly permanently.
item	4822	Mithril nails	Keeps things in place fairly permanently.
item	4823	Adamantite nails	Keeps things in place fairly permanently.
item	4824	Rune nails	Keeps things in place fairly permanently.
item	4825	Unstrung comp bow	An unstrung composite ogre bow.
item	4827	Comp ogre bow	A composite ogre bow.
item	4829	Book of 'h.a.m'	A book of H.A.M affiliation.
item	4830	Fayrg bones	Ancient ogre bones from the ogre burial tomb.
item	4832	Raurg bones	Ancient ogre bones from the ogre burial tomb.
item	4834	Ourg bones	Ancient ogre bones from the ogre burial tomb.
item	4836	Strange potion	Some strange liquid given to you by Zavistic Rarve.
item	4837	Necromancy book	A book of necromantic spells.
item	4838	Cup of tea	Looks like an innocent cup of tea.
item	4839	Ogre gate key	A key to some sort of special tomb area.
item	4840	Unfinished potion	I need another ingredient to finish this Rogues purse potion.
item	4842	Relicym's balm(4)	4 doses of Relicym's balm, which helps cure disease.
item	4844	Relicym's balm(3)	3 doses of Relicym's balm, which helps cure disease.
item	4846	Relicym's balm(2)	2 doses of Relicym's balm, which helps cure disease.
item	4848	Relicym's balm(1)	1 dose of Relicym's balm, which helps cure disease.
item	4850	Ogre coffin key	A key which opens coffins!
item	4852	Bonemeal	A pot of crushed zogre bones.
item	4853	Bonemeal	A pot of crushed fayrg bones.
item	4854	Bonemeal	A pot of crushed raurg bones.
item	4855	Bonemeal	A pot of crushed ourg bones.
item	4856	Ahrims hood 100	Ahrim the Blighted's leather hood.
item	4857	Ahrims hood 75	Ahrim the Blighted's leather hood.
item	4858	Ahrims hood 50	Ahrim the Blighted's leather hood.
item	4859	Ahrims hood 25	Ahrim the Blighted's leather hood.
item	4860	Ahrims hood 0	Ahrim the Blighted's leather hood.
item	4862	Ahrims staff 100	Ahrim the Blighted's quarterstaff.
item	4863	Ahrims staff 75	Ahrim the Blighted's quarterstaff.
item	4864	Ahrims staff 50	Ahrim the Blighted's quarterstaff.
item	4865	Ahrims staff 25	Ahrim the Blighted's quarterstaff.
item	4866	Ahrims staff 0	Ahrim the Blighted's quarterstaff.
item	4868	Ahrims top 100	Ahrim the Blighted's armoured robe top.
item	4869	Ahrims top 75	Ahrim the Blighted's armoured robe top.
item	4870	Ahrims top 50	Ahrim the Blighted's armoured robe top.
item	4871	Ahrims top 25	Ahrim the Blighted's armoured robe top.
item	4872	Ahrims top 0	Ahrim the Blighted's armoured robe top.
item	4874	Ahrims skirt 100	Ahrim the Blighted's armoured robe skirt.
item	4875	Ahrims skirt 75	Ahrim the Blighted's armoured robe skirt.
item	4876	Ahrims skirt 50	Ahrim the Blighted's armoured robe skirt.
item	4877	Ahrims skirt 25	Ahrim the Blighted's armoured robe skirt.
item	4878	Ahrims skirt 0	Ahrim the Blighted's armoured robe skirt.
item	4880	Dharoks helm 100	Dharok the Wretched's helm.
item	4881	Dharoks helm 75	Dharok the Wretched's helm.
item	4882	Dharoks helm 50	Dharok the Wretched's helm.
item	4883	Dharoks helm 25	Dharok the Wretched's helm.
item	4884	Dharoks helm 0	Dharok the Wretched's helm.
item	4886	Dharoks axe 100	Dharok the Wretched's greataxe.
item	4887	Dharoks axe 75	Dharok the Wretched's greataxe.
item	4888	Dharoks axe 50	Dharok the Wretched's greataxe.
item	4889	Dharoks axe 25	Dharok the Wretched's greataxe.
item	4890	Dharoks axe 0	Dharok the Wretched's greataxe.
item	4892	Dharoks body 100	Dharok the Wretched's plate body armour.
item	4893	Dharoks body 75	Dharok the Wretched's plate body armour.
item	4894	Dharoks body 50	Dharok the Wretched's plate body armour.
item	4895	Dharoks body 25	Dharok the Wretched's plate body armour.
item	4896	Dharoks body 0	Dharok the Wretched's plate body armour.
item	4898	Dharoks legs 100	Dharok the Wretched's plate leg armour.
item	4899	Dharoks legs 75	Dharok the Wretched's plate leg armour.
item	4900	Dharoks legs 50	Dharok the Wretched's plate leg armour.
item	4901	Dharoks legs 25	Dharok the Wretched's plate leg armour.
item	4902	Dharoks legs 0	Dharok the Wretched's plate leg armour.
item	4904	Guthans helm 100	Guthan the Infested's helm.
item	4905	Guthans helm 75	Guthan the Infested's helm.
item	4906	Guthans helm 50	Guthan the Infested's helm.
item	4907	Guthans helm 25	Guthan the Infested's helm.
item	4908	Guthans helm 0	Guthan the Infested's helm.
item	4910	Guthans spear 100	Guthan the Infested's warspear.
item	4911	Guthans spear 75	Guthan the Infested's warspear.
item	4912	Guthans spear 50	Guthan the Infested's warspear.
item	4913	Guthans spear 25	Guthan the Infested's warspear.
item	4914	Guthans spear 0	Guthan the Infested's warspear.
item	4916	Guthans body 100	Guthan the Infested's plate body armour.
item	4917	Guthans body 75	Guthan the Infested's plate body armour.
item	4918	Guthans body 50	Guthan the Infested's plate body armour.
item	4919	Guthans body 25	Guthan the Infested's plate body armour.
item	4920	Guthans body 0	Guthan the Infested's plate body armour.
item	4922	Guthans skirt 100	Guthan the Infested's chainskirt.
item	4923	Guthans skirt 75	Guthan the Infested's chainskirt.
item	4924	Guthans skirt 50	Guthan the Infested's chainskirt.
item	4925	Guthans skirt 25	Guthan the Infested's chainskirt.
item	4926	Guthans skirt 0	Guthan the Infested's chainskirt.
item	4928	Karils coif 100	Karil the Tainted's coif and facemask.
item	4929	Karils coif 75	Karil the Tainted's coif and facemask.
item	4930	Karils coif 50	Karil the Tainted's coif and facemask.
item	4931	Karils coif 25	Karil the Tainted's coif and facemask.
item	4932	Karils coif 0	Karil the Tainted's coif and facemask.
item	4934	Karils x-bow 100	Karil the Tainted's repeating crossbow.
item	4935	Karils x-bow 75	Karil the Tainted's repeating crossbow.
item	4936	Karils x-bow 50	Karil the Tainted's repeating crossbow.
item	4937	Karils x-bow 25	Karil the Tainted's repeating crossbow.
item	4938	Karils x-bow 0	Karil the Tainted's repeating crossbow.
item	4940	Karils top 100	Karil the Tainted's leather body armour.
item	4941	Karils top 75	Karil the Tainted's leather body armour.
item	4942	Karils top 50	Karil the Tainted's leather body armour.
item	4943	Karils top 25	Karil the Tainted's leather body armour.
item	4944	Karils top 0	Karil the Tainted's leather body armour.
item	4946	Karils skirt 100	Karil the Tainted's leather skirt.
item	4947	Karils skirt 75	Karil the Tainted's leather skirt.
item	4948	Karils skirt 50	Karil the Tainted's leather skirt.
item	4949	Karils skirt 25	Karil the Tainted's leather skirt.
item	4950	Karils skirt 0	Karil the Tainted's leather skirt.
item	4952	Torags helm 100	Torag the Corrupted's helm.
item	4953	Torags helm 75	Torag the Corrupted's helm.
item	4954	Torags helm 50	Torag the Corrupted's helm.
item	4955	Torags helm 25	Torag the Corrupted's helm.
item	4956	Torags helm 0	Torag the Corrupted's helm.
item	4958	Torags hammer 100	Torag the Corrupted's twin hammers.
item	4959	Torags hammer 75	Torag the Corrupted's twin hammers.
item	4960	Torags hammer 50	Torag the Corrupted's twin hammers.
item	4961	Torags hammer 25	Torag the Corrupted's twin hammers.
item	4962	Torags hammer 0	Torag the Corrupted's twin hammers.
item	4964	Torags body 100	Torag the Corrupted's plate body armour.
item	4965	Torags body 75	Torag the Corrupted's plate body armour.
item	4966	Torags body 50	Torag the Corrupted's plate body armour.
item	4967	Torags body 25	Torag the Corrupted's plate body armour.
item	4968	Torags body 0	Torag the Corrupted's plate body armour.
item	4970	Torags legs 100	Torag the Corrupted's plate leg armour.
item	4971	Torags legs 75	Torag the Corrupted's plate leg armour.
item	4972	Torags legs 50	Torag the Corrupted's plate leg armour.
item	4973	Torags legs 25	Torag the Corrupted's plate leg armour.
item	4974	Torags legs 0	Torag the Corrupted's plate leg armour.
item	4976	Veracs helm 100	Verac the Defiled's helm.
item	4977	Veracs helm 75	Verac the Defiled's helm.
item	4978	Veracs helm 50	Verac the Defiled's helm.
item	4979	Veracs helm 25	Verac the Defiled's helm.
item	4980	Veracs helm 0	Verac the Defiled's helm.
item	4982	Veracs flail 100	Verac the Defiled's flail.
item	4983	Veracs flail 75	Verac the Defiled's flail.
item	4984	Veracs flail 50	Verac the Defiled's flail.
item	4985	Veracs flail 25	Verac the Defiled's flail.
item	4986	Veracs flail 0	Verac the Defiled's flail.
item	4988	Veracs top 100	Verac the Defiled's brassard.
item	4989	Veracs top 75	Verac the Defiled's brassard.
item	4990	Veracs top 50	Verac the Defiled's brassard.
item	4991	Veracs top 25	Verac the Defiled's brassard.
item	4992	Veracs top 0	Verac the Defiled's brassard.
item	4994	Veracs skirt 100	Verac the Defiled's plate skirt.
item	4995	Veracs skirt 75	Verac the Defiled's plate skirt.
item	4996	Veracs skirt 50	Verac the Defiled's plate skirt.
item	4997	Veracs skirt 25	Verac the Defiled's plate skirt.
item	4998	Veracs skirt 0	Verac the Defiled's plate skirt.
item	5001	Raw cave eel	It's incredibly slimy.
item	5002	Burnt cave eel	It's no longer slimy, or edible.
item	5003	Cave eel	It's a bit slimy.
item	5004	Frog spawn	That's disgusting!
item	5008	Brooch	A stone brooch with a symbol on it.
item	5009	Goblin symbol book	A book about the ancient goblin tribes.
item	5010	Key	The key you stole from Sigmund.
item	5011	Silverware	You found the Lumbridge silverware in the HAM cave.
item	5012	Peace treaty	A peace treaty between Lumbridge and the Cave Goblins.
item	5013	Mining helmet	A helmet with a lamp on it.
item	5014	Mining helmet	A helmet with an unlit lamp on it.
item	5016	Bone spear	Basic but brutal!
item	5018	Bone club	Basic but brutal!
item	5020	Minecart ticket	A ticket to take you from Keldagrim to the dwarven mines under Ice Mountain.
item	5021	Minecart ticket	A ticket to take you from the dwarven mines under Ice Mountain to Keldagrim.
item	5022	Minecart ticket	A ticket to take you from Keldagrim to the passage under White Wolf Mountain.
item	5023	Minecart ticket	A ticket to take you from the passage under White Wolf Mountain to Keldagrim.
item	5024	Woven top	Far too small to wear.
item	5026	Woven top	Yellow top, too small for me.
item	5028	Woven top	Blue top, very tiny.
item	5030	Shirt	Tiny!
item	5032	Shirt	Tiny!
item	5034	Shirt	Tiny!
item	5036	Trousers	A pair of long dwarven trousers... long for dwarves, of course.
item	5038	Trousers	A pair of long dwarven trousers... long for dwarves, of course.
item	5040	Trousers	A pair of long dwarven trousers... long for dwarves, of course.
item	5042	Shorts	These look great, on dwarves!
item	5044	Shorts	Yellow shorts. Far too small for you.
item	5046	Shorts	Blue shorts, these would look great on dwarves!
item	5048	Skirt	A brown skirt. Size small!
item	5050	Skirt	Lilac skirt.
item	5052	Skirt	A blue skirt.
item	5054	Dwarf	Petit.
item	5056	Dwarven battleaxe	This looks very rusty and worn.
item	5057	Dwarven battleaxe	This axe blade has been sharpened.
item	5058	Dwarven battleaxe	Three sapphires have been crafted onto the hilt.
item	5059	Dwarven battleaxe	This axe has a sharp blade and there are sapphires in the hilt.
item	5060	Dwarven battleaxe	This battleaxe is in the process of having sapphires fitted onto it.
item	5061	Dwarven battleaxe	This battleaxe is in the process of having sapphires fitted onto it.
item	5062	Left boot	One of a pair I assume.
item	5063	Right boot	A good looking boot, for the right foot. Literally.
item	5064	Exquisite boots	A lovely pair of boots.
item	5065	Book on costumes	An old library book. It bears the title 'Scholars Guide to Dwarven Costumes'.
item	5066	Meeting notes	These notes are from a meeting of the Keldagrim Consortium.
item	5067	Exquisite clothes	Clothes for the sculptor's model.
item	5068	Master farmer	A master at farming.
item	5069	Whoopsie	Just chuck this away, it's useless!
item	5070	Bird nest	It's a bird's nest with an egg in it.
item	5071	Bird nest	It's a bird's nest with an egg in it.
item	5072	Bird nest	It's a bird's nest with an egg in it.
item	5073	Bird nest	It's a bird's nest with some seeds in it.
item	5074	Bird nest	It's a bird's nest with a ring in it.
item	5075	Bird nest	It's an empty bird's nest.
item	5076	Bird's egg	A red bird's egg.
item	5077	Bird's egg	A blue bird's egg.
item	5078	Bird's egg	A green bird's egg.
item	5081	Whoopsie	Just chuck this away, it's useless!
item	5083	Whoopsie	Just chuck this away, it's useless!
item	5085	Whoopsie	Just chuck this away, it's useless!
item	5087	Whoopsie	Just chuck this away, it's useless!
item	5089	Whoopsie	Just chuck this away, it's useless!
item	5091	Whoopsie	Just chuck this away, it's useless!
item	5093	Whoopsie	Just chuck this away, it's useless!
item	5095	Whoopsie	Just chuck this away, it's useless!
item	5096	Marigold seed	A marigold seed - plant in a flower patch.
item	5097	Rosemary seed	A rosemary seed - plant in a flower patch.
item	5098	Nasturtium seed	A nasturtium seed - plant in a flower patch.
item	5099	Woad seed	A woad seed - plant in a flower patch.
item	5100	Limpwurt seed	A limpwurt seed - plant in a flower patch.
item	5101	Redberry seed	A redberry bush seed - plant in a bush patch.
item	5102	Cadavaberry seed	A cadavaberry bush seed - plant in a bush patch.
item	5103	Dwellberry seed	A dwellberry bush seed - plant in a bush patch.
item	5104	Jangerberry seed	A jangerberry bush seed - plant in a bush patch.
item	5105	Whiteberry seed	A whiteberry bush seed - plant in a bush patch.
item	5106	Poison ivy seed	A poison ivy bush seed - plant in a bush patch.
item	5171	Seeds	Some seeds.
item	5280	Cactus seed	A Cactus seed - plant in a cactus patch.
item	5281	Belladonna seed	Also known as Deadly Nightshade - plant in a belladonna patch.
item	5282	Mushroom spore	A Bittercap mushroom spore - plant in a mushroom patch.
item	5283	Apple tree seed	Plant in a plantpot of soil to grow a sapling.
item	5284	Banana tree seed	Plant in a plantpot of soil to grow a sapling.
item	5285	Orange tree seed	Plant in a plantpot of soil to grow a sapling.
item	5286	Curry tree seed	Plant in a plantpot of soil to grow a sapling.
item	5287	Pineapple seed	Plant in a plantpot of soil to grow a sapling.
item	5288	Papaya tree seed	Plant in a plantpot of soil to grow a sapling.
item	5289	Palm tree seed	Plant in a plantpot of soil to grow a sapling.
item	5290	Calquat tree seed	Plant in a plantpot of soil to grow a sapling.
item	5291	Guam seed	A guam seed - plant in a herb patch.
item	5292	Marrentill seed	A marrentill seed - plant in a herb patch.
item	5293	Tarromin seed	A tarromin seed - plant in a herb patch.
item	5294	Harralander seed	A harralander seed - plant in a herb patch.
item	5295	Ranarr seed	A ranarr seed - plant in a herb patch.
item	5296	Toadflax seed	A toadflax seed - plant in a herb patch.
item	5297	Irit seed	An irit seed - plant in a herb patch.
item	5298	Avantoe seed	An avantoe seed - plant in a herb patch.
item	5299	Kwuarm seed	A kwuarm seed - plant in a herb patch.
item	5300	Snapdragon seed	A snapdragon seed - plant in a herb patch.
item	5301	Cadantine seed	A cadantine seed - plant in a herb patch.
item	5302	Lantadyme seed	A lantadyme seed - plant in a herb patch.
item	5303	Dwarf weed seed	A dwarf weed seed - plant in a herb patch.
item	5304	Torstol seed	A torstol seed - plant in a herb patch.
item	5305	Barley seed	A barley seed - plant in a hops patch.
item	5306	Jute seed	A jute plant seed - plant in a hops patch.
item	5307	Hammerstone seed	A Hammerstone hop seed - plant in a hops patch.
item	5308	Asgarnian seed	An Asgarnian hop seed - plant in a hops patch.
item	5309	Yanillian seed	A Yanillian hop seed - plant in a hops patch.
item	5310	Krandorian seed	A Krandorian hop seed - plant in a hops patch.
item	5311	Wildblood seed	A Wildblood hop seed - plant in a hops patch.
item	5312	Acorn	Plant this in a plantpot of soil to grow a sapling.
item	5313	Willow seed	Plant this in a plantpot of soil to grow a sapling.
item	5314	Maple seed	Plant this in a plantpot of soil to grow a sapling.
item	5315	Yew seed	Plant this in a plantpot of soil to grow a sapling.
item	5316	Magic seed	Plant this in a plantpot of soil to grow a sapling.
item	5317	Spirit seed	Plant this in a plantpot of soil to grow a sapling.
item	5318	Potato seed	A potato seed - plant in an allotment.
item	5319	Onion seed	An onion seed - plant in an allotment.
item	5320	Sweetcorn seed	A sweetcorn seed - plant in an allotment.
item	5321	Watermelon seed	A watermelon seed - plant in an allotment.
item	5322	Tomato seed	A tomato seed - plant in an allotment.
item	5323	Strawberry seed	A strawberry seed - plant in an allotment.
item	5324	Cabbage seed	A cabbage seed - plant in an allotment.
item	5325	Gardening trowel	Not suitable for archaeological digs.
item	5327	Spade handle	I need to attach this to its head.
item	5328	Spade head	I need to attach this to its handle.
item	5329	Secateurs	Good for pruning away diseased leaves.
item	5331	Watering can	This watering can is empty.
item	5333	Watering can(1)	This watering can is almost empty.
item	5334	Watering can(2)	This watering can is three-quarters empty.
item	5335	Watering can(3)	This watering can is just under half-full.
item	5336	Watering can(4)	Some would say this watering can is half-full, others half-empty.
item	5337	Watering can(5)	This watering can is just over half-full.
item	5338	Watering can(6)	This watering can is three quarters full.
item	5339	Watering can(7)	This watering can is almost completely full.
item	5340	Watering can(8)	This watering can is completely full.
item	5341	Rake	Use this to clear weeds.
item	5343	Seed dibber	Use this to plant seeds with.
item	5345	Gardening boots	A pair of gardening boots.
item	5347	Rake handle	I need to reattach this to its head.
item	5348	Rake head	I need to reattach this to its handle.
item	5349	Whoopsie	Just chuck this away, it's useless!
item	5350	Plant pot	An empty plant pot.
item	5352	Unfired plant pot	An unfired plant pot.
item	5354	Plant pot	A plant pot filled with soil.
item	5356	Plant pot	A plant pot filled with soil.
item	5358	Oak seedling	An acorn has been sown in this plant pot.
item	5359	Willow seedling	A willow tree seed has been sown in this plant pot.
item	5360	Maple seedling	A maple tree seed has been sown in this plant pot.
item	5361	Yew seedling	A yew tree seed has been sown in this plant pot.
item	5362	Magic seedling	A magic tree seed has been sown in this plant pot.
item	5363	Spirit seedling	A spirit tree seed has been sown in this plant pot.
item	5364	Oak seedling	An acorn has been sown and watered in this plant pot.
item	5365	Willow seedling	A willow tree seed has been sown and watered in this plant pot.
item	5366	Maple seedling	A maple tree seed has been sown and watered in this plant pot.
item	5367	Yew seedling	A yew tree seed has been sown and watered in this plant pot.
item	5368	Magic seedling	A magic tree seed has been sown and watered in this plant pot.
item	5369	Spirit seedling	A spirit tree seed has been sown and watered in this plant pot.
item	5370	Oak sapling	This sapling is ready to be replanted in a tree patch.
item	5371	Willow sapling	This sapling is ready to be replanted in a tree patch.
item	5372	Maple sapling	This sapling is ready to be replanted in a tree patch.
item	5373	Yew sapling	This sapling is ready to be replanted in a tree patch.
item	5374	Magic sapling	This sapling is ready to be replanted in a tree patch.
item	5375	Spirit sapling	This sapling is ready to be replanted in a Spirit patch.
item	5376	Basket	An empty fruit basket.
item	5378	Apples(1)	A fruit basket filled with apples.
item	5380	Apples(2)	A fruit basket filled with apples.
item	5382	Apples(3)	A fruit basket filled with apples.
item	5384	Apples(4)	A fruit basket filled with apples.
item	5386	Apples(5)	A fruit basket filled with apples.
item	5388	Oranges(1)	A fruit basket filled with oranges.
item	5390	Oranges(2)	A fruit basket filled with oranges.
item	5392	Oranges(3)	A fruit basket filled with oranges.
item	5394	Oranges(4)	A fruit basket filled with oranges.
item	5396	Oranges(5)	A fruit basket filled with oranges.
item	5398	Strawberries(1)	A fruit basket filled with strawberries.
item	5400	Strawberries(2)	A fruit basket filled with strawberries.
item	5402	Strawberries(3)	A fruit basket filled with strawberries.
item	5404	Strawberries(4)	A fruit basket filled with strawberries.
item	5406	Strawberries(5)	A fruit basket filled with strawberries.
item	5408	Bananas(1)	A fruit basket filled with bananas.
item	5410	Bananas(2)	A fruit basket filled with bananas.
item	5412	Bananas(3)	A fruit basket filled with bananas.
item	5414	Bananas(4)	A fruit basket filled with bananas.
item	5416	Bananas(5)	A fruit basket filled with bananas.
item	5418	Empty sack	An empty vegetable sack.
item	5420	Potatoes(1)	There is 1 potato in this sack.
item	5422	Potatoes(2)	There are 2 potatoes in this sack.
item	5424	Potatoes(3)	There are 3 potatoes in this sack.
item	5426	Potatoes(4)	There are 4 potatoes in this sack.
item	5428	Potatoes(5)	There are 5 potatoes in this sack.
item	5430	Potatoes(6)	There are 6 potatoes in this sack.
item	5432	Potatoes(7)	There are 7 potatoes in this sack.
item	5434	Potatoes(8)	There are 8 potatoes in this sack.
item	5436	Potatoes(9)	There are 9 potatoes in this sack.
item	5438	Potatoes(10)	There are 10 potatoes in this sack.
item	5440	Onions(1)	There is 1 onion in this sack.
item	5442	Onions(2)	There are 2 onions in this sack.
item	5444	Onions(3)	There are 3 onions in this sack.
item	5446	Onions(4)	There are 4 onions in this sack.
item	5448	Onions(5)	There are 5 onions in this sack.
item	5450	Onions(6)	There are 6 onions in this sack.
item	5452	Onions(7)	There are 7 onions in this sack.
item	5454	Onions(8)	There are 8 onions in this sack.
item	5456	Onions(9)	There are 9 onions in this sack.
item	5458	Onions(10)	There are 10 onions in this sack.
item	5460	Cabbages(1)	There is 1 cabbage in this sack.
item	5462	Cabbages(2)	There are 2 cabbages in this sack.
item	5464	Cabbages(3)	There are 3 cabbages in this sack.
item	5466	Cabbages(4)	There are 4 cabbages in this sack.
item	5468	Cabbages(5)	There are 5 cabbages in this sack.
item	5470	Cabbages(6)	There are 6 cabbages in this sack.
item	5472	Cabbages(7)	There are 7 cabbages in this sack.
item	5474	Cabbages(8)	There are 8 cabbages in this sack.
item	5476	Cabbages(9)	There are 9 cabbages in this sack.
item	5478	Cabbages(10)	There are 10 cabbages in this sack.
item	5480	Apple seedling	An apple tree seed has been sown in this plant pot.
item	5481	Banana seedling	A banana tree seed has been sown in this plant pot.
item	5482	Orange seedling	An orange tree seed has been sown in this plant pot.
item	5483	Curry seedling	A curry tree seed has been sown in this plant pot.
item	5484	Pineapple seedling	A pineapple tree seed has been sown in this plant pot.
item	5485	Papaya seedling	A papaya tree seed has been sown in this plant pot.
item	5486	Palm seedling	A palm tree seed has been sown in this plant pot.
item	5487	Calquat seedling	A Calquat tree seed has been sown in this plant pot.
item	5488	Apple seedling	An apple tree seed has been sown and watered in this plant pot.
item	5489	Banana seedling	A banana tree seed has been sown and watered in this plant pot.
item	5490	Orange seedling	An orange tree seed has been sown and watered in this plant pot.
item	5491	Curry seedling	A curry tree seed has been sown and watered in this plant pot.
item	5492	Pineapple seedling	A pineapple tree seed has been sown and watered in this plant pot.
item	5493	Papaya seedling	A papaya tree seed has been sown and watered in this plant pot.
item	5494	Palm seedling	A palm tree seed has been sown and watered in this plant pot.
item	5495	Calquat seedling	A Calquat tree seed has been sown and watered in this plant pot.
item	5496	Apple sapling	This sapling is ready to be replanted in a fruit tree patch.
item	5497	Banana sapling	This sapling is ready to be replanted in a fruit tree patch.
item	5498	Orange sapling	This sapling is ready to be replanted in a fruit tree patch.
item	5499	Curry sapling	This sapling is ready to be replanted in a fruit tree patch.
item	5500	Pineapple sapling	This sapling is ready to be replanted in a fruit tree patch.
item	5501	Papaya sapling	This sapling is ready to be replanted in a fruit tree patch.
item	5502	Palm sapling	This sapling is ready to be replanted in a fruit tree patch.
item	5503	Calquat sapling	This sapling is ready to be replanted in a Calquat Tree patch.
item	5504	Strawberry	A freshly picked strawberry.
item	5506	Old man's message	The Wise Old Man of Draynor Village asked you to take this to someone.
item	5507	Strange book	A tatty old book belonging to the Wise Old Man of Draynor Village.
item	5508	Book of folklore	A tatty old book belonging to the Wise Old Man of Draynor Village.
item	5509	Small pouch	A small pouch used for storing essence.
item	5510	Medium pouch	A medium-sized pouch used for storing essence.
item	5511	Medium pouch	A damaged medium-sized pouch used for storing essence.
item	5512	Large pouch	A large pouch used for storing essence.
item	5513	Large pouch	A large damaged pouch used for storing essence.
item	5514	Giant pouch	A giant-sized pouch used for storing essence.
item	5515	Giant pouch	A damaged giant-sized pouch used for storing essence.
item	5516	Elemental talisman	A mysterious power emanates from the talisman...
item	5518	Scrying orb	This contains mystical teleport information...
item	5519	Scrying orb	This orb apparently contains a cypher spell.
item	5520	Abyssal book	Some research notes on abyssal space.
item	5521	Binding necklace	A necklace embedded with mystical power.
item	5523	Tiara mould	A mould for tiaras.
item	5525	Tiara	Makes me feel like a Princess.
item	5527	Air tiara	A tiara infused with the properties of air.
item	5529	Mind tiara	A tiara infused with the properties of the mind.
item	5531	Water tiara	A tiara infused with the properties of water.
item	5533	Body tiara	A tiara infused with the properties of the body.
item	5535	Earth tiara	A tiara infused with the properties of the earth.
item	5537	Fire tiara	A tiara infused with the properties of fire.
item	5539	Cosmic tiara	A tiara infused with the properties of the cosmos.
item	5541	Nature tiara	A tiara infused with the properties of nature.
item	5543	Chaos tiara	A tiara infused with the properties of chaos.
item	5545	Law tiara	A tiara infused with the properties of law.
item	5546	Broken tiara	This tiara has decayed and is useless.
item	5547	Death tiara	A tiara infused with the properties of death.
item	5549	Blood tiara	A tiara infused with the properties of blood.
item	5551	Soul tiara	A tiara infused with the properties of the soul.
item	5553	Rogue top	Black banded leather armour, a rogue's dream!
item	5554	Rogue mask	Black banded leather armour, a rogue's dream!
item	5555	Rogue trousers	Black banded leather armour, a rogue's dream!
item	5556	Rogue gloves	Black banded leather gloves, a rogue's dream!
item	5557	Rogue boots	Black banded leather boots, a rogue's dream!
item	5558	Rogue kit	It can do almost anything!
item	5559	Flash powder	A small satchel of bright powder!
item	5560	Stethoscope	A useful hearing aid.
item	5561	Mystic jewel	I can escape the Maze with this!
item	5562	Gear	Used in machines and locks the rune over.
item	5563	Gear	Used in machines and locks the rune over.
item	5564	Gear	Used in machines and locks the rune over.
item	5565	Gear	Used in machines and locks the rune over.
item	5566	Gear	Used in machines and locks the rune over.
item	5567	Gear	Used in machines and locks the rune over.
item	5568	Tile	For a mosaic.
item	5569	Tiles	For a mosaic.
item	5570	Tiles	For a mosaic.
item	5571	Tiles	For a mosaic.
item	5572	Dial	I wonder what this does?
item	5573	Whoopsie	Just chuck this away, it's useless!
item	5574	Initiate helm	An initiate Temple Knight's helm.
item	5575	Initiate platemail	An initiate Temple Knight's Armour.
item	5576	Initiate platelegs	An initiate Temple Knight's leg armour.
item	5577	Cupric sulfate	A vial of something labelled 'Cupric Sulfate'.
item	5578	Acetic acid	A vial of something labelled 'Acetic Acid'.
item	5579	Gypsum	A vial of something labelled 'Gypsum'.
item	5580	Sodium chloride	A vial of something labelled 'Sodium Chloride'.
item	5581	Nitrous oxide	A vial of something labelled 'Nitrous Oxide'.
item	5582	Vial of liquid	A vial of something labelled 'Dihydrogen Monoxide'.
item	5583	Tin ore powder	A vial of something labelled 'Powdered Tin Ore'.
item	5584	Cupric ore powder	A vial of something labelled 'Powdered Cupric Ore'.
item	5585	Bronze key	I hope the mould was accurate enough...
item	5586	Metal spade	It's a metal spade with a wooden handle.
item	5587	Metal spade	It's a metal spade without a handle.
item	5588	Alchemical notes	Looks like a pretty boring read.
item	5589	??? mixture	A very hot vial of something or other. The label says 'Cupric Sulfate'.
item	5590	??? mixture	A very warm vial of something or other. It's a bit lumpy.
item	5591	??? mixture	It looks horrible. I think I messed something up.
item	5592	Tin	I could probably pour something into this.
item	5593	Tin	It's full of a white lumpy mixture that seems to be hardening.
item	5594	Tin	There is an impression of a key embedded in it.
item	5595	Tin	There is an impression of a key, filled with tin ore.
item	5596	Tin	There is an impression of a key, filled with copper ore.
item	5597	Tin	There is an impression of a key, filled with tin and copper ore.
item	5598	Tin	There is a bronze key surrounded by plaster in this tin.
item	5599	Tin	There is a strange concoction filling this tin.
item	5600	Tin	A tin layered with some stuff from a vial.
item	5601	Chisel	Good for detailed crafting.
item	5602	Bronze wire	Useful for crafting items.
item	5603	Shears	For shearing sheep.
item	5604	Magnet	A very attractive magnet.
item	5605	Knife	A dangerous looking knife.
item	5606	Makeover voucher	I can exchange this for one free makeover with the makeover mage.
item	5607	Grain	A sack full of grain.
item	5608	Fox	I don't think he likes being carried.
item	5609	Chicken	He'd be easier to carry if I cooked and ate him first...
item	5610	Hourglass	It's an hourglass.
item	5614	Magic carpet	A flying Magic carpet.
item	5615	Bonemeal	A pot of crushed Shaikahan bones.
item	5616	Bronze arrow(+)	Venomous looking arrows.
item	5617	Iron arrow(+)	Venomous looking arrows.
item	5618	Steel arrow(+)	Venomous looking arrows.
item	5619	Mithril arrow(+)	Venomous looking arrows.
item	5620	Adamant arrow(+)	Venomous looking arrows.
item	5621	Rune arrow(+)	Venomous looking arrows.
item	5622	Bronze arrow(s)	Venomous looking arrows.
item	5623	Iron arrow(s)	Venomous looking arrows.
item	5624	Steel arrow(s)	Venomous looking arrows.
item	5625	Mithril arrow(s)	Venomous looking arrows.
item	5626	Adamant arrow(s)	Venomous looking arrows.
item	5627	Rune arrow(s)	Venomous looking arrows.
item	5628	Bronze dart(+)	A deadly poisoned dart with a bronze tip.
item	5629	Iron dart(+)	A deadly poisoned dart with an iron tip.
item	5630	Steel dart(+)	A deadly poisoned dart with a steel tip.
item	5631	Black dart(+)	A deadly poisoned dart with a black tip.
item	5632	Mithril dart(+)	A deadly poisoned dart with a mithril tip.
item	5633	Adamant dart(+)	A deadly poisoned dart with an adamantite tip.
item	5634	Rune dart(+)	A deadly poisoned dart with a rune tip.
item	5635	Bronze dart(s)	A deadly poisoned dart with a bronze tip.
item	5636	Iron dart(s)	A deadly poisoned dart with an iron tip.
item	5637	Steel dart(s)	A deadly poisoned dart with a steel tip.
item	5638	Black dart(s)	A deadly poisoned dart with a black tip.
item	5639	Mithril dart(s)	A deadly poisoned dart with a mithril tip.
item	5640	Adamant dart(s)	A deadly poisoned dart with an adamantite tip.
item	5641	Rune dart(s)	A deadly poisoned dart with a rune tip.
item	5642	Bronze javelin(+)	A bronze tipped javelin.
item	5643	Iron javelin(+)	An iron tipped javelin.
item	5644	Steel javelin(+)	A steel tipped javelin.
item	5645	Mithril javelin(+)	A mithril tipped javelin.
item	5646	Adamant javelin(+)	An adamantite tipped javelin.
item	5647	Rune javelin(+)	A rune tipped javelin.
item	5648	Bronze javelin(s)	A bronze tipped javelin.
item	5649	Iron javelin(s)	An iron tipped javelin.
item	5650	Steel javelin(s)	A steel tipped javelin.
item	5651	Mithril javelin(s)	A mithril tipped javelin.
item	5652	Adamant javelin(s)	An adamantite tipped javelin.
item	5653	Rune javelin(s)	A rune tipped javelin.
item	5654	Bronze knife(+)	A finely balanced throwing knife.
item	5655	Iron knife(+)	A finely balanced throwing knife.
item	5656	Steel knife(+)	A finely balanced throwing knife.
item	5657	Mithril knife(+)	A finely balanced throwing knife.
item	5658	Black knife(+)	A finely balanced throwing knife.
item	5659	Adamant knife(+)	A finely balanced throwing knife.
item	5660	Rune knife(+)	A finely balanced throwing knife.
item	5661	Bronze knife(s)	A finely balanced throwing knife.
item	5662	Iron knife(s)	A finely balanced throwing knife.
item	5663	Steel knife(s)	A finely balanced throwing knife.
item	5664	Mithril knife(s)	A finely balanced throwing knife.
item	5665	Black knife(s)	A finely balanced throwing knife.
item	5666	Adamant knife(s)	A finely balanced throwing knife.
item	5667	Rune knife(s)	A finely balanced throwing knife.
item	5668	Iron dagger(+)	The blade is covered with poison.
item	5670	Bronze dagger(+)	This dagger is poisoned.
item	5672	Steel dagger(+)	The blade has been poisoned.
item	5674	Mithril dagger(+)	A poisoned Mithril dagger.
item	5676	Adamant dagger(+)	A very dangerous poisoned dagger.
item	5678	Rune dagger(+)	The blade is covered with a nasty poison.
item	5680	Dragon dagger(+)	A powerful dagger.
item	5682	Black dagger(+)	This dagger is poisoned.
item	5684	Poisoned dagger(+)	The blade is covered with poison.
item	5686	Iron dagger(s)	The blade is covered with poison.
item	5688	Bronze dagger(s)	This dagger is poisoned.
item	5690	Steel dagger(s)	The blade has been poisoned.
item	5692	Mithril dagger(s)	A poisoned Mithril dagger.
item	5694	Adamant dagger(s)	A very dangerous poisoned dagger.
item	5696	Rune dagger(s)	The blade is covered with a nasty poison.
item	5698	Dragon dagger(s)	A powerful dagger.
item	5700	Black dagger(s)	This dagger is poisoned.
item	5702	Poisoned dagger(s)	The blade is covered with poison.
item	5704	Bronze spear(+)	A poisoned bronze tipped spear.
item	5706	Iron spear(+)	A poisoned iron tipped spear.
item	5708	Steel spear(+)	A poisoned steel tipped spear.
item	5710	Mithril spear(+)	A poisoned mithril tipped spear.
item	5712	Adamant spear(+)	A poisoned adamantite tipped spear.
item	5714	Rune spear(+)	A poisoned rune tipped spear.
item	5716	Dragon spear(+)	A poisoned dragon tipped spear.
item	5718	Bronze spear(s)	A poisoned bronze tipped spear.
item	5720	Iron spear(s)	A poisoned iron tipped spear.
item	5722	Steel spear(s)	A poisoned steel tipped spear.
item	5724	Mithril spear(s)	A poisoned mithril tipped spear.
item	5726	Adamant spear(s)	A poisoned adamantite tipped spear.
item	5728	Rune spear(s)	A poisoned rune tipped spear.
item	5730	Dragon spear(s)	A poisoned dragon tipped spear.
item	5732	Stool	A stool for milking
item	5733	Rotten potato	Yuk!
item	5734	Black spear(+)	A poisoned black tipped spear.
item	5736	Black spear(s)	A poisoned black tipped spear.
item	5738	Woad leaf	A slightly bluish leaf.
item	5739	Asgarnian ale(m)	This looks a good deal stronger than normal Asgarnian Ale.
item	5741	Mature wmb	This looks a good deal stronger than normal Wizards Mind Bomb.
item	5743	Greenman's ale(m)	This looks a good deal stronger than normal Greenman's Ale.
item	5745	Dragon bitter(m)	This looks a good deal stronger than normal Dragon Bitter.
item	5747	Dwarven stout(m)	This looks a good deal stronger than normal Dwarven Stout.
item	5749	Moonlight mead(m)	This looks a good deal stronger than normal Moonlight Mead.
item	5751	Axeman's folly	This might help me chop harder.
item	5753	Axeman's folly(m)	This looks a good deal stronger than normal Axeman's Folly.
item	5755	Chef's delight	A fruity, full-bodied ale.
item	5757	Chef's delight(m)	This looks a good deal stronger than normal Chef's Delight.
item	5759	Slayer's respite	Ale with bite.
item	5761	Slayer's respite(m)	This looks a good deal stronger than normal Slayer's Respite.
item	5763	Cider	A glass of cider.
item	5765	Mature cider	This looks a good deal stronger than normal cider.
item	5767	Ale yeast	A pot filled with ale yeast.
item	5769	Calquat keg	Sliced and hollowed out to form a keg.
item	5771	Dwarven stout(1)	This keg contains 1 pint of Dwarven Stout.
item	5773	Dwarven stout(2)	This keg contains 2 pints of Dwarven Stout.
item	5775	Dwarven stout(3)	This keg contains 3 pints of Dwarven Stout.
item	5777	Dwarven stout(4)	This keg contains 4 pints of Dwarven Stout.
item	5779	Asgarnian ale(1)	This keg contains 1 pint of Asgarnian Ale.
item	5781	Asgarnian ale(2)	This keg contains 2 pints of Asgarnian Ale.
item	5783	Asgarnian ale(3)	This keg contains 3 pints of Asgarnian Ale.
item	5785	Asgarnian ale(4)	This keg contains 4 pints of Asgarnian Ale.
item	5787	Greenmans ale(1)	This keg contains 1 pint of Greenmans Ale.
item	5789	Greenmans ale(2)	This keg contains 2 pints of Greenmans Ale.
item	5791	Greenmans ale(3)	This keg contains 3 pints of Greenmans Ale.
item	5793	Greenmans ale(4)	This keg contains 4 pints of Greenmans Ale.
item	5795	Mind bomb(1)	This keg contains 1 pint of Wizards Mind Bomb.
item	5797	Mind bomb(2)	This keg contains 2 pints of Wizards Mind Bomb.
item	5799	Mind bomb(3)	This keg contains 3 pints of Wizards Mind Bomb.
item	5801	Mind bomb(4)	This keg contains 4 pints of Wizards Mind Bomb.
item	5803	Dragon bitter(1)	This keg contains 1 pint of Dragon Bitter.
item	5805	Dragon bitter(2)	This keg contains 2 pints of Dragon Bitter.
item	5807	Dragon bitter(3)	This keg contains 3 pints of Dragon Bitter.
item	5809	Dragon bitter(4)	This keg contains 4 pints of Dragon Bitter.
item	5811	Moonlight mead(1)	This keg contains 1 pint of Moonlight Mead.
item	5813	Moonlight mead(2)	This keg contains 2 pints of Moonlight Mead.
item	5815	Moonlight mead(3)	This keg contains 3 pints of Moonlight Mead.
item	5817	Moonlight mead(4)	This keg contains 4 pints of Moonlight Mead.
item	5819	Axeman's folly(1)	This keg contains 1 pint of Axeman's Folly.
item	5821	Axeman's folly(2)	This keg contains 2 pints of Axeman's Folly.
item	5823	Axeman's folly(3)	This keg contains 3 pints of Axeman's Folly.
item	5825	Axeman's folly(4)	This keg contains 4 pints of Axeman's Folly.
item	5827	Chef's delight(1)	This keg contains 1 pint of Chef's Delight.
item	5829	Chef's delight(2)	This keg contains 2 pints of Chef's Delight.
item	5831	Chef's delight(3)	This keg contains 3 pints of Chef's Delight.
item	5833	Chef's delight(4)	This keg contains 4 pints of Chef's Delight.
item	5835	Slayer's respite(1)	This keg contains 1 pint of Slayer's Respite.
item	5837	Slayer's respite(2)	This keg contains 2 pints of Slayer's Respite.
item	5839	Slayer's respite(3)	This keg contains 3 pints of Slayer's Respite.
item	5841	Slayer's respite(4)	This keg contains 4 pints of Slayer's Respite.
item	5843	Cider(1)	This keg contains 1 pint of Cider.
item	5845	Cider(2)	This keg contains 2 pints of Cider.
item	5847	Cider(3)	This keg contains 3 pints of Cider.
item	5849	Cider(4)	This keg contains 4 pints of Cider.
item	5851	Dwarven stout(m1)	This keg contains 1 pint of mature Dwarven Stout.
item	5853	Dwarven stout(m2)	This keg contains 2 pints of mature Dwarven Stout.
item	5855	Dwarven stout(m3)	This keg contains 3 pints of mature Dwarven Stout.
item	5857	Dwarven stout(m4)	This keg contains 4 pints of mature Dwarven Stout.
item	5859	Asgarnian ale(m1)	This keg contains 1 pint of mature Asgarnian Ale.
item	5861	Asgarnian ale(m2)	This keg contains 2 pints of mature Asgarnian Ale.
item	5863	Asgarnian ale(m3)	This keg contains 3 pints of mature Asgarnian Ale.
item	5865	Asgarnian ale(m4)	This keg contains 4 pints of mature Asgarnian Ale.
item	5867	Greenmans ale(m1)	This keg contains 1 pint of mature Greenmans Ale.
item	5869	Greenmans ale(m2)	This keg contains 2 pints of mature Greenmans Ale.
item	5871	Greenmans ale(m3)	This keg contains 3 pints of mature Greenmans Ale.
item	5873	Greenmans ale(m4)	This keg contains 4 pints of mature Greenmans Ale.
item	5875	Mind bomb(m1)	This keg contains 1 pint of mature Wizards Mind Bomb.
item	5877	Mind bomb(m2)	This keg contains 2 pints of mature Wizards Mind Bomb.
item	5879	Mind bomb(m3)	This keg contains 3 pints of mature Wizards Mind Bomb.
item	5881	Mind bomb(m4)	This keg contains 4 pints of mature Wizards Mind Bomb.
item	5883	Dragon bitter(m1)	This keg contains 1 pint of mature Dragon Bitter.
item	5885	Dragon bitter(m2)	This keg contains 2 pints of mature Dragon Bitter.
item	5887	Dragon bitter(m3)	This keg contains 3 pints of mature Dragon Bitter.
item	5889	Dragon bitter(m4)	This keg contains 4 pints of mature Dragon Bitter.
item	5891	M'light mead(m1)	This keg contains 1 pint of mature Moonlight Mead.
item	5893	M'light mead(m2)	This keg contains 2 pints of mature Moonlight Mead.
item	5895	M'light mead(m3)	This keg contains 3 pints of mature Moonlight Mead.
item	5897	M'light mead(m4)	This keg contains 4 pints of mature Moonlight Mead.
item	5899	Axeman's folly(m1)	This keg contains 1 pint of mature Axeman's Folly.
item	5901	Axeman's folly(m2)	This keg contains 2 pints of mature Axeman's Folly.
item	5903	Axeman's folly(m3)	This keg contains 3 pints of mature Axeman's Folly.
item	5905	Axeman's folly(m4)	This keg contains 4 pints of mature Axeman's Folly.
item	5907	Chef's delight(m1)	This keg contains 1 pint of mature Chef's Delight.
item	5909	Chef's delight(m2)	This keg contains 2 pints of mature Chef's Delight.
item	5911	Chef's delight(m3)	This keg contains 3 pints of mature Chef's Delight.
item	5913	Chef's delight(m4)	This keg contains 4 pints of mature Chef's Delight.
item	5915	Slayer respite(m1)	This keg contains 1 pint of mature Slayer's Respite.
item	5917	Slayer respite(m2)	This keg contains 2 pints of mature Slayer's Respite.
item	5919	Slayer respite(m3)	This keg contains 3 pints of mature Slayer's Respite.
item	5921	Slayer respite(m4)	This keg contains 4 pints of mature Slayer's Respite.
item	5923	Cider(m1)	This keg contains 1 pint of mature Cider.
item	5925	Cider(m2)	This keg contains 2 pints of mature Cider.
item	5927	Cider(m3)	This keg contains 3 pints of mature Cider.
item	5929	Cider(m4)	This keg contains 4 pints of mature Cider.
item	5931	Jute fibre	I can weave this to make sacks.
item	5933	Willow branch	A branch from a willow tree.
item	5935	Coconut milk	A vial filled with coconut milk
item	5936	Unfinished potion	A vial of coconut milk and Cactus spine.
item	5937	Weapon poison(+)	A vial of extra-strength weapon poison, for spears and daggers.
item	5939	Unfinished potion	A vial of coconut milk and Deadly Nightshade.
item	5940	Weapon poison(s)	A vial of super-strength weapon poison, for spears and daggers.
item	5942	Unfinished potion	A vial of coconut milk and Toadflax.
item	5943	Antidote+(4)	4 doses of extra strength poison antidote.
item	5945	Antidote+(3)	3 doses of extra strength poison antidote.
item	5947	Antidote+(2)	2 doses of extra strength poison antidote.
item	5949	Antidote+(1)	1 dose of extra strength poison antidote.
item	5951	Unfinished potion	A vial of coconut milk and Irit Leaf.
item	5952	Antidote++(4)	4 doses of super strength poison antidote.
item	5954	Antidote++(3)	3 doses of super strength poison antidote.
item	5956	Antidote++(2)	2 doses of super strength poison antidote.
item	5958	Antidote++(1)	1 dose of super strength poison antidote.
item	5960	Tomatoes(1)	A fruit basket filled with tomatoes.
item	5962	Tomatoes(2)	A fruit basket filled with tomatoes.
item	5964	Tomatoes(3)	A fruit basket filled with tomatoes.
item	5966	Tomatoes(4)	A fruit basket filled with tomatoes.
item	5968	Tomatoes(5)	A fruit basket filled with tomatoes.
item	5970	Curry leaf	I could make a spicy curry with this.
item	5972	Papaya fruit	Looks delicious.
item	5974	Coconut	It's a coconut.
item	5976	Coconut	It's a coconut.
item	5978	Coconut shell	All the milk has been removed.
item	5980	Calquat fruit	This is the largest fruit I've ever seen.
item	5982	Watermelon	A juicy watermelon.
item	5984	Watermelon slice	A slice of watermelon.
item	5986	Sweetcorn	Raw sweetcorn.
item	5988	Sweetcorn	Delicious cooked sweetcorn.
item	5990	Burnt sweetcorn	This sweetcorn has been cooked for too long.
item	5992	Apple mush	A bucket of apple mush.
item	5994	Hammerstone hops	A handful of Hammerstone Hops.
item	5996	Asgarnian hops	A handful of Asgarnian Hops.
item	5998	Yanillian hops	A handful of Yanillian Hops.
item	6000	Krandorian hops	A handful of Krandorian Hops.
item	6002	Wildblood hops	A handful of Wildblood Hops.
item	6004	Mushroom	A Bittercap Mushroom
item	6006	Barley	A handful of Barley.
item	6008	Barley malt	A handful of barley malt.
item	6010	Marigolds	A bunch of marigolds.
item	6012	Nasturtiums	A bunch of nasturtiums.
item	6014	Rosemary	Some rosemary.
item	6016	Cactus spine	Don't prick yourself with this.
item	6018	Poisonivy berries	They look sweet and juicy, but only a fool would eat them.
item	6020	Leaves	A pile of leaves.
item	6022	Leaves	A pile of Oak tree leaves.
item	6024	Leaves	A pile of Willow tree leaves.
item	6026	Leaves	A pile of Yew tree leaves.
item	6028	Leaves	A pile of Maple tree leaves.
item	6030	Leaves	A pile of Magic tree leaves.
item	6032	Compost	Good for plants, helps them grow.
item	6034	Super compost	Super-good for the smallest or largest of plants.
item	6036	Plant cure	Use this on plants to cure disease.
item	6038	Magic string	I could use this to make jewellery.
item	6040	Amulet of nature	An Amulet of Nature.
item	6041	Emerald amulet	This amulet has been strung with the root of a Magic Tree.
item	6043	Oak roots	The roots of the Oak tree.
item	6045	Willow roots	The roots of the Willow tree.
item	6047	Maple roots	The roots of the Maple tree.
item	6049	Yew roots	The roots of the Yew tree.
item	6051	Magic roots	The roots of the Magic tree.
item	6053	Spirit roots	The roots of the Spirit tree.
item	6055	Weeds	A handful of weeds.
item	6057	Hay sack	A sack filled with hay.
item	6058	Hay sack	This sack of hay has a bronze spear sticking through it.
item	6059	Scarecrow	This should scare the birds.
item	6061	Bolts(+)	Vicious poisoned bolts.
item	6062	Bolts(s)	Vicious poisoned bolts.
item	6063	Spirit tree	A Spirit Tree.
item	6064	Bloody mourner top	How do I wash blood stains out?
item	6065	Mourner top	A thick heavy leather top.
item	6066	Mourner trousers	These are in need of a good tailor.
item	6067	Mourner trousers	A pair of mourner trousers.
item	6068	Mourner gloves	These will keep my hands warm!
item	6069	Mourner boots	Comfortable leather boots.
item	6070	Mourner cloak	A dull brown cape.
item	6071	Mourner letter	A letter of recommendation.
item	6072	Tegid's soap	A bar of soap taken from Tegid.
item	6073	Prifddinas' history	A book on the history of Prifddinas.
item	6075	Eastern discovery	A book on the exploration of the eastern realm.
item	6077	Eastern settlement	A book on the settlement of the eastern realm.
item	6079	The great divide	A book about the great divide.
item	6081	Broken device	A strange broken device of gnomic design.
item	6082	Fixed device	A device for firing dye.
item	6083	Tarnished key	This key has seen a lot of use.
item	6084	Worn key	This key has seen a lot of use.
item	6085	Red dye bellows	A large pair of ogre bellows filled with red dye.
item	6086	Blue dye bellows	A large pair of ogre bellows filled with blue dye.
item	6087	Yellow dye bellows	A large pair of ogre bellows filled with yellow dye.
item	6088	Green dye bellows	A large pair of ogre bellows filled with green dye.
item	6089	Blue toad	A blue dye filled toad.
item	6090	Red toad	A red dye filled toad.
item	6091	Yellow toad	A yellow dye filled toad.
item	6092	Green toad	A green dye filled toad.
item	6093	Rotten apples	A barrel full of rotten apples.
item	6094	Apple barrel	A barrel full of mushed apples.
item	6095	Naphtha apple mix	A barrel full of rotten apples and naphtha.
item	6096	Toxic naphtha	A barrel full of toxic naphtha.
item	6097	Sieve	It's a sieve.
item	6098	Toxic powder	A pile of toxic powder.
item	6099	Teleport crystal (4)	A tiny crystal enchanted to return the user to Lletya.
item	6100	Teleport crystal (3)	A tiny crystal enchanted to return the user to Lletya.
item	6101	Teleport crystal (2)	A tiny crystal enchanted to return the user to Lletya.
item	6102	Teleport crystal (1)	A tiny crystal enchanted to return the user to Lletya.
item	6103	Tiny elf crystal	A tiny Elf crystal, I need to have this re-enchanted.
item	6104	New key	This key is newly cut.
item	6105	Elf	One of the fair elven folk.
item	6106	Ghostly boots	They seem to be not quite of this world...
item	6107	Ghostly robe	A particularly spooky robe top.
item	6108	Ghostly robe	An unearthly set of robe bottoms.
item	6109	Ghostly hood	A ghostly hood, fit for a ghostly head.
item	6110	Ghostly gloves	They seem to fade in and out of existence...
item	6111	Ghostly cloak	Made of a strange ghostly material...
item	6112	Kelda seed	Kelda hop seeds can only be grown underground!
item	6113	Kelda hops	A handful of Kelda Hops.
item	6118	Kelda stout	A pint of bluish beer.
item	6119	Square stone	There is a strange yellow marking on this stone.
item	6120	Square stone	There is a strange green marking on this stone.
item	6121	Letter	A letter addressed to Elstan of Falador.
item	6122	A chair	For sitting on.
item	6123	Beer glass	For drinking... if it were filled.
item	6125	Enchanted lyre(2)	This will teleport me to Rellekka when I play it.
item	6126	Enchanted lyre(3)	This will teleport me to Rellekka when I play it.
item	6127	Enchanted lyre(4)	This will teleport me to Rellekka when I play it.
item	6128	Rock-shell helm	Protective headwear made from crabs. Better than that sounds.
item	6129	Rock-shell plate	A sturdy body armour made from rock crab pieces.
item	6130	Rock-shell legs	Some tough leggings made from rock crab parts.
item	6131	Spined helm	A helm fit for any Fremennik ranger.
item	6133	Spined body	A constant reminder that I'm above a Dagannoth in the food chain.
item	6135	Spined chaps	Stylish leg armour for rangers with a lingering smell of raw fish...
item	6137	Skeletal helm	Make your foes cower by wearing a skull as a helmet!
item	6139	Skeletal top	The bones in this armour seem to vibrate with a magical quality...
item	6141	Skeletal bottoms	A superior set of strengthened slacks for any self respecting seer.
item	6143	Spined boots	Some finely crafted Fremennik boots, made from spined dagannoth hide.
item	6145	Rock-shell boots	Some Fremennik boots, made from the shards of a rock crabs' shell.
item	6147	Skeletal boots	Some finely crafted Fremennik boots, made from the bones of a wallasalki.
item	6149	Spined gloves	Fremennik gloves stitched together from spined dagannoth hide.
item	6151	Rock-shell gloves	Fremennik gloves stitched together from rock crab shell shards.
item	6153	Skeletal gloves	Fremennik gloves stitched together from wallasalki bones fragments.
item	6155	Dagannoth hide	A sturdy piece of dagannoth hide.
item	6157	Rock-shell chunk	A spherical chunk of rock-shell.
item	6159	Rock-shell shard	A curved piece of rock-shell.
item	6161	Rock-shell splinter	A slim piece of rock-shell.
item	6163	Skull piece	A fearsome looking skull.
item	6165	Ribcage piece	A slightly damaged ribcage.
item	6167	Fibula piece	An interesting looking bone shard.
item	6169	Circular hide	A toughened chunk of dagannoth hide.
item	6171	Flattened hide	A tattered chunk of dagannoth hide.
item	6173	Stretched hide	A weathered chunk of dagannoth hide.
item	6178	Raw pheasant	I need to cook this first.
item	6179	Raw pheasant	I need to cook this first.
item	6180	Lederhosen top	A leather strapped top.
item	6181	Lederhosen shorts	Brown leather shorts with bright white socks?
item	6182	Lederhosen hat	A hat with a goat's hair attached.
item	6183	Frog token	I can use this at the Varrock clothes shop.
item	6184	Prince tunic	Very posh!
item	6185	Prince leggings	Very posh!
item	6186	Princess blouse	Very posh!
item	6187	Princess skirt	Very posh!
item	6188	Frog mask	Now that's just silly.
item	6199	Mystery box	Oooh, I wonder what could be inside?
item	6200	Raw fishlike thing	A raw... fish? Is this a fish??
item	6201	Fishmonger	The portable version.
item	6202	Fishlike thing	It's a fishlike thing that appears to already be cooked. It looks disgusting.
item	6203	Sine wave	Goes up and down, up and down. Like a rabbit.
item	6204	Raw fishlike thing	A raw... fish? Is this a fish??
item	6205	9mm revolver	Kills people.
item	6206	Fishlike thing	It's a fishlike thing that appears to already be cooked. It looks disgusting.
item	6207	Mobile phone	Talk to da brick, cos da head's got no brain.
item	6208	Man speak amulet	It's an amulet of Man speak. It makes vague grunting noises.
item	6209	Small fishing net	Useful for catching small fish.
item	6210	Sphinx baby	Not to be patronised!
item	6211	Teak pyre logs	Teak logs prepared with sacred oil for a funeral pyre.
item	6213	Mahogany pyre log	Mahogany logs prepared with sacred oil for a funeral pyre.
item	6215	Broodoo shield (10)	A scary broodoo shield.
item	6217	Broodoo shield (9)	A scary broodoo shield.
item	6219	Broodoo shield (8)	A scary broodoo shield.
item	6221	Broodoo shield (7)	A scary broodoo shield.
item	6223	Broodoo shield (6)	A scary broodoo shield.
item	6225	Broodoo shield (5)	A scary broodoo shield.
item	6227	Broodoo shield (4)	A scary broodoo shield.
item	6229	Broodoo shield (3)	A scary broodoo shield.
item	6231	Broodoo shield (2)	A scary broodoo shield.
item	6233	Broodoo shield (1)	A scary broodoo shield.
item	6235	Broodoo shield	A scary broodoo shield.
item	6237	Broodoo shield (10)	A scary broodoo shield.
item	6239	Broodoo shield (9)	A scary broodoo shield.
item	6241	Broodoo shield (8)	A scary broodoo shield.
item	6243	Broodoo shield (7)	A scary broodoo shield.
item	6245	Broodoo shield (6)	A scary broodoo shield.
item	6247	Broodoo shield (5)	A scary broodoo shield.
item	6249	Broodoo shield (4)	A scary broodoo shield.
item	6251	Broodoo shield (3)	A scary broodoo shield.
item	6253	Broodoo shield (2)	A scary broodoo shield.
item	6255	Broodoo shield (1)	A scary broodoo shield.
item	6257	Broodoo shield	A scary broodoo shield.
item	6259	Broodoo shield (10)	A scary broodoo shield.
item	6261	Broodoo shield (9)	A scary broodoo shield.
item	6263	Broodoo shield (8)	A scary broodoo shield.
item	6265	Broodoo shield (7)	A scary broodoo shield.
item	6267	Broodoo shield (6)	A scary broodoo shield.
item	6269	Broodoo shield (5)	A scary broodoo shield.
item	6271	Broodoo shield (4)	A scary broodoo shield.
item	6273	Broodoo shield (3)	A scary broodoo shield.
item	6275	Broodoo shield (2)	A scary broodoo shield.
item	6277	Broodoo shield (1)	A scary broodoo shield.
item	6279	Broodoo shield	A scary broodoo shield.
item	6281	Thatch spar light	A wooden pole for use in primitive construction.
item	6283	Thatch spar med	A wooden pole for use in primitive construction.
item	6285	Thatch spar dense	A wooden pole for use in primitive construction.
item	6287	Snake hide	Scaly but not slimy!
item	6289	Snakeskin	Scaly but not slimy!
item	6291	Spider carcass	Its creeping days are over!
item	6293	Spider on stick	A raw spider threaded onto a skewer stick.
item	6295	Spider on shaft	A raw spider threaded onto an arrow shaft.
item	6297	Spider on stick	A nicely roasted spider threaded onto a skewer stick.
item	6299	Spider on shaft	A nicely roasted spider threaded onto an arrow shaft.
item	6301	Burnt spider	A badly burnt spider threaded onto a charred skewer stick.
item	6303	Spider on shaft	A badly burnt spider threaded onto a charred arrow shaft.
item	6305	Skewer stick	A sharp pointed stick, quite resistant to fire.
item	6306	Trading sticks	Karamja currency.
item	6311	Gout tuber	Plant this in a herb patch to grow Goutweed.
item	6313	Opal machete	A jungle specific slashing device.
item	6315	Jade machete	A jungle specific slashing device.
item	6317	Red topaz machete	A jungle specific slashing device.
item	6319	Proboscis	A giant mosquito's proboscis, aerodynamic and sharp!
item	6322	Snakeskin body	Made from 100% real snakeskin.
item	6324	Snakeskin chaps	Made from 100% real snake.
item	6326	Snakeskin bandana	Lightweight head protection.
item	6328	Snakeskin boots	Made from snakes.
item	6330	Snakeskin v'brace	Made from 100% real snake.
item	6332	Mahogany logs	Some rare mahogany logs.
item	6333	Teak logs	Some rare teak logs.
item	6335	Tribal mask	A ceremonial wooden mask.
item	6337	Tribal mask	A ceremonial wooden mask.
item	6339	Tribal mask	A ceremonial wooden mask.
item	6341	Tribal top	Local dress.
item	6343	Villager robe	A brightly coloured robe prized by the Tai Bwo Wannai peoples.
item	6345	Villager hat	A brightly coloured hat prized by the Tai Bwo Wannai peoples.
item	6347	Villager armband	A brown armband, as worn by the Tai Bwo Wannai locals.
item	6349	Villager sandals	A brightly coloured pair of local sandals.
item	6351	Tribal top	Local dress.
item	6353	Villager robe	A brightly coloured robe prized by the Tai Bwo Wannai peoples.
item	6355	Villager hat	A brightly coloured hat prized by the Tai Bwo Wannai peoples.
item	6357	Villager sandals	A brightly coloured pair of local sandals.
item	6359	Villager armband	A light blue armband, as worn by the Tai Bwo Wannai locals.
item	6361	Tribal top	Local dress.
item	6363	Villager robe	A brightly coloured robe prized by the Tai Bwo Wannai peoples.
item	6365	Villager hat	A brightly coloured hat prized by the Tai Bwo Wannai peoples.
item	6367	Villager sandals	A brightly coloured pair of local sandals.
item	6369	Villager armband	A dark blue armband, as worn by the Tai Bwo Wannai locals.
item	6371	Tribal top	Local dress.
item	6373	Villager robe	A brightly coloured robe prized by the Tai Bwo Wannai peoples.
item	6375	Villager hat	A brightly coloured hat prized by the Tai Bwo Wannai peoples.
item	6377	Villager sandals	A brightly coloured pair of local sandals.
item	6379	Villager armband	A white armband, as worn by the Tai Bwo Wannai locals.
item	6381	Tax relief	Suitable for children.
item	6382	Fez	A Fez hat. Juss like that.
item	6384	Desert top	A bit itchy.
item	6386	Desert robes	Has a coarse hard wearing texture.
item	6388	Desert top	Good for those cold desert nights.
item	6390	Desert legs	Better than factor 50 sun cream.
item	6392	Menap headgear	Good for keeping the sun off my neck.
item	6394	Menaphite top	Colourful.
item	6396	Menaphite robe	A cool light Menaphite robe.
item	6398	Menap action kilt	Look at those nobbily knees.
item	6400	Menap headgear	Good for keeping the sun off my neck.
item	6402	Menaphite top	Colourful.
item	6404	Menaphite robe	A cool light Menaphite robe.
item	6406	Menap action kilt	Look at those nobbily knees.
item	6408	Oak blackjack(a)	An assault blackjack.
item	6410	Oak blackjack(d)	A defensive blackjack.
item	6412	Willow blackjack(a)	An assault blackjack.
item	6414	Willow blackjack(d)	A defensive blackjack.
item	6416	Maple blackjack	A solid bit of maple.
item	6418	Maple blackjack(a)	An assault blackjack.
item	6420	Maple blackjack(d)	A defensive blackjack.
item	6422	Air rune	One of the 4 basic elemental Runes.
item	6424	Water rune	One of the 4 basic elemental Runes.
item	6426	Earth rune	One of the 4 basic elemental Runes.
item	6428	Fire rune	One of the 4 basic elemental Runes.
item	6430	Chaos rune	Used for low level missile spells.
item	6432	Death rune	Used for medium level missile spells.
item	6434	Law rune	Used for teleport spells.
item	6436	Mind rune	Used for basic level missile spells.
item	6438	Body rune	Used for curse spells.
item	6448	Spadeful of coke	A spadeful of refined coal.
item	6450	Whoopsie	Just chuck this away, it's useless!
item	6452	Whoopsie	Just chuck this away, it's useless!
item	6453	White rose seed	A white rosebush seed.
item	6454	Red rose seed	A red rosebush seed.
item	6455	Pink rose seed	A pink rosebush seed.
item	6456	Vine seed	A grapevine seed.
item	6457	Delphinium seed	A delphinium seed.
item	6458	Orchid seed	A pink orchid seed.
item	6459	Orchid seed	A yellow orchid seed.
item	6460	Snowdrop seed	A snowdrop seed.
item	6461	White tree shoot	A shoot that has been cut from a dying White Tree.
item	6462	White tree shoot	A shoot that has been cut from a dying White Tree.
item	6463	White tree shoot	This shoot from a White Tree has been watered and will soon grow.
item	6464	White tree sapling	A young White Tree sapling.
item	6465	Ring of charos(u)	The power within this ring has been unlocked.
item	6466	Rune shards	A rune essence chip that has been broken into shards.
item	6467	Rune dust	Crushed rune essence.
item	6468	Plant cure	This plant cure emits potency.
item	6469	White tree fruit	Looks delicious.
item	6470	Compost potion(4)	Pour this on compost to turn it into super-compost.
item	6472	Compost potion(3)	Pour this on compost to turn it into super-compost.
item	6474	Compost potion(2)	Pour this on compost to turn it into super-compost.
item	6476	Compost potion(1)	Pour this on compost to turn it into super-compost.
item	6478	Trolley	I can use this to move heavy objects.
item	6479	List	A list of things that I must collect for Queen Ellamaria.
item	6514	Agility jump	Ability to jump, swing or use monkey bars.
item	6515	Agility balance	Ability to balance using the agility skill.
item	6516	Agility contortion	Ability to squeeze your body through small areas.
item	6517	Agility climb	Ability to climb surfaces.
item	6518	Agility jump	Ability to jump, swing or use monkey bars.
item	6519	Agility balance	Ability to balance using the agility skill.
item	6520	Agility contortion	Ability to squeeze your body through small areas.
item	6521	Agility climb	Ability to climb surfaces.
item	6522	Toktz-xil-ul	A razor sharp ring of obsidian.
item	6523	Toktz-xil-ak	A razor sharp sword of obsidian.
item	6524	Toktz-ket-xil	A spiked shield of obsidian.
item	6525	Toktz-xil-ek	A large knife of obsidian.
item	6526	Toktz-mej-tal	A staff of obsidian.
item	6527	Tzhaar-ket-em	A mace of obsidian.
item	6528	Tzhaar-ket-om	A maul of obsidian.
item	6529	Tokkul	It's a token of some kind made from obsidian.
item	6541	Mouse toy	An Advanced Combat Training Device.
item	6542	Present	Thanks for all your help!  Love, Bob & Neite.
item	6543	Antique lamp	I wonder what happens if I rub it...
item	6544	Catspeak amulet(e)	It's an amulet of cat speak. It makes vague purring noises.
item	6545	Chores	A list of chores that Bob gave you to do.
item	6546	Recipe	It says on the back 'My favourite recipe.'
item	6547	Doctors hat	A mirror helps reflect light on the subject.
item	6548	Nurse hat	A nurses hat, but does it have healing powers?
item	6549	Lazy cat	Lethargic.
item	6550	Lazy cat	Lethargic.
item	6551	Lazy cat	Lethargic.
item	6552	Lazy cat	Lethargic.
item	6553	Lazy cat	Lethargic.
item	6554	Lazy cat	Lethargic.
item	6555	Wily cat	Wild.
item	6556	Wily cat	Wild.
item	6557	Wily cat	Wild.
item	6558	Wily cat	Wild.
item	6559	Wily cat	Wild.
item	6560	Wily cat	Wild.
item	6561	Ahab's beer	Looks nice.
item	6562	Mud battlestaff	It's a slightly magical stick.
item	6563	Mystic mud staff	It's a slightly magical stick.
item	6564	Onyx ring	A valuable ring.
item	6565	Onyx necklace	I wonder if this is valuable.
item	6566	Onyx amulet	It needs a string so I can wear it.
item	6568	Obsidian cape	A cape of woven obsidian plates.
item	6570	Fire cape	A cape of fire.
item	6571	Uncut onyx	This would be worth more cut.
item	6573	Onyx	This looks valuable.
item	6575	Onyx ring	A valuable ring.
item	6577	Onyx necklace	I wonder if this is valuable.
item	6579	Onyx amulet	It needs a string so I can wear it.
item	6581	Onyx amulet	I wonder if I can get this enchanted.
item	6583	Ring of stone	An enchanted ring.
item	6585	Amulet of fury	A very powerful onyx amulet.
item	6587	White claws	A set of fighting claws.
item	6589	White battleaxe	A vicious looking axe.
item	6591	White dagger	A vicious white dagger.
item	6593	White dagger(p)	This dagger is poisoned.
item	6595	White dagger(+)	This dagger is poisoned.
item	6597	White dagger(s)	This dagger is poisoned.
item	6599	White halberd	A white halberd.
item	6601	White mace	A spiky mace.
item	6603	Magic staff	A Magical staff.
item	6605	White sword	A razor sharp sword.
item	6607	White longsword	A razor sharp longsword.
item	6609	White 2h sword	A two handed sword.
item	6611	White scimitar	A vicious, curved sword.
item	6613	White warhammer	I don't think it's intended for joinery.
item	6615	White chainbody	A series of connected metal rings.
item	6617	White platebody	Provides excellent protection.
item	6619	White boots	These will protect my feet.
item	6621	White med helm	A medium sized helmet.
item	6623	White full helm	A full face helmet.
item	6625	White platelegs	Big, White and heavy looking.
item	6627	White plateskirt	Big, White and heavy looking.
item	6629	White gloves	These will keep my hands warm!
item	6631	White sq shield	A medium square shield.
item	6633	White kiteshield	A large metal shield.
item	6635	Commorb	A Temple Knight Communication Orb. Top Secret!
item	6636	Solus's hat	Proof that I have defeated the evil mage Solus.
item	6637	Dark beast	A slayer monster.
item	6638	Colour wheel	A key to the nature of light itself.
item	6639	Hand mirror	A small hand mirror.
item	6640	Red crystal	A red crystal.
item	6641	Yellow crystal	A yellow crystal.
item	6642	Green crystal	A green crystal.
item	6643	Cyan crystal	A cyan crystal.
item	6644	Blue crystal	A blue crystal.
item	6645	Magenta crystal	A magenta crystal.
item	6646	Fractured crystal	A fractured crystal, one of the edges is clear.
item	6647	Fractured crystal	A fractured crystal, one of the edges is clear.
item	6648	Item list	It's a list of items I need to collect.
item	6649	Edern's journal	The journal of Nissyen Edern.
item	6650	Blackened crystal	A blackened crystal sample.
item	6651	Newly made crystal	A newly formed crystal.
item	6652	Newly made crystal	A warm energy radiates from this crystal.
item	6653	Crystal trinket	A small crystal trinket.
item	6654	Camo top	Examine what?
item	6655	Camo bottoms	Examine what?
item	6656	Camo helmet	Examine what?
item	6657	Camo top	Examine what?
item	6658	Camo bottoms	Examine what?
item	6659	Camo helmet	Examine what?
item	6660	Fishing explosive	A vial that explodes in water.
item	6661	Mogre	A slayer monster.
item	6662	Broken fishing rod	This fishing rod seems to have been bitten in half...
item	6663	Forlorn boot	It seems someone vacated this boot in a hurry...
item	6664	Fishing explosive	The jar keeps shaking...I'm scared.
item	6665	Mudskipper hat	Fishy, damp and smelly.
item	6666	Flippers	Strangely uncomfortable flippers.
item	6667	Fishbowl	An empty fishbowl.
item	6668	Fishbowl	A fishless fishbowl.
item	6669	Fishbowl	A fishless fishbowl with some seaweed.
item	6670	Fishbowl	A fishbowl with a Tiny Bluefish in it.
item	6671	Fishbowl	A fishbowl with a Tiny Greenfish in it.
item	6672	Fishbowl	A fishbowl with a Tiny Spinefish in it.
item	6673	Fishbowl and net	An empty fishbowl in a net.
item	6674	Tiny net	A tiny net for grabbing tiny fish.
item	6675	An empty box	'Ingredients; Ground Guam and Ground Seaweed.'
item	6677	Guam in a box	'Ingredients; Ground Guam Leaf and Ground Seaweed.' Well, I have the Guam Leaf...
item	6678	Guam in a box?	'Ingredients; Ground Guam Leaf and Ground Seaweed.' Well, I have the Guam Leaf...
item	6679	Seaweed in a box	'Ingredients; Ground Guam and Ground Seaweed.' Well, I have the Seaweed...
item	6680	Seaweed in a box?	'Ingredients; Ground Guam and Ground Seaweed.' Well, I have the Seaweed...
item	6681	Ground guam	One of the ingredients for making fish food.
item	6683	Ground seaweed	One of the ingredients for making fish food.
item	6685	Saradomin brew(4)	4 doses of Saradomin Brew.
item	6687	Saradomin brew(3)	3 doses of Saradomin Brew.
item	6689	Saradomin brew(2)	2 doses of Saradomin Brew.
item	6691	Saradomin brew(1)	1 dose of Saradomin Brew.
item	6693	Crushed nest	A crushed bird's nest.
item	6695	Desert lizard	A slayer monster.
item	6696	Ice cooler	Contains ice cubes.
item	6697	Pat of butter	A pat of freshly churned butter.
item	6699	Burnt potato	This potato doesn't look edible.
item	6701	Baked potato	It'd taste even better with some toppings.
item	6703	Potato with butter	A baked potato with butter.
item	6705	Potato with cheese	A baked potato with butter and cheese.
item	6707	Camulet	An amulet of Camel-speak. It makes vague braying noises.
item	6708	Slayer gloves	Too thick for monsters to bite through.
item	6709	Fever spider	A slayer monster.
item	6710	Blindweed seed	A Blindweed seed - plant in a Blindweed patch.
item	6711	Blindweed	An inedible, foul smelling herb.
item	6712	Bucket of water	It's a bucket of... water?
item	6713	Wrench	A heavy metal wrench.
item	6714	Holy wrench	A shining paragon of wrenchly virtue.
item	6715	Sluglings	They look at you balefully. 'Feed us...'
item	6716	Karamthulhu	A sinister looking squid.
item	6717	Karamthulhu	My pet sinister squid.
item	6718	Fever spider body	A diseased deceased Fever Spider. Handle with care.
item	6719	Unsanitary swill	Sorry, I mean a bucket of 'rum'.
item	6720	Slayer gloves	Especially good against diseased arachnids.
item	6721	Rusty scimitar	A decent enough weapon gone rusty.
item	6722	Zombie head	Alas...I hardly knew him.
item	6724	Seercull	An ancient Fremennik bow that was once used to battle the Moon Clan.
item	6728	Bonemeal	A pot of crushed Dagannoth-king bones.
item	6729	Dagannoth bones	These would feed a dogfish for months!
item	6731	Seers ring	A mysterious ring that can fill the wearer with magical power...
item	6733	Archers ring	A fabled ring that improves the wearer's skill with a bow...
item	6735	Warrior ring	A legendary ring once worn by Fremennik warriors.
item	6737	Berserker ring	A ring reputed to bring out a berserk fury in its wearer.
item	6739	Dragon axe	A very powerful axe.
item	6741	Broken axe	Bob can fix this for me.
item	6743	Dragon axe head	It's missing a handle.
item	6745	Silverlight	The magical sword 'Silverlight', stained black with mushroom ink.
item	6746	Darklight	The magical sword 'Silverlight', enhanced with the blood of Agrith-Naar.
item	6747	Demonic sigil mould	Used to make the sigil of the demon Agrith-Naar.
item	6748	Demonic sigil	A sigil used for the summoning of the demon Agrith-Naar.
item	6749	Demonic tome	Will this book help in summoning Agrith-Naar?
item	6750	Black desert shirt	A desert shirt stained black with mushroom ink.
item	6752	Black desert robe	A desert robe stained black with mushroom ink.
item	6754	Enchanted key	It seems to change temperature as I walk.
item	6755	Journal	Somebody's private journal.
item	6756	Letter	A sealed letter to the king.
item	6757	Letter	A sealed letter to Jorral.
item	6758	Scroll	A timeline of the outpost.
item	6759	Chest	A dirty chest.
item	6760	Guthix mjolnir	A Guthix Mjolnir.
item	6762	Saradomin mjolnir	A Saradomin Mjolnir.
item	6764	Zamorak mjolnir	A Zamorak Mjolnir.
item	6766	Cat antipoison	Antipoison for Pox.
item	6767	Book	The book of Rats.
item	6768	Poisoned cheese	A little more smelly than usual.
item	6769	Music scroll	Charming.
item	6770	Directions	Jimmy Dazzler's directions.
item	6771	Pot of weeds	Contains garden weeds.
item	6772	Smouldering pot	Contains slowly burning garden weeds.
item	6773	Rat pole	A pole for putting rats on.
item	6774	Rat pole	A pole with one rat on it.
item	6775	Rat pole	A pole with two rats on it.
item	6776	Rat pole	A pole with three rats on it.
item	6777	Rat pole	A pole with four rats on it.
item	6778	Rat pole	A pole with five rats on it.
item	6779	Rat pole	A pole with six rats on it.
item	6780	Menaphite thug	Mean looking.
item	6781	Bandit	Nasty.
item	6782	Bandit	Nasty.
item	6784	Whoopsie	Just chuck this away, it's useless!
item	6785	Statuette	A statue of the goddess Elidinis.
item	6786	Robe of elidinis	This looks quite old.
item	6787	Robe of elidinis	A patched up robe.
item	6788	Torn robe	This robe is too torn to wear.
item	6789	Torn robe	This robe is too torn to wear.
item	6790	Shoes	Awusah's Shoes.
item	6791	Sole	Awusah's Sole.
item	6792	Ancestral key	An ancient key from the shrine in Nardah.
item	6793	Ballad	The Ballad of Jareesh.
item	6794	Choc-ice	Better eat this before it melts.
item	6796	Lamp	Ooh a nice shiny lamp.
item	6797	Watering can	Handy for watering crops.
item	6798	Champion scroll	It's a challenge from the Earth Warrior Champion!
item	6799	Champion scroll	It's a challenge from the Ghoul Champion!
item	6800	Champion scroll	It's a challenge from the Giant Champion!
item	6801	Champion scroll	It's a challenge from the Goblin Champion!
item	6802	Champion scroll	It's a challenge from the Hobgoblin Champion!
item	6803	Champion scroll	It's a challenge from the Imp Champion!
item	6804	Champion scroll	It's a challenge from the Jogre Champion!
item	6805	Champion scroll	It's a challenge from the Lesser Demon Champion!
item	6806	Champion scroll	It's a challenge from the Skeleton Champion!
item	6807	Champion scroll	It's a challenge from the Zombie Champion!
item	6808	Champion scroll	It's a challenge from the Human Champion!
item	6809	Granite legs	These look pretty heavy.
item	6810	Bonemeal	A pot of crushed wyvern bones.
item	6811	Skeletal wyvern	A slayer monster.
item	6812	Wyvern bones	Bones of a large flying creature!
item	6814	Fur	This would make warm clothing.
item	6817	Slender blade	A slender two-handed sword.
item	6818	Bow-sword	A sharp sword that can also fire arrows.
item	6819	Large pouch	A large pouch used for storing essence.
item	6820	Relic	There seems to be bits missing...
item	6821	Orb	A glowing orb.
item	6822	Star bauble	An unpainted bauble shaped like a star.
item	6823	Star bauble	A bauble shaped like a star painted yellow.
item	6824	Star bauble	A bauble shaped like a star painted red.
item	6825	Star bauble	A bauble shaped like a star painted blue.
item	6826	Star bauble	A bauble shaped like a star painted green.
item	6827	Star bauble	A bauble shaped like a star painted pink.
item	6828	Box bauble	An unpainted bauble shaped like a gift.
item	6829	Box bauble	A bauble shaped like a gift painted yellow.
item	6830	Box bauble	A bauble shaped like a gift painted red.
item	6831	Box bauble	A bauble shaped like a gift painted blue.
item	6832	Box bauble	A bauble shaped like a gift painted green.
item	6833	Box bauble	A bauble shaped like a gift painted pink.
item	6834	Diamond bauble	An unpainted bauble shaped like a diamond.
item	6835	Diamond bauble	A bauble shaped like a diamond painted yellow.
item	6836	Diamond bauble	A bauble shaped like a diamond painted red.
item	6837	Diamond bauble	A bauble shaped like a diamond painted blue.
item	6838	Diamond bauble	A bauble shaped like a diamond painted green.
item	6839	Diamond bauble	A bauble shaped like a diamond painted pink.
item	6840	Tree bauble	An unpainted bauble shaped like a wintumber tree.
item	6841	Tree bauble	A bauble shaped like a wintumber tree painted yellow.
item	6842	Tree bauble	A bauble shaped like a wintumber tree painted red.
item	6843	Tree bauble	A bauble shaped like a wintumber tree painted blue.
item	6844	Tree bauble	A bauble shaped like a wintumber tree painted green.
item	6845	Tree bauble	A bauble shaped like a wintumber tree painted pink.
item	6846	Bell bauble	An unpainted bauble shaped like a bell.
item	6847	Bell bauble	A bauble shaped like a bell painted yellow.
item	6848	Bell bauble	A bauble shaped like a bell painted red.
item	6849	Bell bauble	A bauble shaped like a bell painted blue.
item	6850	Bell bauble	A bauble shaped like a bell painted green.
item	6851	Bell bauble	A bauble shaped like a bell painted pink.
item	6852	Puppet box	A box for storing completed puppets.
item	6853	Bauble box	A box for storing painted baubles.
item	6854	Puppet box	A box full of puppets. Bring to the Taverly members gate.
item	6855	Bauble box	A box full of painted baubles. Give to a Pixie or use to decorate a tree.
item	6856	Bobble hat	A woolly bobble hat.
item	6857	Bobble scarf	A woolly scarf.
item	6858	Jester hat	A woolly jester hat.
item	6859	Jester scarf	A woolly jester scarf.
item	6860	Tri-jester hat	A woolly triple bobble jester hat.
item	6861	Tri-jester scarf	A woolly jester scarf.
item	6862	Woolly hat	A woolly tobogganing hat.
item	6863	Woolly scarf	A woolly tobogganing scarf.
item	6864	Marionette handle	The controlling part of a marionette.
item	6865	Blue marionette	I've got no strings ... oh hang on!
item	6866	Green marionette	I've got no strings ... oh hang on!
item	6867	Red marionette	I've got no strings ... oh hang on!
item	6868	Blue marionette	I want to be a real boy!
item	6869	Green marionette	I want to be a real boy!
item	6870	Red marionette	I want to be a real boy!
item	6871	Red marionette	The torso of a marionette.
item	6872	Red marionette	The torso and head of a marionette.
item	6873	Red marionette	The torso, head and arms of a marionette.
item	6874	Red marionette	No strings attached.
item	6875	Blue marionette	Needs a head.
item	6876	Blue marionette	Needs arms.
item	6877	Blue marionette	Needs legs.
item	6878	Blue marionette	No strings attached.
item	6879	Green marionette	Needs a head.
item	6880	Green marionette	Needs arms.
item	6881	Green marionette	Needs legs.
item	6882	Green marionette	No strings attached.
item	6883	Peach	A tasty fruit.
item	6885	Progress hat	A magic training arena progress hat.
item	6886	Progress hat	A magic training arena progress hat.
item	6887	Progress hat	A magic training arena progress hat.
item	6888	Guardian statue	The statue looks like he can be moved.
item	6889	Mage's book	The magical book of the Mage.
item	6891	Arena book	A book about the Training Arena.
item	6893	Leather boots	Comfortable leather boots.
item	6894	Adamant kiteshield	A large metal shield.
item	6895	Adamant med helm	A medium sized helmet.
item	6896	Emerald	This looks valuable.
item	6897	Rune longsword	A razor sharp longsword.
item	6898	Cylinder	A green cylinder.
item	6899	Cube	A yellow cube.
item	6900	Icosahedron	A blue icosahedron.
item	6901	Pentamid	A red pentamid.
item	6902	Orb	A white sphere.
item	6903	Dragonstone	This looks valuable.
item	6904	Animals' bones	Various animals' bones.
item	6905	Animals' bones	Various animals' bones.
item	6906	Animals' bones	Various animals' bones.
item	6907	Animals' bones	Various animals' bones.
item	6908	Beginner wand	A beginner level wand.
item	6910	Apprentice wand	A apprentice level wand.
item	6912	Teacher wand	A teacher level wand.
item	6914	Master wand	A master level wand.
item	6916	Infinity top	Mystical robes.
item	6918	Infinity hat	A mystic hat.
item	6920	Infinity boots	Mystical boots.
item	6922	Infinity gloves	Mystical gloves.
item	6924	Infinity bottoms	Mystical robes.
item	6926	Bones to peaches	A spell to turn bones to peaches.
item	6945	Sandy hand	A severed hand covered with sand.
item	6946	Beer soaked hand	A severed hand dripping with beer.
item	6947	Bert's rota	A copy of a work rota.
item	6948	Sandy's rota	An original work rota.
item	6949	A magic scroll	This scroll glows with an inner light.
item	6950	Magical orb	An ordinary looking magical scrying orb.
item	6951	Magical orb (a)	This magical scrying orb pulsates as it stores information.
item	6952	Truth serum	Fluid sloshes innocently in this vial.
item	6953	Bottled water	A bottle of water.
item	6954	Redberry juice	Redberry Juice sloshes around in this vial waiting for white berries to be added.
item	6955	Pink dye	A vial of pink dye.
item	6956	Rose tinted lens	This lens has a pinkish tinge to it.
item	6957	Wizard's head	A decapitated, sand covered head.
item	6958	Sand	A handful of sand from Sandy's pocket.
item	6959	Cape	It's a bit pink.
item	6961	Baguette	A freshly baked baguette.
item	6962	Triangle sandwich	A freshly made triangle sandwich.
item	6963	Roll	A freshly made roll.
item	6964	Waste disposal	Gets rid of all that nasty kitchen waste.
item	6965	Square sandwich	A freshly made square sandwich
item	6966	Prison key	A key to the prison.
item	6967	Waste disposal	Gets rid of all that nasty kitchen waste.
item	6968	Waste disposal	Gets rid of all that nasty kitchen waste.
item	6969	Waste disposal	Gets rid of all that nasty kitchen waste.
item	6970	Pyramid top	It's a solid gold pyramid!
item	6971	Sandstone (1kg)	A tiny chunk of sandstone.
item	6973	Sandstone (2kg)	A small chunk of sandstone.
item	6975	Sandstone (5kg)	A medium-sized chunk of sandstone.
item	6977	Sandstone (10kg)	A large chunk of sandstone.
item	6979	Granite (500g)	A tiny chunk of granite.
item	6981	Granite (2kg)	A small chunk of granite.
item	6983	Granite (5kg)	A medium-sized chunk of granite.
item	6985	Sandstone (20kg)	A huge twenty-kilo block of sandstone.
item	6986	Sandstone (32kg)	A huge thirty-two-kilo block of sandstone.
item	6987	Sandstone body	The body of a sandstone statue.
item	6988	Sandstone base	The base and legs of a sandstone statue.
item	6989	Stone head	A granite head shaped like the sculptor Lazim.
item	6990	Stone head	A granite head shaped like the god Zamorak.
item	6991	Stone head	A granite head shaped like the god Icthlarin.
item	6992	Stone head	A granite head shaped like a camel.
item	6993	Z sigil	A metal sigil in the shape of a Z.
item	6994	M sigil	A metal sigil in the shape of an M.
item	6995	R sigil	A metal sigil in the shape of an R.
item	6996	K sigil	A metal sigil in the shape of a K.
item	6997	Stone left arm	The left arm of a large stone statue.
item	6998	Stone right arm	The right arm of a large stone statue.
item	6999	Stone left leg	The left leg of a large stone statue.
item	7000	Stone right leg	The right leg of a large stone statue.
item	7001	Camel mould (p)	A positive clay mould of a camel's head.
item	7002	Stone head	A granite head that will fit exactly into the pedestal.
item	7003	Camel mask	Blend in in the desert.
item	7004	Chisel	For chipping at stuff.
item	7050	Swarm	A slayer monster.
item	7051	Unlit bug lantern	A lantern to aid attacking Harpie bugs.
item	7053	Lit bug lantern	A lantern to aid attacking Harpie bugs.
item	7054	Chilli potato	A baked potato with chilli con carne.
item	7056	Egg potato	A baked potato with egg and tomato.
item	7058	Mushroom potato	A baked potato with mushroom and onions.
item	7060	Tuna potato	A baked potato with tuna and sweetcorn.
item	7062	Chilli con carne	A bowl of meat in chilli-con-carne sauce.
item	7064	Egg and tomato	A bowl of scrambled eggs and tomato.
item	7066	Mushroom & onion	A bowl of fried mushroom and onions.
item	7068	Tuna and corn	A bowl of cooked tuna and sweetcorn.
item	7070	Minced meat	A bowl of finely minced meat.
item	7072	Spicy sauce	A bowl of spicy sauce.
item	7074	Chopped garlic	A bowl of chopped garlic.
item	7076	Uncooked egg	A bowl of uncooked egg.
item	7078	Scrambled egg	A bowl of scrambled egg.
item	7080	Sliced mushrooms	A bowl of sliced Bittercap mushrooms.
item	7082	Fried mushrooms	A bowl of fried Bittercap mushrooms.
item	7084	Fried onions	A bowl of sliced, fried onions.
item	7086	Chopped tuna	A bowl of finely chopped tuna.
item	7088	Sweetcorn	A bowl of cooked sweetcorn.
item	7090	Burnt egg	A bowl of burnt, overcooked egg.
item	7092	Burnt onion	A bowl of blackened onions.
item	7094	Burnt mushroom	A bowl of burnt sliced mushroom.
item	7096	Board game piece	A piece used in board games.
item	7097	Board game piece	A piece used in board games.
item	7098	Board game piece	A piece used in board games.
item	7099	Board game piece	A piece used in board games.
item	7100	Board game piece	A piece used in board games.
item	7101	Board game piece	A piece used in board games.
item	7102	Board game piece	A piece used in board games.
item	7103	Board game piece	A piece used in board games.
item	7104	Board game piece	A piece used in board games.
item	7105	Board game piece	A piece used in board games.
item	7106	Board game piece	A piece used in board games.
item	7107	Board game piece	A piece used in board games.
item	7108	Gunpowder	Best keep this away from naked flames.
item	7109	Fuse	Burns very well.
item	7110	Stripy pirate shirt	A sea worthy shirt.
item	7112	Pirate bandanna	Essential pirate wear.
item	7114	Pirate boots	Not for land lubbers.
item	7116	Pirate leggings	A sea worthy pair of trousers.
item	7118	Cannister	A cannister holding shrapnel.
item	7119	Cannon ball	A heavy metal ball.
item	7120	Ramrod	For cleaning and packing the cannon.
item	7121	Repair plank	Quite short, but not that thick.
item	7122	Stripy pirate shirt	A sea worthy shirt.
item	7124	Pirate bandanna	Essential pirate wear.
item	7126	Pirate leggings	A sea worthy pair of trousers.
item	7128	Stripy pirate shirt	A sea worthy shirt.
item	7130	Pirate bandanna	Essential pirate wear.
item	7132	Pirate leggings	A sea worthy pair of trousers.
item	7134	Stripy pirate shirt	A sea worthy shirt.
item	7136	Pirate bandanna	Essential pirate wear.
item	7138	Pirate leggings	A sea worthy pair of trousers.
item	7140	Lucky cutlass	Feels quite lucky.
item	7141	Harry's cutlass	I hope he doesn't want it back.
item	7142	Rapier	The very butcher of a silk button.
item	7143	Plunder	Looks valuable.
item	7144	Book o' piracy	By Cap'n Hook-Hand Morrisane.
item	7145	Cannon barrel	A working cannon barrel.
item	7146	Broken cannon	Not likely to work again.
item	7147	Cannon balls	Some cannon balls.
item	7148	Repair plank	A plank of wood to repair the hull with.
item	7149	Cannister	A cannister holding shrapnel.
item	7150	Tacks	Useful for pinning up paintings.
item	7155	Rope	A coil of rope.
item	7156	Tinderbox	Useful for lighting a fire.
item	7157	Braindeath 'rum'	I think it is eating through the bottle.
item	7158	Dragon 2h sword	A two-handed Dragon Sword.
item	7159	Slayer boots	They're heavily insulated wellies.
item	7160	Killerwatt	A slayer monster
item	7162	Pie recipe book	Lots of pie recipes for me to try.
item	7164	Part mud pie	Still needs two more ingredients.
item	7166	Part mud pie	Still needs one more ingredient.
item	7168	Raw mud pie	Needs to be baked before I can use it.
item	7170	Mud pie	All the good of the earth.
item	7172	Part garden pie	Still needs two more ingredients.
item	7174	Part garden pie	Still needs one more ingredient.
item	7176	Raw garden pie	Needs cooking before I eat it.
item	7178	Garden pie	What I wouldn't give for a good steak about now...
item	7180	Half a garden pie	What I wouldn't give for a good steak about now...
item	7182	Part fish pie	Still needs two more ingredients.
item	7184	Part fish pie	Still needs one more ingredient.
item	7186	Raw fish pie	Raw fish is risky, better cook it.
item	7188	Fish pie	Bounty of the sea.
item	7190	Half a fish pie	Bounty of the sea.
item	7192	Part admiral pie	Still needs two more ingredients.
item	7194	Part admiral pie	Still needs one more ingredient.
item	7196	Raw admiral pie	This would taste a lot better cooked.
item	7198	Admiral pie	Much tastier than a normal fish pie.
item	7200	Half a admiral pie	Much tastier than a normal fish pie.
item	7202	Part wild pie	Still needs two more ingredients.
item	7204	Part wild pie	Still needs one more ingredient.
item	7206	Raw wild pie	Good as it looks, I'd better cook it.
item	7208	Wild pie	A triumph of man over nature.
item	7210	Half a wild pie	A triumph of man over nature.
item	7212	Part summer pie	Still needs two more ingredients.
item	7214	Part summer pie	Still needs one more ingredient.
item	7216	Raw summer pie	Fresh fruit may be good for you, but I should really cook this.
item	7218	Summer pie	All the fruits of a very small forest.
item	7220	Half a summer pie	All the fruits of a very small forest.
item	7222	Burnt rabbit	This could be mistaken for charcoal.
item	7223	Roast rabbit	A delicious looking piece of roast rabbit.
item	7224	Skewered rabbit	All ready to be used on a fire.
item	7225	Iron spit	An iron spit.
item	7226	Burnt chompy	Overly crispy chompy.
item	7228	Cooked chompy	Roasted chompy bird.
item	7230	Skewered chompy	A skewered chompy bird.
item	7236	Clue scroll	Part of the world map, but where?
item	7237	Casket	I hope there's treasure in it.
item	7238	Clue scroll	A clue!
item	7239	Clue scroll	Part of the world map, but where?
item	7240	Casket	I hope there's treasure in it.
item	7241	Clue scroll	Part of the world map, but where?
item	7242	Casket	I hope there's treasure in it.
item	7243	Clue scroll	A clue!
item	7244	Casket	I hope there's treasure in it.
item	7245	Clue scroll	A clue!
item	7246	Casket	I hope there's treasure in it.
item	7247	Clue scroll	A clue!
item	7248	Clue scroll	A clue!
item	7249	Clue scroll	A clue!
item	7250	Clue scroll	A clue!
item	7251	Clue scroll	A clue!
item	7252	Clue scroll	A clue!
item	7253	Clue scroll	A clue!
item	7254	Clue scroll	A clue!
item	7255	Clue scroll	A clue!
item	7256	Clue scroll	Perhaps someone at the observatory can teach me to navigate?
item	7257	Casket	I hope there's treasure in it.
item	7258	Clue scroll	Perhaps someone at the observatory can teach me to navigate?
item	7259	Casket	I hope there's treasure in it.
item	7260	Clue scroll	Perhaps someone at the observatory can teach me to navigate?
item	7261	Casket	I hope there's treasure in it.
item	7262	Clue scroll	Perhaps someone at the observatory can teach me to navigate?
item	7263	Casket	I hope there's treasure in it.
item	7264	Clue scroll	Perhaps someone at the observatory can teach me to navigate?
item	7265	Casket	I hope there's treasure in it.
item	7266	Clue scroll	Perhaps someone at the observatory can teach me to navigate?
item	7267	Casket	I hope there's treasure in it.
item	7268	Clue scroll	A clue!
item	7269	Challenge scroll	I need to answer this correctly.
item	7270	Clue scroll	A clue!
item	7271	Challenge scroll	I need to answer this correctly.
item	7272	Clue scroll	A clue!
item	7273	Challenge scroll	I need to answer this correctly.
item	7274	Clue scroll	A clue!
item	7275	Challenge scroll	I need to answer this correctly.
item	7276	Clue scroll	A clue!
item	7277	Challenge scroll	I need to answer this correctly.
item	7278	Clue scroll	A clue!
item	7279	Challenge scroll	I need to answer this correctly.
item	7280	Clue scroll	A clue!
item	7281	Challenge scroll	I need to answer this correctly.
item	7282	Clue scroll	A clue!
item	7283	Challenge scroll	I need to answer this correctly.
item	7284	Clue scroll	A clue!
item	7285	Challenge scroll	I need to answer this correctly.
item	7286	Clue scroll	Part of the world map, but where?
item	7287	Casket	I hope there's treasure in it.
item	7288	Clue scroll	Part of the world map, but where?
item	7289	Casket	I hope there's treasure in it.
item	7290	Clue scroll	Part of the world map, but where?
item	7291	Casket	I hope there's treasure in it.
item	7292	Clue scroll	Part of the world map, but where?
item	7293	Casket	I hope there's treasure in it.
item	7294	Clue scroll	Part of the world map, but where?
item	7295	Casket	I hope there's treasure in it.
item	7296	Clue scroll	A clue!
item	7297	Key	A key to a chest.
item	7298	Clue scroll	A clue!
item	7299	Key	A key to some drawers.
item	7300	Clue scroll	A clue!
item	7301	Clue scroll	A clue!
item	7302	Key	A key to some drawers.
item	7303	Clue scroll	A clue!
item	7304	Clue scroll	A clue!
item	7305	Clue scroll	Perhaps someone at the observatory can teach me to navigate?
item	7306	Casket	I hope there's treasure in it.
item	7307	Clue scroll	Perhaps someone at the observatory can teach me to navigate?
item	7308	Casket	I hope there's treasure in it.
item	7309	Clue scroll	Perhaps someone at the observatory can teach me to navigate?
item	7310	Casket	I hope there's treasure in it.
item	7311	Clue scroll	Perhaps someone at the observatory can teach me to navigate?
item	7312	Casket	I hope there's treasure in it.
item	7313	Clue scroll	Perhaps someone at the observatory can teach me to navigate?
item	7314	Casket	I hope there's treasure in it.
item	7315	Clue scroll	Perhaps someone at the observatory can teach me to navigate?
item	7316	Casket	I hope there's treasure in it.
item	7317	Clue scroll	Perhaps someone at the observatory can teach me to navigate?
item	7318	Casket	I hope there's treasure in it.
item	7319	Red boater	Stylish!
item	7321	Orange boater	Stylish!
item	7323	Green boater	Stylish!
item	7325	Blue boater	Stylish!
item	7327	Black boater	Stylish!
item	7329	Red firelighter	Makes firelighting lots easier
item	7330	Green firelighter	Makes firelighting lots easier
item	7331	Blue firelighter	Makes firelighting lots easier
item	7332	Black kiteshield(h)	A shield with a heraldic design
item	7334	Adam kiteshield(h)	A shield with a heraldic design
item	7336	Rune kiteshield(h)	A shield with a heraldic design
item	7338	Black kiteshield(h)	A shield with a heraldic design
item	7340	Adam kiteshield(h)	A shield with a heraldic design
item	7342	Rune kiteshield(h)	A shield with a heraldic design
item	7344	Black kiteshield(h)	A shield with a heraldic design
item	7346	Adam kiteshield(h)	A shield with a heraldic design
item	7348	Rune kiteshield(h)	A shield with a heraldic design
item	7350	Black kiteshield(h)	A shield with a heraldic design
item	7352	Adam kiteshield(h)	A shield with a heraldic design
item	7354	Rune kiteshield(h)	A shield with a heraldic design
item	7356	Black kiteshield(h)	A shield with a heraldic design
item	7358	Adam kiteshield(h)	A shield with a heraldic design
item	7360	Rune kiteshield(h)	A shield with a heraldic design
item	7362	Studded body (g)	Those studs should provide a bit more protection, nice trim too!
item	7364	Studded body (t)	Those studs should provide a bit more protection, nice trim too!
item	7366	Studded chaps (g)	Those studs should provide a bit more protection. Nice trim too!
item	7368	Studded chaps (t)	Those studs should provide a bit more protection. Nice trim too!
item	7370	D-hide body(g)	Made from 100% real dragonhide. With colourful trim!
item	7372	D-hide body (t)	Made from 100% real dragonhide. With colourful trim!
item	7374	D-hide body (g)	Made from 100% real dragonhide. With colourful trim!
item	7376	D-hide body (t)	Made from 100% real dragonhide. With colourful trim!
item	7378	D-hide chaps (g)	Made from 100% real dragonhide. With colourful trim!
item	7380	D-hide chaps (t)	Made from 100% real dragonhide. With colourful trim!
item	7382	D-hide chaps (g)	Made from 100% real dragonhide. With colourful trim!
item	7384	D-hide chaps (t)	Made from 100% real dragonhide. With colourful trim!
item	7386	Blue skirt (g)	Leg covering favoured by women and wizards. With a colourful trim!
item	7388	Blue skirt (t)	Leg covering favoured by women and wizards. With a colourful trim!
item	7390	Wizard robe (g)	I can do magic better in this.
item	7392	Wizard robe (t)	I can do magic better in this.
item	7394	Wizard hat (g)	A silly pointed hat, with colourful trim.
item	7396	Wizard hat (t)	A silly pointed hat, with colourful trim.
item	7398	Enchanted robe	Enchanted Wizards robes.
item	7399	Enchanted top	Enchanted Wizards robes.
item	7400	Enchanted hat	A three pointed hat of magic.
item	7404	Red logs	A number of chemical covered wooden logs.
item	7405	Green logs	A number of chemical covered wooden logs.
item	7406	Blue logs	A number of chemical covered wooden logs.
item	7408	Draynor skull	I shouldn't joke, this is a grave matter.
item	7409	Magic secateurs	The only way to kill a Tanglefoot.
item	7410	Queen's secateurs	Contains the Fairy Queen's magic essence.
item	7411	Symptoms list	A list of the Fairy Queen's symptoms.
item	7413	Bird nest	It's a bird's nest with some seeds in it.
item	7414	Paddle	With it, you row.
item	7416	Mole claw	A mole claw.
item	7418	Mole skin	The skin of a large mole.
item	7420	Mutated zygomite	A slayer monster.
item	7421	Fungicide spray 10	Pumps fungicide.
item	7422	Fungicide spray 9	Pumps fungicide.
item	7423	Fungicide spray 8	Pumps fungicide.
item	7424	Fungicide spray 7	Pumps fungicide.
item	7425	Fungicide spray 6	Pumps fungicide.
item	7426	Fungicide spray 5	Pumps fungicide.
item	7427	Fungicide spray 4	Pumps fungicide.
item	7428	Fungicide spray 3	Pumps fungicide.
item	7429	Fungicide spray 2	Pumps fungicide.
item	7430	Fungicide spray 1	Pumps fungicide.
item	7431	Fungicide spray 0	Pumps fungicide.
item	7432	Fungicide	Does exactly what it says on the tin. (Kills Fungi.)
item	7433	Wooden spoon	Spoooooon!
item	7435	Egg whisk	A large whisk of death.
item	7437	Spork	Use the spork.
item	7439	Spatula	A large spatula... of doom!
item	7441	Frying pan	Looks like it's non-stick too!
item	7443	Skewer	Generally used for impaling fresh meat.
item	7445	Rolling pin	That's how I roll!
item	7447	Kitchen knife	A sharp, dependable knife, for filleting meat.
item	7449	Meat tenderiser	Often used to soften tough meat up.
item	7451	Cleaver	An effective tool for chopping tough meat.
item	7453	Gloves	A pair of gloves.
item	7454	Gloves	A pair of gloves.
item	7455	Gloves	A pair of gloves.
item	7456	Gloves	A pair of gloves.
item	7457	Gloves	A pair of nice gloves.
item	7458	Gloves	A pair of nice gloves.
item	7459	Gloves	A pair of nice gloves.
item	7460	Gloves	A pair of very nice gloves.
item	7461	Gloves	A pair of very nice gloves.
item	7462	Gloves	A pair of very nice gloves.
item	7463	Cornflour	A little heap of cornflour.
item	7464	Book on chickens	A tatty old book belonging to the Wise Old Man of Draynor Village.
item	7465	Vanilla pod	Surprise, it looks like a vanilla pod.
item	7466	Cornflour	It's cornflour.
item	7468	Pot of cornflour	It's cornflour in a pot.
item	7470	Cornflour mixture	A mixture of milk, cream and cornflour.
item	7471	Milky mixture	It's a bucket of milk and cream.
item	7472	Cinnamon	Some cinnamon sticks.
item	7473	Brulee	It's just missing a sprinkling of cinnamon.
item	7474	Brulee	A pot of brulee mixture - needs egg.
item	7475	Brulee	Perfect, it just needs flambeing.
item	7476	Brulee supreme	A pot of brulee supreme.
item	7477	Evil chicken's egg	What came first, the chicken or...
item	7478	Dragon token	It's got a dragon on it.
item	7479	Spicy stew	It's a meat and potato stew with fancy seasoning.
item	7480	Red spice (4)	Allows for equal distribution of spice.
item	7481	Red spice (3)	Allows for equal distribution of spice.
item	7482	Red spice (2)	Allows for equal distribution of spice.
item	7483	Red spice (1)	Allows for equal distribution of spice.
item	7484	Orange spice (4)	Allows for equal distribution of spice.
item	7485	Orange spice (3)	Allows for equal distribution of spice.
item	7486	Orange spice (2)	Allows for equal distribution of spice.
item	7487	Orange spice (1)	Allows for equal distribution of spice.
item	7488	Brown spice (4)	Allows for equal distribution of spice.
item	7489	Brown spice (3)	Allows for equal distribution of spice.
item	7490	Brown spice (2)	Allows for equal distribution of spice.
item	7491	Brown spice (1)	Allows for equal distribution of spice.
item	7492	Yellow spice (4)	Allows for equal distribution of spice.
item	7493	Yellow spice (3)	Allows for equal distribution of spice.
item	7494	Yellow spice (2)	Allows for equal distribution of spice.
item	7495	Yellow spice (1)	Allows for equal distribution of spice.
item	7496	Empty spice shaker	Allows for equal distribution of spice.
item	7497	Dirty blast	A cool refreshing fruit mix. With ash in for some reason.
item	7498	Antique lamp	I wonder what happens if I rub it...
item	7499	Evil dave	Evil Dave.
item	7500	Dwarf	It's a Dwarf.
item	7501	Goblins	Still arguing.
item	7502	Lumbridge guide	A helpful man.
item	7503	Monkey	The monkey King.
item	7504	Osman	From the desert.
item	7505	Pirate pete	AARGH.
item	7506	Sir amik varze	The whitest of knights.
item	7507	Skrach	Huge and dumb.
item	7508	Asgarnian ale (g)	There appears to be a coin in the bottom. Liked by dwarves.
item	7509	Dwarven rock cake	Red hot and glowing, ouch! Only for dwarf consumption.
item	7510	Dwarven rock cake	Cool and heavy as a brick. Only for dwarf consumption.
item	7511	Slop of compromise	Two out of two goblin generals prefer it!
item	7512	Soggy bread	Previously a nice crispy loaf of bread.  Now just kind of icky.
item	7513	Spicy maggots	They clearly taste so much better this way!
item	7514	Dyed orange	Orange slices which have been dyed, but it looks more like they died.
item	7515	Breadcrumbs	Glad these aren't in my bed.
item	7516	Kelp	Slightly damp seaweed.
item	7517	Ground kelp	Kelp flakes. Smells of the sea.
item	7518	Crab meat	A smelly meat.
item	7519	Crab meat	A smelly meat.
item	7520	Burnt crab meat	Oh dear, it's burnt.
item	7521	Cooked crab meat	Nice and tasty!
item	7523	Cooked crab meat	Nice and tasty!
item	7524	Cooked crab meat	Nice and tasty!
item	7525	Cooked crab meat	Nice and tasty!
item	7526	Cooked crab meat	Nice and tasty!
item	7527	Ground crab meat	A smelly paste.
item	7528	Ground cod	A smelly paste.
item	7529	Raw fishcake	Would taste nicer if I cooked it.
item	7530	Cooked fishcake	Mmmm, reminds me of the seaside.
item	7531	Burnt fishcake	Darn thing's all burnt!
item	7532	Mudskipper hide	Hmmm, what can I use this for?
item	7533	Rock	A rock.
item	7534	Fishbowl helmet	You'll look daft, but at least you won't drown!
item	7535	Diving apparatus	I'll need a helmet to make this work.
item	7536	Fresh crab claw	Fresh off the crab itself.
item	7537	Crab claw	If it's good enough for crabs, it's good enough for me!
item	7538	Fresh crab shell	Fresh off the crab itself.
item	7539	Crab helmet	If it's good enough for crabs, it's good enough for me!
item	7540	Broken crab claw	Darn, it's useless now.
item	7541	Broken crab shell	Darn, it's useless now.
item	7542	Cake of guidance	Imbued with knowledge itself.
item	7543	Raw guide cake	Now all I need to do is cook it.
item	7544	Enchanted egg	Egg containing knowledge.
item	7545	Enchanted milk	Guiding milk.
item	7546	Enchanted flour	A pot of special flour.
item	7547	Druid pouch	A druid pouch.
item	7548	Potato seed	A potato seed - plant in an allotment.
item	7550	Onion seed	An onion seed - plant in an allotment.
item	7552	Mithril arrow	Arrows with mithril heads.
item	7554	Fire rune	One of the 4 basic elemental Runes.
item	7556	Water rune	One of the 4 basic elemental Runes.
item	7558	Air rune	One of the 4 basic elemental Runes.
item	7560	Chaos rune	Used for low level missile spells.
item	7562	Tomato seed	A tomato seed - plant in an allotment.
item	7564	Balloon toad	An inflated toad tied to a rock like a balloon.
item	7565	Balloon toad	An inflated toad tied to a rock like a balloon.
item	7566	Raw jubbly	The uncooked meat of a Jubbly bird.
item	7568	Cooked jubbly	Lovely Jubbly!
item	7570	Burnt jubbly	The burnt meat of a Jubbly bird.
item	7572	Red banana	Like a banana only redder.
item	7573	Tchiki monkey nuts	Like Monkey Nuts only Tchikier.
item	7574	Sliced red banana	Perfect for stuffing snakes.
item	7575	Tchiki nut paste	Mixing this with jam would just be wrong.
item	7576	Snake corpse	Like a snake only not alive.
item	7577	Raw stuffed snake	This snake is stuffed right up.
item	7578	Odd stuffed snake	Is this really what you wanted to do?
item	7579	Stuffed snake	Fit for a Monkey King.
item	7580	Snake over-cooked	It's a burnt snake.
item	7581	Overgrown hellcat	Your hellish pet cat!!
item	7582	Hell cat	Your hellish pet cat!!
item	7583	Hell-kitten	Your hellish pet cat!!
item	7584	Lazy hell cat	Your hellish pet cat!!
item	7585	Wily hellcat	Your hellish pet cat!!
item	7586	Dummy	All is white!
item	7587	Coffin	Filled with items. Like a bank, but spookier!
item	7588	Coffin	Filled with items. Like a bank, but spookier!
item	7589	Coffin	Filled with items. Like a bank, but spookier!
item	7590	Coffin	Filled with items. Like a bank, but spookier!
item	7591	Coffin	Filled with items. Like a bank, but spookier!
item	7592	Zombie shirt	Aside from the braaaains on the lapel, it's still quite good.
item	7593	Zombie trousers	Good for a shamble about town.
item	7594	Zombie mask	I look 40,000 years old in this...
item	7595	Zombie gloves	Smells pretty funky.
item	7596	Zombie boots	Thrilling.
item	7597	Item	It seems bleached with age.
item	7598	Item	It seems bleached with age.
item	7599	Item	It seems bleached with age.
item	7600	Item	It seems bleached with age.
item	7601	Item	It seems bleached with age.
item	7602	Item	It seems bleached with age.
item	7603	Item	It seems bleached with age.
item	7604	Item	It seems bleached with age.
item	7605	Item	It seems bleached with age.
item	7606	Item	It seems bleached with age.
item	7607	Item	It seems bleached with age.
item	7608	Item	It seems bleached with age.
item	7609	Item	It seems bleached with age.
item	7610	Item	It seems bleached with age.
item	7611	Item	It seems bleached with age.
item	7612	Item	It seems bleached with age.
item	7613	Item	It seems bleached with age.
item	7614	Item	Its a symbol.
item	7615	Item	Its a symbol.
item	7616	Item	Its a symbol.
item	7617	Item	Its a symbol.
item	7618	Item	Its a symbol.
item	7620	Silvthrill rod	A rod made from Silver and Mithril.
item	7622	Bucket of rubble	A bucket partially filled with rubble.
item	7624	Bucket of rubble	A bucket almost full of rubble.
item	7626	Bucket of rubble	A bucket totally filled with rubble.
item	7628	Plaster fragment	A frament of plaster with some impressions on it.
item	7629	Dusty scroll	An ancient tattered scroll.
item	7630	Crate	An old and musty looking crate.
item	7632	Temple library key	A key for the Temple Library.
item	7633	Ancient book	A book about seven warrior priests, written about 200 years ago.
item	7634	Battered tome	An ancient history book.
item	7635	Leather book	An ancient leather-bound tome.
item	7636	Rod dust	Rod of Ivandis dust.
item	7637	Silvthrill rod	A silvery rod of mithril and silver with a sapphire on the top.
item	7638	Silvthrill rod	A silvery rod of mithril and silver with a sapphire on the top, it has been enchanted.
item	7639	Rod of ivandis(10)	A fully charged rod.
item	7640	Rod of ivandis(9)	A partially charged rod.
item	7641	Rod of ivandis(8)	A partially charged rod.
item	7642	Rod of ivandis(7)	A partially charged rod.
item	7643	Rod of ivandis(6)	A partially charged rod.
item	7644	Rod of ivandis(5)	A partially charged rod.
item	7645	Rod of ivandis(4)	A partially charged rod.
item	7646	Rod of ivandis(3)	A partially charged rod.
item	7647	Rod of ivandis(2)	2! 2 charges left! Ha Ha Ha.
item	7648	Rod of ivandis(1)	A partially charged rod.
item	7649	Rod clay mould	Rod of Ivandis mould.
item	7650	Silver dust	It's ground up silver.
item	7652	Unfinished potion.	An unfinished potion.
item	7654	Unfinished potion.	An unfinished potion.
item	7656	Unfinished potion.	An unfinished potion.
item	7658	Unfinished potion.	An unfinished potion.
item	7660	Guthix balance(4)	A potion of harralander, red spiders eggs, garlic and silver dust.
item	7662	Guthix balance(3)	A potion of harralander, red spiders eggs, garlic and silver dust.
item	7664	Guthix balance(2)	A potion of harralander, red spiders eggs, garlic and silver dust.
item	7666	Guthix balance(1)	A potion of harralander, red spiders eggs, garlic and silver dust.
item	7668	Gadderhammer	A specially crafted hammer with strange markings on it.
item	7671	Boxing gloves	I think they look a bit silly.
item	7673	Boxing gloves	I think they look a bit silly.
item	7675	Wooden sword	A less-than razor sharp sword.
item	7676	Wooden shield.	A less-than strong shield.
item	7677	Magic stone	It knows where the treasure is.
item	7678	Prize key	You can use this to open the prize chest!
item	7679	Pugel	A good tool for bashing someone.
item	7681	Game book	Party Pete's Bumper Book Of Games
item	7682	Hoop	Try to throw it over the stick.
item	7684	Dart	Not much good in combat, but perfect for the dart board!
item	7686	Bow and arrow	A safe arrow for indoor ranging games.
item	7688	Kettle	The kettle is empty
item	7690	Full kettle	It's full of cold water.
item	7691	Hot kettle	It's full of boiling water.
item	7692	Pot of tea 4	I'd really like a nice cup of tea.
item	7694	Pot of tea 3	I'd really like a nice cup of tea.
item	7696	Pot of tea 2	I'd really like a nice cup of tea.
item	7698	Pot of tea 1	I'd really like a nice cup of tea.
item	7700	Teapot with leaves	Add boiling water to make a tea.
item	7702	Teapot	This teapot is empty.
item	7704	Pot of tea	I'd really like a nice cup of tea.
item	7706	Pot of tea	I'd really like a nice cup of tea.
item	7708	Pot of tea	I'd really like a nice cup of tea.
item	7710	Pot of tea	I'd really like a nice cup of tea.
item	7712	Teapot with leaves	Add boiling water to make a tea.
item	7714	Teapot	This teapot is empty.
item	7716	Pot of tea	I'd really like a nice cup of tea.
item	7718	Pot of tea	I'd really like a nice cup of tea.
item	7720	Pot of tea	I'd really like a nice cup of tea.
item	7722	Pot of tea	I'd really like a nice cup of tea.
item	7724	Teapot with leaves	Add boiling water to make a tea.
item	7726	Teapot	This teapot is empty.
item	7728	Empty cup	An empty cup.
item	7730	Cup of tea	A nice cup of nettle tea.
item	7731	Cup of tea	A milky cup of nettle tea.
item	7732	Porcelain cup	A porcelain cup.
item	7733	Cup of tea	Some nettle tea in a porcelain cup.
item	7734	Cup of tea	Some milky nettle tea in a porcelain cup.
item	7735	Porcelain cup	A porcelain cup.
item	7736	Cup of tea	Some nettle tea in a porcelain cup.
item	7737	Cup of tea	Some milky nettle tea in a porcelain cup.
item	7738	Tea leaves	Mmm, how about a nice cup of tea?
item	7740	Beer	A glass of frothy ale.
item	7742	Beer glass	I need to fill this with beer.
item	7744	Asgarnian ale	Probably the finest ale in Asgarnia.
item	7746	Greenman's ale	A glass of frothy ale.
item	7748	Dragon bitter	A glass of bitter.
item	7750	Moonlight mead	A foul smelling brew.
item	7752	Cider	A glass of cider.
item	7754	Chef's delight	A fruity, full-bodied ale.
item	7756	Paintbrush	Try dipping it in paint and applying it.
item	7758	Rusty sword	A decent enough weapon gone rusty.
item	7759	Toy soldier	Nice bit of crafting!
item	7761	Toy soldier (wound)	Nice bit of crafting!
item	7763	Toy doll	Nice bit of crafting!
item	7765	Toy doll (wound)	Nice bit of crafting!
item	7767	Toy mouse	Nice bit of crafting!
item	7769	Toy mouse (wound)	Nice bit of crafting!
item	7771	Toy cat	Nice bit of crafting!
item	7773	Branch	Leafless bush branch.
item	7774	Reward token	Yellow reward token.
item	7775	Reward token	Red reward token.
item	7776	Reward token	Blue reward token.
item	7777	Long vine	A long section of vine made up of lots of shorter sections.
item	7778	Short vine	A short section of vines.
item	7779	Fishing tome	A tome of learning which focuses on fishing.
item	7780	Fishing tome	A tome of learning which focuses on fishing.
item	7781	Fishing tome	A tome of learning which focuses on fishing.
item	7782	Agility tome	A tome of learning which focuses on agility.
item	7783	Agility tome	A tome of learning which focuses on agility.
item	7784	Agility tome	A tome of learning which focuses on agility.
item	7785	Thieving tome	A tome of learning which focuses on thieving.
item	7786	Thieving tome	A tome of learning which focuses on thieving.
item	7787	Thieving tome	A tome of learning which focuses on thieving.
item	7788	Slayer tome	A tome of learning which focuses on the slayer skill.
item	7789	Slayer tome	A tome of learning which focuses on the slayer skill.
item	7790	Slayer tome	A tome of learning which focuses on the slayer skill.
item	7791	Mining tome	A tome of learning which focuses on the mining skill.
item	7792	Mining tome	A tome of learning which focuses on the mining skill.
item	7793	Mining tome	A tome of learning which focuses on the mining skill.
item	7794	Firemaking tome	A tome of learning which focuses on the firemaking skill.
item	7795	Firemaking tome	A tome of learning which focuses on the firemaking skill.
item	7796	Firemaking tome	A tome of learning which focuses on the firemaking skill.
item	7797	Woodcutting tome	A tome of learning which focuses on the woodcutting skill.
item	7798	Woodcutting tome	A tome of learning which focuses on the woodcutting skill.
item	7799	Woodcutting tome	A tome of learning which focuses on the woodcutting skill.
item	7800	Snail shell	A shell from a Giant Snail.
item	7801	Snake hide	Scaly but not slimy!
item	7803	Yin yang amulet	A non-magical copy of the make-over mage's amulet.
item	7804	Zaros mjolnir	A Zaros Mjolnir.
item	7806	Anger sword	A heavy duty sword.
item	7807	Anger battleaxe	A heavy duty axe.
item	7808	Anger mace	A heavy duty mace.
item	7809	Anger spear	A heavy duty spear.
item	7810	Jug of vinegar	This wine clearly did not age well.
item	7811	Pot of vinegar	Well, this pot is certainly full of vinegar and no mistake.
item	7812	Goblin skull	This needs a good polish.
item	7813	Bone in vinegar	There is a goblin bone in here.
item	7814	Goblin skull	This bone belongs in a museum!
item	7815	Bear ribs	This needs a good polish.
item	7816	Bone in vinegar	There is a bear bone in here.
item	7817	Bear ribs	This bone belongs in a museum!
item	7818	Ram skull	This needs a good polish.
item	7819	Bone in vinegar	There is a ram bone in here.
item	7820	Ram skull	This bone belongs in a museum!
item	7821	Unicorn bone	This needs a good polish.
item	7822	Bone in vinegar	There is a unicorn bone in here.
item	7823	Unicorn bone	This bone belongs in a museum!
item	7824	Giant rat bone	This needs a good polish.
item	7825	Bone in vinegar	There is a giant rat bone in here.
item	7826	Giant rat bone	This bone belongs in a museum!
item	7827	Giant bat wing	This needs a good polish.
item	7828	Bone in vinegar	There is a giant bat bone in here.
item	7829	Giant bat wing	This bone belongs in a museum!
item	7830	Wolf bone	This needs a good polish.
item	7831	Bone in vinegar	There is a wolf bone in here.
item	7832	Wolf bone	This bone belongs in a museum!
item	7833	Bat wing	This needs a good polish.
item	7834	Bone in vinegar	There is a bat bone in here.
item	7835	Bat wing	This bone belongs in a museum!
item	7836	Rat bone	This needs a good polish.
item	7837	Bone in vinegar	There is a rat bone in here.
item	7838	Rat bone	This bone belongs in a museum!
item	7839	Baby dragon bone	This needs a good polish.
item	7840	Bone in vinegar	There is a baby blue dragon bone in here.
item	7841	Baby dragon bone	This bone belongs in a museum!
item	7842	Ogre ribs	This needs a good polish.
item	7843	Bone in vinegar	There is an ogre bone in here.
item	7844	Ogre ribs	This bone belongs in a museum!
item	7845	Jogre bone	This needs a good polish.
item	7846	Bone in vinegar	There is a jogre bone in here.
item	7847	Jogre bone	This bone belongs in a museum!
item	7848	Zogre bone	This needs a good polish.
item	7849	Bone in vinegar	There is a zogre bone in here.
item	7850	Zogre bone	This bone belongs in a museum!
item	7851	Mogre bone	This needs a good polish.
item	7852	Bone in vinegar	There is a mogre bone in here.
item	7853	Mogre bone	This bone belongs in a museum!
item	7854	Monkey paw	This needs a good polish.
item	7855	Bone in vinegar	There is a monkey bone in here.
item	7856	Monkey paw	This bone belongs in a museum!
item	7857	Dagannoth ribs	This needs a good polish.
item	7858	Bone in vinegar	There is a Dagannoth bone in here.
item	7859	Dagannoth ribs	This bone belongs in a museum!
item	7860	Snake spine	This needs a good polish.
item	7861	Bone in vinegar	There is a snake bone in here.
item	7862	Snake spine	This bone belongs in a museum!
item	7863	Zombie bone	This needs a good polish.
item	7864	Bone in vinegar	There is a zombie bone in here.
item	7865	Zombie bone	This bone belongs in a museum!
item	7866	Werewolf bone	This needs a good polish.
item	7867	Bone in vinegar	There is a werewolf bone in here.
item	7868	Werewolf bone	This bone belongs in a museum!
item	7869	Moss giant bone	This needs a good polish.
item	7870	Bone in vinegar	A Moss Giant's bone
item	7871	Moss giant bone	This bone belongs in a museum!
item	7872	Fire giant bone	This needs a good polish.
item	7873	Bone in vinegar	There is a fire giant bone in here.
item	7874	Fire giant bone	This bone belongs in a museum!
item	7875	Ice giant ribs	This needs a good polish.
item	7876	Bone in vinegar	There is an ice giant bone in here.
item	7877	Ice giant ribs	This bone belongs in a museum!
item	7878	Terrorbird wing	This needs a good polish.
item	7879	Bone in vinegar	There is a terrorbird bone in here.
item	7880	Terrorbird wing	This bone belongs in a museum!
item	7881	Ghoul bone	This needs a good polish.
item	7882	Bone in vinegar	There is a ghoul bone in here.
item	7883	Ghoul bone	This bone belongs in a museum!
item	7884	Troll bone	This needs a good polish.
item	7885	Bone in vinegar	There is a troll bone in here.
item	7886	Troll bone	This bone belongs in a museum!
item	7887	Seagull wing	This needs a good polish.
item	7888	Bone in vinegar	There is a seagull bone in here.
item	7889	Seagull wing	This bone belongs in a museum!
item	7890	Undead cow ribs	This needs a good polish.
item	7891	Bone in vinegar	There is an undead cow bone in here.
item	7892	Undead cow ribs	This bone belongs in a museum!
item	7893	Experiment bone	This needs a good polish.
item	7894	Bone in vinegar	There is an experiment bone in here.
item	7895	Experiment bone	This bone belongs in a museum!
item	7896	Rabbit bone	This needs a good polish.
item	7897	Bone in vinegar	There is a rabbit bone in here.
item	7898	Rabbit bone	This bone belongs in a museum!
item	7899	Basilisk bone	This needs a good polish.
item	7900	Bone in vinegar	There is a basilisk bone in here.
item	7901	Basilisk bone	This bone belongs in a museum!
item	7902	Desert lizard bone	This needs a good polish.
item	7903	Bone in vinegar	There is a desert lizard bone in here.
item	7904	Desert lizard bone	This bone belongs in a museum!
item	7905	Cave goblin skull	This needs a good polish.
item	7906	Bone in vinegar	There is a cave goblin bone in here.
item	7907	Cave goblin skull	This bone belongs in a museum!
item	7908	Big frog leg	This needs a good polish.
item	7909	Bone in vinegar	There is a big frog bone in here.
item	7910	Big frog leg	This bone belongs in a museum!
item	7911	Vulture wing	This needs a good polish.
item	7912	Bone in vinegar	There is a vulture bone in here.
item	7913	Vulture wing	This bone belongs in a museum!
item	7914	Jackal bone	This needs a good polish.
item	7915	Bone in vinegar	There is a jackal bone in here.
item	7916	Jackal bone	This bone belongs in a museum!
item	7917	Ram skull helm	Makes me feel baaad to the bone.
item	7918	Bonesack	The Bonesack is a little old item that protects like leather.
item	7919	Bottle of wine	A very good vintage.
item	7921	Empty wine bottle	This one has clearly been taken down and passed around.
item	7922	Al kharid flyer	The money off voucher has expired.
item	7927	Easter ring	A ring given to you by the Easter Bunny.
item	7928	Easter egg	"Best before 24th April."
item	7929	Easter egg	"Best before 24th April."
item	7930	Easter egg	"Best before 24th April."
item	7931	Easter egg	"Best before 24th April."
item	7932	Easter egg	"Best before 24th April."
item	7933	Easter egg	"Best before 24th April."
item	7934	Field ration	A field ration to help your wounds go away.
item	7936	Pure essence	An uncharged Rune Stone of extra capability.
item	7938	Bob	Bobbity bob!
item	7939	Tortoise shell	A word in your shell-like.
item	7941	Iron sheet	A sturdy sheet of iron.
item	7942	Fresh monkfish	Freshly caught. Needs cooking.
item	7943	Fresh monkfish	Freshly caught and cooked - perfect for storing. Not so good for eating.
item	7944	Raw monkfish	I should try cooking this.
item	7946	Monkfish	A tasty fish.
item	7948	Burnt monkfish	Maybe a little less heat next time.
item	7950	Bone seeds	An highly portable army of skeletal magi.
item	7951	Herman's book	A book taken from the desk of Herman Caranos.
item	7952	Axe handle	Useless without the head.
item	7954	Burnt shrimp	Oops!
npc	0	Hans	Servant of the Duke of Lumbridge.
npc	1	Man	One of RuneScape's many citizens.
npc	2	Man	One of RuneScape's many citizens.
npc	3	Man	One of RuneScape's many citizens.
npc	4	Woman	One of RuneScape's many citizens.
npc	5	Woman	One of RuneScape's many citizens.
npc	6	Woman	One of RuneScape's many citizens.
npc	7	Farmer	He grows the crops in this area.
npc	8	Thief	Known for his light-fingered qualities.
npc	9	Guard	He tries to keep order around here.
npc	10	Guard	He tries to keep order around here.
npc	11	Tramp	A man down on his luck.
npc	12	Barbarian	Not very civilised looking.
npc	13	Wizard	Slightly magical.
npc	14	Druid	Loves nature.
npc	15	Warrior woman	Not very fashion conscious.
npc	16	Man	One of the citizens of Al-Kharid.
npc	17	Barbarian woman	Scary in an argument!
npc	18	Al-Kharid warrior	Part of Al-Kharid's elite fighting force.
npc	19	White Knight	Shiny armour!
npc	20	Paladin	A holy warrior.
npc	21	Hero	Heroic!
npc	22	Forester	They love the forests.
npc	23	Knight of Ardougne	A member of Ardougne's militia.
npc	24	Man	One of RuneScape's many citizens.
npc	25	Woman	One of RuneScape's many citizens.
npc	26	Knight of Ardougne	To protect and serve the populace of Ardougne.
npc	27	Archer	Good with arrows.
npc	28	Zoo keeper	Enjoys locking up animals in small pens.
npc	29	Chuck	He's a lumberjack, and he's ok.
npc	30	Barman	Doesn't water down the beer too much.
npc	31	Priest	A holy man.
npc	32	Guard	Keeps the peace... kind of.
npc	33	Door man	What a boring job he has.
npc	34	Watchman	Watches stuff. But who watches him?
npc	35	Soldier	A soldier of the town of Yanille.
npc	36	Wyson the gardener	The head gardener.
npc	37	Sigbert the Adventurer	A bold knight famed for his travels.
npc	38	Shipyard worker	Builds ships for a living.
npc	39	Shipyard worker	Builds ships for a living.
npc	40	Shark	Let's not go skinny dipping eh?
npc	41	Chicken	Yep, definitely a chicken.
npc	42	Sheep	Freshly sheared.
npc	43	Sheep	White and fluffy.
npc	44	Duck	Quackers.
npc	45	Duck	She quackers.
npc	46	Duckling	Mini quackers.
npc	47	Rat	A popular dwarven delicacy.
npc	48	Oomlie Bird	A jungle version of the chicken, but more vicious.
npc	49	Hellhound	Hello, nice doggy...
npc	50	King black dragon	The biggest, meanest dragon around.
npc	51	Baby dragon	Young but still dangerous.
npc	52	Baby blue dragon	Young but still dangerous.
npc	53	Red dragon	A big powerful dragon.
npc	54	Black dragon	A fierce dragon with black scales!
npc	55	Blue dragon	A mother dragon.
npc	56	Dryad	A wood nymph.
npc	57	Fairy	A delicate creature from this strange realm.
npc	58	Shadow spider	Is it a spider or is it a shadow?
npc	59	Giant spider	I think this spider has been genetically modified.
npc	60	Giant spider	I think this spider has been genetically modified.
npc	61	Spider	Incey wincey.
npc	62	Jungle spider	A barely visible deadly jungle spider.
npc	63	Deadly red spider	I think this spider has been genetically modified.
npc	64	Ice spider	I think this spider has been genetically modified.
npc	65	Leprechaun	A funny little man normally associated with rainbows.
npc	66	Gnome	Like a mini man!
npc	67	Gnome	Like a mini man!
npc	68	Gnome	Like a mini man!
npc	69	Lizard man	A scaly reptilian creature.
npc	70	Turael	He looks dangerous!
npc	71	Orc	A hideous malformed elf.
npc	72	Troll	A hideously deformed creature.
npc	73	Zombie	Dead man walking.
npc	74	Zombie	Dead man walking.
npc	75	Zombie	The walking dead.
npc	76	Zombie	The walking dead.
npc	77	Summoned Zombie	The living dead.
npc	78	Giant bat	Annoying flappy thing.
npc	79	Death wing	A shadowy, barely visible flying entity from some evil place.
npc	80	Camel	Oh, it's a camel.
npc	81	Cow	Converts grass to beef.
npc	82	Lesser demon	Lesser, but still pretty big.
npc	83	Greater demon	Big, red, and incredibly evil.
npc	84	Black Demon	A big, scary, jet-black demon.
npc	85	Golem	A creature made from clay.
npc	86	Giant rat	Overgrown vermin.
npc	87	Giant rat	Overgrown vermin.
npc	88	Dungeon rat	Overgrown vermin.
npc	89	Unicorn	Horse with a horn.
npc	90	Skeleton	Could do with gaining a few pounds.
npc	91	Skeleton	Could do with gaining a few pounds.
npc	92	Skeleton	Could do with gaining a few pounds.
npc	93	Skeleton	Could do with gaining a few pounds.
npc	94	Skeleton Mage	An undead worker of dark magic.
npc	95	Wolf	Not man's best friend.
npc	96	White wolf	A vicious mountain wolf.
npc	97	White wolf	A vicious mountain wolf.
npc	98	Dog	Bow wow.
npc	99	Guard dog	He doesn't seem pleased to see me.
npc	100	Goblin	An ugly green creature.
npc	101	Goblin	An ugly green creature.
npc	102	Goblin	These goblins have grown strong.
npc	103	Ghost	Eeek! A ghost!
npc	104	Ghost	Eeek! A ghost!
npc	105	Bear	Eek! A bear!
npc	106	Bear	Eek! A bear!
npc	107	Scorpion	An extremely vicious scorpion.
npc	108	Poison Scorpion	It has a very vicious looking tail.
npc	109	Pit Scorpion	Tiny, annoying, stinging thing.
npc	110	Fire giant	A very large elemental adversary.
npc	111	Ice giant	He's got icicles in his beard.
npc	112	Moss giant	His beard seems to have a life of its own.
npc	113	Jogre	An aggressive humanoid.
npc	114	Ogre	A large dim looking humanoid.
npc	115	Ogre	A large dim looking humanoid.
npc	116	Cyclops	A one-eyed man eater.
npc	117	Hill giant	A very large foe.
npc	118	Dwarf	A short angry guy.
npc	119	Chaos dwarf	A dwarf gone bad.
npc	120	Dwarf	A mountain dwelling short angry guy.
npc	121	Dwarf	A short angry guy.
npc	122	Hobgoblin	An ugly, smelly creature.
npc	123	Hobgoblin	An ugly, smelly creature, with a spear.
npc	124	Earth warrior	A strange inhuman elemental warrior.
npc	125	Ice warrior	A cold-hearted elemental warrior.
npc	126	Otherworldly being	Is he invisible or just a set of floating clothing?
npc	127	Magic axe	A magic axe with a mind of its own.
npc	128	Snake	A slithering serpent.
npc	129	Skavid	Servant race to the ogres.
npc	130	Yeti	The abominable snowman.
npc	131	Penguin	An inhabitant of icy regions.
npc	132	Monkey	Perhaps our oldest relatives?
npc	133	Black unicorn	A unicorn with a blackened heart.
npc	134	Poison spider	I think this spider has been genetically modified.
npc	135	Mammoth	A woolly elephantine monster.
npc	136	Terrorbird	A giant raptor.
npc	137	Mounted terrorbird gnome	These gnomes know how to get around!
npc	138	Mounted terrorbird gnome	These gnomes know how to get around!
npc	139	Entrana Fire Bird	Probably not a chicken.
npc	140	Souless	A servant to Iban.
npc	141	Big Wolf	Must be the pack leader.
npc	142	Wolf	A social killer.
npc	143	Jungle Wolf	A rare jungle wolf - specific to the Kharazi jungle.
npc	144	King Scorpion	Wow! Scorpions shouldn't grow that big.
npc	145	Ice warrior	The Ice Queen's Royal Guard.
npc	146	Gull	A sea bird.
npc	147	Cormorant	A sea bird.
npc	148	Albatross	A sea bird.
npc	149	Gull	A sea bird.
npc	150	Gull	A sea bird.
npc	151	Fly trap	No flies on me.
npc	152	Tree	Its bark is worse than its swipe.
npc	153	Butterfly	These look much better in the wild.
npc	154	Butterfly	I love butterflies.
npc	155	Butterfly	It's a Blue Morpho Butterfly.
npc	156	Butterfly	It's a Tiger Swallowtail Butterfly.
npc	157	Butterfly	It's a Viceroy Butterfly.
npc	158	Shadow warrior	A fighter from the supernatural world, he's a shadow of his former self.
npc	159	Gnome child	Small, even by gnome standards.
npc	160	Gnome child	Small, even by gnome standards.
npc	161	Gnome child	Small, even by gnome standards.
npc	162	Gnome trainer	He can advise on training.
npc	163	Gnome guard	A tree gnome guard.
npc	164	Gnome guard	A tree gnome guard.
npc	165	Gnome shop keeper	Sells gnomish things.
npc	166	Gnome banker	Banks gnomish things.
npc	167	Gnome baller	A professional gnome baller.
npc	168	Gnome woman	A female gnome.
npc	169	Gnome woman	A female gnome.
npc	170	Gnome pilot	He can fly the glider.
npc	171	Brimstail	Small but powerful.
npc	172	Dark wizard	A practicer of dark arts.
npc	173	Invrigar the Necromancer	An evil user of Magic powers
npc	174	Dark wizard	He works evil magic.
npc	175	Mugger	He jumps out and attacks people.
npc	176	Witch	The hat's a dead give away.
npc	177	Witch	The hat's a dead give away.
npc	178	Black Knight	A dark-hearted knight.
npc	179	Black Knight	A dark-hearted knight.
npc	180	Highwayman	He holds up passers by.
npc	181	Chaos druid	A crazy, evil druid.
npc	182	Pirate	Yar! Shiver me timbers!
npc	183	Pirate	Avast ye scurvy land lubbers!
npc	184	Pirate	This one's had too much to drink!
npc	185	Pirate	A fine example of piracy's equal opportunities program.
npc	186	Thug	Low on brains, high on aggression.
npc	187	Rogue	Rogueish.
npc	188	Monk of Zamorak	An evil human cleric.
npc	189	Monk of Zamorak	An evil human cleric.
npc	190	Monk of Zamorak	An evil human cleric.
npc	191	Tribesman	A primitive warrior.
npc	192	Dark warrior	A warrior touched by chaos.
npc	193	Chaos druid warrior	A crazy evil druid.
npc	194	Necromancer	A crazy evil necromancer.
npc	195	Bandit	A wilderness outlaw.
npc	196	Guard Bandit	Bandit Camp guard.
npc	197	Barbarian guard	Not very civilised looking.
npc	198	Guild master	Master of the guild.
npc	199	Gunthor the brave	A mighty warrior!
npc	200	Lord Daquarius	Wears a stylish suit of armour.
npc	201	Jailer	Guards prisoners for the black knights.
npc	202	Black Heather	Has a fearsome scowl.
npc	203	Donny the lad	Has a fearsome posture.
npc	204	Speedy Keith	Nice hair.
npc	205	Salarin the twisted	A crazy evil druid
npc	206	Guard	A dwarven guard.
npc	207	Dwarf youngster	A young Dwarf lad.
npc	208	Dwarf Commander	He guards the mines.
npc	209	Nulodion	The Dwarven armoury engineer.
npc	210	Grail Maiden	She looks serene.
npc	211	Sir Percival	One of the Knights of the Round Table.
npc	212	King Percival	A former Knight of the Round Table.
npc	213	Merlin	A powerful Wizard of the Knights of the Round Table.
npc	214	Peasant	He looks unhappy...
npc	215	Peasant	He looks happy...
npc	216	High Priest	High Priest of Entrana.
npc	217	Crone	A crone.
npc	218	Galahad	A former Knight of the Round Table.
npc	219	Fisherman	It's a fisherman.
npc	220	The Fisher King	He doesn't look very well...
npc	221	Black Knight Titan	He looks mean and powerful.
npc	222	Monk	A holy man.
npc	223	Brother Kojo	A peaceful monk.
npc	224	Dungeon rat	A dirty rat.
npc	225	Bonzo	The Fishing Contest judge.
npc	227	Morris	He checks the entrants to the Fishing Contest.
npc	228	Big Dave	I can see how he got his name.
npc	229	Joshua	He loves to fish!
npc	230	Grandpa Jack	He looks elderly.
npc	231	Forester	He likes to cut down trees.
npc	232	Austri	He looks short and grumpy.
npc	233	Fishing spot	I can fish here.
npc	234	Fishing spot	I can fish here.
npc	235	Fishing spot	I can fish here.
npc	236	Fishing spot	I can fish here.
npc	237	Renegade Knight	He isn't very friendly.
npc	238	Thrantax the Mighty	A terrifying spirit.
npc	239	Sir Lancelot	One of the Knights of the Round Table.
npc	240	Sir Gawain	One of the Knights of the Round Table.
npc	241	Sir Kay	One of the Knights of the Round Table.
npc	242	Sir Bedivere	One of the Knights of the Round Table.
npc	243	Sir Tristram	One of the Knights of the Round Table.
npc	244	Sir Pelleas	One of the Knights of the Round Table.
npc	245	Sir Lucan	One of the Knights of the Round Table.
npc	246	Sir Palomedes	One of the Knights of the Round Table.
npc	247	Sir Mordred	Leader of the Renegade Knights.
npc	248	Morgan Le Faye	An evil and powerful sorceress.
npc	249	Merlin	A powerful Wizard of the Knights of the Round Table.
npc	250	The Lady of the Lake	A powerful sorceress who guards Excalibur.
npc	251	King Arthur	Legendary King of the Britons.
npc	252	Beggar	He looks very hungry...
npc	253	Khazard Guard	It's one of General Khazard's guards.
npc	254	Khazard Guard	It's one of General Khazard's guards.
npc	255	Khazard Guard	It's one of General Khazard's guards.
npc	256	Khazard Guard	It's one of General Khazard's guards.
npc	257	Khazard Guard	It's one of General Khazard's guards.
npc	258	General Khazard	He looks really nasty. Smells bad too.
npc	259	Khazard barman	A tough looking barman.
npc	260	Kelvin	A fightslave. He looks mistreated and weak.
npc	261	Joe	A fightslave. He looks mistreated and weak.
npc	262	Fightslave	A fightslave. He looks mistreated and weak.
npc	263	Hengrad	He looks mistreated and weak.
npc	264	Lady Servil	She looks wealthy.
npc	265	Jeremy Servil	A young squire. He looks worse for wear.
npc	266	Jeremy Servil	A young squire. He looks worse for wear.
npc	267	Justin Servil	Jeremy's father Sir Servil.
npc	268	Local	A scruffy looking chap.
npc	269	Bouncer	Nice doggy.
npc	270	Khazard Ogre	Khazard's strongest ogre warrior.
npc	271	Khazard Scorpion	A large angry scorpion.
npc	272	Lucien	He walks with a slight limp.
npc	273	Lucien	He walks with a slight limp.
npc	274	Guardian of Armadyl	A guard who has devoted their life to Armadyl.
npc	275	Guardian of Armadyl	A guard who has devoted their life to Armadyl.
npc	276	Winelda	A witch.
npc	277	Fire Warrior of Lesarkus	Intimidating!
npc	278	Cook	The head cook of Lumbridge castle.
npc	279	Brother Omad	An old monk.
npc	280	Brother Cedric	An old drunk monk.
npc	281	Monk	An Ardougne Monk.
npc	282	Thief	A dastardly blanket thief.
npc	283	Head Thief	The head of the treacherous blanket stealing gang.
npc	284	Doric	A dwarf smith. Quite handy with a hammer.
npc	285	Veronica	She doesn't look too happy.
npc	286	Professor Oddenstein	A mad scientist if ever I saw one!
npc	287	Ernest	A former chicken.
npc	288	Chicken	A strange chicken.
npc	289	Councillor Halgrive	An official of Ardougne.
npc	290	Doctor Orbon	A serious-looking doctor.
npc	291	Farmer Brumty	A farmer who's seen happier times.
npc	296	General Bentnoze	An ugly green creature.
npc	297	General Wartface	An ugly green creature.
npc	298	Goblin	An ugly green creature.
npc	299	Goblin	An ugly green creature.
npc	300	Sedridor	Chief of research at Wizards' Tower.
npc	301	Twig	Reminds me of playing pooh sticks.
npc	302	Hadley	Could do with losing a bit of weight.
npc	303	Gerald	Looks suspiciously like a fisherman.
npc	304	Almera	Nice hair.
npc	305	Hudon	Looks young.
npc	306	Golrie	It's a tree gnome
npc	307	Hetty	An old motherly witch with a curious smile and a hooked nose.
npc	308	Master fisher	The man in charge of the fishing guild.
npc	309	Fishing spot	I can see fish swimming in the water.
npc	310	Fishing spot	I can see fish swimming in the water.
npc	311	Fishing spot	I can see fish swimming in the water.
npc	312	Fishing spot	I can see fish swimming in the water.
npc	313	Fishing spot	I can see fish swimming in the water.
npc	314	Fishing spot	I can see fish swimming in the water.
npc	315	Fishing spot	I can see fish swimming in the water.
npc	316	Fishing spot	I can see fish swimming in the water.
npc	317	Fishing spot	I can see fish swimming in the water.
npc	318	Fishing spot	I can see fish swimming in the water.
npc	319	Fishing spot	I can see fish swimming in the water.
npc	320	Fishing spot	I can see fish swimming in the water.
npc	321	Fishing spot	I can see fish swimming in the water.
npc	322	Fishing spot	I can see fish swimming in the water.
npc	323	Fishing spot	I can see fish swimming in the water.
npc	324	Fishing spot	I can see fish swimming in the water.
npc	325	Fishing spot	I can see fish swimming in the water.
npc	326	Fishing spot	I can see fish swimming in the water.
npc	327	Fishing spot	I can see fish swimming in the water.
npc	328	Fishing spot	I can see fish swimming in the water.
npc	329	Fishing spot	I can see fish swimming in the water.
npc	330	Fishing spot	I can see fish swimming in the water.
npc	331	Fishing spot	I can see fish swimming in the water.
npc	332	Fishing spot	I can see fish swimming in the water.
npc	333	Fishing spot	I can see fish swimming in the water.
npc	334	Fishing spot	I can see fish swimming in the water.
npc	336	Da Vinci	He has a colourful personality.
npc	337	Da Vinci	He has a colourful personality.
npc	338	Chancy	He's ready for a bet.
npc	339	Chancy	He's ready for a bet.
npc	340	Hops	He's drunk.
npc	341	Hops	He's drunk.
npc	342	Guidor's wife	She looks rather concerned.
npc	343	Guidor	He's not that ill.
npc	344	Guard	He tries to keep order around here.
npc	345	Guard	He tries to keep order around here.
npc	346	Guard	He tries to keep order around here.
npc	347	Mourner	A mourner, or plague healer.
npc	348	Mourner	A mourner, or plague healer.
npc	349	Kilron	He looks shifty.
npc	350	Omart	A nervous looking fellow.
npc	351	Man	One of RuneScape's many citizens.
npc	352	Woman	One of RuneScape's many citizens.
npc	353	Woman	One of RuneScape's many citizens.
npc	354	Woman	One of RuneScape's many citizens.
npc	355	Child	One of RuneScape's many citizens.
npc	356	Child	One of RuneScape's many citizens.
npc	357	Mourner	A mourner, or plague healer.
npc	358	Priest	A holy man.
npc	359	Man	One of RuneScape's many citizens.
npc	360	Woman	One of RuneScape's many citizens.
npc	361	Woman	One of RuneScape's many citizens.
npc	362	Woman	One of RuneScape's many citizens.
npc	363	Woman	One of RuneScape's many citizens.
npc	364	King Lathas	King Lathas of East Ardougne.
npc	365	Paladin	A military man.
npc	366	Jerico	He looks friendly enough.
npc	367	Chemist	Smells very chemically...
npc	368	Guard	He tries to keep order around here.
npc	369	Mourner	A mourner, or plague healer.
npc	370	Mourner	A mourner, or plague healer.
npc	371	Mourner	A mourner, or plague healer.
npc	372	Mourner	A mourner, or plague healer.
npc	373	Nurse Sarah	She's quite a looker!
npc	374	Ogre	Big, ugly, and smelly.
npc	375	Redbeard Frank	A pirate.
npc	376	Captain Tobias	An old sea dog.
npc	377	Seaman Lorris	A young sailor.
npc	378	Seaman Thresnor	A young sailor.
npc	379	Luthas	The owner of the banana plantation.
npc	380	Customs officer	Inspects peoples' packages.
npc	381	Captain Barnaby	An old sailor.
npc	382	Dwarf	A dwarf who looks after the mining guild.
npc	383	Stankers	He's in control of the coal trucks.
npc	384	Barbarian guard	Not very civilised looking.
npc	385	Kharid Scorpion	Looks vicious!
npc	386	Kharid Scorpion	Looks vicious!
npc	387	Kharid Scorpion	Looks vicious!
npc	388	Seer	Could do with a shave...
npc	389	Thormac	Nice hat.
npc	390	Big fish	A big fish with a bigger mouth.
npc	391	River troll	Likes fish... hates people.
npc	392	River troll	Likes fish... hates people.
npc	393	River troll	Likes fish... hates people.
npc	394	River troll	Likes fish... hates people.
npc	395	River troll	Likes fish... hates people.
npc	396	River troll	Likes fish... hates people.
npc	397	Cow	Beefy!
npc	398	Legends Guard	A Legends Guild Guard, he protects the entrance to the Legends Guild.
npc	399	Legends Guard	A Legends Guild Guard, he protects the entrance to the Legends Guild.
npc	400	Radimus Erkle	Radimus is the Grand Vizier of the Legends Guild.
npc	401	Jungle Forester	He deals in exotic types of wood.
npc	402	Jungle Forester	She deals in exotic types of wood.
npc	403	Fishing spot	I can see fish swimming in the water.
npc	404	Fishing spot	I can see fish swimming in the water.
npc	405	Fishing spot	I can see fish swimming in the water.
npc	406	Fishing spot	I can see fish swimming in the water.
npc	407	Strange plant	A very strange plant.
npc	408	Strange plant	A very strange plant.
npc	409	Genie	Maybe he'll grant me a wish...
npc	410	Mysterious Old Man	A very strange old man...
npc	411	Swarm	A swarm of vicious insects!
npc	412	Bat	Annoying flappy thing.
npc	413	Rock Golem	Rock with attitude.
npc	414	Rock Golem	Rock with attitude.
npc	415	Rock Golem	Rock with attitude.
npc	416	Rock Golem	Rock with attitude.
npc	417	Rock Golem	Rock with attitude.
npc	418	Rock Golem	Rock with attitude.
npc	419	Zombie	The walking dead!
npc	420	Zombie	The walking dead!
npc	421	Zombie	The walking dead!
npc	422	Zombie	The walking dead!
npc	423	Zombie	The walking dead!
npc	424	Zombie	The walking dead!
npc	425	Shade	The angry dead!
npc	426	Shade	The angry dead!
npc	427	Shade	The angry dead!
npc	428	Shade	The angry dead!
npc	429	Shade	The angry dead!
npc	430	Shade	The angry dead!
npc	431	Watchman	The strong arm of the law.
npc	432	Watchman	The strong arm of the law.
npc	433	Watchman	The strong arm of the law.
npc	434	Watchman	The strong arm of the law.
npc	435	Watchman	The strong arm of the law.
npc	436	Watchman	The strong arm of the law.
npc	437	Cap'n Izzy No-Beard	Entrance clerk for the Brimhaven Agility Arena.
npc	438	Tree spirit	A very angry nymph.
npc	439	Tree spirit	A very angry nymph.
npc	440	Tree spirit	A very angry nymph.
npc	441	Tree spirit	A very angry nymph.
npc	442	Tree spirit	A very angry nymph.
npc	443	Tree spirit	A very angry nymph.
npc	444	Goblin	An ugly green creature.
npc	445	Goblin	An ugly green creature.
npc	446	Giant rat	Overgrown vermin.
npc	447	Jail guard	I wonder who he's guarding?
npc	448	Jail guard	I wonder who he's guarding?
npc	449	Jail guard	I wonder who he's guarding?
npc	450	Gull	A sea bird.
npc	451	Gull	A sea bird.
npc	452	Seth Groats	A large, well built farmer.
npc	453	Suit of armour	A dusty old suit of armour.
npc	454	Sanfew	An old druid.
npc	455	Kaqemeex	A wise druid.
npc	456	Father Aereck	Looks a bit holy.
npc	457	Restless ghost	Eek! A ghost!
npc	458	Father Urhney	Looks very holy.
npc	459	Skeleton	It rattles when it walks.
npc	460	Wizard Frumscone	A Wizard of the Magic Guild.
npc	461	Magic Store owner	A Supplier of Magical items.
npc	462	Wizard Distentor	Head of the Magic Guild.
npc	463	Murphy	Salty old sea dog.
npc	464	Murphy	Salty old sea dog.
npc	465	Murphy	Salty old sea dog.
npc	466	Murphy	Salty old sea dog.
npc	467	Shark	Let's not go skinny dipping eh?
npc	468	Shark	Let's not go skinny dipping eh?
npc	469	King Bolren	It's a gnome.  He looks important.
npc	470	Commander Montai	It's a tree gnome.
npc	471	Bolkoy	It's a tree gnome.
npc	472	Remsai	It's a tree gnome.
npc	473	Elkoy	It's a tree gnome.
npc	474	Elkoy	It's a tree gnome.
npc	475	Khazard trooper	It's one of General Khazard's warriors.
npc	476	Khazard trooper	It's one of General Khazard's warriors.
npc	477	Khazard warlord	He looks real nasty, smells bad too.
npc	478	Khazard commander	It's one of General Khazard's commanders.
npc	479	Gnome troop	It's a tree gnome trooper.
npc	480	Gnome troop	It's a tree gnome trooper.
npc	481	Tracker gnome 1	It's a gnome who specialises in covert operations.
npc	482	Tracker gnome 2	It's a gnome who specialises in covert operations.
npc	483	Tracker gnome 3	It's a gnome who specialises in covert operations.
npc	484	Local Gnome	It's a young tree gnome.
npc	485	Local Gnome	It's a young tree gnome.
npc	486	Kalron	He looks lost.
npc	487	Observatory assistant	He helps the professor.
npc	488	Observatory professor	A learned man in the ways of the stars.
npc	489	Goblin guard	I will have to kill him to get past him.
npc	490	Observatory professor	A learned man in the ways of the stars.
npc	491	Ghost	Spooky!
npc	492	Spirit of Scorpius	The essence of evil.
npc	493	Grave Scorpion	A vicious little stinging thing.
npc	494	Banker	He can look after my money.
npc	495	Banker	Good with money.
npc	496	Banker	A financial expert.
npc	497	Banker	Looks after your money.
npc	498	Banker	Manages money momentarily.
npc	499	Banker	He can look after my money.
npc	500	Mosol Rei	A warrior from Shilo Village.
npc	501	Spirit of Zadimus	An unquiet soul.
npc	502	Undead One	A minion of Rashiliyia.
npc	503	Undead One	A minion of Rashiliyia.
npc	504	Undead One	The animated dead, one of Rashiliyia's minions.
npc	505	Undead One	The animated dead, one of Rashiliyia's minions.
npc	506	Rashiliyia	The animated spirit of Rashiliyia the Zombie Queen.
npc	507	Nazastarool	A giant zombie of huge strength and devastating power.
npc	508	Nazastarool	A giant skeleton of huge strength and devastating power.
npc	509	Nazastarool	A giant ghost of huge strength and devastating power.
npc	510	Hajedy	A cart driver, it looks like he's quite experienced.
npc	511	Vigroy	A cart driver, it looks like he's quite experienced.
npc	512	Kaleb Paramaya	This is Kaleb Paramaya - a warm and friendly inn owner.
npc	513	Yohnus	This is Yohnus - he runs the local smithery.
npc	514	Seravel	This is Seravel - he sells tickets for the 'Lady of the Waves'.
npc	515	Yanni Salika	Yanni Salika - He buys and sells antiques.
npc	516	Obli	An intelligent-looking shop owner.
npc	517	Fernahei	This is Fernahei - he owns the local fishing tackle shop.
npc	518	Captain Shanks	He's the Captain of the 'Lady of the Waves'.
npc	519	Bob	An expert on axes.
npc	520	Shop keeper	Sells stuff.
npc	521	Shop assistant	Helps sell stuff.
npc	522	Shop keeper	Likes people spending money.
npc	523	Shop assistant	Likes helping sell stuff.
npc	524	Shop keeper	A product of consumerist society.
npc	525	Shop assistant	Likes you more the more you spend.
npc	526	Shop keeper	A product of consumerist society.
npc	527	Shop assistant	Likes you more the more you spend.
npc	528	Shop keeper	If he doesn't have it, he can't sell it!
npc	529	Shop assistant	She's here on work experience.
npc	530	Shop keeper	An interesting assortment of items for sale.
npc	531	Shop assistant	Works on commission.
npc	532	Shop keeper	Clearly takes pride in his appearance.
npc	533	Shop assistant	Needs a haircut.
npc	534	Fairy shop keeper	Sells stuff.
npc	535	Fairy shop assistant	Sells stuff.
npc	536	Valaine	A champion of a sales woman!
npc	537	Scavvo	He's got the best armour around!
npc	538	Peksa	Always up to date with the latest fashions in helmets.
npc	539	Silk trader	Very snappily dressed!
npc	540	Gem trader	Makes his money selling rocks.
npc	541	Zeke	Sells superior scimitars.
npc	542	Louie Legs	For the finest in armoured legware.
npc	543	Karim	Kebabs are full of meaty goodness!
npc	544	Ranael	She's an expert on armoured skirts!
npc	545	Dommik	If crafting's your thing, he's your man!
npc	546	Zaff	Sells superior staffs.
npc	547	Baraek	Animal skins are a speciality.
npc	548	Thessalia	Interesting assortment of clothes on offer...
npc	549	Horvik	The man with the armour.
npc	550	Lowe	Sells arrows.
npc	551	Shop keeper	Ironically, makes a living from swords.
npc	552	Shop assistant	Helps the shop keeper sell swords.
npc	553	Aubury	Runes are his passion.
npc	554	Fancy dress shop owner	For the interesting clothing items you just can't find elsewhere.
npc	555	Shop keeper	Has a fine moustache!
npc	556	Grum	Loves his gold!
npc	557	Wydin	Likes his food to be kept fresh.
npc	558	Gerrant	An expert on fishing.
npc	559	Brian	An expert on axes.
npc	560	Jiminua	Goods for sale and trade!
npc	561	Shop keeper	Could stand to lose a few pounds.
npc	562	Candle maker	Has an odd smell about him.
npc	563	Arhein	He looks fairly well-to-do.
npc	564	Jukat	A being from a mysterious other realm.
npc	565	Lunderwin	Smells strangely of cabbage.
npc	566	Irksol	Is he invisible or just a set of floating clothing?
npc	567	Fairy	Looks strange and mysterious.
npc	568	Zambo	Appears slightly drunk.
npc	569	Silver merchant	Looks fairly well fed.
npc	570	Gem merchant	Seems very well off.
npc	571	Baker	So where are the butcher and the candlestick maker?
npc	572	Spice seller	Has a very exotic aroma about him.
npc	573	Fur trader	Knows how to keep warm in the winter.
npc	574	Silk merchant	Seems very well off.
npc	575	Hickton	A master fletcher.
npc	576	Harry	Something fishy about him.
npc	577	Cassie	Nice eyes.
npc	578	Frincos	Kind of funny looking.
npc	579	Drogo dwarf	He runs a mining store.
npc	580	Flynn	The mace salesman.
npc	581	Wayne	An armourer.
npc	582	Dwarf	I wonder if he wants to buy my junk?
npc	583	Betty	She seems like a nice sort of person.
npc	584	Herquin	Seems very well-off.
npc	585	Rommik	If crafting's your thing, he's your man!
npc	586	Gaius	Ironically, makes a living from swords.
npc	587	Jatix	He runs the Herblore Shop.
npc	588	Davon	An amulet trader.
npc	589	Zenesha	Sells top quality plate mail armour.
npc	590	Aemad	He runs the adventurers' shop.
npc	591	Kortan	He helps to run the adventurers' shop.
npc	592	Roachey	He runs the fishing guild shop.
npc	593	Frenita	A recipe for success...in cooking.
npc	594	Nurmof	He runs a pickaxe store.
npc	595	Tea seller	He seems to sell tea.
npc	596	Fat Tony	An expert on Pizzas. Both making and eating.
npc	597	Noterazzo	The lawless shop keeper.
npc	598	Hairdresser	Anyone fancy a trim?
npc	599	Make-over mage	Master of the mystical make-over.
npc	600	Hudo	It's another jolly tree gnome.
npc	601	Rometti	It's a well dressed tree gnome.
npc	602	Gulluck	He sells weapons.
npc	603	Heckel Funch	It's another jolly tree gnome.
npc	604	Thurgo	Dwarvish.
npc	605	Sir Vyvin	An elderly White Knight.
npc	606	Squire	Indentured servant of a Knight.
npc	607	Gunnjorn	He maintains this agility course
npc	608	Sir Amik Varze	Leader of the White Knights.
npc	609	Fortress Guard	A generic evil henchman.
npc	610	Black Knight	One of the Black Knights.
npc	611	Witch	The Black Knights' resident witch.
npc	612	Greldo	An ugly green creature.
npc	613	Digsite workman	This person is working on the site.
npc	614	Digsite workman	This person is working on the site.
npc	615	Student	A student busily digging.
npc	616	Student	A student busily digging.
npc	617	Student	A student busily digging.
npc	618	Examiner	Upon examining the examiner you examine it is indeed an examiner!
npc	619	Archaeological expert	An expert on archaeology.
npc	620	Panning guide	A specialist in panning for gold.
npc	621	Gnome baller	A professional gnome baller.
npc	622	Gnome baller	A professional gnome baller.
npc	623	Gnome baller	A professional gnome baller.
npc	624	Gnome baller	A professional gnome baller.
npc	625	Gnome baller	A professional gnome baller.
npc	626	Gnome baller	A professional gnome baller.
npc	627	Gnome baller	A professional gnome baller.
npc	628	Gnome baller	A professional gnome baller.
npc	629	Gnome baller	A professional gnome baller.
npc	630	Gnome baller	A professional gnome baller.
npc	631	Gnome baller	A professional gnome baller.
npc	632	Gnome baller	A professional gnome baller.
npc	633	Gnome winger	A professional gnome baller.
npc	634	Gnome winger	A professional gnome baller.
npc	635	Gnome ball referee	Keeps the game fair.
npc	636	Cheerleader	Cheerleading is a real sport!
npc	637	Juliet	A tearful damsel, maybe I can help her?
npc	638	Apothecary	A dealer in potions.
npc	639	Romeo	Rather dense and soppy looking.
npc	640	Father Lawrence	A religious man... And occasional drunk.
npc	641	Tramp	Looks down on his luck.
npc	642	Katrine	An empowered woman.
npc	643	Weaponsmaster	Looks kind of obsessive...
npc	644	Straven	Kind of funny looking.
npc	645	Jonny the beard	Looks kind of shifty...
npc	646	Curator	He runs the museum.
npc	648	King Roald	Varrock's resident monarch.
npc	649	Archer	She looks quite experienced.
npc	650	Warrior	He looks big and dumb.
npc	651	Monk	He looks holy.
npc	652	Wizard	He looks kind of puny...
npc	653	Fairy Queen	Looks otherworldy...
npc	654	Shamus	A funny little man who lives in a tree.
npc	655	Tree spirit	Guardian of the dramen tree.
npc	656	Cave monk	Unsurprisingly monk like.
npc	657	Monk of Entrana	Holy looking.
npc	658	Monk of Entrana	Holy looking.
npc	659	Party Pete	He likes to paaaarty!
npc	660	Knight	You'd need a tin opener to get him out.
npc	661	Megan	Pretty barmaid.
npc	662	Lucy	Pretty barmaid.
npc	663	Man	A well dressed nobleman.
npc	664	Dimintheis	A well dressed nobleman.
npc	665	Boot	A short angry guy.
npc	666	Caleb	A well dressed nobleman.
npc	667	Chronozon	Chronozon the blood demon.
npc	668	Johnathon	A well dressed nobleman.
npc	669	Hazelmere	An ancient looking gnome.
npc	670	King Narnode Shareen	An important looking gnome.
npc	671	Glough	A rough looking gnome.
npc	672	Anita	Glough's girlfriend.
npc	673	Charlie	Poor guy, he looks frightened.
npc	674	Foreman	The boss!
npc	675	Shipyard worker	Builds ships for a living.
npc	676	Femi	A gnome trader.
npc	677	Black Demon	A big, scary, jet-black demon.
npc	678	Guard	Keeps order in the ranging guild.
npc	679	Ranging Guild Doorman	The keeper of the gates to the ranging guild.
npc	680	Leatherworker	An expert leatherworker.
npc	681	Weapon poison salesman	Supplier of deadly liquids.
npc	682	Armour salesman	Supplier of Rangers armour.
npc	683	Bow and Arrow salesman	Supplier of Archery equipment.
npc	684	Tower Advisor	Tower keeper and competition judge.
npc	685	Tower Advisor	Tower keeper and competition judge.
npc	686	Tower Advisor	Tower keeper and competition judge.
npc	687	Tower Advisor	Tower keeper and competition judge.
npc	688	Tower Archer	Defender of the north tower.
npc	689	Tower Archer	Defender of the east tower.
npc	690	Tower Archer	Defender of the south tower.
npc	691	Tower Archer	Defender of the west tower.
npc	692	Tribal Weapon Salesman	Supplier of authentic throwing weapons.
npc	693	Competition Judge	Overseer of the Archery competition.
npc	694	Ticket Merchant	Sells equipment in exchange for archery tickets.
npc	695	Bailey	He smells of fish...
npc	696	Caroline	She looks very worried about something.
npc	697	Kennith	He looks very scared.
npc	698	Holgart	A very good sailor.
npc	699	Holgart	A very good sailor.
npc	700	Holgart	A very good sailor.
npc	701	Kent	He looks very tired and hungry.
npc	702	Fisherman	He smells of salty fish.
npc	703	Fisherman	He smells of salty fish.
npc	704	Fisherman	He smells of salty fish.
npc	705	Fisherman	Something fishy about him...
npc	706	Wizard Mizgog	An old wizard.
npc	707	Wizard Grayzag	Master of imps.
npc	708	Imp	A cheeky little imp.
npc	709	Imp	A vicious little imp.
npc	710	Alrena	She looks concerned.
npc	711	Bravek	The city warder of West Ardougne.
npc	712	Carla	She looks upset.
npc	713	Clerk	A bureaucratic administrator.
npc	714	Edmond	A local civilian.
npc	716	Head mourner	In charge of people with silly outfits.
npc	717	Mourner	A mourner, or plague healer.
npc	718	Mourner	A mourner, or plague healer.
npc	719	Mourner	A mourner, or plague healer.
npc	720	Recruiter	A member of the Ardougne Royal Army.
npc	721	Ted Rehnison	The head of the Rehnison family.
npc	722	Martha Rehnison	A fairly poor looking woman.
npc	723	Billy Rehnison	The Rehnisons' eldest son.
npc	724	Milli Rehnison	She doesn't seem very happy.
npc	725	Jethick	A cynical old man.
npc	726	Man	One of RuneScape's many citizens.
npc	727	Man	One of RuneScape's many citizens.
npc	728	Man	One of RuneScape's many citizens.
npc	729	Man	One of RuneScape's many citizens.
npc	730	Man	One of RuneScape's many citizens.
npc	731	Bartender	I could get a beer from him.
npc	732	Bartender	I could get a beer from him.
npc	733	Bartender	I could get a beer from him.
npc	734	Bartender	I could get a beer from him.
npc	735	Bartender	I could get a beer from him.
npc	736	Emily	Works in the Rising Sun.
npc	737	Bartender	I could get a beer from him.
npc	738	Bartender	I could get a beer from him.
npc	739	Bartender	I could get a beer from him.
npc	740	Trufitus	A wise old witch doctor.
npc	741	Duke Horacio	Duke Horacio of Lumbridge.
npc	742	Elvarg	Rawr! A dragon!
npc	743	Ned	An old sailor.
npc	744	Klarense	A young sailor.
npc	745	Wormbrain	A badly behaved goblin.
npc	746	Oracle	A mystical fount of knowledge.
npc	747	Oziach	A strange little man.
npc	748	Giant rat	Overgrown vermin.
npc	749	Ghost	Eeek! A ghost!
npc	750	Skeleton	Could do with gaining a few pounds.
npc	751	Zombie	The walking dead.
npc	752	Lesser demon	Lesser, but still pretty big.
npc	753	Melzar the mad	He looks totally insane!
npc	754	Cabin Boy Jenkins	His job is to keep the ship in tip-top condition!
npc	755	Morgan	He looks scared.
npc	756	Dr Harlow	A retired vampire hunter.
npc	757	Count Draynor	Stop looking and run!
npc	758	Fred the Farmer	A well fed looking farmer.
npc	759	Gertrude's cat	A friendly feline?
npc	760	Kitten	It looks lost.
npc	761	Kitten	A friendly little pet.
npc	762	Kitten	A friendly little pet.
npc	763	Kitten	A friendly little pet.
npc	764	Kitten	A friendly little pet.
npc	765	Kitten	A friendly little pet.
npc	766	Kitten	A friendly little pet.
npc	767	Crate	Can I hear kittens?
npc	768	Cat	A fully grown feline.
npc	769	Cat	A fully grown feline.
npc	770	Cat	A fully grown feline.
npc	771	Cat	A fully grown feline.
npc	772	Cat	A fully grown feline.
npc	773	Cat	A fully grown feline.
npc	774	Overgrown cat	A friendly not-so little pet.
npc	775	Overgrown cat	A friendly not-so little pet.
npc	776	Overgrown cat	A friendly not-so little pet.
npc	777	Overgrown cat	A friendly not-so little pet.
npc	778	Overgrown cat	A friendly not-so little pet.
npc	779	Overgrown cat	A friendly not-so little pet.
npc	780	Gertrude	A busy housewife.
npc	781	Shilop	One of Gertrude's sons.
npc	782	Philop	One of Gertrude's sons.
npc	783	Wilough	One of Gertrude's sons.
npc	784	Kanel	One of Gertrude's sons.
npc	785	Civilian	A citizen of Ardougne.
npc	786	Civilian	A citizen of Ardougne.
npc	787	Civilian	A citizen of Ardougne.
npc	788	Garv	A diligent guard.
npc	789	Grubor	A rough looking thief.
npc	790	Trobert	A well dressed thief.
npc	791	Seth	Slightly fishy smelling.
npc	792	Grip	Looks like he's been in the wars...
npc	793	Alfonse the waiter	Smartly dressed, and ready to deliver food.
npc	794	Charlie the cook	Distinctly cook-like.
npc	795	Ice Queen	A cold hearted lady.
npc	796	Achietties	Distinctly heroic.
npc	797	Helemos	A retired hero.
npc	798	Velrak the explorer	He looks cold and hungry.
npc	799	Pirate Guard	A morally ambiguous guard.
npc	800	Fishing spot	I can see eels swimming in the lava.
npc	801	Abbot Langley	A holy man.
npc	802	Brother Jered	A holy man.
npc	803	Monk	A holy man.
npc	804	Tanner	Manufacturer of fine leathers.
npc	805	Master Crafter	He's in charge of the Crafting Guild.
npc	806	Donovan the Family Handyman	He looks very tired...
npc	807	Pierre	His job doesn't look very fun...
npc	808	Hobbes	He looks kind of stuck up...
npc	809	Louisa	She looks like she enjoys her job.
npc	810	Mary	She looks very nervous...
npc	811	Stanford	He looks like he spends a lot of time outdoors.
npc	812	Guard	An officer of the Law.
npc	813	Gossip	One of those people who love to gossip!
npc	814	Anna	She's dressed in a red top and green trousers.
npc	815	Bob	He's dressed all in red.
npc	816	Carol	She's wearing a blue top and red trousers.
npc	817	David	He's dressed all in green.
npc	818	Elizabeth	She's wearing a green top and blue trousers.
npc	819	Frank	He's dressed all in blue.
npc	820	Poison Salesman	He sure likes to sell stuff!
npc	821	Sinclair Guard dog	Big, noisy, and scary looking!
npc	822	Ana	She looks like a tourist.
npc	823	Ana	Stuffed.
npc	824	Female slave	She looks like she's been down here a long time.
npc	825	Male slave	It looks like he's been here a long time.
npc	826	Escaping slave	He's making a break for it!
npc	827	Rowdy slave	He looks a bit aggressive.
npc	828	Mercenary	He looks a bit aggressive.
npc	829	Mercenary	He looks a bit aggressive.
npc	830	Mercenary Captain	He looks a bit aggressive.
npc	831	Captain Siad	He's in control of the whole mining camp.
npc	832	Al Shabim	He's the leader of the Bedabin tribe.
npc	833	Bedabin Nomad	A bedabin nomad, they live in the harshest extremes in the desert.
npc	834	Bedabin Nomad Guard	A bedabin nomad guard - it looks like he's protecting an area.
npc	835	Irena	A resident of Al-Kharid.
npc	836	Shantay	He's in control of the Shantay pass.
npc	837	Shantay Guard	He patrols the Shantay Pass.
npc	838	Shantay Guard	He patrols the Shantay Pass.
npc	839	Desert Wolf	A vicious desert wolf.
npc	840	Ugthanki	A vicious attacking camel.
npc	841	Mine cart driver	He looks busy attending to his cart.
npc	842	Rowdy Guard	He looks a bit aggressive and rowdy.
npc	843	RPDT employee	Inefficient looking.
npc	844	Wizard Cromperty	The hat is a dead give away.
npc	845	Horacio	Could do with losing a few pounds.
npc	846	Kangai Mau	A happening kind of guy!
npc	847	Head chef	Despite his name, rarely actually cooks heads.
npc	848	Blurberry	He seems to run the cocktail bar.
npc	849	Barman	He serves cocktails.
npc	850	Aluft Gianne	It's a tree gnome chef.
npc	851	Gnome Waiter	He can serve you gnome food.
npc	852	Ogre chieftain	Tough looking.
npc	853	Og	A senior member of the ogre community.
npc	854	Grew	Very probably an ogre.
npc	855	Toban	Ogre-ish.
npc	856	Gorad	Big, dumb and ugly.
npc	857	Ogre guard	An ogre that guards.
npc	858	Ogre guard	These ogres protect the city.
npc	859	Ogre guard	An ogre that guards.
npc	860	Ogre guard	An ogre that guards.
npc	861	Ogre guard	An ogre that guards.
npc	862	City guard	Tries to keep the peace.
npc	863	Scared skavid	Frightened looking.
npc	864	Mad skavid	Looks mad.
npc	865	Skavid	A skavid.
npc	866	Skavid	A skavid.
npc	867	Skavid	A skavid.
npc	868	Skavid	A skavid.
npc	869	Skavid	A skavid.
npc	870	Enclave guard	Big and ugly looking.
npc	871	Ogre shaman	Seems intelligent... for an ogre.
npc	872	Watchtower wizard	The hat is a dead give away.
npc	873	Ogre trader	Funnily enough, doesn't actually buy or sell ogres.
npc	874	Ogre merchant	Funnily enough, doesn't actually buy or sell ogres.
npc	875	Ogre trader	Funnily enough, doesn't actually buy or sell ogres.
npc	876	Ogre trader	Funnily enough, doesn't actually buy or sell ogres.
npc	877	Tower guard	Tries to keep the peace.
npc	878	Colonel Radick	A military man.
npc	879	Delrith	A freshly summoned demon.
npc	880	Weakened Delrith	The demon doesn't look so strong now.
npc	881	Traiborn	An old wizard.
npc	882	Gypsy	An old gypsy lady.
npc	883	Sir Prysin	One of the king's knights.
npc	884	Captain Rovin	The head of the palace guard.
npc	885	Ceril Carnillean	Head of the Carnillean household.
npc	886	Claus the chef	The Carnillean family chef.
npc	887	Guard	On special duty to protect the Carnilleans.
npc	888	Philipe Carnillean	The newest member of the Carnillean family.
npc	889	Henryeta Carnillean	Ceril Carnilleans' wife.
npc	890	Butler Jones	The Carnillean family butler.
npc	891	Alomone	Leader of the Hazeel cult.
npc	892	Hazeel	An evil being raised from the dead.
npc	893	Clivet	A member of the Hazeel cult.
npc	894	Hazeel Cultist	A member of the Hazeel cult.
npc	895	Boy	A sad looking child...
npc	896	Nora T. Hagg	Distinctly witchey.
npc	897	Witches experiment	Looks unnatural.
npc	898	Witches experiment second form	Looks unnatural.
npc	899	Witches experiment third form	Looks unnatural.
npc	900	Witches experiment fourth form	Looks unnatural.
npc	901	Mouse	Deceptively mouse shaped.
npc	902	Gundai	He must get lonely out here.
npc	903	Lundail	He sells rune stones.
npc	904	Chamber guardian	He hasn't seen much sun lately.
npc	905	Kolodion	He runs the mage arena.
npc	906	Kolodion	He runs the mage arena.
npc	907	Kolodion	He runs the mage arena.
npc	908	Kolodion	He's a shape shifter.
npc	909	Kolodion	He's a shape shifter.
npc	910	Kolodion	He's a shape shifter.
npc	911	Kolodion	He's a shape shifter.
npc	912	Battle mage	He kills in the name of Zamorak.
npc	913	Battle mage	He kills in the name of Saradomin.
npc	914	Battle mage	He kills in the name of Guthix.
npc	915	Leela	She comes from Al-Kharid.
npc	916	Joe	Lady Keli's head guard.
npc	917	Jail guard	I wonder who he's guarding?
npc	918	Ned	An old sailor.
npc	919	Lady Keli	An infamous bandit.
npc	920	Prince Ali	A young prince.
npc	921	Prince Ali	Now that's an effective disguise!
npc	922	Aggie	A witch.
npc	923	Hassan	The chancellor to the Emir.
npc	924	Osman	He looks a little shifty.
npc	925	Border Guard	Guards the border.
npc	926	Border Guard	Guards the border.
npc	927	Fishing spot	I can see fish swimming in the water.
npc	928	Gujuo	A dark, charismatic jungle native.
npc	929	Ungadulu	The Kharazi tribe's elusive Shaman.
npc	930	Ungadulu	The Kharazi tribe's elusive Shaman - something doesn't look quite right with him.
npc	931	Jungle Savage	An aggressive native of the Kharazi Jungle.
npc	932	Fionella	She sells general items at the Legends Guild.
npc	933	Siegfried Erkle	An eccentric shop keeper - related to the Grand Vizier of the Legends Guild.
npc	934	Nezikchened	An ancient powerful demon of the underworld.
npc	935	Viyeldi	The spirit of a long-dead wizard.
npc	936	San Tojalon	The spirit of a long dead warrior.
npc	937	Irvig Senay	The spirit of a long dead warrior.
npc	938	Ranalph Devere	The spirit of a long dead warrior.
npc	939	Boulder	I wonder what this is doing here.
npc	940	Echned Zekin	A spirit of the underworld.
npc	941	Green dragon	Must be related to Elvarg.
npc	942	Master Chef	An expert on all things culinary.
npc	943	Survival Expert	Very much an outdoors type.
npc	944	Combat Instructor	An expert on all forms of combat.
npc	945	RuneScape Guide	Your introduction to the world of RuneScape.
npc	946	Magic Instructor	A Master of Magics.
npc	947	Financial Advisor	An official representative from the First National Bank of RuneScape.
npc	948	Mining Instructor	An expert on mining related skills.
npc	949	Quest Guide	Your introduction to the world of RuneScape.
npc	950	Giant rat	Overgrown vermin.
npc	951	Chicken	Yep definitely a chicken.
npc	952	Fishing spot	I can see fish swimming in the water.
npc	953	Banker	He can look after my money.
npc	954	Brother Brace	A holy man.
npc	955	Cow	A cow by any other name would smell as sweet.
npc	956	Drunken Dwarf	He's had a fair bit to drink...
npc	957	Mubariz	Tough looking combat type.
npc	958	Fadli	Looks kinda bored.
npc	959	A'abla	Trained to deal with all sorts of injuries.
npc	960	Sabreen	Wow! She's made a statement with that hair!
npc	961	Tafani	Looks after injured fighters.
npc	962	Jaraah	Has the messy job of putting players back together again.
npc	963	Zahwa	'Battle scarred'.
npc	964	Ima	A citizen of Al Kharid.
npc	965	Sabeil	A citizen of Al Kharid.
npc	966	Jadid	A citizen of Al Kharid.
npc	967	Dalal	A citizen of Al Kharid.
npc	968	Afrah	A citizen of Al Kharid.
npc	969	Jeed	A citizen of Al Kharid.
npc	970	Diango	He smells funny.
npc	971	Chadwell	Shop keeper.
npc	972	Koftik	The cave guide.
npc	973	Koftik	The cave guide.
npc	974	Koftik	The cave guide.
npc	975	Koftik	The cave guide.
npc	976	Koftik	The cave guide.
npc	977	Blessed spider	It's one of Iban's pets.
npc	978	Blessed Giant rat	It's one of Iban's pet vermin.
npc	979	Slave	A wretched slave of Iban.
npc	980	Slave	A wretched slave of Iban.
npc	981	Slave	A wretched slave of Iban.
npc	982	Slave	A wretched slave of Iban.
npc	983	Slave	A wretched slave of Iban.
npc	984	Slave	A wretched slave of Iban.
npc	985	Slave	A wretched slave of Iban.
npc	986	Boulder	Precariously balanced....
npc	987	Unicorn	The animal is caged here.
npc	988	Sir Jerro	A mighty looking warrior.
npc	989	Sir Carl	A mighty looking warrior.
npc	990	Sir Harry	A mighty looking warrior.
npc	991	Half-Souless	A creature empty of emotion.
npc	992	Kardia	A dark and evil crone.
npc	993	Witch's cat	Curiosity is yet to kill this one...
npc	994	Niloof	A strong and hardy dwarf.
npc	995	Klank	A dwarven maker of gauntlets.
npc	996	Kamen	This dwarf looks intoxicated.
npc	997	Kalrag	A giant spider.
npc	998	Othainian	One of the Guardians of Iban.
npc	999	Doomion	One of the Guardians of Iban.
npc	1000	Holthion	One of the Guardians of Iban.
npc	1001	Dark mage	A dark magic user.
npc	1002	Iban disciple	A dark magic user.
npc	1003	Lord Iban	The great and dreadful Lord Iban
npc	1004	Spider	Incey wincey.
npc	1005	Giant bat	Annoying flappy thing.
npc	1006	Sea slug	A rather nasty looking crustacean.
npc	1007	Zamorak Wizard	A servant of Zamorak.
npc	1008	Hamid	A holy man.
npc	1009	Poison spider	A nasty poisonous arachnid.
npc	1010	Rantz	A large dim looking humanoid.
npc	1011	Fycie	This must be Rantz's daughter.
npc	1012	Bugs	This must be Rantz's son.
npc	1013	Swamp toad	A green skinned croaker, loves the swamp.
npc	1014	Bloated Toad	A green skinned croaker.
npc	1015	Chompy bird	A large boisterous bird, a delicacy for ogres.
npc	1016	Chompy bird	A once boisterous bird, closer to being an ogre delicacy.
npc	1017	Chicken	Yep, definitely a chicken.
npc	1018	Rooster	He rules the...er...roost.
npc	1019	Fire elemental	A fire elemental.
npc	1020	Earth elemental	An earth elemental.
npc	1021	Air elemental	An air elemental.
npc	1022	Water elemental	A water elemental.
npc	1023	Earth elemental	An earth elemental.
npc	1024	Man	One of RuneScape's many citizens.
npc	1025	Man	One of RuneScape's many citizens.
npc	1026	Man	One of RuneScape's many citizens.
npc	1027	Woman	One of RuneScape's many citizens.
npc	1028	Woman	One of RuneScape's many citizens.
npc	1029	Woman	One of RuneScape's many citizens.
npc	1030	Wolfman	Eek! A werewolf!
npc	1031	Wolfman	Eek! A werewolf!
npc	1032	Wolfman	Eek! A werewolf!
npc	1033	Wolfwoman	Eek! A werewolf!
npc	1034	Wolfwoman	Eek! A werewolf!
npc	1035	Wolfwoman	Eek! A werewolf!
npc	1036	Banker	He can look after my money.
npc	1037	Man	One of RuneScape's many citizens.
npc	1038	Rufus	There's something strange about him...
npc	1039	Barker	Has a distinguished air about him.
npc	1040	Fidelio	A lycanthrope shopkeeper.
npc	1041	Sbott	Has a faint smell of chemicals about him.
npc	1042	Roavar	Seems a jolly chap.
npc	1043	Will o' the wisp	Mysterious swamp lights...
npc	1044	Monk of Zamorak	An evil human cleric.
npc	1045	Monk of Zamorak	An evil human cleric.
npc	1046	Monk of Zamorak	An evil human cleric.
npc	1047	Temple guardian	Looks like a big ugly dog.
npc	1048	Drezel	A holy man.
npc	1049	Drezel	A holy man.
npc	1050	Filliman Tarlock	The animated spirit of a soul not at rest.
npc	1051	Nature Spirit	A spirit of Nature.
npc	1052	Ghast	Arrghhh... A Ghast.
npc	1053	Ghast	Arrghhh... A Ghast.
npc	1054	Ulizius	A slightly nervous guard.
npc	1055	Pirate Jackie the Fruit	Ticket trader for the Brimhaven Agility Arena.
npc	1056	Mime	A mute performer.
npc	1057	Strange watcher	A member of the audience.
npc	1058	Strange watcher	A member of the audience.
npc	1059	Strange watcher	A member of the audience.
npc	1060	Denulth	Commander of the Imperial Guard.
npc	1061	Sergeant	Sergeant of the Imperial Guard.
npc	1062	Sergeant	Sergeant of the Imperial Guard.
npc	1063	Soldier	A soldier of the Imperial Guard.
npc	1064	Soldier	A soldier of the Imperial Guard.
npc	1065	Soldier	A soldier of the Imperial Guard.
npc	1066	Soldier	A soldier of the Imperial Guard.
npc	1067	Soldier	A soldier of the Imperial Guard.
npc	1068	Soldier	A soldier of the Imperial Guard.
npc	1069	Soldier	A soldier of the Imperial Guard.
npc	1070	Saba	A dishevelled and irritable hermit.
npc	1071	Tenzing	An experienced Sherpa.
npc	1072	Eadburg	The Burthorpe Castle cook.
npc	1073	Archer	A Burthorpe Castle archer.
npc	1074	Archer	A Burthorpe Castle archer.
npc	1075	Archer	A Burthorpe Castle archer.
npc	1076	Guard	A Burthorpe Castle guard.
npc	1077	Guard	A Burthorpe Castle guard.
npc	1078	Harold	An off-duty Burthorpe Castle guard.
npc	1079	Tostig	Barman of the Toad and Chicken.
npc	1080	Eohric	Head servant for Prince Anlaf.
npc	1081	Servant	A servant for Prince Anlaf.
npc	1082	Dunstan	Smithy for Burthorpe.
npc	1083	Wistan	Shopkeeper for Burthorpe.
npc	1084	Breoca	A citizen of Burthorpe.
npc	1085	Ocga	A citizen of Burthorpe.
npc	1086	Man	One of RuneScape's many citizens.
npc	1087	Penda	A citizen of Burthorpe.
npc	1088	Hygd	A citizen of Burthorpe.
npc	1089	Ceolburg	A citizen of Burthorpe.
npc	1090	Hild	Pretty young woman with an air of mystery around her.
npc	1091	Bob	The Jagex cat.
npc	1092	White Knight	The Knight seems to be watching something.
npc	1093	Billy	Billy is a baahd goat.
npc	1094	Mountain Goat	This beast doesn't need climbing boots.
npc	1095	Rock	The biggest and baddest troll.
npc	1096	Stick	A big, bad troll.
npc	1097	Pee Hat	A nasty looking troll.
npc	1098	Kraka	A nasty looking troll.
npc	1099	Dung	Human is his speciality.
npc	1100	Ash	Human is his speciality.
npc	1101	Thrower Troll	Small for a troll but mean, ugly and throws rocks.
npc	1102	Thrower Troll	Small for a troll but mean, ugly and throws rocks.
npc	1103	Thrower Troll	Small for a troll but mean, ugly and throws rocks.
npc	1104	Thrower Troll	Small for a troll but mean, ugly and throws rocks.
npc	1105	Thrower Troll	Small for a troll but mean, ugly and throws rocks.
npc	1106	Mountain Troll	Small for a troll but mean and ugly.
npc	1107	Mountain Troll	Small for a troll but mean and ugly.
npc	1108	Mountain Troll	Small for a troll but mean and ugly.
npc	1109	Mountain Troll	Small for a troll but mean and ugly.
npc	1110	Mountain Troll	Small for a troll but mean and ugly.
npc	1111	Mountain Troll	Small for a troll but mean and ugly.
npc	1112	Mountain Troll	Small for a troll but mean and ugly.
npc	1113	Eadgar	A rather mad looking hermit.
npc	1114	Godric	Dunstan's son.
npc	1115	Troll General	One of the Troll Generals.
npc	1116	Troll General	One of the Troll Generals.
npc	1117	Troll General	One of the Troll Generals.
npc	1118	Troll Spectator	He's watching the arena.
npc	1119	Troll Spectator	He's watching the arena.
npc	1120	Troll Spectator	He's watching the arena.
npc	1121	Troll Spectator	He's watching the arena.
npc	1122	Troll Spectator	He's watching the arena.
npc	1123	Troll Spectator	He's watching the arena.
npc	1124	Troll Spectator	He's watching the arena.
npc	1125	Dad	An unusually large troll.
npc	1126	Twig	He's guarding the cells.
npc	1127	Berry	He's guarding the cells.
npc	1128	Twig	He's guarding the cells.
npc	1129	Berry	He's guarding the cells.
npc	1130	Thrower Troll	Small for a troll but mean, ugly and throws rocks.
npc	1131	Thrower Troll	Small for a troll but mean, ugly and throws rocks.
npc	1132	Thrower Troll	Small for a troll but mean, ugly and throws rocks.
npc	1133	Thrower Troll	Small for a troll but mean, ugly and throws rocks.
npc	1134	Thrower Troll	Small for a troll but mean, ugly and throws rocks.
npc	1135	Cook	Human is his speciality.
npc	1136	Cook	Human is his speciality.
npc	1137	Cook	Human is his speciality.
npc	1138	Mountain Troll	Small for a troll but mean and ugly.
npc	1139	Mushroom	He's fast asleep.
npc	1140	Mountain Goat	This beast doesn't need climbing boots.
npc	1141	Mountain Goat	This beast doesn't need climbing boots.
npc	1142	Guard	He's guarding the storeroom.
npc	1143	Guard	He's guarding the storeroom.
npc	1144	Guard	He's guarding the storeroom.
npc	1145	Guard	He's guarding the storeroom.
npc	1146	Guard	He's guarding the storeroom.
npc	1147	Guard	He's guarding the storeroom.
npc	1148	Guard	He's guarding the storeroom.
npc	1149	Guard	He's guarding the storeroom.
npc	1150	Guard	He's guarding the goutweed.
npc	1151	Burntmeat	Human is his speciality.
npc	1152	Weird Old Man	What's he mumbling about?
npc	1153	Kalphite Worker	I don't think insect repellent will work...
npc	1154	Kalphite Soldier	I don't think insect repellent will work...
npc	1155	Kalphite Guardian	I don't think insect repellent will work...
npc	1156	Kalphite Worker	I don't think insect repellent will work...
npc	1157	Kalphite Guardian	I don't think insect repellent will work...
npc	1158	Kalphite Queen	I don't think insect repellent will work...
npc	1159	Kalphite Queen	I don't think insect repellent will work...
npc	1160	Kalphite Queen	I don't think insect repellent will work...
npc	1161	Kalphite Larva	I don't think insect repellent will work...
npc	1162	Timfraku	The imposing Chief of Tai Bwo Wannai.
npc	1163	Tiadeche	A rather depressed looking fisherman.
npc	1164	Tiadeche	A rather depressed looking fisherman.
npc	1165	Tinsay	A more than slightly eccentric looking priest.
npc	1166	Tinsay	A more than slightly eccentric looking priest.
npc	1167	Tamayu	A hunter who long ago succumbed to blood lust.
npc	1168	Tamayu	A hunter who long ago succumbed to blood lust.
npc	1169	Tamayu	A hunter who long ago succumbed to blood lust.
npc	1170	Tamayu	A hunter who long ago succumbed to blood lust.
npc	1171	Lubufu	A crotchety old fisherman who doesn't like young whippersnappers.
npc	1172	The Shaikahan	A huge beast, resembling in some ways a lion, but mostly a twisted nightmare.
npc	1173	The Shaikahan	A huge beast, resembling in some ways a lion, but mostly a twisted nightmare.
npc	1174	Fishing spot	There are brightly coloured fish swimming in the water.
npc	1175	Fishing spot	There are brightly coloured fish swimming in the water.
npc	1176	Fishing spot	Something dark green is lurking in these waters.
npc	1177	Fishing spot	Something dark green is lurking in these waters.
npc	1178	Fishing spot	Something dark green is lurking in these waters.
npc	1179	Gull	A sea bird.
npc	1180	Cormorant	A sea bird.
npc	1181	Albatross	A sea bird.
npc	1182	Lord Iorwerth	An elf lord.
npc	1183	Elf warrior	He looks pretty handy with that bow.
npc	1184	Elf warrior	I don't wanna be at the wrong end of that pike.
npc	1185	Elven city guard	An elven city guard.
npc	1186	Idris	An elven hunting party leader.
npc	1187	Essyllt	An elven war band leader.
npc	1188	Morvran	An elven warrior.
npc	1189	Fishing spot	I can see fish swimming in the water.
npc	1190	Fishing spot	I can see fish swimming in the water.
npc	1191	Fishing spot	I can see fish swimming in the water.
npc	1192	Rabbit	A cute bunny rabbit.
npc	1193	Rabbit	A cute bunny rabbit.
npc	1194	Rabbit	A cute bunny rabbit.
npc	1195	Grizzly bear	Eek! A big bear!
npc	1196	Grizzly bear cub	Eek! A bear cub!
npc	1197	Grizzly bear cub	Eek! A bear cub!
npc	1198	Dire Wolf	What big teeth you have.
npc	1199	Elf Tracker	An elf tracker.
npc	1200	Tyras guard	One of King Tyras's men.
npc	1201	Elf warrior	He looks pretty handy with that bow.
npc	1202	Arianwyn	An odd looking person.
npc	1203	Tyras guard	One of King Tyras's men.
npc	1204	Tyras guard	One of King Tyras's men.
npc	1205	Tyras guard	One of King Tyras's men.
npc	1206	Tyras guard	One of King Tyras's men.
npc	1207	General Hining	Leader of King Tyras's men.
npc	1208	Quartermaster	Responsible for the food and equipment of the troops.
npc	1209	Koftik	The cave guide.
npc	1210	Kings messenger	One of King Lathas' messengers.
npc	1211	Will o' the wisp	Mysterious swamp lights...
npc	1212	Will o' the wisp	Mysterious swamp lights...
npc	1213	Tegid	He's washing his clothes in the lake.
npc	1214	Thistle	It's a Troll Thistle.
npc	1215	Parrots	What a colourful bunch of parrots!
npc	1216	Parroty Pete	He seems strangely familiar...
npc	1217	Gardener	An old gardener.
npc	1218	Ghoul	It's totally savage.
npc	1219	Leech	Yuck! It's all slimy!
npc	1220	Vampire	Where did that come from?
npc	1221	Spider	Nasty little creature.
npc	1222	Mist	Is it a low cloud?
npc	1223	Vampire	It looks really hungry!
npc	1224	Vampyric hound	And I shall call him Fang.
npc	1225	Vampire	A royal pain in the neck.
npc	1226	Tree	Its bark is worse than its swipe.
npc	1227	Myre Blamish Snail	A marsh coloured blamish snail, these types are said to spit acid.
npc	1228	Blood Blamish Snail	A blood coloured blamish snail, these types are said to spit acid.
npc	1229	Ochre Blamish Snail	A muddy coloured blamish snail, these types are said to spit acid.
npc	1230	Bruise Blamish Snail	A bruise blue coloured blamish snail, these types are said to spit acid.
npc	1231	Bark Blamish Snail	A branch bark coloured blamish snail, these types are said to spit acid.
npc	1232	Myre Blamish Snail	A marsh coloured blamish snail, these types are said to spit acid.
npc	1233	Blood Blamish Snail	A blood coloured blamish snail, these types are said to spit acid.
npc	1234	Ochre Blamish Snail	A muddy coloured blamish snail, these types are said to spit acid.
npc	1235	Bruise Blamish Snail	A bruise blue coloured blamish snail, these types are said to spit acid.
npc	1236	Fishing spot	I can see 'things' swimming in the water.
npc	1237	Fishing spot	I can see 'things' swimming in the water.
npc	1238	Fishing spot	I can see 'things' swimming in the water.
npc	1239	Bedabin Nomad Fighter	A bedabin nomad fighter - a sandy swordsman.
npc	1240	Loar Shadow	A shadowy sort of entity, kind of creepy looking.
npc	1241	Loar Shade	The shadowy remains of a long departed soul.
npc	1242	Shade Spirit	A spirit rising towards eternal peace.
npc	1243	Phrin Shadow	A shadowy sort of entity, kind of creepy looking.
npc	1244	Phrin Shade	The shadowy remains of a long departed soul.
npc	1245	Riyl Shadow	A shadowy sort of entity, kind of creepy looking.
npc	1246	Riyl Shade	The shadowy remains of a long departed soul.
npc	1247	Asyn Shadow	A shadowy sort of entity, kind of creepy looking.
npc	1248	Asyn Shade	The shadowy remains of a long departed soul.
npc	1249	Fiyr Shadow	A shadowy sort of entity, kind of creepy looking.
npc	1250	Fiyr Shade	The shadowy remains of a long departed soul.
npc	1251	Afflicted(Ulsquire)	A local villager of Mort'ton.
npc	1252	Ulsquire Shauncy	A local villager of Mort'ton.
npc	1253	Afflicted(Razmire)	A local villager of Mort'ton.
npc	1254	Razmire Keelgan	A local villager of Mort'ton.
npc	1255	Mort'ton Local	A local villager of Mort'ton.
npc	1256	Mort'ton Local	A local villager of Mort'ton.
npc	1257	Afflicted	A local villager of Mort'ton.
npc	1258	Afflicted	A local villager of Mort'ton.
npc	1259	Mort'ton local	A local villager of Mort'ton.
npc	1260	Mort'ton local	A local villager of Mort'ton.
npc	1261	Afflicted	A local villager of Mort'ton.
npc	1262	Afflicted	A local villager of Mort'ton.
npc	1263	Wizard	Slightly more magical.
npc	1264	Saradomin Wizard	A follower of Saradomin.
npc	1265	Rock Crab	No one likes crabs...
npc	1266	Rocks	A rocky outcrop.
npc	1267	Rock Crab	No one likes crabs...
npc	1268	Rocks	A rocky outcrop.
npc	1269	Olaf the Bard	A Fremennik bard.
npc	1270	Lalli	Distinctly troll shaped.
npc	1271	Golden sheep	Freshly shorn.
npc	1272	Golden sheep	Lovely thick wool.
npc	1273	Fossegrimen	A powerful spirit that lives in this lake.
npc	1274	Ospak	Looks like he's had a few drinks already.
npc	1275	Styrmir	Doesn't look like the musical type.
npc	1276	Torbrund	Waiting for the show.
npc	1277	Fridgeir	A music lover?
npc	1278	Longhall Bouncer	He's fat, he's round, he bounces on the ground. That's how he got the job.
npc	1279	The Draugen	A fearful spirit of the drowned.
npc	1280	Butterfly	Flutter by oh butterfly.
npc	1281	Sigli the Huntsman	A Fremennik hunter.
npc	1282	Sigmund The Merchant	A Fremennik merchant.
npc	1283	Swensen the Navigator	A Fremennik navigator.
npc	1284	Bjorn	Looks like he's having fun!
npc	1285	Eldgrim	He's only as think as you drunk he is!
npc	1286	Manni the Reveller	Every innkeeper's best friend!
npc	1287	Council workman	Supposedly fixes things around RuneScape.
npc	1288	Peer the Seer	A Fremennik riddler.
npc	1289	Thorvald the Warrior	A Fremennik hero.
npc	1290	Koschei the deathless	Your challenge awaits!
npc	1291	Koschei the deathless	Your challenge awaits!
npc	1292	Koschei the deathless	Your challenge awaits!
npc	1293	Koschei the deathless	Your challenge awaits!
npc	1294	Brundt the Chieftain	The Fremennik tribe's chieftain.
npc	1295	Askeladden	Looks like a wanna be Fremennik.
npc	1296	Guard	Stands around and looks at stuff all day.
npc	1297	Guard	Stands around and looks tough all day.
npc	1298	Town Guard	What a rubbish job he has.
npc	1299	Town Guard	Who's going to steal a whole town anyway?
npc	1300	Thora the Barkeep	The Longhall barkeep
npc	1301	Yrsa	Pretty shabbily dressed for a clothes shop owner.
npc	1302	Fisherman	There's something fishy about this guy.
npc	1303	Skulgrimen	Sells and makes weapons and armour.
npc	1304	Sailor	He's strong to the finish, because he eats cabbage.
npc	1305	Agnar	One of Rellekka's many citizens.
npc	1306	Freidir	One of Rellekka's many citizens.
npc	1307	Borrokar	One of Rellekka's many citizens.
npc	1308	Lanzig	One of Rellekka's many citizens.
npc	1309	Pontak	One of Rellekka's many citizens.
npc	1310	Freygerd	One of Rellekka's many citizens.
npc	1311	Lensa	One of Rellekka's many citizens.
npc	1312	Jennella	One of Rellekka's many citizens.
npc	1313	Sassilik	One of Rellekka's many citizens.
npc	1314	Inga	One of Rellekka's many citizens.
npc	1315	Fish monger	Fish-tastic!
npc	1316	Fur trader	I wonder what he does with all that fur?
npc	1317	Market Guard	Keeps the stalls secure.
npc	1318	Warrior	A hardened Fremennik warrior.
npc	1319	Fox	Foxy.
npc	1320	Bunny	Hoppity, hoppity.
npc	1321	Bunny	Hoppity, hoppity.
npc	1322	Gull	A sea bird.
npc	1323	Gull	A sea bird.
npc	1324	Gull	A sea bird.
npc	1325	Gull	A sea bird.
npc	1326	Bear Cub	Cute.  But deadly.
npc	1327	Bear Cub	Cute.  But deadly.
npc	1328	Unicorn Foal	Horned Horsey.
npc	1329	Black unicorn Foal	Cute but evil.
npc	1330	Wolf	Not mans' best friend.
npc	1331	Fishing spot	I can see fish swimming in the water.
npc	1332	Fishing spot	I can see fish swimming in the water.
npc	1333	Fishing spot	I can see fish swimming in the water.
npc	1334	Jossik	Apparently he keeps a lighthouse.
npc	1335	Jossik	Looks like he's in trouble...
npc	1336	Larrissa	A fremennik girl.
npc	1337	Larrissa	A fremennik girl.
npc	1338	Dagannoth	A horror from the ocean depths...
npc	1339	Dagannoth	A horror from the ocean depths...
npc	1340	Dagannoth	A horror from the ocean depths...
npc	1341	Dagannoth	A horror from the ocean depths...
npc	1342	Dagannoth	A horror from the ocean depths...
npc	1343	Dagannoth	A horror from the ocean depths...
npc	1344	Dagannoth	A horror from the ocean depths...
npc	1345	Dagannoth	A horror from the ocean depths...
npc	1346	Dagannoth	A horror from the ocean depths...
npc	1347	Dagannoth	A horror from the ocean depths...
npc	1348	Dagannoth mother	A horror from the ocean depths...
npc	1349	Dagannoth mother	A horror from the ocean depths...
npc	1350	Dagannoth mother	A horror from the ocean depths...
npc	1351	Dagannoth mother	A horror from the ocean depths...
npc	1352	Dagannoth mother	A horror from the ocean depths...
npc	1353	Dagannoth mother	A horror from the ocean depths...
npc	1354	Dagannoth mother	A horror from the ocean depths...
npc	1355	Dagannoth mother	A horror from the ocean depths...
npc	1356	Dagannoth mother	A horror from the ocean depths...
npc	1357	Sam	Pretty barmaid.
npc	1358	Rachael	Pretty barmaid.
npc	1359	Queen Sigrid	The Queen of Etceteria.
npc	1360	Banker	He seems happy to see you.
npc	1361	Arnor	A subject of Etceteria.
npc	1362	Haming	A subject of Etceteria.
npc	1363	Moldof	A subject of Etceteria.
npc	1364	Helga	A subject of Etceteria.
npc	1365	Matilda	A subject of Etceteria.
npc	1366	Ashild	A subject of Etceteria.
npc	1367	Skraeling	A warrior of Etceteria.
npc	1368	Skraeling	A warrior of Etceteria.
npc	1369	Fishmonger	Hmm, he smells.
npc	1370	Greengrocer	At least he eats his greens.
npc	1371	Prince Brand	The Prince of Miscellania.
npc	1372	Princess Astrid	The Princess of Miscellania.
npc	1373	King Vargas	He's in no state to rule a kingdom.
npc	1374	Guard	He's guarding the throne room.
npc	1375	Advisor Ghrim	He probably hasn't smiled since the Third Age.
npc	1376	Derrik	Smithy for Sogthorpe.
npc	1377	Farmer	He's cutting the wheat.
npc	1378	Flower Girl	No-one would mistake her for a duchess.
npc	1379	Ragnar	A subject of Miscellania.
npc	1380	Einar	A subject of Miscellania.
npc	1381	Alrik	A subject of Miscellania.
npc	1382	Thorhild	A subject of Miscellania.
npc	1383	Halla	A subject of Miscellania.
npc	1384	Yrsa	A subject of Miscellania.
npc	1385	Sailor	He's strong to the finish, because he eats cabbage.
npc	1386	Rannveig	A subject of Miscellania.
npc	1387	Thora	A subject of Miscellania.
npc	1388	Valgerd	A subject of Miscellania.
npc	1389	Skraeling	A warrior of Miscellania.
npc	1390	Broddi	A subject of Miscellania.
npc	1391	Skraeling	A warrior of Miscellania.
npc	1392	Ragnvald	A subject of Miscellania.
npc	1393	Fishmonger	Hmm, he smells.
npc	1394	Greengrocer	At least he eats his greens.
npc	1395	Lumberjack Leif	He's a lumberjack, and he's okay.
npc	1396	Miner Magnus	He's just mining his own business.
npc	1397	Fisherman Frodi	There's something fishy about him.
npc	1398	Gardener Gunnhild	She's looking a bit weedy.
npc	1399	Fishing spot	I can see fish swimming in the water.
npc	1400	Gull	A sea bird.
npc	1401	Chicken	Yep, definitely a chicken.
npc	1402	Chicken	Yep, definitely a chicken.
npc	1403	Rooster	He rules the...er...roost.
npc	1404	Rabbit	Aww, how cute.
npc	1405	Fishing spot	I can see fish swimming in the water.
npc	1406	Fishing spot	I can see fish swimming in the water.
npc	1407	Daero	Daero gives off an easy sense of authority.
npc	1408	Waydar	Waydar is some kind of flight officer.
npc	1409	Waydar	Waydar is some kind of flight officer.
npc	1410	Waydar	Waydar is some kind of flight officer.
npc	1411	Garkor	A large and weathered looking Gnome veteran.
npc	1412	Garkor	A large and weathered looking Gnome veteran.
npc	1413	Lumo	A seasoned looking Gnome foot soldier.
npc	1414	Lumo	A seasoned looking Gnome foot soldier.
npc	1415	Bunkdo	A seasoned looking Gnome foot soldier.
npc	1416	Bunkdo	A seasoned looking Gnome foot soldier.
npc	1417	Carado	A seasoned looking Gnome foot soldier.
npc	1418	Carado	A seasoned looking Gnome foot soldier.
npc	1419	Lumdo	A seasoned looking Gnome foot soldier.
npc	1420	Karam	All you see is a glimmer of light and the suggestion of shadow.
npc	1421	Karam	All you see is a glimmer of light and the suggestion of shadow.
npc	1422	Karam	All you see is a glimmer of light and the suggestion of shadow.
npc	1423	Bunkwicket	This Gnome is busy applying some kind of pasty material to the cave walls.
npc	1424	Waymottin	This Gnome is busy applying some kind of pasty material to the cave walls.
npc	1425	Zooknock	A wizened little Gnome dressed in brightly coloured clothes.
npc	1426	Zooknock	A wizened little Gnome dressed in brightly coloured clothes.
npc	1427	G.L.O. Caranock	An official looking Gnome with small beady eyes.
npc	1428	G.L.O. Caranock	An official looking Gnome with small beady eyes.
npc	1429	Dugopul	A large hairy monkey with a spade.
npc	1430	Salenab	It's Salenab the monkey.
npc	1431	Trefaji	A huge brutish gorilla. He looks like a jail guard.
npc	1432	Aberab	A huge brutish gorilla. He looks like a jail guard.
npc	1433	Solihib	The food merchant of Ape Atoll.
npc	1434	Daga	A shrewd-looking monkey swordsmith.
npc	1435	Tutab	A magical trinket dealer.
npc	1436	Ifaba	A general store type of monkey.
npc	1437	Hamab	A female monkey skilled in crafting.
npc	1438	Hafuba	A huge gorilla, head priest of this temple.
npc	1439	Denadu	A small, well dressed monkey clasping a mace. He looks like a priest.
npc	1440	Lofu	A small, well dressed monkey clasping a mace. He looks like a priest.
npc	1441	Kruk	A large ninja monkey wielding two scimitars.
npc	1442	Duke	A large ninja monkey wielding two scimitars.
npc	1443	Oipuis	A large ninja monkey wielding two scimitars.
npc	1444	Uyoro	A large ninja monkey wielding two scimitars.
npc	1445	Ouhai	A large ninja monkey wielding two scimitars.
npc	1446	Uodai	A large ninja monkey wielding two scimitars.
npc	1447	Padulah	A scimitar wielding ninja monkey. He looks like he is guarding something.
npc	1448	Awowogei	A rather dapper little monkey.
npc	1449	Uwogo	A smartly clothed large monkey.
npc	1450	Muruwoi	A smartly clothed large monkey.
npc	1451	Sleeping Monkey	A rather sleepy looking guard, wielding some kind of bat.
npc	1452	Monkey Child	An adorable little monkey child.
npc	1453	The Monkey's Uncle	He looks like the Monkey's Uncle.
npc	1454	The Monkey's Aunt	She looks like the Monkey's Aunt.
npc	1455	Monkey Guard	A scimitar wielding ninja monkey.
npc	1456	Monkey Archer	A bow wielding ninja monkey.
npc	1457	Monkey Archer	A bow wielding ninja monkey. It looks particularly dangerous.
npc	1458	Monkey Archer	A bow wielding ninja monkey.
npc	1459	Monkey Guard	A huge brutish gorilla armoured with dangerous looking vambraces.
npc	1460	Monkey Guard	A huge brutish gorilla armoured with dangerous looking vambraces.
npc	1461	Elder Guard	A huge brutish gorilla stands here, blocking the way.
npc	1462	Elder Guard	A huge brutish gorilla stands here, blocking the way.
npc	1463	Monkey	This monkey seems like it might want to talk!
npc	1464	Monkey	This poor pet monkey looks very lost.
npc	1465	Monkey Zombie	A large and lumbering undead monkey.
npc	1466	Monkey Zombie	A large and lumbering undead monkey stands here, blocking the way.
npc	1467	Monkey Zombie	A recently deceased monkey. Its flesh seems to be worse for the wear.
npc	1468	Bonzara	A small monkey dressed in purple clothes. He looks like a priest.
npc	1469	Monkey Minder	He looks like the type of guy who would mind monkeys.
npc	1470	Foreman	The boss!
npc	1471	Skeleton	It looks just a bit ... underfed.
npc	1472	Jungle Demon	A Greater Jungle Demon. A magical aura emanates from its hide.
npc	1473	Spider	It's an extremely small brown spider. Probably very poisonous.
npc	1474	Spider	It's an extremely small and probably poisonous brown spider.
npc	1475	Bird	It's a brightly coloured bird of the jungle.
npc	1476	Bird	It's a brightly coloured bird of the jungle. It flies very quickly.
npc	1477	Scorpion	It's an extremely dangerous looking scorpion.
npc	1478	Jungle spider	A very dangerous looking spider, with its fangs unsheathed.
npc	1479	Snake	It's a camouflaged jungle snake.
npc	1480	Small ninja monkey	It's a monkey.
npc	1481	Medium ninja monkey	It's a monkey.
npc	1482	Gorilla	It's a gorilla.
npc	1483	Bearded gorilla	It's a gorilla.
npc	1484	Ancient monkey	It's a monkey.
npc	1485	Small zombie monkey	It's a monkey.
npc	1486	Large zombie monkey	It's a monkey.
npc	1487	Monkey	It's a monkey.
npc	1488	Monkey	It's a monkey.
npc	1489	Monkey	It's a monkey.
npc	1490	Monkey	It's a monkey.
npc	1491	Monkey	It's a monkey.
npc	1492	Monkey	It's a monkey.
npc	1493	Monkey	It's a monkey.
npc	1494	Monkey	It's a monkey.
npc	1495	Monkey	It's a monkey.
npc	1496	Monkey	It's a monkey.
npc	1497	Monkey	It's a monkey.
npc	1498	Monkey	It's a monkey.
npc	1499	Monkey	It's a monkey.
npc	1500	Monkey	It's a monkey.
npc	1501	Monkey	It's a monkey.
npc	1502	Monkey	It's a monkey.
npc	1503	Monkey	It's a monkey.
npc	1504	Monkey	It's a monkey.
npc	1505	Monkey	It's a monkey.
npc	1506	Monkey	It's a monkey.
npc	1507	Monkey	It's a monkey.
npc	1508	Monkey	It's a monkey.
npc	1509	Monkey	It's a monkey.
npc	1510	Monkey	It's a monkey.
npc	1511	Gnome	It's a gnome.
npc	1512	Gnome	It's a gnome.
npc	1513	Gnome	It's a gnome.
npc	1514	Ape	It's an ape.
npc	1515	Skeleton	Could do with gaining a few pounds.
npc	1516	Demon	Demonic.
npc	1517	Gnome	It's a gnome.
npc	1518	Gnome	It's a gnome.
npc	1519	Gnome	It's a gnome.
npc	1520	Gnome	It's a gnome.
npc	1521	Bird	A tropical bird.
npc	1522	Bird	A tropical bird.
npc	1523	King Scorpion	That's poisonous.
npc	1524	Jungle spider	Arachnoid.
npc	1525	Weird snake.	Slightly more spherical than most snakes.
npc	1526	Lanthus	He must run this place.
npc	1527	Mine cart	Big, metal, and wheeled.
npc	1528	Zealot	His robes prominently display the star of Saradomin.
npc	1529	Sheep	White and fluffy.
npc	1530	Rabbit	Bright eyes.
npc	1531	Imp	A cheeky little imp.
npc	1532	Barricade	A spiky barricade.
npc	1533	Barricade	A spiky barricade.
npc	1534	Barricade	A spiky barricade.
npc	1535	Barricade	A spiky barricade.
npc	1536	Possessed Pickaxe	How does it move of its own accord?
npc	1537	Bronze pickaxe	Useful for hitting rocks.
npc	1538	Corpse	Well at least he doesn't have to worry about getting black lung.
npc	1539	Skeletal miner	I don't think the pickaxe is for hitting rocks.
npc	1540	Treus Dayth	Eeek! A big ghost!
npc	1541	Ghost	Eeek! A ghost!
npc	1542	Loading crane	Those are some of the biggest teeth I've ever seen.
npc	1543	Innocent looking key	A shiny key sitting quietly on a crate.
npc	1544	Mine cart	Big, metal, and wheeled.
npc	1545	Mine cart	Big, metal, and wheeled.
npc	1546	Mine cart	Big, metal, and wheeled.
npc	1547	Mine cart	Big, metal, and wheeled.
npc	1548	Mine cart	Big, metal, and wheeled.
npc	1549	Ghost	Eeek! A ghost!
npc	1550	Haze	A strange disturbance in the air.
npc	1551	Mischievous Ghost	That ghost looks like he's up to something.
npc	1552	Santa	He knows if you've been naughty or nice.
npc	1553	Ug	A frail little troll.
npc	1554	Aga	A beautiful troll.
npc	1555	Arrg	A massive, scary-looking troll.
npc	1556	Arrg	A massive, scary-looking troll.
npc	1557	Ug	A frail little troll.
npc	1558	Ice wolf	Not mans' best friend.
npc	1559	Ice wolf	Not mans' best friend.
npc	1560	Ice Troll	Brrrrr...he must be cold!
npc	1561	Ice Troll	Brrrrr...he must be cold!
npc	1562	Ice Troll	Brrrrr...he must be cold!
npc	1563	Ice Troll	Brrrrr...he must be cold!
npc	1564	Ice Troll	Brrrrr...he must be cold!
npc	1565	Ice Troll	Brrrrr...he must be cold!
npc	1566	Ice Troll	Brrrrr...he must be cold!
npc	1567	Cyreg Paddlehorn	A tall and imposing man who's more than familiar with boating.
npc	1568	Curpile Fyod	A typical, if overly heavy handed, jobs worth guard.
npc	1569	Veliaf Hurtz	Looks like the leader of the Myreque.
npc	1570	Sani Piliu	A pretty young rogue.
npc	1571	Harold Evans	Hot headed big built youth who trained in the militia.
npc	1572	Radigad Ponfit	A quick and agile fighter, a mercenary from Asgarnia.
npc	1573	Polmafi Ferdygris	A member of the Myreque and intellectual assistant to Veliaf.
npc	1574	Ivan Strom	A member of the Myreque and an aspiring young priest.
npc	1575	Skeleton Hellhound	A creature summoned by Vanstrom to kill the remaining Myreque.
npc	1576	Stranger	A typical villager of Canifis.
npc	1577	Vanstrom Klause	A curious fellow.
npc	1578	Mist	A billowing cloud of fine mist...it looks creepy.
npc	1579	Vanstrom Klause	A curious fellow.
npc	1580	Vanstrom Klause	An evil vampire.
npc	1581	Vanstrom Klause	An evil vampire.
npc	1582	Fire giant	A very large elemental adversary.
npc	1583	Fire giant	A very large elemental adversary.
npc	1584	Fire giant	A very large elemental adversary.
npc	1585	Fire giant	A very large elemental adversary.
npc	1586	Fire giant	A very large elemental adversary.
npc	1587	Moss giant	His beard seems to have a life of its own.
npc	1588	Moss giant	His beard seems to have a life of its own.
npc	1589	Baby red dragon	Young but still dangerous.
npc	1590	Bronze dragon	Its scales seem to be made of bronze.
npc	1591	Iron dragon	Its scales seem to be made of iron.
npc	1592	Steel dragon	Its scales seem to be made of steel.
npc	1593	Wild dog	Looks like it's got Rabies!
npc	1594	Wild dog	An unsuitable pet.
npc	1595	Saniboch	Looks like he wants money.
npc	1596	Mazchna	He looks dangerous!
npc	1597	Vannaka	He looks dangerous!
npc	1598	Chaeldar	She looks dangerous!
npc	1599	Duradel	He looks dangerous!
npc	1600	Cave crawler	A spiky crawling critter.
npc	1601	Cave crawler	A spiky crawling critter.
npc	1602	Cave crawler	A spiky crawling critter.
npc	1603	Cave crawler	A spiky crawling critter.
npc	1604	Aberrant specter	A very smelly ghost.
npc	1605	Aberrant specter	A very smelly ghost.
npc	1606	Aberrant specter	A very smelly ghost.
npc	1607	Aberrant specter	A very smelly ghost.
npc	1608	Kurask	Large, heavy, with sharp things attached to its head.
npc	1609	Kurask	Larger, heavier, with sharper things attached to its head.
npc	1610	Gargoyle	Flies like a rock.
npc	1611	Gargoyle	Flies like a rock.
npc	1612	Banshee	A tortured screaming soul.
npc	1613	Nechryael	An evil death demon.
npc	1614	Death spawn	An evil death spawn.
npc	1615	Abyssal demon	It's escaped from the abyss.
npc	1616	Basilisk	The eyes of evil.
npc	1617	Basilisk	The eyes of evil.
npc	1618	Bloodveld	The tongue of evil.
npc	1619	Bloodveld	The tongue of evil.
npc	1620	Cockatrice	The winged reptile.
npc	1621	Cockatrice	The winged reptile.
npc	1622	Rockslug	The slime of evil.
npc	1623	Rockslug	The slime of evil.
npc	1624	Dust devil	The vacuumed face of evil.
npc	1625	Smokedevil	The cave-dwelling cousin of the dust devils.
npc	1626	Turoth	He's one leg short!
npc	1627	Turoth	He's one big leg short!
npc	1628	Turoth	She's one leg short!
npc	1629	Turoth	It's one leg short!
npc	1630	Turoth	It's one small leg short!
npc	1631	Turoth	He's one big leg short!
npc	1632	Turoth	He's one big leg short!
npc	1633	Pyrefiend	A small fire demon.
npc	1634	Pyrefiend	A small fire demon.
npc	1635	Pyrefiend	A small fire demon.
npc	1636	Pyrefiend	A small fire demon.
npc	1637	Jelly	Looks scared to see me.
npc	1638	Jelly	Doesn't look so tough...
npc	1639	Jelly	Wibbly.
npc	1640	Jelly	There's always room for jelly.
npc	1641	Jelly	Needs cream.....
npc	1642	Jelly	Wobbly...
npc	1643	Infernal Mage	An evil magic user.
npc	1644	Infernal Mage	An evil magic user.
npc	1645	Infernal Mage	An evil magic user.
npc	1646	Infernal Mage	An evil magic user.
npc	1647	Infernal Mage	An evil magic user.
npc	1648	Crawling Hand	Gimmie five.  Actually, don't.
npc	1649	Crawling Hand	Gimmie five.  Actually, don't.
npc	1650	Crawling Hand	Gimmie five.  Actually, don't.
npc	1651	Crawling Hand	Gimmie five.  Actually, don't.
npc	1652	Crawling Hand	Gimmie five.  Actually, don't.
npc	1653	Crawling Hand	Now THAT's handy.
npc	1654	Crawling Hand	I'm glad its just the hand I can see...
npc	1655	Crawling Hand	A big severed hand.
npc	1656	Crawling Hand	Give the guy a big hand.....
npc	1657	Crawling Hand	A big severed hand.
npc	1658	Robe Store owner	A Supplier of Magical robes.
npc	1659	Skullball	A human skull used as a ball.
npc	1660	Skullball Boss	He's in charge of the Skullball Course.
npc	1661	Agility Boss	He's in charge of the Agility Course.
npc	1662	Skullball Trainer	A skullball guide.
npc	1663	Agility Trainer	A werewolf agility trainer.
npc	1664	Agility Trainer	Have you brought him the stick yet?
npc	1665	Werewolf	Looks like he's guarding a trapdoor...
npc	1670	Dr Fenkenstrain	Dr Fenkenstrain I presume.
npc	1673	Fenkenstrain's Monster	A hideous mix of human flesh.
npc	1674	Lord Rologarth	It looks like he has got his castle back at last.
npc	1675	Gardener Ghost	He must find gardening difficult since the accident.
npc	1676	Experiment	It has a key hanging from its collar.
npc	1677	Experiment	One of Fenkenstrain's failed experiments.
npc	1678	Experiment	One of Fenkenstrain's failed experiments.
npc	1679	Eluned	Wow - the prettiest elf I have ever seen.
npc	1680	Islwyn	An elven bowyer.
npc	1681	Moss giant	Bigger than your average moss giant.
npc	1682	Golrie	No longer locked in his own cage.
npc	1683	Velorina	A ghost lady.
npc	1684	Necrovarus	An evil priest.
npc	1685	Gravingas	This ghost looks quite rebellious.
npc	1686	Ghost Disciple	A ghost disciple.
npc	1688	Ak-Haranu	A trader from across the eastern sea.
npc	1691	Undead Cow	It's an undead cow.
npc	1692	Undead Chicken	Yep, definitely a chicken...an undead chicken
npc	1693	Giant Lobster	An extremely vicious lobster.
npc	1694	Robin	A master bowman.
npc	1695	Old crone	An old cranky lady.
npc	1696	Old man	A creaky old man.
npc	1697	Ghost Villager	A spooky ghost villager.
npc	1698	Tortured Soul	This poor soul cannot understand why it has not passed to the next world.
npc	1699	Ghost Shopkeeper	Beware the ghostly shopkeeper's wares!
npc	1700	Ghost Innkeeper	Doesn't look like the bar's open anymore.
npc	1701	Ghost Farmer	A spooky ghost farmer.
npc	1702	Ghost Banker	A ghost banker.
npc	1703	Ghost Sailor	A ghost sailor.
npc	1704	Ghost Captain	A Ghostship Captain.
npc	1705	Ghost Captain	A Ghostship Captain.
npc	1706	Ghost Guard	This ghost guards the gates of Port Phasmatys.
npc	1707	Ghost (?)	That ghost looks suspiciously like a cheap Halloween costume...
npc	1708	Ghost (?)	That ghost looks suspiciously like a cheap Halloween costume...
npc	1709	Johanhus Ulsbrecht	The leader of the 'Humans Against Monsters' group.
npc	1710	H.A.M. Guard	A guard for the humans against monster group.
npc	1711	H.A.M. Guard	A guard for the humans against monster group.
npc	1712	H.A.M. Guard	A guard for the humans against monster group.
npc	1713	H.A.M. Deacon	A deacon in the Humans Against Monsters group. A rather enthusiastic chap.
npc	1714	H.A.M. Member	A member of the 'Humans Against Monsters' group.
npc	1715	H.A.M. Member	A member of the 'Humans Against Monsters' group.
npc	1716	H.A.M. Member	A member of the 'Humans Against Monsters' group.
npc	1717	H.A.M. Member	A member of the 'Humans Against Monsters' group.
npc	1718	Jimmy the Chisel	A young man with a dark and mysterious past.
npc	1719	Tree	One of the most common trees in RuneScape.
npc	1720	Tree	One of the most common trees in RuneScape.
npc	1721	Tree	A commonly found tree.
npc	1722	Dead tree	This tree has long been dead.
npc	1723	Dead tree	This tree has long been dead.
npc	1724	Dead tree	It's only useful for firewood now.
npc	1725	Dead tree	It's only useful for firewood now.
npc	1726	Dead tree	It's only useful for firewood now.
npc	1727	Dead tree	It's only useful for firewood now.
npc	1728	Dead tree	It's only useful for firewood now.
npc	1729	Dead tree	It's only useful for firewood now.
npc	1730	Dead tree	This tree has long been dead.
npc	1731	Dead tree	This tree has long been dead.
npc	1732	Dead tree	This tree has long been dead.
npc	1733	Dramen tree	An ancient magical tree.
npc	1734	Magic tree	The tree shimmers with a magical force.
npc	1735	Maple tree	I bet this makes good syrup!
npc	1736	Willow	These trees are found near water.
npc	1737	Willow	A droopy tree.
npc	1738	Willow	These trees are found near water.
npc	1739	Oak	A beautiful old oak.
npc	1740	Yew	A splendid tree.
npc	1741	Evergreen	A hardy evergreen tree.
npc	1742	Evergreen	A hardy evergreen tree.
npc	1743	Evergreen	This would make good firewood.
npc	1744	Tree	It's thick with snow.
npc	1745	Dead tree	It's only useful for firewood now.
npc	1746	Achey Tree	An interesting tree with long straight branches.
npc	1747	Tree	A tree.
npc	1748	Tree	A tree.
npc	1749	Hollow tree	It's hollow...
npc	1750	Hollow tree	It's hollow...
npc	1751	Crow	Farmers' enemy...
npc	1752	Crow	Farmers' enemy...
npc	1753	Crow	Farmers' enemy...
npc	1754	Crow	Farmers' enemy...
npc	1755	Crow	Farmers' enemy...
npc	1756	Crow	Farmers' enemy...
npc	1757	Farmer	He grows the crops in this area.
npc	1758	Farmer	He grows the crops in this area.
npc	1759	Farmer	Farming.
npc	1760	Farmer	Farming.
npc	1761	Farmer	Farming the wheat.
npc	1762	Sheep	Freshly sheared.
npc	1763	Sheep	White and fluffy.
npc	1764	Sheep	Freshly sheared.
npc	1765	Sheep	White and fluffy.
npc	1766	Cow calf	Prelude to a steak!
npc	1767	Cow	Where beef comes from.
npc	1768	Cow calf	Young and tender, nearly ready for the slaughter.
npc	1769	Goblin	An ugly green creature.
npc	1770	Goblin	An ugly green creature.
npc	1771	Goblin	An ugly green creature.
npc	1772	Goblin	An ugly green creature.
npc	1773	Goblin	An ugly green creature.
npc	1774	Goblin	An ugly green creature.
npc	1775	Goblin	An ugly green creature.
npc	1776	Goblin	An ugly green creature.
npc	1777	Ilfeen	A female elf.
npc	1778	William	A very brave merchant.
npc	1779	Ian	A very brave merchant.
npc	1780	Larry	A very brave merchant.
npc	1781	Darren	A very brave merchant.
npc	1782	Edward	A very brave merchant.
npc	1783	Richard	A very brave merchant.
npc	1784	Neil	A very brave merchant.
npc	1785	Edmond	A very brave merchant.
npc	1786	Simon	A very brave merchant.
npc	1787	Sam	A very brave merchant.
npc	1788	Lumdo	A seasoned looking Gnome foot soldier.
npc	1789	Bunkwicket	A Gnome soldier.
npc	1790	Waymottin	A Gnome soldier.
npc	1791	Jungle Tree	This is a fairly tall tree with sparse foliage.
npc	1792	Jungle Tree	This is a fairly tall tree with sparse foliage.
npc	1793	Tassie Slipcast	A hard-working potter.
npc	1794	Hammerspike Stoutbeard	He looks quite independent in an aggressive and business like way.
npc	1795	Dwarf gang member	A short stout menacing fellow.
npc	1796	Dwarf gang member	A short stout menacing fellow.
npc	1797	Dwarf gang member	A short stout menacing fellow.
npc	1798	Phantuwti Fanstuwi Farsight	A slightly more eccentric seer.
npc	1799	Tindel Marchant	He seems quietly enthusiastic about his profession.
npc	1800	Gnormadium Avlafrim	Enthusiastic gnome construction engineer.
npc	1801	Petra Fiyed	An energetic female adventuress.
npc	1802	Slagilith	This monster totally rocks!
npc	1803	Rock pile	A pile of boulders.
npc	1804	Slagilith	This monster totally rocks!
npc	1805	Guard	He seems to be guarding a pile of rocks. Interesting job.
npc	1806	Guard	He seems to be guarding a single rock. Interesting job.
npc	1807	Hamal the Chieftain	The chieftain of the mountain camp.
npc	1808	Ragnar	He looks a little lost himself.
npc	1809	Svidi	Is he walking around in circles?
npc	1810	Jokul	He seems to be minding the goats.
npc	1812	The Kendal	Is that a bear... or a man?
npc	1813	The Kendal	Is that a bear... or a man?
npc	1814	Camp dweller	One of the inhabitants of the camp.
npc	1815	Camp dweller	One of the inhabitants of the camp.
npc	1816	Camp dweller	One of the inhabitants of the camp.
npc	1817	Camp dweller	One of the inhabitants of the camp.
npc	1818	Camp dweller	One of the inhabitants of the camp.
npc	1819	Mountain Goat	Looks a little underfed.
npc	1820	Mountain Goat	This goat belongs to the mountain camp people.
npc	1821	Bald Headed Eagle	A big birdy.
npc	1822	Cave goblin	A goblin with big bulging eyes.
npc	1823	Cave goblin	A goblin with big bulging eyes.
npc	1824	Cave goblin	A goblin with big bulging eyes.
npc	1825	Cave goblin	A goblin with big bulging eyes.
npc	1826	Hole in the wall	What could be hiding in that crack in the wall?
npc	1827	Wall Beast	A big scary hand!
npc	1828	Giant frog	It didn't get that big eating flies.
npc	1829	Big frog	It didn't get that big eating flies.
npc	1830	Frog	It eats flies.
npc	1831	Cave Slime	A foul-smelling blob of protoplasm.
npc	1832	Cave Bug	A nasty crawling critter.
npc	1833	Cave bug larva	A little slimy beetle-thing.
npc	1834	Candle seller	Has an odd smell about him.
npc	1835	Easter Bunny	Cute and friendly.
npc	1837	Dondakan the Dwarf	A short, old and gold loving guy.
npc	1838	Dondakan the Dwarf	A short, old and gold loving guy.
npc	1839	Dondakan the Dwarf	A short, old and gold loving guy.
npc	1840	Dwarven Engineer	A short angry guy.
npc	1841	Rolad	He looks a little absent-minded.
npc	1842	Khorvak, a dwarven engineer	The little guy is having trouble standing up right.
npc	1843	Dwarven Ferryman	It's probably you who will be paying the ferryman.
npc	1844	Dwarven Ferryman	It's probably you who will be paying the ferryman.
npc	1846	Dwarven Boatman	He seems to be in charge of the ship on the river.
npc	1847	Miodvetnir	He seems deeply engaged in conversation with his fellow boatmen.
npc	1848	Dernu	He seems deeply engaged in conversation with his fellow boatmen.
npc	1849	Derni	He seems deeply engaged in conversation with his fellow boatmen.
npc	1850	Arzinian Avatar of Strength	It is the avatar of the Arzinian Being of Bordanzan, representing strength.
npc	1851	Arzinian Avatar of Strength	It is the avatar of the Arzinian Being of Bordanzan, representing strength.
npc	1852	Arzinian Avatar of Strength	It is the avatar of the Arzinian Being of Bordanzan, representing strength.
npc	1853	Arzinian Avatar of Ranging	It is the avatar of the Arzinian Being of Bordanzan, representing ranging.
npc	1854	Arzinian Avatar of Ranging	It is the avatar of the Arzinian Being of Bordanzan, representing ranging.
npc	1855	Arzinian Avatar of Ranging	It is the avatar of the Arzinian Being of Bordanzan, representing ranging.
npc	1856	Arzinian Avatar of Magic	It is the avatar of the Arzinian Being of Bordanzan, representing magic.
npc	1857	Arzinian Avatar of Magic	It is the avatar of the Arzinian Being of Bordanzan, representing magic.
npc	1858	Arzinian Avatar of Magic	It is the avatar of the Arzinian Being of Bordanzan, representing magic.
npc	1859	Arzinian Being of Bordanzan	It's the Arzinian Being, whatever that is, that comes from Bordanzan, wherever that is.
npc	1860	Brian	He sells ranging equipment.
npc	1862	Ali Morrisane	A bazaar merchant.
npc	1863	Drunken Ali	Drunk man.
npc	1864	Ali The barman	A hassled looking barman.
npc	1865	Ali the Kebab seller	A kebab seller.
npc	1866	Market seller	A market stall keeper.
npc	1867	Ali the Camel Man	Ali the discount animal seller.
npc	1868	Street urchin	A mischievous looking child.
npc	1870	Ali the Mayor	Mayor of Pollnivneach.
npc	1871	Ali the Hag	An old Hag named Alice.
npc	1872	Ali the Snake Charmer	A snake charmer.
npc	1873	Ali the Camel	A foul tempered ugly lumpy yellow horse prone to spitting.
npc	1874	Desert snake	A slithering serpent.
npc	1875	Snake	A toothless old Snake.
npc	1878	Bandit Leader	Leads the Bandits.
npc	1880	Bandit	A vicious thief.
npc	1881	Bandit	A vicious thief.
npc	1883	Bandit	Tough-looking.
npc	1884	Bandit	Tough-looking.
npc	1885	Bandit champion	A very tough-looking bandit.
npc	1886	Cowardly Bandit	Probably the weakest bandit in the world ....ever.
npc	1888	Villager	An old male villager.
npc	1889	Villager	An old male villager.
npc	1890	Villager	An old male villager.
npc	1892	Villager	Male desert villager.
npc	1893	Villager	Male desert villager.
npc	1894	Villager	Male desert villager.
npc	1896	Villager	Female desert villager.
npc	1897	Villager	Female desert villager.
npc	1898	Villager	Female desert villager.
npc	1901	Menaphite Leader	Leader of the Menaphites.
npc	1902	Ali the Operator	Smooth operator.
npc	1904	Menaphite Thug	Menaphite thug.
npc	1905	Menaphite Thug	Menaphite thug.
npc	1906	Tough Guy	Tough looking Menaphite.
npc	1908	Broken clay golem	An animated clay statue with a lot of clay missing.
npc	1909	Damaged clay golem	An animated clay statue with some clay missing.
npc	1910	Clay golem	An animated clay statue.
npc	1911	Desert Phoenix	Definitely not a chicken.
npc	1912	Elissa	An old archaeologist.
npc	1913	Kamil	Ice warrior.
npc	1914	Dessous	Vampire warrior of Zamorak.
npc	1915	Dessous	Vampire warrior of Zamorak.
npc	1916	Ruantun	Luckily, I can't see much of his face.
npc	1917	Bandit shopkeeper	I guess he sells what he steals...?
npc	1918	Archaeologist	Hardened by the cutthroat world of archaeology.
npc	1919	Stranger	Very mysterious looking...
npc	1920	Malak	One of Morytania's vampiric nobility.
npc	1921	Bartender	Looks like a rough and ready type.
npc	1923	Eblis	A very distinguished looking man.
npc	1925	Eblis	A very distinguished looking man.
npc	1926	Bandit	A tough-looking criminal.
npc	1927	Bandit	A tough-looking criminal.
npc	1928	Bandit	A tough-looking criminal.
npc	1929	Bandit	A tough-looking criminal.
npc	1930	Bandit	A tough-looking criminal.
npc	1931	Bandit	A tough-looking criminal.
npc	1933	Troll child	A little ice troll.
npc	1934	Troll child	A little ice troll.
npc	1935	Ice troll	An ice troll.
npc	1936	Ice Troll	Brrrrr...he must be cold!
npc	1937	Ice Troll	Brrrrr...he must be cold!
npc	1938	Ice Troll	Brrrrr...he must be cold!
npc	1939	Ice Troll	Brrrrr...he must be cold!
npc	1940	Ice Troll	Brrrrr...he must be cold!
npc	1941	Ice Troll	Brrrrr...he must be cold!
npc	1942	Ice Troll	Brrrrr...he must be cold!
npc	1944	Ice block	A troll frozen in a block of ice.
npc	1946	Ice block	A troll frozen in a block of ice.
npc	1948	Troll father	An ice troll.
npc	1950	Troll mother	An ice troll.
npc	1951	Ice wolf	Not man's best friend.
npc	1952	Ice wolf	Not man's best friend.
npc	1953	Ice wolf	Not man's best friend.
npc	1954	Ice wolf	Not man's best friend.
npc	1955	Ice wolf	Not man's best friend.
npc	1956	Ice wolf	Not man's best friend.
npc	1958	Mummy	Highly flammable!
npc	1959	Mummy	Highly flammable!
npc	1960	Mummy	A tightly wrapped monster.
npc	1961	Mummy	A tightly wrapped monster.
npc	1962	Mummy	But who's the Daddy?
npc	1963	Mummy	A victim of poor first aid.
npc	1964	Mummy	Spooky bandaged dead dude.
npc	1965	Mummy	A tightly wrapped monster.
npc	1966	Mummy	But who's the Daddy?
npc	1967	Mummy	A victim of poor first aid.
npc	1968	Mummy	Spooky bandaged dead dude.
npc	1969	Scarabs	I think they're some kind of beetle...
npc	1971	Azzanadra	A Mahjarrat warrior.
npc	1972	Rasolo	A travelling merchant.
npc	1973	Giant skeleton	A giant skeleton.
npc	1974	Damis	The warrior of darkness.
npc	1975	Damis	The warrior of darkness.
npc	1976	Shadow Hound	Looks hungry!
npc	1977	Fareed	Zamorak's warrior of fire.
npc	1978	Slave	A malnourished worker.
npc	1979	Slave	A malnourished worker.
npc	1980	Embalmer	A strange-smelling merchant.
npc	1981	Carpenter	A block of a man.
npc	1982	Linen Worker	A dedicated follower of fashion.
npc	1983	Siamun	I wonder if they dislike me examining them?
npc	1986	High Priest	A very priestly man.
npc	1988	Priest	Preach my brother!
npc	1989	Priest	Priestly.
npc	1990	Sphinx	An awe inspiring combination of a lady, a lion and an eagle.
npc	1991	Possessed Priest	He has a dangerous glint in his eye.
npc	1992	Neite	A graceful feline.
npc	1993	Crocodile	Never smile at a...
npc	1994	Jackal	He has had his day...
npc	1995	Locust	Obnoxious overgrown insect.
npc	1996	Vulture	If you see them circling... run.
npc	1997	Plague Frog	A very smelly frog.
npc	1998	Plagued Cow	I might give the burgers a miss in this town.
npc	1999	Plagued Cow	I don't fancy eating any part of this.
npc	2000	Plagued Cow	It's a sick-looking cow.
npc	2001	Scarabs	I think they're some kind of beetle...
npc	2005	Wanderer	A red haired woman.
npc	2006	Wanderer	A red haired woman.
npc	2007	Het	Guardian of the liver. Guess he doesn't drink.
npc	2008	Apmeken	Body of a woman, face of a monkey.
npc	2009	Scabaras	A scarab headed demi-god.
npc	2010	Crondis	Body of a woman, head of a crocodile.
npc	2012	Icthlarin	A jackal headed demi-god.
npc	2014	Klenter	A rather transparent character.
npc	2015	Mummy	A tightly wrapped monster.
npc	2016	Mummy	A tightly wrapped monster.
npc	2017	Mummy	A tightly wrapped monster.
npc	2018	Mummy	A tightly wrapped monster.
npc	2019	Mummy	A tightly wrapped monster.
npc	2021	Light creature	A shimmering creature of blue light.
npc	2022	Light creature	That one is carrying someone!
npc	2023	Juna	An ancient giant serpent.
npc	2024	Strange Old Man	Wonder how long he's been here...
npc	2025	Ahrim the Blighted	A vengeful spirit corrupted by dark magic.
npc	2026	Dharok the Wretched	A vengeful spirit corrupted by dark magic.
npc	2027	Guthan the Infested	A vengeful spirit corrupted by dark magic.
npc	2028	Karil the Tainted	A vengeful spirit corrupted by dark magic.
npc	2029	Torag the Corrupted	A vengeful spirit corrupted by dark magic.
npc	2030	Verac the Defiled	A vengeful spirit corrupted by dark magic.
npc	2031	Bloodworm	Think I should keep my distance...
npc	2032	Crypt rat	A nasty little rodent.
npc	2033	Giant crypt rat	A nasty overgrown rodent.
npc	2034	Crypt spider	Incey wincey.
npc	2035	Giant crypt spider	Not very incey wincey...
npc	2036	Skeleton	Could do with gaining a few pounds.
npc	2037	Skeleton	Could do with gaining a few pounds.
npc	2038	Grish	An ogre shaman
npc	2039	Uglug Nar	An ogre shaman
npc	2040	Pilg	They're done for!
npc	2041	Grug	They're done for!
npc	2042	Ogre guard	An ogre that guards.
npc	2043	Ogre guard	An ogre that guards.
npc	2044	Zogre	A partially decomposing zombie ogre.
npc	2045	Zogre	A partially decomposing zombie ogre.
npc	2046	Zogre	A partially decomposing zombie ogre.
npc	2047	Zogre	A partially decomposing zombie ogre.
npc	2048	Zogre	A partially decomposing zombie ogre.
npc	2049	Zogre	A partially decomposing zombie ogre.
npc	2050	Skogre	It's falling apart!
npc	2051	Zogre	A partially decomposing zombie ogre.
npc	2052	Zogre	A partially decomposing zombie ogre.
npc	2053	Zogre	A partially decomposing zombie ogre.
npc	2054	Zogre	A partially decomposing zombie ogre.
npc	2055	Zogre	A partially decomposing zombie ogre.
npc	2056	Skogre	A partially decomposing zombie ogre.
npc	2057	Skogre	A skeletal ogre.
npc	2058	Zombie	A human zombie.
npc	2059	Zavistic Rarve	The Grand Secretary of the Wizards' Guild in Yanille.
npc	2060	Slash Bash	A powerful looking Zogre.
npc	2061	Sithik Ints	A sick, frail old man.
npc	2062	Sithik Ints	Is it a man or is it a monster?
npc	2063	Gargh	An ogre hunting chompies.
npc	2064	Scarg	An ogre hunting chompies.
npc	2065	Gruh	An ogre hunting chompies.
npc	2066	Irwin Feaselbaum	A young assistant necromancer.
npc	2067	Fishing spot	I can see fish swimming in the water.
npc	2068	Fishing spot	I can see fish swimming in the water.
npc	2069	Cave goblin miner	This one is slacking off.
npc	2070	Cave goblin miner	This one is slacking off.
npc	2071	Cave goblin miner	This one is slacking off.
npc	2072	Cave goblin miner	This one is slacking off.
npc	2073	Cave goblin guard	He protects the miners.
npc	2074	Cave goblin guard	He protects the miners.
npc	2075	Cave goblin miner	He's working away.
npc	2076	Cave goblin miner	He's working away.
npc	2077	Cave goblin miner	He's working away.
npc	2078	Cave goblin miner	He's working away.
npc	2082	Sigmund	Advisor to the Duke of Lumbridge.
npc	2083	Sigmund	Former advisor to the Duke of Lumbridge.
npc	2084	Mistag	He looks like he's in charge of the miners.
npc	2086	Kazgar	He's standing guard.
npc	2087	Ur-tag	The ruler of the Dorgeshuun
npc	2088	Duke Horacio	Duke Horacio of Lumbridge.
npc	2089	Mistag	He looks like he's in charge of the miners.
npc	2090	Sigmund	Former adviser to the Duke of Lumbridge.
npc	2091	Secretary	Task master.
npc	2092	Purple Pewter Secretary	The head secretary of the Purple Pewter mining company.
npc	2093	Yellow Fortune Secretary	The head secretary of the Yellow Fortune mining company.
npc	2094	Blue Opal Secretary	The head secretary of the Blue Opal mining company.
npc	2095	Green Gemstone Secretary	The head secretary of the Green Gemstone mining company.
npc	2096	White Chisel Secretary	The head secretary of the White Chisel mining company.
npc	2097	Silver Cog Secretary	The head secretary of the Silver Cog mining company.
npc	2098	Brown Engine Secretary	The head secretary of the Brown Engine mining company.
npc	2099	Red Axe Secretary	The head secretary of the Red Axe mining company.
npc	2100	Purple Pewter Director	One of the leaders of the business Consortium, a ruler of Keldagrim.
npc	2101	Blue Opal Director	One of the leaders of the business Consortium, a ruler of Keldagrim.
npc	2102	Yellow Fortune Director	One of the leaders of the business Consortium, a ruler of Keldagrim.
npc	2103	Green Gemstone Director	One of the leaders of the business Consortium, a ruler of Keldagrim.
npc	2104	White Chisel Director	One of the leaders of the business Consortium, a ruler of Keldagrim.
npc	2105	Silver Cog Director	One of the leaders of the business Consortium, a ruler of Keldagrim.
npc	2106	Brown Engine Director	One of the leaders of the business Consortium, a ruler of Keldagrim.
npc	2107	Red Axe Director	One of the leaders of the business Consortium, a ruler of Keldagrim.
npc	2108	Red Axe Cat	The cat belongs to the director of the Red Axe.
npc	2109	Trader	A trader for the Purple Pewter mining company.
npc	2110	Trader	A trader for the Purple Pewter mining company.
npc	2111	Trader	A trader for the Blue Opal mining company.
npc	2112	Trader	A trader for the Blue Opal mining company.
npc	2113	Trader	A trader for the Yellow Fortune mining company.
npc	2114	Trader	A trader for the Yellow Fortune mining company.
npc	2115	Trader	A trader for the Green Gemstone mining company.
npc	2116	Trader	A trader for the Green Gemstone mining company.
npc	2117	Trader	A trader for the White Chisel mining company.
npc	2118	Trader	A trader for the White Chisel mining company.
npc	2119	Trader	A trader for the Silver Cog mining company.
npc	2120	Trader	A trader for the Silver Cog mining company.
npc	2121	Trader	A trader for the Brown Engine mining company.
npc	2122	Trader	A trader for the Brown Engine mining company.
npc	2124	Trader	A trader for the Red Axe mining company.
npc	2126	Trader	A trader for the Red Axe mining company.
npc	2127	Trade Referee	He is regulating the flow of goods on the trade floor and maintaining order.
npc	2128	Supreme Commander	He is the Supreme Commander of all regiments of the Black Guard.
npc	2129	Commander Veldaban	Veldaban, Commander of the Black Guard in Keldagrim.
npc	2130	Black Guard	A member of the Black Guard, a special division of the dwarven army.
npc	2131	Black Guard	A member of the Black Guard, a special division of the dwarven army.
npc	2132	Black Guard	A member of the Black Guard, a special division of the dwarven army.
npc	2133	Black Guard	A member of the Black Guard, a special division of the dwarven army.
npc	2134	Black Guard Berserker	An elite member of the Black Guard.
npc	2135	Black Guard Berserker	An elite member of the Black Guard.
npc	2136	Black Guard Berserker	An elite member of the Black Guard.
npc	2137	Gnome emissary	Apparantly negotiating some business with the Red Axe.
npc	2138	Gnome traveller	A gnome traveller, visiting Keldagrim.
npc	2139	Gnome traveller	A gnome traveller, visiting Keldagrim.
npc	2140	Dromund's cat	Very protective of his master... and his property.
npc	2141	Blasidar the sculptor	Makes sculptures.
npc	2143	Riki the sculptor's model	Models for sculptures.
npc	2144	Riki the sculptor's model	Models for sculptures.
npc	2145	Riki the sculptor's model	Models for sculptures.
npc	2146	Riki the sculptor's model	Models for sculptures.
npc	2147	Riki the sculptor's model	Models for sculptures.
npc	2148	Riki the sculptor's model	Models for sculptures.
npc	2149	Riki the sculptor's model	Models for sculptures.
npc	2150	Riki the sculptor's model	Models for sculptures.
npc	2151	Vigr	Proprietor of Vigr's Warhammers.
npc	2152	Santiri	Proprietor of the Quality Weapons Shop.
npc	2153	Saro	Proprietor of the Quality Armour Shop.
npc	2154	Gunslik	Proprietor of Gunslik's Assorted Items.
npc	2155	Wemund	Looks like some kind of engineer or mechanic.
npc	2156	Randivor	He's selling his bread on the market here.
npc	2157	Hervi	A gem stall owner, with goods from the deepest of mines.
npc	2158	Nolar	A crafty dwarf.
npc	2159	Gulldamar	He has lots of silver on display. And only silver.
npc	2160	Tati	An old mining dwarf, now he sells pickaxes and generally acts grumpy.
npc	2161	Agmundi	She seems to be doing rather well for herself, selling clothes in a palace shop.
npc	2162	Vermundi	A rather poor looking little dwarf, selling her clothes on the market.
npc	2163	Banker	A rather personable banker lady.
npc	2164	Banker	A rather serious old fella.
npc	2165	Librarian	He takes care of the library and its many books.
npc	2166	Assistant	Library assistant, to be exact.
npc	2167	Customer	A customer looking for books.
npc	2168	Customer	Looks like a human traveler visiting the library.
npc	2169	Dromund	What an eccentric little fellow!
npc	2170	Rind the gardener	He tends to the plants in the palace garden.
npc	2171	Factory Manager	Looks after the factory.
npc	2172	Factory Worker	Works hard at whatever it is he does.
npc	2173	Factory Worker	Works hard at whatever it is he does.
npc	2174	Factory Worker	Works hard at whatever it is he does.
npc	2175	Factory Worker	Works hard at whatever it is he does.
npc	2176	Inn Keeper	A keeper of the Inn.
npc	2177	Inn Keeper	A rich landlord, fat and jolly.
npc	2178	Barmaid	These Dwarf ladies are so attractive!
npc	2179	Barman	Makes a living off his tips I'm sure.
npc	2180	Cart conductor	He makes sure the carts don't run anyone over.
npc	2181	Cart conductor	He makes sure the carts don't run anyone over.
npc	2182	Cart conductor	He makes sure the carts don't run anyone over.
npc	2183	Cart conductor	He makes sure the carts don't run anyone over.
npc	2184	Cart conductor	He makes sure the carts don't run anyone over.
npc	2185	Cart conductor	Remember: don't drink and ride in mine carts.
npc	2186	Cart conductor	Keeps the line clear of traffic.
npc	2187	Rowdy dwarf	A loud, drunk and generally obnoxious dwarf.
npc	2188	Hegir	A bickering old dwarf.
npc	2189	Haera	A bickering old dwarf.
npc	2190	Runvastr	A sad old dwarf living in a sad old home.
npc	2191	Sune	He seems to always be busy.
npc	2192	Bentamir	This dwarf doesn't seem to be very well off.
npc	2193	Ulifed	A dwarf minding his own business.
npc	2194	Reinald	He's a bit short, but then again, he's a dwarf.
npc	2195	Karl	A short, merry guy.
npc	2196	Gauss	A beer drinking dwarf that is, for once, not totally drunk.
npc	2197	Myndill	A dwarf, wandering the streets of Keldagrim.
npc	2198	Kjut	His kebabs certainly smell delicious.
npc	2199	Tombar	He seems very tall. For a dwarf.
npc	2200	Odmar	A dwarf, wandering around Keldagrim.
npc	2201	Audmann	He seems to be very well off.
npc	2203	Drunken Dwarf	He's had a fair bit to drink...
npc	2204	Drunken Dwarf	He's had a fair bit to drink...
npc	2205	Dwarven Boatman	You cannot see his ship, but presumably he has one.
npc	2206	Dwarven Boatman	His ship miraculously survived the crash into the statue earlier.
npc	2207	Dwarven Miner	He carries a heavy load.
npc	2208	Dwarven Miner	He carries a heavy load.
npc	2209	Dwarven Miner	He carries a heavy load.
npc	2210	Dwarven Miner	He's delivered his ores.
npc	2211	Dwarven Miner	He carries a heavy load.
npc	2212	Dwarven Miner	He carries a heavy load.
npc	2213	Dwarven Miner	He carries a heavy load.
npc	2214	Dwarven Miner	He's delivered his ores.
npc	2215	Dwarven Miner	He carries a heavy load.
npc	2216	Dwarven Miner	He carries a heavy load.
npc	2217	Dwarven Miner	He carries a heavy load.
npc	2218	Dwarven Miner	He's delivered his ores.
npc	2219	Purple Pewter Director	One of the leaders of the business Consortium, a ruler of Keldagrim.
npc	2220	Purple Pewter Director	One of the leaders of the business Consortium, a ruler of Keldagrim.
npc	2221	Blue Opal Director	One of the leaders of the business Consortium, a ruler of Keldagrim.
npc	2222	Yellow Fortune Director	One of the leaders of the business Consortium, a ruler of Keldagrim.
npc	2223	Green Gemstone Director	One of the leaders of the business Consortium, a ruler of Keldagrim.
npc	2224	White Chisel Director	One of the leaders of the business Consortium, a ruler of Keldagrim.
npc	2225	Silver Cog Director	One of the leaders of the business Consortium, a ruler of Keldagrim.
npc	2226	Brown Engine Director	One of the leaders of the business Consortium, a ruler of Keldagrim.
npc	2227	Red Axe Director	One of the leaders of the business Consortium, a ruler of Keldagrim.
npc	2228	Commander Veldaban	Veldaban, Commander of the Black Guard in Keldagrim.
npc	2229	Red Axe Cat	The cat belongs to the director of the Red Axe.
npc	2230	Red Axe Cat	The cat belongs to the director of the Red Axe.
npc	2232	Black Guard Berserker	A dwarven enforcer.
npc	2233	Olivia	She's a seed merchant.
npc	2234	Master Farmer	A master at farming.
npc	2235	Master Farmer	A master at farming.
npc	2236	Market Guard	He guards the Draynor Market stalls from thieves.
npc	2237	Gee	A local farmer. He may be able to provide some useful information.
npc	2238	Donie	A local farmer. She may be able to provide some useful information.
npc	2239	Pig	Swine.
npc	2240	Pig	Porker.
npc	2241	Piglet	Hog.
npc	2242	Piglet	Porcine.
npc	2243	Piglet	I shall call him "mini-pig".
npc	2244	Lumbridge Guide	He provides new players with useful information.
npc	2245	Khazard trooper	It's one of General Khazard's warriors.
npc	2246	Khazard trooper	It's one of General Khazard's warriors.
npc	2247	Gnome troop	It's a tree gnome trooper.
npc	2248	Gnome troop	It's a tree gnome trooper.
npc	2249	Gnome	Like a mini man!
npc	2250	Gnome	Like a mini man!
npc	2251	Gnome	Like a mini man!
npc	2252	Mounted terrorbird gnome	These gnomes know how to get around!
npc	2253	Wise Old Man	A venerable and rich sage.
npc	2254	Bed	It's a fairly ordinary bed, but...
npc	2255	Thing under the bed	It's just like that dream I use to have when I was little.
npc	2256	Paladin	A holy warrior.
npc	2258	Mage of Zamorak	A disciple of Zamorak.
npc	2259	Mage of Zamorak	A disciple of Zamorak.
npc	2261	Mage of Zamorak	A disciple of Zamorak.
npc	2262	Dark mage	An initiate of Zamorak.
npc	2263	Abyssal leech	A blood-drinking denizen of the abyss.
npc	2264	Abyssal guardian	It seems to have eyes in the back of its head...
npc	2265	Abyssal walker	Apparently walks the abyss.
npc	2266	Brian O'Richard	Head of the maze.
npc	2267	Rogue Guard	Roguelike and guardish.
npc	2268	Rogue Guard	Roguelike and guardish.
npc	2269	Rogue Guard	Roguelike and guardish.
npc	2270	Martin Thwait	A loveable rogue.
npc	2271	Emerald Benedict	A rich banker man... Some say too rich.
npc	2272	Spin Blades	I don't think I want to get too close to that!
npc	2273	Spin Blades	I don't think I want to get too close to that!
npc	2274	Goblin	An ugly green creature.
npc	2275	Goblin	An ugly green creature.
npc	2276	Goblin	An ugly green creature.
npc	2277	Goblin	An ugly green creature.
npc	2278	Goblin	An ugly green creature.
npc	2279	Goblin	An ugly green creature.
npc	2280	Goblin	An ugly green creature.
npc	2281	Goblin	An ugly green creature.
npc	2282	Sir Spishyus	An observer for the Temple Knights.
npc	2283	Lady Table	An observer for the Temple Knights.
npc	2284	Sir Kuam Ferentse	An observer for the Temple Knights.
npc	2285	Sir Leye	A warrior blessed by Saradomin.
npc	2286	Sir Tinley	An observer for the Temple Knights.
npc	2287	Sir Ren Itchood	An observer for the Temple Knights.
npc	2288	Miss Cheevers	An observer for the Temple Knights.
npc	2289	Ms. Hynn Terprett	An observer for the Temple Knights.
npc	2290	Sir Tiffy Cashien	Head of recruitment for the Temple Knights.
npc	2291	Rug Merchant	A carpet merchant.
npc	2292	Rug Merchant	A carpet merchant.
npc	2293	Rug Merchant	A man who deals in rugs.
npc	2294	Rug Merchant	A man who deals in rugs.
npc	2296	Rug Merchant	A man who deals in rugs.
npc	2298	Rug Merchant	A man who deals in rugs.
npc	2300	Rug Station Attendant	A man who deals in rugs.
npc	2301	Monkey	Perhaps our oldest relatives?
npc	2304	Sarah	She sells farming equipment.
npc	2305	Vanessa	She sells farming equipment.
npc	2306	Richard	He sells farming equipment.
npc	2307	Alice	She sells farming equipment.
npc	2308	Capt' Arnav	Distinctly piratey.
npc	2310	Cow calf	Young but still beefy.
npc	2311	Sheepdog	Farmer-sheep liaison officer. Go on - give the dog a bone!
npc	2312	Rooster	He rules the...er...roost.
npc	2313	Chicken	Yep, definitely a chicken.
npc	2314	Chicken	Yep, definitely a chicken.
npc	2315	Chicken	Yep, definitely a chicken.
npc	2316	Pig	Swine.
npc	2317	Pig	Porker.
npc	2318	Piglet	Hog.
npc	2319	Piglet	Porcine.
npc	2320	Piglet	I shall call him "mini-pig".
npc	2321	Blandebir	An expert on the brewing of ales and cider.
npc	2322	Metarialus	In his former life an expert brewer.
npc	2323	Elstan	Perhaps this gardener might look after your crops for you.
npc	2324	Dantaera	Perhaps this gardener might look after your crops for you.
npc	2325	Kragen	Perhaps this gardener might look after your crops for you.
npc	2326	Lyra	Perhaps this gardener might look after your crops for you.
npc	2327	Francis	Perhaps this gardener might look after your crops for you.
npc	2328	Gardener	Perhaps this gardener might look after your crops for you.
npc	2329	Iago	Perhaps this gardener might look after your crops for you.
npc	2330	Garth	Perhaps this gardener might look after your crops for you.
npc	2331	Ellena	Perhaps this gardener might look after your crops for you.
npc	2332	Selena	Perhaps this gardener might look after your crops for you.
npc	2333	Vasquen	Perhaps this gardener might look after your crops for you.
npc	2334	Rhonen	Perhaps this gardener might look after your crops for you.
npc	2335	Dreven	Perhaps this gardener might look after your crops for you.
npc	2336	Taria	Perhaps this gardener might look after your crops for you.
npc	2337	Rhazien	Perhaps this gardener might look after your crops for you.
npc	2338	Torrell	Perhaps this gardener might look after your crops for you.
npc	2339	Alain	Perhaps this gardener might look after your crops for you.
npc	2340	Heskel	Perhaps this gardener might look after your crops for you.
npc	2341	Treznor	Perhaps this gardener might look after your crops for you.
npc	2342	Fayeth	Perhaps this gardener might look after your crops for you.
npc	2343	Bolongo	Perhaps this gardener might look after your crops for you.
npc	2344	Gileth	Perhaps this gardener might look after your crops for you.
npc	2345	Sick-looking sheep (1)	The sheep looks distinctly unwell and has a slight red tinge.
npc	2346	Sick-looking sheep (2)	The sheep looks distinctly unwell and has a slight green tinge.
npc	2347	Sick-looking sheep (3)	The sheep looks distinctly unwell and has a slight blue tinge.
npc	2348	Sick-looking sheep (4)	The sheep looks distinctly unwell and has a slight yellow tinge.
npc	2349	Mourner	A mourner.
npc	2350	Mourner	A mourner.
npc	2351	Mourner	A mourner.
npc	2352	Eudav	Buys wholesale, sells retail.
npc	2353	Oronwen	An Elven Seamstress.
npc	2354	Banker	He can look after my money.
npc	2355	Banker	She can look after my money.
npc	2356	Dalldav	Buys and sells bows.
npc	2357	Gethin	Looks like he knows his way around a kitchen.
npc	2358	Arianwyn	An odd looking person.
npc	2359	Elf warrior	I don't wanna be at the wrong end of that pike.
npc	2360	Elf warrior	I don't wanna be at the wrong end of that pike.
npc	2361	Elf warrior	He looks pretty handy with that bow.
npc	2362	Elf warrior	He looks pretty handy with that bow.
npc	2363	Goreu	An Elf.
npc	2364	Ysgawyn	An Elf.
npc	2365	Arvel	An Elf.
npc	2366	Mawrth	An Elf.
npc	2367	Kelyn	An Elf.
npc	2368	Eoin	An Elven child.
npc	2369	Iona	An Elven child.
npc	2371	Gnome	A fearful Gnome.
npc	2372	Head mourner	A Mourner showing his true identity.
npc	2373	Mourner	A Mourner, or plague healer.
npc	2374	Mourner	A Mourner, or plague healer.
npc	2376	Eluned	Wow - the prettiest Elf I have ever seen.
npc	2377	Sick-looking sheep (1)	This sheep is dyed red.
npc	2378	Sick-looking sheep (2)	This sheep is dyed green.
npc	2379	Sick-looking sheep (3)	This sheep is dyed blue.
npc	2380	Sick-looking sheep (4)	This sheep is dyed yellow.
npc	2397	Mysterious ghost	Seems to flitter in and out of existence...
npc	2398	Mysterious ghost	Seems to flitter in and out of existence...
npc	2399	Mysterious ghost	Seems to flitter in and out of existence...
npc	2400	Mysterious ghost	Seems to flitter in and out of existence...
npc	2401	Mysterious ghost	Seems to flitter in and out of existence...
npc	2402	Mysterious ghost	Seems to flitter in and out of existence...
npc	2409	Cart conductor	He makes sure the carts don't run anyone over.
npc	2410	Red Axe Director	Walking stick, spiky hair, twirly moustache. He's a villain alright.
npc	2411	Red Axe Director	Walking stick, spiky hair, twirly moustache. He's a villain alright.
npc	2412	Red Axe Henchman	That's one mean looking dwarf the Red Axe has employed.
npc	2413	Red Axe Henchman	That's one mean looking dwarf the Red Axe has employed.
npc	2414	Red Axe Henchman	That's one mean looking dwarf the Red Axe has employed.
npc	2415	Colonel Grimsson	That's one mean looking dwarf the Red Axe has employed.
npc	2416	Colonel Grimsson	That's one mean looking dwarf the Red Axe has employed.
npc	2417	Ogre shaman	Seems intelligent... for an ogre.
npc	2418	Ogre shaman	Seems intelligent... for an ogre.
npc	2419	Grunsh	Seems intelligent... for an ogre.
npc	2420	Gnome emissary	Apparantly negotiating some business with the Red Axe.
npc	2421	Gnome companion	The companion of the gnome emissary.
npc	2422	Gnome companion	The companion of the gnome emissary.
npc	2423	Chaos dwarf	A dwarf gone bad.
npc	2424	Gunslik	Proprietor of Gunslik's Assorted Items.
npc	2425	Nolar	A crafty dwarf.
npc	2426	Factory Worker	Taking a break from work, presumably.
npc	2427	Cart conductor	Remember: don't drink and ride in minecarts.
npc	2428	Gauss	A beer drinking dwarf that is, for once, not totally drunk.
npc	2429	Drunken Dwarf	He's had a fair bit to drink...
npc	2430	Rowdy dwarf	A loud, drunk and generally obnoxious dwarf.
npc	2431	Ulifed	A dwarf minding his own business.
npc	2432	Red Axe Henchman	A short, but extremely tough looking dwarf...
npc	2433	Red Axe Henchman	A short, but extremely tough looking dwarf...
npc	2434	Ogre shaman	Seems intelligent... for an ogre.
npc	2436	Jarvald	A Fremennik raider.
npc	2437	Jarvald	A Fremennik raider.
npc	2438	Jarvald	A Fremennik raider.
npc	2439	Askeladden	Looks like a wanna be Fremennik.
npc	2440	Door-support	This support is propping the door closed.
npc	2441	Door	Without it's support, it was no problem!
npc	2442	Door	Without it's support, it was no problem!
npc	2443	Door-support	This support is propping the door closed.
npc	2444	Door	This door seems to have a weak point.
npc	2445	Door	This door seems to have a weak point.
npc	2446	Door-support	This support is propping the door closed.
npc	2447	Door	This door seems to have a weak point.
npc	2448	Door	This door seems to have a weak point.
npc	2449	Egg	I bet it's not made of chocolate...
npc	2450	Egg	Moving eggs are worrying...
npc	2451	Egg	I wonder what was inside it?
npc	2452	Giant Rock Crab	No one likes crabs... especially really big ones!
npc	2453	Boulder	Heavy rock!
npc	2454	Dagannoth spawn	A teeny-tiny horror from the ocean depths...
npc	2455	Dagannoth	A darkened horror from the ocean depths...
npc	2456	Dagannoth	A spiney horror from the ocean depths...
npc	2457	Wallasalki	A fearsome magical water creature.
npc	2458	Freaky Forester	He's at home in the forests.
npc	2459	Pheasant	A brightly coloured game bird.
npc	2460	Pheasant	A brightly coloured game bird.
npc	2461	Pheasant	A brightly coloured game bird.
npc	2462	Pheasant	A brightly coloured game bird.
npc	2463	Evil Chicken	A fowl beast.
npc	2464	Evil Chicken	A fowl beast.
npc	2465	Evil Chicken	A fowl beast.
npc	2466	Evil Chicken	A fowl beast.
npc	2467	Evil Chicken	A fowl beast.
npc	2468	Evil Chicken	A fowl beast.
npc	2469	Frog	A frog.
npc	2470	Frog	A frog.
npc	2471	Frog	A frog.
npc	2472	Frog	A frog.
npc	2473	Frog	Eek! You're a frog!
npc	2474	Frog prince	What a handsome man!
npc	2475	Frog princess	What a nice dress!
npc	2476	Rick Turpentine	A Masked Highwayman.
npc	2477	Quiz Master	Apparently a master of quizzes!
npc	2478	Evil Bob	Hey, it's Bob the cat! Or... is it?
npc	2479	Evil Bob	Hey, it's Bob the cat! Or... is it?
npc	2480	Servant	Servant of Evil Bob.
npc	2481	Servant	Servant of Evil Bob.
npc	2482	Giant bat	Annoying flappy thing.
npc	2489	Bush Snake	A slithering serpent that likes to hide in the bush.
npc	2490	Bush Snake	A slithering serpent that likes to hide in the bush.
npc	2491	Jungle spider	A barely visible deadly jungle spider.
npc	2492	Jungle Spider	A barely visible deadly jungle spider.
npc	2493	Large mosquito	A flying blood sucker.
npc	2494	Mosquito swarm	A swarm of three highly agile mosquitoes.
npc	2495	Mosquito swarm	A swarm of five highly agile mosquitoes.
npc	2496	Tribesman	A vicious warrior.
npc	2497	Tribesman	A vicious warrior.
npc	2498	Broodoo victim	An undead victim of some ancient murderous ritual, his skin appears deep green.
npc	2499	Broodoo victim	An undead victim of some ancient murderous ritual, his skin appears deep green.
npc	2500	Broodoo victim	An undead victim of some ancient murderous ritual, his skin appears pale yellow.
npc	2501	Broodoo victim	An undead victim of some ancient murderous ritual, his skin appears pale yellow.
npc	2502	Broodoo victim	An undead victim of some ancient murderous ritual, his skin is pale and drawn.
npc	2503	Broodoo victim	An undead victim of some ancient murderous ritual, his skin is pale and drawn.
npc	2505	Sharimika	A native of Tai Bwo Wannai.
npc	2506	Sharimika	A native of Tai Bwo Wannai.
npc	2508	Mamma Bufetta	A native of Tai Bwo Wannai.
npc	2509	Mamma Bufetta	A native of Tai Bwo Wannai.
npc	2511	Layleen	A native of Tai Bwo Wannai.
npc	2512	Layleen	A native of Tai Bwo Wannai.
npc	2514	Karaday	A native of Tai Bwo Wannai.
npc	2515	Karaday	A native of Tai Bwo Wannai.
npc	2517	Safta Doc	A native of Tai Bwo Wannai.
npc	2518	Safta Doc	A native of Tai Bwo Wannai.
npc	2520	Gabooty	A native of Tai Bwo Wannai.
npc	2521	Gabooty	A native of Tai Bwo Wannai.
npc	2523	Fanellaman	A native of Tai Bwo Wannai.
npc	2524	Fanellaman	A native of Tai Bwo Wannai.
npc	2526	Jagbakoba	A native of Tai Bwo Wannai.
npc	2527	Jagbakoba	A native of Tai Bwo Wannai.
npc	2529	Murcaily	A native of Tai Bwo Wannai.
npc	2530	Murcaily	A native of Tai Bwo Wannai.
npc	2532	Rionasta	A native of Tai Bwo Wannai.
npc	2533	Rionasta	A native of Tai Bwo Wannai.
npc	2534	Mahogany	A beautiful old mahogany tree.
npc	2535	Teak	A beautiful old teak tree.
npc	2536	Niles	The brother of Miles and Giles.
npc	2537	Miles	The brother of Niles and Giles.
npc	2538	Giles	The brother of Niles and Miles.
npc	2539	Cap'n Hand	Swashbuckles his way across the seven seas.
npc	2540	Dr Jekyll	He looks troubled...
npc	2541	Mr Hyde	This is not a good time to be examining him!
npc	2542	Mr Hyde	This is not a good time to be examining him!
npc	2543	Mr Hyde	This is not a good time to be examining him!
npc	2544	Mr Hyde	This is not a good time to be examining him!
npc	2545	Mr Hyde	This is not a good time to be examining him!
npc	2546	Mr Hyde	This is not a good time to be examining him!
npc	2547	Dr Ford	He's here to help.
npc	2548	Blackjack seller	A market stall keeper.
npc	2549	Ali the dyer	A colourful character.
npc	2550	Dwarven Miner	He carries a heavy load.
npc	2551	Dwarven Miner	He carries a heavy load.
npc	2552	Dwarven Miner	He carries a heavy load.
npc	2553	Blast Furnace Foreman	Looks after the blast furnace.
npc	2554	Tin ore	Some ore going into the furnace.
npc	2555	Copper ore	Some ore going into the furnace.
npc	2556	Iron ore	Some ore going into the furnace.
npc	2557	Mithril ore	Some ore going into the furnace.
npc	2558	Adamantite ore	Some ore going into the furnace.
npc	2559	Runite ore	Some ore going into the furnace.
npc	2560	Silver ore	Some ore going into the furnace.
npc	2561	Gold ore	Some ore going into the furnace.
npc	2562	Coal	Some ore going into the furnace.
npc	2563	Perfect gold ore	Some ore going into the furnace.
npc	2564	Ordan	He smells of rock dust.
npc	2565	Jorzik	He buys stuff.
npc	2566	Wise Old Man	A venerable sage.
npc	2567	Wise Old Man	A venerable and rich sage.
npc	2568	Banker	He can look after my money.
npc	2569	Banker	Good with money.
npc	2570	Banker	Good with money.
npc	2571	Market Guard	He guards the Draynor Market stalls from thieves.
npc	2572	Olivia	She's a seed merchant.
npc	2573	Watchman	The strong arm of the law.
npc	2574	Bank guard	He's guarding the bank.
npc	2575	Purepker895	A player.
npc	2576	Qutiedoll	A player.
npc	2577	1337sp34kr	A player.
npc	2578	Elfinlocks	A player.
npc	2579	Cool Mom227	A player.
npc	2580	Bernald	Looks after the Burthorpe vinery.
npc	2581	Ellamaria	Queen Ellamaria of Varrock.
npc	2582	Trolley	This statue of Saradomin has been 'borrowed' for a while.
npc	2583	Trolley	This statue of a king has been 'borrowed' for a while.
npc	2584	Trolley	An empty trolley.
npc	2586	Billy, a guard of Falador	Somebody should have warned him when he signed up.
npc	2587	Bob, another guard of Falador	Shame his pension's going to waste.
npc	2588	Brother Althric	A holy man.
npc	2589	PKMaster0036	A master of the wilderness.
npc	2590	King Roald	Varrock's resident monarch.
npc	2591	TzHaar-Mej	Appears to be some kind of mystic.
npc	2592	TzHaar-Mej	Appears to be some kind of mystic.
npc	2593	TzHaar-Mej	Appears to be some kind of mystic.
npc	2594	TzHaar-Mej	Appears to be some kind of mystic.
npc	2595	TzHaar-Mej	Appears to be some kind of mystic.
npc	2596	TzHaar-Mej	Appears to be some kind of mystic.
npc	2597	TzHaar-Mej	Appears to be some kind of mystic.
npc	2598	TzHaar-Hur	Looks like a craftsman of some kind.
npc	2599	TzHaar-Hur	Looks like a craftsman of some kind.
npc	2600	TzHaar-Hur	Looks like a craftsman of some kind.
npc	2601	TzHaar-Hur	Looks like a craftsman of some kind.
npc	2602	TzHaar-Hur	Looks like a craftsman of some kind.
npc	2603	TzHaar-Hur	Looks like a craftsman of some kind.
npc	2604	TzHaar-Xil	Doesn't look very social.
npc	2605	TzHaar-Xil	Doesn't look very social.
npc	2606	TzHaar-Xil	Doesn't look very social.
npc	2607	TzHaar-Xil	Doesn't look very social.
npc	2608	TzHaar-Xil	Doesn't look very social.
npc	2609	TzHaar-Xil	Doesn't look very social.
npc	2610	TzHaar-Ket	Must be a guard or something.
npc	2611	TzHaar-Ket	Must be a guard or something.
npc	2612	TzHaar-Ket	Must be a guard or something.
npc	2613	TzHaar-Ket	Must be a guard or something.
npc	2614	TzHaar-Ket	Must be a guard or something.
npc	2615	TzHaar-Ket	Must be a guard or something.
npc	2616	TzHaar-Ket	Must be a guard or something.
npc	2617	TzHaar-Mej-Jal	Another one of those mystic-types.
npc	2618	TzHaar-Mej-Kah	Another one of those mystic-types.
npc	2619	TzHaar-Ket-Zuh	Maybe it'll guard my possessions.
npc	2620	TzHaar-Hur-Tel	Wonder what it's making.
npc	2621	TzHaar-Hur-Koz	Wonder what it's making.
npc	2622	TzHaar-Hur-Lek	Wonder what it's making.
npc	2623	TzHaar-Mej-Roh	Another one of those mystic-types.
npc	2624	TzHaar-Ket	Must be a guard or something.
npc	2625	TzHaar-Ket	Must be a guard or something.
npc	2626	Rocks	Stoney!
npc	2627	Tz-Kih	Some kind of bat...
npc	2628	Tz-Kih	Some kind of bat...
npc	2629	Tz-Kek	Looks like living lava...
npc	2630	Tz-Kek	Looks like living lava...
npc	2631	Tok-Xil	I don't like the look of those spines...
npc	2632	Tok-Xil	I don't like the look of those spines...
npc	2633	Wise Old Man	A venerable sage.
npc	2634	Miss Schism	A busy-body who loves a bit of gossip.
npc	2635	Bob	The Jagex cat.
npc	2636	Bob	The Jagex cat.
npc	2637	Sphinx	An awe inspiring combination of a lady, a lion and an eagle.
npc	2638	Neite	A graceful feline.
npc	2639	Robert the Strong	A battle hardened hero.
npc	2640	Odysseus	Robert's beautiful panther.
npc	2641	Dragonkin	Creator of Dragons.
npc	2642	King Black Dragon	The biggest, meanest dragon around.
npc	2643	R4ng3rNo0b889	A ranger.
npc	2644	Love Cats	Loving cats.
npc	2645	Love Cats	Loving cats.
npc	2646	Neite	A graceful feline.
npc	2647	Bob	The Jagex cat.
npc	2648	Beite	A special kitty.
npc	2649	Gnome	She gnows where its gnat.
npc	2650	Gnome	A gnome of sorts.
npc	2651	Odysseus	Robert's beautiful panther.
npc	2653	Neite	A graceful feline.
npc	2655	Unferth	Nice but dim.
npc	2656	Unferth	Nice but dim.
npc	2657	Unferth	Nice but dim.
npc	2658	Unferth	Nice but dim.
npc	2659	Unferth	Nice but dim.
npc	2660	Reldo	Reldo the librarian.
npc	2661	Reldo	Reldo the librarian.
npc	2662	Lazy cat	A friendly not so little pet.
npc	2663	Lazy cat	A friendly not so little pet.
npc	2664	Lazy cat	A friendly not so little pet.
npc	2665	Lazy cat	A friendly not so little pet.
npc	2666	Lazy cat	A friendly not so little pet.
npc	2667	Lazy cat	A friendly not so little pet.
npc	2668	Wily cat	A friendly little pet.
npc	2669	Wily cat	Wild.
npc	2670	Wily cat	Wild.
npc	2671	Wily cat	Wild.
npc	2672	Wily cat	Wild.
npc	2673	Wily cat	Wild.
npc	2674	Thief	Known for his light-fingered qualities.
npc	2675	Man	One of RuneScape's many citizens.
npc	2676	Make-over mage	Master of the mystical make-over.
npc	2677	Highwayman	He holds up passers by.
npc	2678	Goblin	An ugly green creature.
npc	2679	Goblin	An ugly green creature.
npc	2680	Goblin	An ugly green creature.
npc	2681	Goblin	An ugly green creature.
npc	2682	Rat	A popular dwarven delicacy.
npc	2683	Hengel	A citizen of Rimmington.
npc	2684	Anja	A citizen of Rimmington.
npc	2685	Hobgoblin	An ugly, smelly creature.
npc	2686	Hobgoblin	An ugly, smelly creature.
npc	2687	Hobgoblin	An ugly, smelly creature.
npc	2688	Hobgoblin	An ugly, smelly creature wielding a spear.
npc	2689	Frog	Didn't the mage say this procedure was totally safe?
npc	2690	Jack Seagull	A salty seafarer. Needs a wash.
npc	2691	Longbow Ben	A strange man with a strange name. Probably a strange past, too.
npc	2692	Ahab	So what can one do with a drunken sailor?
npc	2693	Seagull	A messy bird.
npc	2694	Seagull	Smells of rotten fish.
npc	2695	Pirate	Yar! Shiver me timbers!
npc	2696	Thief	Known for his lightfingered qualities.
npc	2697	Mugger	He jumps out and attacks people.
npc	2698	Black Knight	A dark-hearted knight.
npc	2699	Guard	He's guarding the prison.
npc	2700	Guard	A prison guard.
npc	2701	Guard	A prison guard.
npc	2702	Guard	A prison guard.
npc	2703	Guard	A prison guard.
npc	2704	Guard	He's asleep.
npc	2705	Guard	Keeping an eye out for suspicious activity.
npc	2706	Crab	No one likes crabs...
npc	2707	Seagull	A sea bird.
npc	2708	Seagull	A sea bird.
npc	2709	Fire Wizard	Caution - HOT!
npc	2710	Water Wizard	Hydro-power!
npc	2711	Earth Wizard	His hands are covered in mud. At least, I hope that's mud.
npc	2712	Air Wizard	At least he looks solid enough to fight.
npc	2713	Malignius Mortifer	A master of necromancy!
npc	2714	Zombie	Dead man walking!
npc	2715	Skeleton	Rattle dem bones!
npc	2716	Ghost	WoooOOOOoooo!
npc	2717	Skeleton mage	Dead, but still powerful.
npc	2718	Betty	She seems like a nice sort of person.
npc	2719	Grum	Loves his gold!
npc	2720	Gerrant	An expert on fishing.
npc	2721	Wydin	Likes his food to be kept fresh.
npc	2722	Giant rat	Overgrown vermin.
npc	2723	Giant rat	Overgrown vermin.
npc	2724	Skeleton	Could do with gaining a few pounds.
npc	2725	Skeleton	Could do with gaining a few pounds.
npc	2726	Gull	A sea bird.
npc	2727	Gull	A sea bird.
npc	2728	Monk of Entrana	Holy looking.
npc	2729	Monk of Entrana	Holy looking.
npc	2730	Monk of Entrana	Holy looking.
npc	2731	Monk of Entrana	Holy looking.
npc	2732	Master Crafter	He works in the Crafting Guild.
npc	2733	Master Crafter	He wanders around the Crafting Guild pretending to be working.
npc	2734	Tz-Kih	Some kind of bat...
npc	2735	Tz-Kih	Some kind of bat...
npc	2736	Tz-Kek	Looks like living lava...
npc	2737	Tz-Kek	Looks like living lava...
npc	2738	Tz-Kek	Looks like living lava...
npc	2739	Tok-Xil	I don't like the look of those spines...
npc	2740	Tok-Xil	I don't like the look of those spines...
npc	2741	Yt-MejKot	Holy reptile...
npc	2742	Yt-MejKot	Holy reptile...
npc	2743	Ket-Zek	Good doggy-lizard-thing...
npc	2744	Ket-Zek	Good doggy-lizard-thing...
npc	2745	TzTok-Jad	This is going to hurt...
npc	2746	Yt-HurKot	Mini menace.
npc	2747	Solus Dellagar	A powerful warrior mage.
npc	2748	Savant	Assigned to help tracking down Solus Dellagar.
npc	2749	Lord Daquarius	Wears a stylish suit of armour.
npc	2750	Solus Dellagar	A powerful warrior mage.
npc	2751	Black Knight	A dark-hearted knight.
npc	2752	Lord Daquarius	Wears a stylish suit of armour.
npc	2753	Mage of Zamorak	A disciple of Zamorak.
npc	2754	Mage of Zamorak	A disciple of Zamorak.
npc	2755	Mage of Zamorak	A disciple of Zamorak.
npc	2776	Woman	One of RuneScape's many citizens.
npc	2777	Black Knight	A dark-hearted knight.
npc	2778	Black Knight	A dark-hearted knight.
npc	2779	Ranger	A Ranger of the Temple Knights.
npc	2780	Solus Dellagar	A powerful warrior mage.
npc	2781	Gnome guard	A tree gnome guard.
npc	2782	Shadow	A shadow.
npc	2783	Dark Beast	From a darker dimension.
npc	2784	Mourner	A Mourner, or plague healer.
npc	2785	Slave	Digging.
npc	2786	Slave	Digging.
npc	2787	Slave	Confused.
npc	2789	Thorgel	A short angry guy.
npc	2790	Sergeant Damien	Drill Sergeant from heck!
npc	2791	Pillory Guard	A law enforcer.
npc	2792	Tramp	A man down on his luck.
npc	2793	Tramp	A man down on his luck.
npc	2794	Tramp	A man down on his luck.
npc	2796	Skippy	He looks angry and smells drunk.
npc	2797	Skippy	Like a regular Skippy, just damper.
npc	2798	Skippy	Skippy, just looking a little 'tender'.
npc	2799	Skippy	He seems a lot less angry and smells a great deal fresher.
npc	2800	A pile of broken glass	It looks like some broken bottles
npc	2801	Mogre	An angry Ogre in a funny hat.
npc	2802	Gnome Coach	A professional gnome baller coach.
npc	2803	Lizard	Run away, it's massive!
npc	2804	Desert Lizard	A cold-blooded creature, partial to warmth.
npc	2805	Desert Lizard	A cold-blooded creature, partial to warmth.
npc	2806	Desert Lizard	A cold-blooded creature, partial to warmth.
npc	2807	Small Lizard	A small cold-blooded creature, partial to warmth.
npc	2808	Small Lizard	A small cold-blooded creature, partial to warmth.
npc	2809	Al the Camel	A camel who has the soul of a poet.
npc	2810	Elly the Camel	A camel whose love is unrequited.
npc	2811	Ollie the Camel	A camel who wants to fly some day.
npc	2812	Cam the Camel	A camel who likes to rest.
npc	2814	Alice the Camel	A camel who's come from the south.
npc	2815	Neferti the Camel	A camel who wants to see the world.
npc	2820	Ali the Smith	One of Ali Morrisane's associates. Has a big hammer.
npc	2821	Ali the Farmer	One of Ali Morrisane's associates. Carries a rake.
npc	2822	Ali the Tailor	One of Ali Morrisane's associates. Those scissors look sharp.
npc	2823	Ali the Guard	One of Ali Morrisane's associates. Looks like he's seen a lot of fighting.
npc	2824	Ellis	Manufacturer of fine leathers.
npc	2825	Pirate Pete	A shifty-looking character.
npc	2826	Pirate Pete	A shifty-looking character.
npc	2827	Captain Braindeath	A shabby-looking leader.
npc	2828	50% Luke	Most of an angry undead sea scoundrel.
npc	2829	Davey	Looks like he's taking a break.
npc	2830	Captain Donnie	I wonder if it was all the 'rum' that pickled him?
npc	2831	Zombie Protester	Sticking it to 'The Man'.
npc	2832	Zombie Protester	Sticking it to 'The Man'.
npc	2833	Zombie Protester	Sticking it to 'The Man'.
npc	2834	Zombie Protester	Sticking it to 'The Man'.
npc	2835	Zombie Protester	Sticking it to 'The Man'.
npc	2836	Zombie Protester	Sticking it to 'The Man'.
npc	2837	Zombie Pirate	An undead sea scoundrel.
npc	2838	Zombie Pirate	An undead sea scoundrel.
npc	2839	Zombie Pirate	An undead sea scoundrel.
npc	2840	Zombie Pirate	An undead sea scoundrel.
npc	2841	Zombie Pirate	An undead sea scoundrel.
npc	2842	Zombie Pirate	An undead sea scoundrel.
npc	2843	Zombie Swab	He talks a good fight.
npc	2844	Zombie Swab	He talks a good fight.
npc	2845	Zombie Swab	He talks a good fight.
npc	2846	Zombie Swab	He talks a good fight.
npc	2847	Zombie Swab	He talks a good fight.
npc	2848	Zombie Swab	He talks a good fight.
npc	2849	Evil Spirit	The pun was intended.
npc	2850	Fever Spider	A bunch of legs, eyes and teeth.
npc	2851	Brewer	A worker in the brewery.
npc	2852	Brewer	A worker in the brewery.
npc	2853	Brewer	A worker in the brewery.
npc	2854	Brewer	A worker in the brewery.
npc	2855	Brewer	A worker in the brewery.
npc	2856	Brewer	A worker in the brewery.
npc	2857	Brewer	A worker in the brewery.
npc	2858	Brewer	A worker in the brewery.
npc	2859	Fishing spot	I can see fish swimming in the water.
npc	2860	Karamthulhu	It's a sinister looking squid type thing.
npc	2861	Karamthulhu	I will call him Squiddy; and he shall be my Squiddy, and he shall be mine.
npc	2862	Death	Do not fear the Reaper.
npc	2863	Zombie	A zombie. He looks pretty dead.
npc	2864	Most of a Zombie	Legs 11, good at bingo but bad at doing handstands.
npc	2865	Most of a Zombie	He seems to be a little legless.
npc	2866	Zombie	A zombie, with a bit of a bald spot.
npc	2867	Most of a Zombie	A zombie, with a major bald spot!
npc	2868	Zombie Head	I bet I could grab that...
npc	2869	Zombie	A zombie, he could probably do with a bath.
npc	2870	Half-Zombie	Half the man he used to be.
npc	2871	Other Half-Zombie	Clearly someones better half.
npc	2872	Child	One of RuneScape's many citizens.
npc	2873	Child	One of RuneScape's many citizens.
npc	2874	Child	One of RuneScape's many citizens.
npc	2875	Child	One of RuneScape's many citizens.
npc	2876	Child	One of RuneScape's many citizens.
npc	2877	Child	One of RuneScape's many citizens.
npc	2878	Zombie	A zombie, he could probably do with a bath.
npc	2879	Bardur	A Fremennik warrior, hard at work.
npc	2880	Dagannoth fledgeling	A knee-high horror from the ocean depths...
npc	2881	Dagannoth Supreme	The dagannoth king responsible for the death of the Bukalla.
npc	2882	Dagannoth Prime	A legendary dagannoth king, rumoured to fly on the North winds.
npc	2883	Dagannoth Rex	Firstborn of the legendary dagannoth kings.
npc	2884	Wallasalki	A fearsome magical water creature.
npc	2885	Giant Rock Crab	No one likes crabs... especially really big ones!
npc	2886	Boulder	Heavy rock!
npc	2887	Dagannoth	A spiney horror from the ocean depths...
npc	2888	Dagannoth	A darkened horror from the ocean depths...
npc	2889	Rock lobster	It wasn't a rock... it was a rock lobster!
npc	2890	Rock	A Rock.
npc	2891	Suspicious water	If I didn't know better, I'd swear there's something in there...
npc	2892	Spinolyp	A sneaky, spiny, subterranean sea-dwelling scamp.
npc	2893	Suspicious water	If I didn't know better, I'd swear there's something in there...
npc	2894	Spinolyp	A sneaky, spiny, subterranean sea-dwelling scamp.
npc	2895	Suspicious water	If I didn't know better, I'd swear there's something in there...
npc	2896	Spinolyp	A sneaky, spiny, subterranean sea-dwelling scamp.
npc	2899	Father Reen	Looks a bit lost.
npc	2900	Father Reen	Looks a bit lost.
npc	2902	Father Badden	He looks very pious.
npc	2903	Father Badden	He looks very pious.
npc	2904	Denath	A practicer of dark arts.
npc	2905	Denath	A practicer of dark arts.
npc	2906	Eric	He looks nervous.
npc	2907	Eric	He looks nervous.
npc	2909	Evil Dave	He seems to like wearing black.
npc	2910	Evil Dave	He seems to like wearing black.
npc	2911	Matthew	He looks confused.
npc	2912	Matthew	He looks confused.
npc	2913	Jennifer	She looks enigmatic.
npc	2914	Jennifer	She looks enigmatic.
npc	2915	Tanya	She looks scary.
npc	2916	Tanya	She looks scary.
npc	2917	Patrick	He looks enthusiastic.
npc	2918	Patrick	He looks enthusiastic.
npc	2919	Agrith Naar	A summoned demon.
npc	2921	Sand storm	A nasty sand storm.
npc	2927	Clay golem	An animated clay statue.
npc	2928	Clay golem	An animated clay statue.
npc	2931	Ghost	Eeek! A ghost!
npc	2932	Jorral	A sensible looking man.
npc	2934	Melina	Sullen looking Ghost Woman.
npc	2935	Melina	Sullen looking Ghost Woman.
npc	2937	Droalak	Not a happy ghost.
npc	2938	Droalak	Not a happy ghost.
npc	2939	Dron	He looks scary.
npc	2940	Blanin	A docile warrior
npc	2941	The Beast	Who ate all the rats?
npc	2942	Bellemorde	Unkempt and a bit smelly.
npc	2943	Pox	Not the healthiest cat you've ever seen.
npc	2944	Pox	Busy hunting rats.
npc	2945	Bones	Lovely, cute, and possibly what dreams are made of.
npc	2946	Grimesquit	Cracking personality.
npc	2947	Phingspet	Lovely girl, shame about the smell.
npc	2948	Hooknosed Jack	Obviously punches above his weight.
npc	2949	Jimmy Dazzler	Looks rich like an actor of sorts.
npc	2950	The Face	Once beautiful, now repugnant.
npc	2951	Felkrash	What is she looking at?
npc	2952	Smokin' Joe	What is he?
npc	2953	Ceril Carnillean	Head of the Carnillean household.
npc	2954	Councillor Halgrive	An official of Ardougne.
npc	2955	Spice seller	Has a very exotic aroma about him.
npc	2956	Fur trader	Knows how to keep warm in the winter.
npc	2957	Gem merchant	Seems very well off.
npc	2958	Silver merchant	Looks fairly well fed.
npc	2959	Silk merchant	Seems very well off.
npc	2960	Zenesha	Sells top quality plate mail armour.
npc	2961	Ali Morrisane	A bazaar merchant.
npc	2962	Guard	He tries to keep order around here.
npc	2963	Guard	He tries to keep order around here.
npc	2964	Guard	He tries to keep order around here.
npc	2965	Guard	He tries to keep order around here.
npc	2966	Guard	He tries to keep order around here.
npc	2967	Guard	He tries to keep order around here.
npc	2968	Guard	He tries to keep order around here.
npc	2969	Guard	He tries to keep order around here.
npc	2970	Guard	He tries to keep order around here.
npc	2971	Guard	He tries to keep order around here.
npc	2972	Guard	He tries to keep order around here.
npc	2973	Guard	He tries to keep order around here.
npc	2980	Rat	A popular dwarven delicacy.
npc	2981	Rat	A popular dwarven delicacy.
npc	2982	King rat	The master of all rats.
npc	2983	Turbogroomer	Poorly named for such a scraggly cat.
npc	2984	Pusskins	Not a soft touch.
npc	2985	Loki	A tricky bag of troublesome fluff.
npc	2986	Captain Tom	A not-so friendly, not-so little cat.
npc	2987	Treacle	A sticky character.
npc	2988	Mittens	A fully grown feline.
npc	2989	Claude	Great set of mits for a young one.
npc	2990	Topsy	Cute and fluffy.
npc	2991	Rauborn	Barman.
npc	2992	Vaeringk	Black Guard off duty, I hope.
npc	2993	Oxi	The rat keeper.
npc	2994	Fior	Happy not to be working.
npc	2995	Sagira	Well tanned for someone who lives under a mountain.
npc	2996	Anleif	Prim and proper.
npc	2997	Gertrude's cat	A friendly feline?
npc	2998	Gambler	Very well to do. I wonder what he's doing here.
npc	2999	Gambler	He has a tortured look in his eye.
npc	3000	Barman	Definitely overworked.
npc	3001	Gambler	Rich.
npc	3002	Gambler	Poor.
npc	3003	Gambler	Poor.
npc	3004	Gambler	Poor.
npc	3005	Gambler	Poor.
npc	3006	Gambler	Poor.
npc	3007	Rat	A popular dwarven delicacy.
npc	3008	Rat	A popular dwarven delicacy.
npc	3009	Rat	A popular dwarven delicacy.
npc	3010	Rat	A popular dwarven delicacy.
npc	3011	Rat	A popular dwarven delicacy.
npc	3012	Rat	A popular dwarven delicacy.
npc	3013	Rat	A popular dwarven delicacy.
npc	3014	Rat	A popular dwarven delicacy.
npc	3015	Rat	A popular dwarven delicacy.
npc	3016	Rat	A popular dwarven delicacy.
npc	3017	Rat	A popular dwarven delicacy.
npc	3018	Rat	A popular dwarven delicacy.
npc	3019	Fishing spot	I can see fish swimming in the water.
npc	3020	Rug Merchant	A carpet merchant.
npc	3021	Tool Leprechaun	Looks after your farming tools.
npc	3022	Genie	Phenomenal cosmic powers, itty-bitty living space.
npc	3023	Nirrie	An elemental waterspirit.
npc	3024	Tirrie	An elemental waterspirit.
npc	3025	Hallak	An elemental waterspirit.
npc	3026	Black golem	An animated clay statue.
npc	3027	White golem	An animated clay statue.
npc	3028	Grey golem	An animated clay statue.
npc	3029	Ghaslor the Elder	The oldest man in Nardah.
npc	3030	Ali the Carter	A water salesman from Pollnivneach.
npc	3031	Usi	A citizen of Nardah.
npc	3032	Nkuku	A citizen of Nardah.
npc	3033	Garai	A citizen of Nardah.
npc	3034	Habibah	A citizen of Nardah.
npc	3035	Meskhenet	A citizen of Nardah.
npc	3036	Zahra	A citizen of Nardah.
npc	3037	Zahur	A herbalist... sells herbs.
npc	3038	Seddu	An armour merchant.
npc	3039	Kazemde	A seller of many things.
npc	3040	Awusah the Mayor	The Mayor of Nardah.
npc	3041	Tarik	The mayor's guard.
npc	3042	Poltenip	The mayor's guard.
npc	3043	Radat	The mayor's guard.
npc	3044	Shiratti the Custodian	Custodian of the shrine to Elidinis.
npc	3045	Rokuh	A seller of tasty choc ices.
npc	3046	Nardah Banker	A banker of Nardah.
npc	3047	Target	Needs to be shot with a ranged weapon.
npc	3048	Target	Needs to be shot with a bow and arrow.
npc	3050	Larxus	Not the smartest of butlers.
npc	3051	Mystery figure	A mysterious watcher...
npc	3052	Mystery figure	A mysterious watcher...
npc	3053	Mystery figure	A mysterious watcher...
npc	3054	Mystery figure	A mysterious watcher...
npc	3055	Mystery figure	A mysterious watcher...
npc	3056	Mystery figure	A mysterious watcher...
npc	3057	Earth Warrior Champion	Champion of the Earth Warriors!
npc	3058	Giant Champion	Champion of the Giants!
npc	3059	Ghoul Champion	Champion of the Ghouls!
npc	3060	Goblin Champion	Champion of the Goblins!
npc	3061	Hobgoblin Champion	Champion of the Hobgoblin!
npc	3062	Imp Champion	Champion of the Imps!
npc	3063	Jogre Champion	Champion of the Jogres!
npc	3064	Lesser Demon Champion	Champion of the Lesser Demons!
npc	3065	Skeleton Champion	Champion of the Skeletons!
npc	3066	Zombies Champion	Champion of the Zombies!
npc	3067	Leon D'Cour	Champion of Champions!
npc	3068	Skeletal Wyvern	A very dangerous pile of animated wyvern bones.
npc	3069	Skeletal Wyvern	A very dangerous pile of animated wyvern bones.
npc	3070	Skeletal Wyvern	A very dangerous pile of animated wyvern bones.
npc	3071	Skeletal Wyvern	A very dangerous pile of animated wyvern bones.
npc	3072	Ice giant	He's got icicles in his beard.
npc	3073	Ice warrior	A cold-hearted elemental warrior.
npc	3075	Monk	A hooded monk.
npc	3077	Dead Monk	A recently deceased follower of Saradomin.
npc	3078	High Priest	High Priest of Entrana.
npc	3079	Monk	A holy man.
npc	3080	Monk	A holy man.
npc	3081	Assassin	A stealthy assassin.
npc	3082	Rosie	An effervescent elfin.
npc	3083	Sorcha	Seriously sprightly even for a sprite.
npc	3084	Cait	A frenzied fey.
npc	3085	Cormac	Too volatile for his own good.
npc	3086	Fionn	One of Diango's itinerant pixies.
npc	3087	Donnacha	One of Diango's itinerant pixies.
npc	3088	Ronan	One of Diango's itinerant pixies.
npc	3092	Hooded Stranger	A strange hooded... stranger?
npc	3094	Flying Book	The book moves by itself!
npc	3095	Flying Book	The book moves by itself!
npc	3096	Pizzaz Hat	A talking Hat!
npc	3097	Entrance Guardian	A guardian of the arena.
npc	3098	Telekinetic Guardian	A guardian of the arena.
npc	3099	Alchemy Guardian	A guardian of the arena.
npc	3100	Enchantment Guardian	A guardian of the arena.
npc	3101	Graveyard Guardian	A guardian of the arena.
npc	3102	Maze Guardian	A guardian of the arena.
npc	3103	Rewards Guardian	A guardian of the arena.
npc	3104	Charmed Warrior	Equipment that moves by itself!
npc	3105	Charmed Warrior	Equipment that moves by itself!
npc	3106	Charmed Warrior	Equipment that moves by itself!
npc	3107	Charmed Warrior	Equipment that moves by itself!
npc	3108	Bert	Bert seems to be covered in sand from head to toe.
npc	3109	Guard Captain	This guard looks rather drunk and has beer stains down his armour.
npc	3112	Sandy	Angry and stressed, he doesn't seem to have time for anything other than sand.
npc	3113	Sandy	He seems to be distracted, looking out of the window at something.
npc	3114	Mazion	Mazion seems to be covered in sand.
npc	3115	Blaec	Blaec seems to be covered in sand.
npc	3116	Reeso	Reeso seems to be covered in sand.
npc	3117	Sandwich lady	The sandwich lady.
npc	3118	Prison Pete	He wants to escape!
npc	3119	Balloon Animal	It looks like an animal.
npc	3120	Balloon Animal	It looks like an animal.
npc	3121	Balloon Animal	It looks like an animal.
npc	3122	Balloon Animal	It looks like an animal.
npc	3123	Simon Templeton	He looks like he's seen the inside of a few tombs.
npc	3124	Pyramid block	A pyramid block.
npc	3125	Pyramid block	A pyramid block.
npc	3126	Pentyn	He's been trapped here for thousands of years.
npc	3127	Aristarchus	A travelling scholar from Menaphos.
npc	3129	Boneguard	A spirit is trapped within it.
npc	3130	Pile of bones	These used to be alive.
npc	3131	Desert Spirit	It was trapped inside the boneguard.
npc	3133	Crust of ice	Very thick, and very cold.
npc	3135	Furnace grate	It seems to be blocked.
npc	3137	Enakhra	A mysterious hooded woman.
npc	3138	Enakhra	Who - or what - is she?
npc	3140	Boneguard	A spirit is trapped within it.
npc	3141	Akthanakos	He's been freed from the boneguard.
npc	3142	Akthanakos	Just who is he, anyway?
npc	3147	Lazim	Very shifty-looking and sunburnt.
npc	3148	Enakhra	A mysterious hooded woman.
npc	3149	Akthanakos	A man with the head of a camel.
npc	3150	Knight	He's wearing heavy armour.
npc	3151	Skeleton	Could do with gaining a few pounds.
npc	3153	Harpie Bug Swarm	A swarm of bugs.
npc	3154	Count Draynor	Stop looking and run!
npc	3155	Bill Teach	Bill Teach the pirate.
npc	3156	Bill Teach	Bill Teach the pirate.
npc	3157	Bill Teach	Bill Teach the pirate.
npc	3158	Bill Teach	Bill Teach the pirate.
npc	3159	Bill Teach	Bill Teach the pirate.
npc	3160	Bill Teach	Bill Teach the pirate.
npc	3161	Charley	Two feet Charley.
npc	3162	Smith	Smithing Smith.
npc	3163	Joe	Harpoon Joe.
npc	3164	Mama	Mama La'Fiette.
npc	3165	Mama	Mama La'Fiette.
npc	3166	Mike	Dodgy Mike.
npc	3167	Pirate	A pirate of Mos Le'Harmless.
npc	3168	Pirate	A pirate of Mos Le'Harmless.
npc	3169	Pirate	A pirate of Mos Le'Harmless.
npc	3170	Pirate	A pirate of Mos Le'Harmless.
npc	3171	Pirate	A pirate of Mos Le'Harmless.
npc	3172	Pirate	A pirate of Mos Le'Harmless.
npc	3173	Pirate	A pirate of Mos Le'Harmless.
npc	3174	Pirate	A pirate of Mos Le'Harmless.
npc	3175	Pirate	A pirate of Mos Le'Harmless.
npc	3176	Pirate	A pirate of Mos Le'Harmless.
npc	3177	Pirate	A pirate of Mos Le'Harmless.
npc	3178	Pirate	A pirate of Mos Le'Harmless.
npc	3179	Pirate	A pirate of Mos Le'Harmless.
npc	3180	Pirate	A pirate of Mos Le'Harmless.
npc	3181	Pirate	A pirate of Mos Le'Harmless.
npc	3182	Pirate	A pirate of Mos Le'Harmless.
npc	3183	Pirate	A pirate of Mos Le'Harmless.
npc	3184	Pirate	A pirate of Mos Le'Harmless.
npc	3185	Pirate	A pirate of Mos Le'Harmless.
npc	3186	Pirate	A pirate of Mos Le'Harmless.
npc	3187	Pirate	An enemy pirate.
npc	3188	Pirate	An enemy pirate.
npc	3189	Pirate	An enemy pirate.
npc	3190	Pirate	An enemy pirate.
npc	3191	Pirate	An enemy pirate.
npc	3192	Pirate	An enemy pirate.
npc	3193	Pirate	An enemy pirate.
npc	3194	Pirate	An enemy pirate.
npc	3195	Pirate	An enemy pirate.
npc	3196	Pirate	An enemy pirate.
npc	3197	Gull	A sea bird.
npc	3198	Banker	He can look after my money.
npc	3199	Banker	He can look after my money.
npc	3200	Chaos Elemental	pUre A cHaOs of crEatuRe!
npc	3201	Killerwatt	An angry electrical shock!
npc	3202	Killerwatt	A ball of electrical energy.
npc	3203	Storm Cloud	A very small storm!
npc	3204	Storm Cloud	A very small storm!
npc	3205	Romily Weaklax	A family baker, from the North.
npc	3206	Priest	A priest.
npc	3207	Pious Pete	Ready for a theological party!
npc	3208	Taper	Useful for lighting things.
npc	3209	Elena	She looks concerned.
npc	3210	Alrena	She looks concerned.
npc	3211	Alrena	She looks concerned.
npc	3212	Bravek	The city warder of West Ardougne.
npc	3215	Elena	She doesn't look too happy.
npc	3216	Mourner	A mourner, or plague healer.
npc	3217	Kaylee	Works in the Rising Sun.
npc	3218	Tina	Works in the Rising Sun.
npc	3219	Dwarf	Loves mining.
npc	3220	Dwarf	Loves mining.
npc	3221	Dwarf	Loves mining.
npc	3222	Drunken man	One of RuneScape's many citizens, currently incapacitated by alcohol.
npc	3223	Man	One of RuneScape's many citizens.
npc	3224	Man	One of RuneScape's many citizens.
npc	3225	Man	One of RuneScape's many citizens. He looks worried about something.
npc	3226	Woman	One of RuneScape's many citizens.
npc	3227	Woman	One of RuneScape's many citizens. She looks rich.
npc	3228	Guard	He tries to keep order around here.
npc	3229	Guard	He tries to keep order around here.
npc	3230	Guard	He tries to keep order around here.
npc	3231	Guard	He tries to keep order around here.
npc	3232	Guard	Keeping an eye out for threats to the city.
npc	3233	Guard	Keeping an eye out for threats to the city.
npc	3234	Gardener	An old gardener.
npc	3235	Apprentice workman	He's learning a trade.
npc	3236	Workman	A busy workman
npc	3237	'Cuffs'	He looks a bit dodgy.
npc	3238	Narf	Looks unpleasant.
npc	3239	Rusty	Seems to be loitering.
npc	3240	Jeff	Untrustworthy.
npc	3241	Guard	He's keeping an eye out.
npc	3242	Dark wizard	A practicer of dark arts.
npc	3243	Dark wizard	A practicer of dark arts.
npc	3244	Dark wizard	A practicer of dark arts.
npc	3245	Dark wizard	A practicer of dark arts.
npc	3246	Barbarian	Alberich, a fierce barbarian warrior.
npc	3247	Barbarian	Fafner, a tough barbarian warrior.
npc	3248	Barbarian	Fasolt, a strong barbarian warrior.
npc	3249	Barbarian	Siegmund, a guard in the Barbarian Village.
npc	3250	Barbarian	Siegfried, a young guard in the Barbarian Village.
npc	3251	Barbarian	Lydspor, a well-travelled barbarian warrior.
npc	3252	Barbarian	Hagen, a guard in the Barbarian Village.
npc	3253	Barbarian	Minarch, a barbarian who likes his beer.
npc	3254	Hunding	Likes a good fight.
npc	3255	Barbarian	Wotan, a sturdy barbarian warrior.
npc	3256	Barbarian	Acelin, a guard in the Barbarian Village.
npc	3257	Barbarian	Adelino, a barbarian warrior with a big axe.
npc	3258	Barbarian	Adolpho, a barbarian warrior with a warhammer.
npc	3259	Barbarian	Aitan, a barbarian archer.
npc	3260	Barbarian	Brunnhilde, a fierce barbarian warrior.
npc	3261	Barbarian	Gutrune, a mighty barbarian warrior.
npc	3262	Barbarian	Edelschwarz, a barbarian warrior with a spear.
npc	3263	Barbarian	Sieglinde, a muscular barbarian warrior.
npc	3264	Goblin	An ugly green creature.
npc	3265	Goblin	An ugly green creature.
npc	3266	Goblin	An ugly green creature.
npc	3267	Goblin	An ugly green creature.
npc	3268	Dwarf	A dwarven worker.
npc	3269	Dwarf	A dwarven worker.
npc	3270	Dwarf	A dwarven worker.
npc	3271	Dwarf	A dwarven worker.
npc	3272	Dwarf	A dwarven worker.
npc	3273	Dwarf	A dwarven worker.
npc	3274	Dwarf	A dwarven worker.
npc	3275	Dwarf	A dwarven worker.
npc	3276	Black Guard	A member of the Black Guard, a special division of the dwarven army.
npc	3277	Black Guard	A member of the Black Guard, a special division of the dwarven army.
npc	3278	Black Guard	A member of the Black Guard, a special division of the dwarven army.
npc	3279	Black Guard	A member of the Black Guard, a special division of the dwarven army.
npc	3280	Engineering assistant	He looks busy.
npc	3281	Engineering assistant	He's wandering around aimlessly with a box of spare parts.
npc	3282	Engineer	He's building a cannon.
npc	3283	Squirrel	Bushy tail!
npc	3284	Squirrel	Likes nuts.
npc	3285	Squirrel	Shave the tail, and you've got a rat.
npc	3286	Raccoon	A raccoon.
npc	3287	Raccoon	A raccoon.
npc	3288	Raccoon	A raccoon.
npc	3291	Skeleton	Could do with gaining a few pounds.
npc	3292	Witch	The hat's a dead give away.
npc	3294	Dwarf	A dwarf who looks after the mining guild.
npc	3295	Dwarf	A dwarf who looks after the mining guild.
npc	3296	Swan	A graceful bird.
npc	3297	Black swan	A rare bird.
npc	3298	Sweeper	Keeps this magic area tidy.
npc	3299	Martin the Master Gardener	A master at gardening.
npc	3300	Frog	A magical frog.
npc	3301	Storm Cloud	A very small storm!
npc	3302	Co-ordinator	Manages the Fey.
npc	3303	Fairy Nuff	A healing fairy.
npc	3304	Fairy Godfather	I'm gonna make him an offer he can't refuse.
npc	3305	Slim Louie	How am I funny, like a clown?
npc	3306	Fat Rocco	As far back as I can remember, I always wanted to be a gangster.
npc	3307	Gate Keeper	Guardian of the market gate.
npc	3308	Zandar Horfyre	A practicer of dark arts.
npc	3309	Cow	Converts grass to beef.
npc	3310	Sheep	White and fluffy.
npc	3311	Sheep	Freshly sheared.
npc	3312	Zanaris Choir	They're going to sing to you!
npc	3313	Tanglefoot	A walking thorn bush!
npc	3319	Baby Tanglefoot	An animated shrub
npc	3320	Baby Tanglefoot	An aggressive bush.
npc	3321	Gate Keeper	Guardian of the market gate.
npc	3322	Fairy Chef	Likes to cook with Mushrooms!
npc	3324	Draul Leptoc	This looks like an angry, aggressive man.
npc	3325	Phillipa	A quiet, more reserved sort of lady.
npc	3326	Martina Scorsby	A less enthusiastic ecclesiastic woman, she seems slightly tired.
npc	3327	Jeremy Clerksin	Rather more tired than most.
npc	3328	Tarquin	A dandy canoe man.
npc	3329	Sigurd	His furs look very damp.
npc	3330	Hari	Strange looking fella.
npc	3331	Barfy Bill	Looks a little green around the gills.
npc	3332	Trees	Trees and such.
npc	3333	Trees	Trees and such.
npc	3334	Cavemouth	A cave entrance.
npc	3335	Bullrush	A Bullrush.
npc	3336	Bullrush	A Bullrush.
npc	3337	Cave Scenery	Cave bits.
npc	3338	Cave Scenery	Cave bits.
npc	3339	Cave Scenery	Cave bits.
npc	3340	Giant Mole	Holy Mole-y!
npc	3341	Baby Mole	I will call him, Mini Mole.
npc	3342	Baby Mole	Mooooooooooooole.
npc	3343	Baby Mole	Moley, moley, moley!
npc	3344	Fungi	A fun guy. No wait, that's awful. Plus it doesn't even make sense.
npc	3345	Fungi	A fun guy. No wait, that's awful. Plus it doesn't even make sense.
npc	3346	Zygomite	A bouncy fungus.
npc	3347	Zygomite	A fun guy. No wait, that's awful..
npc	3348	White Knight	A White Knight proselyte.
npc	3349	White Knight	A White Knight acolyte.
npc	3350	White Knight	A White Knight partisan.
npc	3351	Genie	Maybe he'll grant me a wish...
npc	3352	Mysterious Old Man	A very strange old man...
npc	3353	Swarm	A swarm of vicious plankton!
npc	3354	Cap'n Hand	Swashbuckles his way across the seven seas.
npc	3355	Rick Turpentine	A Masked Highwayman.
npc	3356	Niles	The brother of Miles and Giles.
npc	3357	Miles	The brother of Niles and Giles.
npc	3358	Giles	The brother of Niles and Miles.
npc	3359	Dr Jekyll	He looks troubled...
npc	3360	Mr Hyde	This is not a good time to be examining him!
npc	3361	Mr Hyde	This is not a good time to be examining him!
npc	3362	Mr Hyde	This is not a good time to be examining him!
npc	3363	Mr Hyde	This is not a good time to be examining him!
npc	3364	Mr Hyde	This is not a good time to be examining him!
npc	3365	Mr Hyde	This is not a good time to be examining him!
npc	3366	Evil Chicken	A fowl beast.
npc	3367	Evil Chicken	A fowl beast.
npc	3368	Evil Chicken	A fowl beast.
npc	3369	Evil Chicken	A fowl beast.
npc	3370	Evil Chicken	A fowl beast.
npc	3371	Evil Chicken	A fowl beast.
npc	3372	Sir Amik Varze	Leader of the White Knights.
npc	3374	Sir Amik Varze	Leader of the White Knights.
npc	3375	Evil Chicken	A fowl beast.
npc	3376	Baby black dragon	Young but still dangerous.
npc	3377	K'klik	Could this be one of the Elder dragons?
npc	3378	Evil Dave	He seems to like wearing black.
npc	3380	Evil Dave	He seems to like wearing black.
npc	3381	Doris	One of RuneScape's many citizens.
npc	3382	Hell-Rat	Vermin from the underworld.
npc	3385	Gypsy	An old gypsy lady.
npc	3386	Gypsy	An old gypsy lady.
npc	3387	Culinaromancer	A demented evil wizard who specialises in food spells.
npc	3388	Osman	He looks a little shifty.
npc	3389	Pirate Pete	A shifty-looking character.
npc	3390	Mountain Dwarf	He looks short and grumpy.
npc	3391	General Wartface	An ugly green creature.
npc	3392	General Bentnoze	An ugly green creature.
npc	3393	Lumbridge Guide	He provides new players with useful information.
npc	3394	Evil Dave	He seems to like wearing black.
npc	3395	Sir Amik Varze	Leader of the White Knights.
npc	3396	Awowogei	A rather dapper little monkey.
npc	3397	Awowogei	A rather dapper little monkey.
npc	3398	Skrach Uglogwee	An ogre.
npc	3400	Culinaromancer	A demented evil wizard who specialises in food spells.
npc	3402	An old Dwarf	A dwarven father figure!
npc	3403	Rohak	A dwarven father figure!
npc	3405	Rohak	A dwarven father figure!
npc	3406	Icefiend	A small ice demon.
npc	3407	General Wartface	An ugly green creature.
npc	3408	General Bentnoze	An ugly green creature.
npc	3410	General Wartface	An ugly green creature.
npc	3412	General Bentnoze	An ugly green creature.
npc	3413	Goblin Cook	He's got funky socks, but he's still an ugly green creature.
npc	3414	Goblin Cook	More like a goblin cooked.
npc	3415	Goblin Cook	Half way up the wall is maybe not a naturally tenable position for a goblin.
npc	3416	Pirate Pete	He looks a little piratey.
npc	3418	Pirate Pete	He looks a little piratey.
npc	3419	Mogre Guard	An angry Ogre in a highly amusing hat.
npc	3420	Nung	A fat, angry Ogre in a highly amusing hat.
npc	3421	Crab	Nice claw!
npc	3422	Mudskipper	Not the most beautiful fish in the sea.
npc	3423	Mudskipper	Not the most beautiful fish in the sea.
npc	3424	Crab	Nice claw!
npc	3425	Fish	A Red Fantail.
npc	3426	Fish	A Red Fantail.
npc	3427	Fish	A Red Fantail.
npc	3428	Fish	A Black Moor Fantail.
npc	3429	Fish	A Black Moor Fantail.
npc	3430	Fish	A Black Moor Fantail.
npc	3431	Fish	An Angel Fish.
npc	3432	Fish	An Angel Fish.
npc	3433	Fish	An Angel Fish.
npc	3434	Fish	A Harlequin Fish.
npc	3435	Fish	A Harlequin Fish.
npc	3436	Fish	A Harlequin Fish.
npc	3437	Fish	A Discus Fish.
npc	3438	Fish	A Discus Fish.
npc	3439	Fish	A Discus Fish.
npc	3440	Fish	A Paradise Fish.
npc	3441	Fish	A Paradise Fish.
npc	3442	Fish	A Paradise Fish.
npc	3443	Fish	A shoal of Neon Tetra.
npc	3444	Fish	A shoal of Neon Tetra.
npc	3445	Fish	A shoal of Neon Tetra.
npc	3446	Fish	A shoal of Pearl Danio.
npc	3447	Fish	A shoal of Pearl Danio.
npc	3448	Fish	A shoal of Pearl Danio.
npc	3449	Lumbridge Guide	He provides new players with useful information.
npc	3451	Lumbridge Guide	He provides new players with useful information.
npc	3452	? ? ? ?	Who could this be?
npc	3453	? ? ? ?	Who could this be?
npc	3454	? ? ? ?	Who could this be?
npc	3455	? ? ? ?	Who could this be?
npc	3456	? ? ? ?	Who could this be?
npc	3457	? ? ? ?	Who could this be?
npc	3458	? ? ? ?	Who could this be?
npc	3459	? ? ? ?	Who could this be?
npc	3460	? ? ? ?	Who could this be?
npc	3461	? ? ? ?	Who could this be?
npc	3463	Skrach Uglogwee	An important looking ogre, he hits the table a lot.
npc	3464	Skrach Uglogwee	An important looking ogre.
npc	3466	Rantz	A large dim looking humanoid.
npc	3467	Rantz	A large dim looking humanoid.
npc	3468	Rantz	A large dim looking humanoid.
npc	3471	Ogre boat	Rantz's boat, operated by his kids Fycie and Bugs.
npc	3472	Ogre boat	Rantz's boat, operated by his kids Fycie and Bugs.
npc	3473	Balloon Toad	A toad inflated with swamp gas and tied up like a balloon.
npc	3474	Balloon Toad	A toad inflated with swamp gas and tied up like a balloon.
npc	3475	Balloon Toad	A quickly deflating balloon toad.
npc	3476	Jubbly bird	A large boisterous bird, a delicacy for ogres.
npc	3477	Jubbly bird	A large boisterous bird, a delicacy for ogres.
npc	3478	King Awowogei	A rather dapper little monkey.
npc	3480	King Awowogei	He's looking a bit static.
npc	3481	Mizaru	He sees no evil.
npc	3482	Kikazaru	He hears no evil.
npc	3483	Iwazaru	He speaks no evil.
npc	3484	Big Snake	A big snake.
npc	3485	Culinaromancer	A demented evil wizard who specialises in food spells.
npc	3486	Culinaromancer	A demented evil wizard who specialises in food spells.
npc	3487	Culinaromancer	A demented evil wizard who specialises in food spells.
npc	3488	Culinaromancer	A demented evil wizard who specialises in food spells.
npc	3489	Culinaromancer	A demented evil wizard who specialises in food spells.
npc	3490	Culinaromancer	A demented evil wizard who specialises in food spells.
npc	3491	Culinaromancer	A demented evil wizard who specialises in food spells.
npc	3492	Culinaromancer	A demented evil wizard who specialises in food spells.
npc	3493	Agrith-Na-Na	Big, scary, angry and a good source of energy.
npc	3494	Flambeed	Will give you a beating as well as indigestion.
npc	3495	Karamel	Pure evil lightly whipped with a juicy cherry on top.
npc	3496	Dessourt	Bad for your teeth...and the rest of your body too.
npc	3497	Gelatinnoth Mother	Deadly AND fruity!
npc	3498	Gelatinnoth Mother	Deadly AND fruity!
npc	3499	Gelatinnoth Mother	Deadly AND fruity!
npc	3500	Gelatinnoth Mother	Deadly AND fruity!
npc	3501	Gelatinnoth Mother	Deadly AND fruity!
npc	3502	Gelatinnoth Mother	Deadly AND fruity!
npc	3503	Overgrown hellcat	A hellish not-so little pet.
npc	3504	Hellcat	A hellish pet cat!
npc	3505	Kitten	A hellish little pet.
npc	3506	Lazy HellCat	A hellish not-so-little pet.
npc	3507	Wily hellcat	Wild and hellish.
npc	3508	Leo	A lazy undertaker.
npc	3509	Sorin	A flea infested, pale looking excuse of a man.
npc	3511	Wiskit	A flea infested, pale looking excuse of a man.
npc	3514	Vampyre Juvinate	An initiate juvenile vampire.
npc	3515	Vampyre Juvinate	An initiate juvenile vampire.
npc	3517	Gadderanks	A human suppporter of the Vampyric overlords.
npc	3518	Gadderanks	A human suppporter of the Vampyric overlords.
npc	3519	Gadderanks	A human suppporter of the Vampyric overlords.
npc	3520	Vampyre Juvinate	An initiate juvenile vampire.
npc	3521	Vampyre Juvinate	An initiate juvenile vampire.
npc	3522	Vampyre Juvinate	An initiate juvenile vampyre.
npc	3523	Vampyre Juvinate	An initiate juvenile vampyre.
npc	3524	Vampyre Juvinate	An initiate juvenile vampyre.
npc	3525	Vampyre Juvinate	An initiate juvenile vampyre.
npc	3526	Vampyre Juvinate	An initiate juvenile vampyre, he looks really angry.
npc	3527	Held Vampyre Juvinate	A Juvinate vampyre, held in a powerful spell.
npc	3528	Vampyre Juvinate	An initiate juvenile vampyre.
npc	3529	Vampyre Juvinate	An initiate juvenile vampyre.
npc	3530	Mist	A billowing cloud of fine mist...it looks creepy.
npc	3531	Vampyre Juvenile	He looks really hungry!
npc	3532	Vampyre Juvenile	He looks really hungry!
npc	3533	Vampyre Juvenile	He looks really hungry!
npc	3534	Vampyre Juvenile	He looks really hungry!
npc	3535	Ivan Strom	A member of the Myreque and an aspiring young priest.
npc	3536	Ivan Strom	A member of the Myreque and an aspiring young priest.
npc	3537	Vampyre Juvinate	An initiate juvenile vampire.
npc	3538	Vampyre Juvinate	An initiate juvenile vampire.
npc	3539	Veliaf Hurtz	Looks like the leader of the Myreque.
npc	3540	Elisabeta	The leader of Burgh de Rott.
npc	3541	Aurel	A flea infested, pale looking excuse of a man.
npc	3542	Sorin	A flea infested, pale looking excuse of a man.
npc	3543	Luscion	A citizen of Burgh de Rott.
npc	3544	Sergiu	A citizen of Burgh de Rott.
npc	3545	Radu	A citizen of Burgh de Rott.
npc	3546	Grigore	A citizen of Burgh de Rott.
npc	3547	Ileana	A citizen of Burgh de Rott.
npc	3548	Valeria	A citizen of Burgh de Rott.
npc	3549	Emilia	A citizen of Burgh de Rott.
npc	3550	Florin	A citizen of Burgh de Rott.
npc	3551	Catalina	Its a village kid.
npc	3552	Ivan	Its a village kid.
npc	3553	Victor	Its a village kid.
npc	3554	Helena	Its a village kid.
npc	3555	Teodor	He tries to grow the crops in this area.
npc	3556	Marius	A bed ridden man.
npc	3557	Gabriela	A citizen of Burgh de Rott.
npc	3558	Vladimir	An empty villager.
npc	3559	Calin	A citizen of Burgh de Rott.
npc	3560	Mihail	A citizen of Burgh de Rott.
npc	3561	Nicoleta	A citizen of Burgh de Rott.
npc	3562	Simona	A citizen of Burgh de Rott.
npc	3563	Vasile	A citizen of Burgh de Rott.
npc	3564	Razvan	A citizen of Burgh de Rott.
npc	3565	Luminata	A citizen of Burgh de Rott.
npc	3568	Cornelius	A citizen of Burgh de Rott.
npc	3569	Cornelius	The sole banker of Burgh de Rott.
npc	3570	Benjamin	A human returned from vampyric form.
npc	3571	Liam	A human returned from vampyric form.
npc	3572	Miala	A human returned from vampyric form.
npc	3573	Verak	A human returned from vampyric form.
npc	3574	Fishing spot	I can see fish swimming in the water.
npc	3575	Fishing spot	I can see fish swimming in the water.
npc	3576	Juvinate	It looks really hungry!
npc	3577	Juvinate	It looks really hungry!
npc	3578	Juvinate	It looks really hungry!
npc	3579	Sheep	A Sheep?
npc	3580	Tentacle	I'm glad I can't see the rest of it!
npc	3581	Skeleton	He guards the dungeon with the faithfulness of the undead.
npc	3582	Guard dog	Beware of the dog!
npc	3583	Hobgoblin	He doesn't look very welcoming.
npc	3584	Troll	A pet Troll!
npc	3585	Huge Spider	No spider could get that big! It's unrealistic!
npc	3586	Hellhound	Good doggie...
npc	3587	Ogre	He's full of pent-up aggression.
npc	3588	Baby red dragon	Young but still dangerous.
npc	3589	Kalphite Soldier	I don't think insect repellent will work...
npc	3590	Steel dragon	Its scales seem to be made of steel.
npc	3591	Dagannoth	A darkened horror from the ocean depths...
npc	3592	Tok-Xil	I don't like the look of those spines...
npc	3593	Demon	A freshly summoned demon.
npc	3594	Rocnar	It's full of pent-up aggression.
npc	3595	Toy Soldier	Nice piece of crafting that...
npc	3596	Toy Doll	Nice piece of crafting that...
npc	3597	Toy Mouse	Nice piece of crafting that...
npc	3598	Clockwork cat	An amazing piece of crafting.
npc	3599	Swamp snake	A large snake that thrives in swamps.
npc	3600	Swamp snake	A large snake that thrives in swamps.
npc	3601	Swamp snake	A large snake that thrives in swamps.
npc	3602	Swamp snake	A dead snake, it thrived in the swamp until it met you.
npc	3603	Dead swamp snake	A dead snake, it thrived in the swamp until it met you.
npc	3604	Dead swamp snake	A dead snake, it thrived in the swamp until it met you.
npc	3605	Dead swamp snake	A dead snake, it thrived in the swamp until it met you.
npc	3606	Ghast	Arrghhh... A Ghast.
npc	3607	Ghast	Arrghhh... A Ghast.
npc	3608	Ghast	Arrghhh... A Ghast.
npc	3609	Ghast	Arrghhh... A Ghast.
npc	3610	Ghast	Arrghhh... A Ghast.
npc	3611	Ghast	Arrghhh... A Ghast.
npc	3612	Giant snail	Euew.
npc	3613	Giant snail	Euew.
npc	3614	Giant snail	Euew.
npc	3615	Riyl shadow	The shadowy remains of a long departed soul.
npc	3616	Asyn shadow	The shadowy remains of a long departed soul.
npc	3617	Shade	The shadowy remains of a long departed soul.
npc	3618	Tentacle	I'm glad I can't see the rest of it!
npc	3619	Head	I'm glad I can't see the rest of it!
npc	3620	Head	I'm glad I can't see the rest of it!
npc	3621	Tentacle	I'm glad I can't see the rest of it!
npc	3622	Zombie	I wonder if he'd let me borrow his axe?
npc	3624	Smiddi Ryak	Small lonely child.
npc	3626	Rolayne Twickit	Old lonely man.
npc	3628	Jayene Kliyn	A Burgh de Rott female militia volunteer.
npc	3630	Valantay Eppel	A Burgh de Rott male militia volunteer.
npc	3632	Dalcian Fang	A retired but dangerous looking man - he seems to be hanging around.
npc	3634	Fyiona Fray	A retired but dangerous looking female soldier.
npc	3635	Abidor Crank	The good samaritan.
npc	3636	Spirit tree	A young sentient tree.
npc	3637	Spirit tree	An ancient sentient tree.
npc	3639	Launa	She looks tired of waiting.
npc	3640	Launa	She looks tired of arguing.
npc	3641	Brana	An old man.
npc	3643	Tolna	Where did his boot go?
npc	3644	Tolna	A kid.
npc	3645	Angry bear	He looks a little on the cross side!
npc	3646	Angry unicorn	He looks a little on the cross side!
npc	3647	Angry giant rat	He looks a little on the cross side!
npc	3648	Angry goblin	He looks a little on the cross side!
npc	3649	Fear reaper	AHHHHH!
npc	3650	Confusion beast	What on RuneScape is that?!?
npc	3651	Confusion beast	What on RuneScape is that?!?
npc	3652	Confusion beast	What on RuneScape is that?!?
npc	3653	Confusion beast	What on RuneScape is that?!?
npc	3654	Confusion beast	What on RuneScape is that?!?
npc	3655	Hopeless creature	A hopeless poor creature.
npc	3656	Hopeless creature	A hopeless poor creature.
npc	3657	Hopeless creature	A hopeless poor creature.
npc	3658	Tolna	Is that really Tolna?
npc	3659	Tolna	Is that really Tolna?
npc	3660	Tolna	Is that really Tolna?
npc	3661	Angry unicorn	He looks a little on the cross side!
npc	3662	Angry giant rat	He looks a little on the cross side!
npc	3663	Angry goblin	He looks a little on the cross side!
npc	3664	Angry bear	He looks a little on the cross side!
npc	3665	Fear reaper	AHHHH!
npc	3666	Confusion beast	What on RuneScape is that?!?
npc	3667	Hopeless creature	A hopeless poor creature.
npc	3668	Hopeless beast	A hopeless poor creature.
npc	3669	Hopeless beast	A hopeless poor creature.
npc	3670	Odd Old Man	That's a lot of bones on his back...
npc	3671	Fortunato	Looks like he could do with a sip of Amontillado.
npc	3672	Ram	Freshly sheared.
npc	3673	Ram	White and fluffy.
npc	3674	Bones	Bony.
npc	3675	Vulture	If you see them circling... run.
npc	3676	Vulture	If you see them circling... run.
npc	3677	Sinister Stranger	He looks a LOT like a vampire...
npc	3678	Sinister Stranger	He looks a LOT like a vampire...
npc	3679	Vestri	He looks short and grumpy.
npc	3680	Ali the Leaflet Dropper	A young boy handing out flyers.
npc	3681	Easter egg bird	The bird looks overworked and underpaid.
npc	3682	Easter Bunny	Cute and friendly, with powers beyond that of magic.
npc	3683	Child	One of RuneScape's many citizens.
npc	3684	Child	One of RuneScape's many citizens.
npc	3685	Child	One of RuneScape's many citizens.
npc	3686	Child	One of RuneScape's many citizens.
npc	3687	Child	One of RuneScape's many citizens.
npc	3688	Child	One of RuneScape's many citizens.
npc	3689	Egg	A rolling chocolate egg.
npc	3690	Egg	A rolling chocolate egg.
npc	3691	Egg	A rolling chocolate egg.
npc	3692	Egg	A rolling chocolate egg.
npc	3693	Egg	A rolling chocolate egg.
npc	3694	Egg	A rolling chocolate egg.
npc	3695	Rabbit	It's transfixed by the bright white lights.
npc	3696	Rabbit	It's hopping as if in a trance.
npc	3697	Rabbit	Who would have thought a rabbit could carry such a big egg?
npc	3698	Rabbit	Who would have thought a rabbit could carry such a big egg?
npc	3699	Rabbit	Who would have thought a rabbit could carry such a big egg?
npc	3700	Rabbit	Who would have thought a rabbit could carry such a big egg?
npc	3701	Rabbit	Who would have thought a rabbit could carry such a big egg?
npc	3702	Rabbit	Who would have thought a rabbit could carry such a big egg?
npc	3703	Rabbit	It's straining under the weight of that egg but it seems unable to drop it.
npc	3704	Rabbit	It's straining under the weight of that egg but it seems unable to drop it.
npc	3705	Rabbit	It's straining under the weight of that egg but it seems unable to drop it.
npc	3706	Rabbit	It's straining under the weight of that egg but it seems unable to drop it.
npc	3707	Rabbit	It's straining under the weight of that egg but it seems unable to drop it.
npc	3708	Rabbit	It's straining under the weight of that egg but it seems unable to drop it.
npc	3709	Rabbit	It's straining under the weight of that egg but it seems unable to drop it.
npc	3710	Rabbit	It's straining under the weight of that egg but it seems unable to drop it.
npc	3711	Rabbit	It's straining under the weight of that egg but it seems unable to drop it.
npc	3712	Rabbit	It's straining under the weight of that egg but it seems unable to drop it.
npc	3713	Rabbit	It's straining under the weight of that egg but it seems unable to drop it.
npc	3714	Rabbit	It's straining under the weight of that egg but it seems unable to drop it.
npc	3715	Rabbit	It's hopping along as if in a trance.
npc	3716	Rabbit	It's hopping along as if in a trance.
npc	3717	Rabbit	It's hopping along as if in a trance.
npc	3718	Rabbit	It's hopping along as if in a trance.
npc	3719	Rabbit	It's hopping along as if in a trance.
npc	3720	Rabbit	It's hopping along as if in a trance.
npc	3721	Rabbit	It's hopping along as if in a trance.
npc	3722	Rabbit	It's hopping along as if in a trance.
npc	3723	Rabbit	It's hopping along as if in a trance.
npc	3724	Rabbit	It's hopping along as if in a trance.
npc	3725	Rabbit	It's hopping along as if in a trance.
npc	3726	Rabbit	It's hopping along as if in a trance.
npc	3727	Splatter	Don't burst its bubble!
npc	3728	Splatter	Don't burst its bubble!
npc	3729	Splatter	Don't burst its bubble!
npc	3730	Splatter	Don't burst its bubble!
npc	3731	Splatter	Don't burst its bubble!
npc	3732	Shifter	Nippy little thing!
npc	3733	Shifter	Nippy little thing!
npc	3734	Shifter	Nippy little thing!
npc	3735	Shifter	Nippy little thing!
npc	3736	Shifter	Nippy little thing!
npc	3737	Shifter	Nippy little thing!
npc	3738	Shifter	Nippy little thing!
npc	3739	Shifter	Nippy little thing!
npc	3740	Shifter	Nippy little thing!
npc	3741	Shifter	Nippy little thing!
npc	3742	Ravager	Worse than termites!
npc	3743	Ravager	Worse than termites!
npc	3744	Ravager	Worse than termites!
npc	3745	Ravager	Worse than termites!
npc	3746	Ravager	Worse than termites!
npc	3747	Spinner	Eeewww!
npc	3748	Spinner	Eeewww!
npc	3749	Spinner	Eeewww!
npc	3750	Spinner	Eeewww!
npc	3751	Spinner	Eeewww!
npc	3752	Torcher	Burn baby, burn!
npc	3753	Torcher	Burn baby, burn!
npc	3754	Torcher	Burn baby, burn!
npc	3755	Torcher	Burn baby, burn!
npc	3756	Torcher	Burn baby, burn!
npc	3757	Torcher	Burn baby, burn!
npc	3758	Torcher	Burn baby, burn!
npc	3759	Torcher	Burn baby, burn!
npc	3760	Torcher	Burn baby, burn!
npc	3761	Torcher	Burn baby, burn!
npc	3762	Defiler	Duck!
npc	3763	Defiler	Duck!
npc	3764	Defiler	Duck!
npc	3765	Defiler	Duck!
npc	3766	Defiler	Duck!
npc	3767	Defiler	Duck!
npc	3768	Defiler	Duck!
npc	3769	Defiler	Duck!
npc	3770	Defiler	Duck!
npc	3771	Defiler	Duck!
npc	3772	Brawler	Mind your toes!
npc	3773	Brawler	Mind your toes!
npc	3774	Brawler	Mind your toes!
npc	3775	Brawler	Mind your toes!
npc	3776	Brawler	Mind your toes!
npc	3777	Portal	Not somewhere I want to go...
npc	3778	Portal	Not somewhere I want to go...
npc	3779	Portal	Not somewhere I want to go...
npc	3780	Portal	Not somewhere I want to go...
npc	3781	Squire	A squire of balance.
npc	3782	Void Knight	A powerful knight of balance.
npc	3783	Void Knight	A powerful knight of balance.
npc	3784	Void Knight	A powerful knight of balance.
npc	3785	Void Knight	A powerful knight of balance.
npc	3786	Void Knight	A powerful knight of balance.
npc	3787	Void Knight	A powerful knight of balance.
npc	3788	Void Knight	A powerful knight of balance.
npc	3789	Void Knight	A powerful knight of balance.
npc	3790	Squire	A squire of balance.
npc	3791	Squire	A squire of balance.
npc	3792	Squire	A squire of balance.
npc	3793	Squire	A squire of balance.
npc	3794	Squire	A squire of balance.
npc	3795	Squire	A squire of balance.
npc	3796	Squire	A squire of balance.
npc	3797	Squire	A squire of balance.
npc	3798	Squire	A squire of balance.
npc	3799	Squire	A squire of balance.
npc	3800	Squire	A squire of balance.
npc	3801	Squire	A squire of balance.
npc	3802	Squire	A squire of balance.
npc	3804	Fishing spot	I can see fish swimming in the water.
npc	3805	Postie Pete	Posts things.
npc	3806	Millie Miller	Miss Millicent Miller the Miller of Mill Lane Mill.
npc	3807	Gillie Groats	Gillie the Milkmaid milks cows. She's udderly fantastic at it.
npc	3808	Tortoise	Massive beast of War with extra Gnome.
npc	3809	Captain Dalbur	Tally Ho!
npc	3810	Captain Bleemadge	Huzzah!
npc	3811	Captain Errdo	Up up and away!
npc	3812	Captain Klemfoodle	Up up and away!
npc	3813	Captain Wimto	Jolly good show!
npc	3814	Gnome Archer	A Gnome Arrow-chucker
npc	3815	Gnome Driver	Yee haa!
npc	3816	Gnome Mage	A battle mage of the gnomish variety.
npc	3817	Lieutenant Schepbur	The battle tortoise commander. Sir!
npc	3818	Trainer Nacklepen	The cruel tortoise trainer. Boo!
npc	3819	Tortoise	A large tortoise.
npc	3821	Wise Old Man	A venerable and rich sage.
npc	3822	Herman Caranos	Founder and Director of the Piscatoris Fishing Colony.
npc	3823	Franklin Caranos	Engineer for the Piscatoris Fishing Colony.
npc	3824	Arnold Lydspor	Secretary and Storemaster for the Piscatoris Fishing Colony.
npc	3825	Devin Mendelberg	A member of the Piscatoris Fishing Colony.
npc	3826	George Laxmeister	A member of the Piscatoris Fishing Colony.
npc	3827	Ramara du Croissant	A member of the Piscatoris Fishing Colony.
npc	3830	Kathy Corkat	Carries supplies to the Piscatoris Fishing Colony.
npc	3831	Kathy Corkat	Carries supplies to the Piscatoris Fishing Colony.
npc	3835	Kalphite Queen	I don't think insect repellent will work...
npc	3836	Kalphite Queen	I don't think insect repellent will work...
npc	3837	Drunken Dwarf	He's had a fair bit to drink...
npc	3838	Wise Old Man	A venerable and rich sage.
npc	3839	Wise Old Man	He's unconscious!
npc	3840	Sea troll	An aquatic troll.
npc	3841	Sea troll	An aquatic troll.
npc	3842	Sea troll	An aquatic troll.
npc	3843	Sea troll	An aquatic troll.
npc	3844	Skeleton Mage	Recalled to unlife!
npc	3845	Sea troll	An aquatic troll.
npc	3846	Sea Troll General	This will not be so easy.
npc	3847	Sea Troll Queen	The mother of all sea trolls!
npc	3848	Fishing spot	I can see fish swimming in the water.
npc	3849	Fishing spot	I can see fish swimming in the water.
npc	3850	Skeleton Mage	Recalled to unlife!
npc	3851	Skeleton Mage	Doesn't seem to want to go away.
object	0	Crate	I wonder what's inside.
object	1	Crate	I wonder what's inside.
object	2	Cave Entrance	Looks and smells like a place where goblins live.
object	3	Door	The door is closed.
object	4	Door	The door is closed.
object	5	Broken multicannon	A powerful ranging device, unfortunately not working.
object	6	Dwarf multicannon	A powerful ranging device that fires metal balls.
object	7	Cannon base	The cannon is built on here.
object	8	Cannon stand	The mounting for the multicannon.
object	9	Cannon base	The barrels of the multicannon.
object	10	Ladder	I can climb down this.
object	11	Ladder	I can climb up this.
object	12	Rock pile	A pile of rocks is blocking my path.
object	13	Mud pile	Mud caved in from above.
object	14	Railing	Intended to keep the goblins away from the mines.
object	15	Railing	Intended to keep the goblins away from the mines.
object	16	Railing	Intended to keep the goblins away from the mines.
object	17	Railing	Intended to keep the goblins away from the mines.
object	18	Railing	Intended to keep the goblins away from the mines.
object	19	Railing	Intended to keep the goblins away from the mines.
object	20	Railing	Intended to keep the goblins away from the mines.
object	21	Mysterious statue	Its eyes stare off into the distance...
object	22	Door	The door is shut.
object	23	Sacks	Unusually lumpy looking.
object	24	Door	The door is shut.
object	25	Clock spindle	Seems to be some kind of clock part.
object	26	Clock spindle	Seems to be some kind of clock part.
object	27	Clock spindle	Seems to be some kind of clock part.
object	28	Clock spindle	Seems to be some kind of clock part.
object	29	Clock spindle	Seems to be some kind of clock part.
object	30	Clock spindle	Seems to be some kind of clock part.
object	31	Clock spindle	Seems to be some kind of clock part.
object	32	Clock spindle	Seems to be some kind of clock part.
object	33	Lever	Yup, definitely a lever.
object	34	Lever	Yup, definitely a lever.
object	35	Lever	Yup, definitely a lever.
object	36	Lever	Yup, definitely a lever.
object	37	Gate	Stops people walking past.
object	38	Gate	Stops people walking past.
object	39	Gate	Stops people walking past.
object	40	Food trough	Animals have no table manners.
object	41	Wall Pipe	Looks like an outlet pipe to the lake.
object	42	Fishing spot	I can see fish swimming in the water.
object	43	Water	It seems to sparkle.
object	44	Fishing spot	I can see really big fish swimming in the water.
object	45	Fishing spot	Big Dave is fishing here.
object	46	Fishing spot	Joshua is fishing here.
object	47	Gate	A wooden gate.
object	48	Gate	A wooden gate.
object	49	Gate	A wooden gate.
object	50	Gate	A wooden gate.
object	51	Loose Railing	Hmmm... I wonder if it's loose enough to get through.
object	52	Gate	It's locked.
object	53	Gate	It's locked.
object	54	Stairs	It's a flight of stairs.
object	55	Stairs	It's a flight of stairs.
object	56	Stairs	It's a flight of stairs.
object	57	Stairs	It's a flight of stairs.
object	58	Vine	Known commonly as Red worm vine.
object	59	Door	A fancy hole in the wall.
object	60	Ladder	A fancy hole in the ceiling.
object	61	Chaos altar	A shrine to evil.
object	62	Giant crystal	Is there something in there?
object	63	Crate	Used for storage.
object	64	Crate	Used for storage.
object	65	Crate wall	Surprisingly sturdy looking.
object	66	Crate wall	Surprisingly sturdy looking.
object	67	Crate	Used for storage.
object	68	Beehive	Where bees live.
object	69	Gangplank	Handy for boarding boats.
object	70	Gangplank	Handy for boarding boats.
object	71	Large door	Sturdy looking door.
object	72	Large door	Sturdy looking door.
object	73	Large door	Securely fastened shut.
object	74	Large door	Securely fastened shut.
object	75	Chest	I wonder what's inside?
object	76	Chest	It's open.
object	77	Door	Securely fastened shut.
object	78	Door	Securely fastened shut.
object	79	Prison Door	Looks secure.
object	80	Prison Door	Looks secure.
object	81	Door	The door is closed.
object	82	Door	The door is closed.
object	86	Lever bracket	Seems very old...
object	87	Lever	I guess you pull it...
object	89	Gate	A wrought iron gate.
object	90	Gate	A wrought iron gate.
object	91	Lever	I don't like the look of this!
object	92	Door	The door is closed.
object	93	Door	The door is closed.
object	94	Gate	A wrought iron gate.
object	95	Gate	A wrought iron gate.
object	96	Stairs	A dark flight of stairs.
object	98	Stairs	A dark flight of stairs.
object	99	Door	The door is closed.
object	100	Trapdoor	Don't you open that trapdoor!
object	101	Ladder	I can climb this.
object	102	Door	A sturdy door.
object	103	Closed chest	I wonder what's inside.
object	104	Open chest	Perhaps I should search it.
object	105	Trapdoor	I wonder what that's there for...
object	106	Trapdoor	I wonder what that's there for...
object	114	Cooking range	An appliance for cooking with.
object	115	Party Balloon	A party balloon.
object	116	Party Balloon	A party balloon.
object	117	Party Balloon	A party balloon.
object	118	Party Balloon	A party balloon.
object	119	Party Balloon	A party balloon.
object	120	Party Balloon	A party balloon.
object	121	Party Balloon	Aren't they pretty?
object	122	Party Balloon	Paaaarty!
object	123	Party Balloon	A party balloon.
object	124	Party Balloon	A party balloon.
object	125	Party Balloon	A party balloon.
object	126	Party Balloon	A party balloon.
object	127	Party Balloon	A party balloon.
object	128	Party Balloon	A party balloon.
object	129	Party Balloon	A party balloon.
object	130	Party Balloon	A party balloon.
object	131	Door	The door is closed.
object	132	Ladder	An escape route.
object	133	Ladder	Looks spooky down there.
object	134	Large door	A large double door.
object	135	Large door	A large double door.
object	136	Door	The door is closed.
object	152	Compost heap	Smelly.
object	153	Fountain	An ornate fountain.
object	154	Obstacle pipe	A pipe I can squeeze through.
object	155	Bookcase	Lots of books.
object	156	Bookcase	Lots of books.
object	157	Bookcase	Lots of books.
object	158	Wall	This wall looks odd...
object	159	Wall	This wall looks odd...
object	160	Lever	I wonder what this does...
object	162	Strange machine	I'm not touching that.
object	163	Strange machine	I'm not touching that.
object	164	Strange machine	I'm not touching that.
object	165	Incinerator	A special furnace for destroying contaminated items.
object	166	Gate	A wooden gate.
object	167	Gate	A wooden gate.
object	170	Closed chest	I wonder what's inside.
object	171	Open chest	Perhaps I should search it.
object	172	Closed chest	I wonder what's inside.
object	173	Open chest	Perhaps I should search it.
object	187	Gnome glider	Fly Gnome Air.
object	188	Crashed glider	Probably pilot error.
object	189	Blurberry bar	The Blurberry bar - cocktails extraordinaire!
object	190	Gate	A large gate in the gnome style.
object	194	Hollowed rock	The entrance to the cave.
object	195	Ladder	I can climb this.
object	200	Lamp	A quirky gnome lamp.
object	201	Lamp	These insects love this light.
object	202	Candles	It's amazing what bees produce!
object	203	Candles	Posh candlesticks.
object	204	Candles	Posh candlesticks.
object	208	Candles	Scary lighting apparatus.
object	209	Chandelier	An ornamental lighting fixture.
object	210	Ice Light	A mysterious glowing ice crystal.
object	211	Candles	It's amazing what bees produce!
object	212	Sail	Useful for making ships move.
object	218	Sail	Useful for making ships move.
object	221	Figurehead	This figure brings luck to those who sail.
object	222	Figurehead	This figure brings luck to those who sail.
object	225	Sail	Useful for making ships move.
object	226	Sail	Useful for making ships move.
object	227	Pile of rope	Barnacle infested rope.
object	245	Ship's ladder	Allows access to other parts of the ship.
object	246	Ship's ladder	Allows access to other parts of the ship.
object	252	Ship's wheel	Without this I'm going around in circles.
object	254	Figurehead	This figure brings luck to those who sail.
object	255	Winch	Used for pulling things up.
object	260	Figurehead	This figure brings luck to those who sail.
object	265	Sail	Useful if there is any wind.
object	266	Sail	Useful for making ships move.
object	267	Sail	Useful for making ships move.
object	268	Sail	Useful for making ships move
object	271	Anchor	How much does this weigh?
object	272	Ship's ladder	I can climb up here.
object	273	Ship's ladder	I can go below decks with this ladder.
object	274	Hoisted sail	A conveniently rolled sail.
object	275	Hoisted sail	A conveniently rolled sail.
object	276	Hoisted sail	A conveniently rolled sail.
object	277	Hoisted sail	A conveniently rolled sail.
object	278	Hoisted sail	A conveniently rolled sail.
object	279	Hoisted sail	A conveniently rolled sail.
object	287	Ladder	I'm not allowed to climb this ladder.
object	296	Plough	It's like a land rudder.
object	297	Scarecrow	Disturbingly man-like.
object	298	Hay Bales	I bet there's a needle in it somewhere.
object	299	Hay Bales	I bet there's a needle in it somewhere.
object	300	Haystack	I bet there's a needle in it somewhere.
object	301	Food trough	Animals have no table manners.
object	302	Eggs	A home for baby creatures.
object	303	Compost	In the city we would call this mouldy rubbish.
object	304	Hay bale	I bet there's a needle in it somewhere.
object	305	Beehive	Where bees live.
object	306	Broken cart	A used cart seller will probably try and sell it later.
object	307	Cart	One horse power, wooden suspension. A beauty.
object	308	Cart	One horse power, wooden suspension. A beauty.
object	309	Log pile	Dead tree parts piled together neatly.
object	310	Mudpatch	A patch of soft dark brown matter. Probably mud.
object	311	Mudpile	A pile of something I hope is mud.
object	312	Potato	Potato-licious!
object	313	Wheat	Baby bread.
object	327	Broken cart wheel	The remains of a bad driver.
object	346	Cabinet	The perfect place to store things.
object	347	Cabinet	The perfect place to store things.
object	348	Drawers	These open and close!
object	349	Drawers	This may be worth searching.
object	350	Drawers	These open and close!
object	351	Drawers	This may be worth searching.
object	352	Drawers	These open and close!
object	353	Drawers	This may be worth searching.
object	354	Crate	A wooden crate for storage.
object	355	Crate	A wooden crate for storage.
object	356	Crate	An old crate for storage.
object	357	Crate	An old crate for storage.
object	358	Crate	An old crate for storage.
object	359	Boxes	A pile of boxes for storage.
object	360	Boxes	A pile of boxes for storage.
object	361	Boxes	A pile of boxes for storage.
object	362	Barrel	A wooden barrel for storage.
object	363	Barrel	A wooden barrel containing lots of fish.
object	364	Barrel	It's got ale in it.
object	365	Sacks	These may have something in them.
object	366	Crate	Useful for transportation of delicate items.
object	367	Cupboard	This may be worth opening.
object	368	Cupboard	This may be worth opening.
object	369	Large cupboard	This may be worth opening.
object	370	Open Cupboard	This may be worth searching.
object	371	Cupboard	This may be worth searching.
object	372	Large open cupboard	This may be worth searching.
object	373	Dresser	The perfect accompaniment to a bedroom.
object	374	Hat stand	A stand for hats!
object	375	Closed chest	I wonder what's inside.
object	376	Closed chest	I wonder what's inside.
object	377	Closed chest	I wonder what's inside.
object	378	Open chest	Perhaps I should search it.
object	379	Open chest	Perhaps I should search it.
object	380	Bookcase	A good source of books!
object	381	Bookcase	A good source of books!
object	382	Basket	A woven storage basket.
object	383	Basket	A woven storage basket.
object	384	Basket	A woven storage basket.
object	385	Basket	A woven storage basket.
object	386	Large urn	A gigantic pottery urn.
object	387	Bookshelves	This no doubt contains arcane knowledge.
object	388	Wardrobe	I wonder what this spooky item contains.
object	389	Wardrobe	It smells funny in there.
object	390	Wardrobe	It smells funny in there.
object	392	Full fishing net	A fishing net full of fish.
object	393	Bookcase	A good source of books!
object	394	Bookcase	Bamboo storage!
object	395	Pot	Bamboo storage!
object	396	Pots	Bamboo storage!
object	397	Cabinet	The perfect place to store things.
object	398	Coffin	I hope no-one's home...
object	399	Coffin	I see dead people.
object	400	Small gravestone	A small simple gravestone.
object	401	Grave marker	A simple marker for a forgotten person.
object	402	Tombstone	The remains of someone lie inside.
object	403	Large grave stone	A monument to a special person.
object	404	Gravestone	The inscription is worn away and unreadable.
object	405	Gravestone	'Here lies...' is all I can read.
object	406	Large grave	Whoever bought this must have really cared for the inhabitant.
object	407	Henge	Looks like a stone doorway to me.
object	408	Henge	Looks like a stone doorway to my untrained eye.
object	409	Altar	Shrine to the glory of Saradomin.
object	410	Altar of Guthix	An ancient altar to the glory of Guthix.
object	411	Chaos altar	Shrine to the glory of Zamorak.
object	412	Chaos altar	Shrine to the glory of Zamorak.
object	413	Dolmen	Looks suspiciously like a big stone table.
object	414	Coffin	A really posh upright coffin.
object	415	Coffin	Whoever's inside must have been rich.
object	416	Church organ	With skill I can play this.
object	417	Bed	Great for sleeping in.
object	418	Bed	A stylish-looking bed.
object	419	Bed	A drab-looking bed.
object	420	Bed	A stylish-looking bed.
object	421	Bed	A stylish-looking bed.
object	422	Bed	Technically a bed.
object	423	Bed	I guess I could sleep in it if I were really tired.
object	424	Bed	Lovely comfy-looking big bed.
object	425	Bed	Lovely comfy-looking big bed.
object	426	Bed	Posh-looking bed.
object	427	Bed	A bed fit for a king.
object	428	Bed	A bed fit for a king.
object	429	Bed	One of the nicest beds I have ever seen.
object	430	Hammock	Perfect for snoozing in the sun.
object	431	Chaise lounge	A comfortable seat to recline and recuperate.
object	432	Bed	I don't think anyone's slept here for a long time.
object	433	Bed	Bamboo's a versatile material.
object	434	Bed	Bamboo's a versatile material.
object	435	Bed	Bamboo's a versatile material.
object	436	Rock	A lump of rock.
object	437	Rock	A lump of rock.
object	438	Rock	A lump of rock.
object	439	Rock	A lump of rock.
object	440	Rock	A big slimy lump of rock.
object	441	Rock	A slimy lump of rock.
object	442	Rock	A slippery looking rock.
object	444	Boulder	A huge lump of rock.
object	445	Boulder	A huge lump of rock.
object	446	Stones	Some small stones.
object	447	Stones	Some small stones.
object	449	Overhanging rock	A rocky ledge.
object	450	Rocks	Stoney!
object	451	Rocks	Stoney!
object	452	Rocks	Stoney!
object	453	Rocks	Stoney!
object	454	Cave rocks	Solid rock from the cave floor.
object	455	Cave rocks	Solid rock from the cave floor.
object	462	Mossy rock	Looks slippery!
object	463	Mossy rock	Looks slippery!
object	464	Column	Formed over many years of dripping limestone.
object	465	Column	Formed over many years of dripping limestone.
object	466	Column	Formed over many years of dripping limestone.
object	467	Stalactite	A limestone ceiling growth.
object	468	Stalagmites	Limestone floor growth.
object	469	Stalactite	A limestone ceiling growth.
object	471	Rockslide	A deposit of rocks.
object	472	Rockslide	A deposit of rocks.
object	473	Rockslide	A deposit of rocks.
object	474	Rockslide	A deposit of rocks.
object	477	Mossy rock	Looks slippery!
object	478	Mossy rock	Looks slippery!
object	479	Rockslide	A deposit of rocks.
object	480	Rockslide	A deposit of rocks.
object	481	Rockslide	A deposit of rocks.
object	482	Rockslide	A deposit of rocks.
object	483	Rockslide	A deposit of rocks.
object	484	Rockslide	A deposit of rocks.
object	485	Rockslide	A deposit of rocks.
object	486	Rockslide	A deposit of rocks.
object	492	Rocks	A collection of rocks over what looks like a depression.
object	507	Rockslide	A deposit of rocks.
object	508	Rockslide	A deposit of rocks.
object	509	Rockslide	A deposit of rocks.
object	510	Rockslide	A deposit of rocks.
object	511	Rocks	A rock with a pickaxe and mining tools.
object	516	Ice Column	A very tall column of ice.
object	517	Rockslide	A deposit of rocks.
object	518	Rockslide	A deposit of rocks.
object	519	Rockslide	A deposit of rocks.
object	520	Rockslide	A deposit of rocks.
object	523	Column	Formed over many years of dripping limestone.
object	524	Column	Formed over many years of dripping limestone.
object	525	Column	Formed over many years of dripping limestone.
object	526	Column	Formed over many years of dripping limestone.
object	527	Column	Formed over many years of dripping limestone.
object	528	Column	Formed over many years of dripping limestone.
object	529	Stalactite	A limestone ceiling growth.
object	530	Stalagmites	Formed over many years of dripping limestone.
object	531	Stalactite	A limestone ceiling growth.
object	532	Stalagmites	Limestone floor growth.
object	533	Stalactite	A limestone ceiling growth.
object	534	Stalagmite	A tooth shaped rock formation protruding from the floor.
object	539	Stalactite	A tooth shaped rock formation protruding from the ceiling.
object	541	Stalagmite	A tooth shaped rock formation protruding from the floor.
object	542	Stalagmite	A tooth shaped rock formation protruding from the floor.
object	543	Stalactite	A tooth shaped rock formation protruding from the ceiling.
object	544	Stalagmite	A tooth shaped rock formation protruding from the floor.
object	545	Boulder	A huge lump of rock.
object	546	Eerie statue	Intimidating!
object	548	Rockslide	A deposit of rocks.
object	549	Rockslide	A deposit of rocks.
object	550	Rockslide	A deposit of rocks.
object	551	Rockslide	A deposit of rocks.
object	554	Icicle	Frozen water has formed an icicle here.
object	555	Icicle	Frozen water has formed an icicle here.
object	556	Icicle	Frozen water has formed an icicle here.
object	557	Icicle	Frozen water has formed an icicle here.
object	558	Cave entrance	It looks cold in there.
object	562	Statue of a warrior	This person was of great importance.
object	563	Statue of a king	A monarch chiselled in stone.
object	564	Statue of a queen	A monarch chiselled in stone.
object	565	Statue of a king	A sculpture of a monarch.
object	566	Statue of a warrior	This person was of great importance.
object	567	Tribal statue	A huge carving of an ancient race.
object	568	Dwarf statue	A depiction of a great dwarven miner.
object	569	Gnome statue	A depiction of a famous gnome warrior.
object	570	Gnome statue	A depiction of a famous gnome warrior.
object	571	Gnome statue	The head and shoulders of a famous gnome.
object	572	Gnome statue	The head and shoulders of a famous gnome.
object	573	Gnome statue	A depiction of a famous gnomeballer.
object	574	Statue	A carving of a figure from the history of RuneScape.
object	575	Statue	A carving of a figure from the history of RuneScape.
object	576	Statue	A carving of a figure from the history of RuneScape.
object	579	Statue	An expertly chiselled statue.
object	580	Statue	An expertly chiselled statue.
object	581	Statue	An expertly chiselled statue.
object	582	Statue	An unusual symbol of ancient times.
object	583	Vase	An expertly crafted vase.
object	584	Statue	An expertly chiselled statue of a bird.
object	585	Statue of Saradomin	What a good likeness!
object	586	Statue of Saradomin	What a good likeness!
object	587	Statue of Zamorak	A depiction of the evil god Zamorak.
object	588	Statue steps	A base for the statue to sit on.
object	589	Crystal ball	The scrying glass of a seer.
object	590	Bank table	Banking transactions are processed here.
object	591	Bank table	Banking transactions are recorded here.
object	592	Bathroom table	Contains washing items.
object	593	Table	A nice sturdy looking table.
object	594	Table	A nice sturdy looking table.
object	595	Table	A nice sturdy looking table.
object	596	Table	A banquet could be eaten from this.
object	597	Table	A banquet could be eaten from this.
object	598	Table	Useful for putting things on.
object	599	Table	At one time it was for putting things on.
object	600	Table	The napkins are made from real silk.
object	601	Table	Useful for putting things on.
object	602	Table	Useful for putting things on.
object	603	Table	Useful for putting things on.
object	604	Table	Useful for putting things on.
object	605	Table	Useful for putting things on.
object	606	Table	Useful for putting things on.
object	607	Table	Items for making clothes are kept on here.
object	608	Study desk	The ideal place to study.
object	609	Workbench	A handy workbench for a handy person.
object	610	Workbench	A handy workbench for a handy person.
object	611	Picnic bench	Sit back and enjoy the view.
object	612	Counter	Items are for sale here.
object	613	Table	Useful for putting things on.
object	614	Table	Useful for putting things on.
object	615	Small table	Useful for putting things on.
object	616	Table	A creepy looking table.
object	617	Counter	Items are for sale here.
object	618	Chemistry Table	There are some strange chemicals here.
object	619	Chemistry Table	There are some strange chemicals here.
object	620	Table	Bamboo's a versatile material.
object	621	Table	It's a banquet table.
object	622	Table	It's a banquet table.
object	623	Table	A nice sturdy looking table.
object	624	Table	A nice sturdy looking table.
object	628	Silver stall	Finely wrought wares of silver.
object	629	Silk stall	Garments for the discerning.
object	630	Bakery stall	Bread cakes and pastries.
object	631	Gem stall	Finest precious stones.
object	632	Fur stall	These will keep you warm.
object	633	Spice stall	The spice is right.
object	634	Market stall	Always a source of good bargains.
object	635	Tea stall	Fine brews from exotic regions.
object	636	Buffers	Keeps mine carts from rolling away.
object	637	Mine cart	You can 'cart' things around on this.
object	647	Rack	Makes you taller.
object	648	Stocks	A bit large for a bracelet!
object	649	Gallows	A macabre variation on the neck tie.
object	651	Buried skeleton	Dead and half buried.
object	658	Pile of skulls	Disturbing but tidy.
object	659	Charred bones	I don't even want to think about what did that...
object	660	Corpse	Now that's what I call slimline!
object	661	Corpse	He looks very relaxed.
object	662	Corpse	Now he's just too thin.
object	663	Corpse	He hasn't eaten in a long time.
object	664	Corpse	Now that's what I call slimline!
object	665	Corpse	He looks very relaxed.
object	666	Corpse	Now he's just too thin.
object	667	Corpse	He hasn't eaten in a long time.
object	668	Pile of skulls	Disturbing but tidy.
object	671	Catapult	No cats were harmed in the making of this device.
object	672	Broken barrel	Shattered.
object	678	Fishing spot	I see fish.
object	679	Fishing spot	I can see fish swimming in the water.
object	680	Piano	I was always forced to play this as a child.
object	681	Piano	I never learnt to play.
object	682	Piano stool	Time for a recital?
object	683	Grandfather clock	Tick-tock, it's a clock.
object	684	Swamp bubbles	The noxious liquid bubbles horribly.
object	685	Weather vane	Shows which way the wind blows.
object	689	Mirror	Looking good!
object	690	Bath screen	A privacy aid!
object	691	Screen	Use this to get changed behind and retain modesty.
object	692	Cauldron	I don't even want to think about what's cooking in that.
object	693	Broom	Good for sweeping.
object	694	Clothes model	I'm guessing it's for making women's clothes.
object	695	Clothes model	Helps make human clothing.
object	696	Hole	A hole.
object	697	Animal skull	Dead animal head. Lovely.
object	698	Big egg	Must have been laid by a huge bird.
object	699	Carcass	Whatever it was I'm glad it's not alive.
object	700	Curved bone	Spooky!
object	701	Curved bone	Spooky!
object	702	Large bone	A dog's idea of heaven.
object	703	Large bone	A dog's idea of heaven.
object	707	Bell	Ding-Dong!
object	708	Bell mechanism	Some kind of pulley system.
object	709	Bell rope	Surprisingly rope-shaped.
object	710	Hole in wall	Suspiciously hole-shaped.
object	711	Crystal cluster	A huge chunk of shining natural crystal.
object	712	Crystal cluster	A huge chunk of shining natural crystal.
object	713	Crystal cluster	A huge chunk of shining natural crystal.
object	714	Fire remains	A recently extinguished fire.
object	718	Barrel	A barrel full of swords...
object	723	Buried skeleton	I'm glad this isn't around anymore!
object	724	Standing torch	A crude torch stuck in the ground.
object	727	Cave web	A fissure in the cave wall.
object	733	Web	This huge web blocks your path.
object	734	Slashed web	A huge web, cruelly slashed in half.
object	735	Swamp bubbles	The noxious liquid bubbles horribly.
object	736	Animal skull	Dead animal head. Lovely.
object	737	Carcass	Whatever it was I'm glad it's not alive.
object	741	Broken ladder	Looks a little too broken to climb.
object	743	Ladder	An old-looking ladder.
object	744	Scaffold	An old-looking bit of scaffolding.
object	748	Cave entrance	The entrance to the cave.
object	771	Icon	A map icon.
object	779	Bamboo Door	It's a door made from bamboo.
object	787	Loom	A loom.
object	788	City Gate	You'd need a big siege engine to force that.
object	789	City Gate	You'd need a big siege engine to force that.
object	817	Suit of armour	I always wonder if someone's hiding inside when I see these.
object	818	Suit of armour	Looks kind of like a man made of metal.
object	819	Suit of armour	Looks kind of like a man made of metal.
object	820	Suit of armour	Looks kind of like a man made of metal.
object	821	Cannon	Not suitable for children. Aim away from face.
object	822	Cannonballs	Big heavy metal balls.
object	823	Dummy	The easiest opponent I'll ever fight.
object	824	Wooden defence	A wooden defensive structure.
object	829	Target	For private use only!
object	834	Sword cabinet	Break glass in case of emergency.
object	835	Sword cabinet	Break glass in case of emergency.
object	836	Bow cabinet	An attractively laid out collection of ranging weapons.
object	837	Axe cabinet	Break glass in case of emergency.
object	838	Axe cabinet	Break glass in case of emergency.
object	839	Bow cabinet	An attractively laid out collection of ranging weapons.
object	848	Spear wall	A row of sharp pointy spears.
object	849	Spear wall	Rows of sharp pointy spears.
object	851	Standard	A tatty old standard.
object	852	Standard	A tatty old standard.
object	853	Standard	A standard.
object	854	Standard	A blue standard.
object	855	Standard	A blue standard.
object	856	Standard	A blue standard.
object	857	Standard	A standard of the gnome race.
object	858	Standard	A standard of the gnome race.
object	859	Standard	The standard of the ogre race.
object	860	Flagpole	The flag of Asgarnia.
object	861	Flagpole	The flag of Kandarin.
object	862	Flagpole	The flag of Ardougne.
object	863	Standard	A standard of Asgarnia.
object	864	Standard	A standard of Kandarin.
object	865	Standard	A standard of Asgarnia.
object	866	Standard	A standard of Kandarin.
object	867	Standard	A standard of Misthalin.
object	868	Standard	A standard of Varrock.
object	869	Flagpole	A flag flies here.
object	870	Totem Pole	A sculpted trunk of wood.
object	871	Bath pipes	Takes my dirty bath water away.
object	872	Large sewer pipe	It smells horrible in there.
object	873	Sink	Ideal for washing things in.
object	874	Sink	Ideal for washing things in.
object	875	Bath	Wash here.
object	878	Well	No this is not a mirage!
object	879	Fountain	Everyone needs a water feature.
object	880	Fountain	A beautiful water feature.
object	881	Manhole	There's a cover over this manhole.
object	882	Manhole	How dangerous, someone has left this manhole open.
object	883	Manhole cover	This is supposed to stop people falling down the manhole.
object	884	Well	Best used with a bucket.
object	885	Bar pumps	If only I had one of those at home...
object	886	Bar pumps	If only I had one of those at home...
object	887	Portrait	A painting of the King looking royal.
object	888	Painting	A beautiful landscape.
object	889	Painting	A mysterious figure stands alone in this haunting image.
object	890	Portrait	Hail to the King!
object	891	Landscape	I don't know much about art, but I like this.
object	892	Painting	A painting of some guy standing around somewhere.
object	893	Painting	A really bad portrait of the King.
object	894	Landscape	Fine brushwork adds to the realism of this serene landscape.
object	895	Painting	Pretty good painting.
object	896	Star chart	I can see the stars on this.
object	897	Star chart	A picture of the stars with funny diagrams and things on.
object	898	Cross	Cross shaped.
object	899	Hanging banner	Mmmm decorative!
object	900	Hanging banner	Brightens up the room a bit.
object	901	Hanging banner	I don't know art, but I like it!
object	902	Hanging banner	Not bad at all.
object	903	Unicorn's head	Alas poor unicorn, I knew him well.
object	904	Dragon's head	The scary-looking head of a scary-looking dragon.
object	905	Dragon's head	Not what I would pick as wall decoration.
object	906	Bull's head	Looks like the bull lost.
object	907	Charms	Trinkets and stuff.
object	908	Magical symbol	A magical wall decoration.
object	909	Plaque	Something is written on it. I can't read what.
object	910	Evil eye decoration	Looks like an eye with huge lashes.
object	911	Glyphs	A tablet covered in weird looking little squiggles and pictures.
object	915	Font	A posh water bowl.
object	954	Doormat	For wiping muddy feet on.
object	955	Spooky picture	Disturbingly its eyes look everywhere in the room except at you.
object	959	Clock face	What has a face and hands but is not a man?
object	960	Clock face	It's a time machine....sort of!
object	961	Bank notice board	'Ask about our low, low interest rates!'
object	962	Noticeboard	Some helpful people have placed notes on here, how nice.
object	963	Clothes equipment	Essentials for a seamstress.
object	964	Stuffed swordfish	It really was this big!
object	965	Stuffed swordfish	It really was this big!
object	966	Jolly Roger	He doesn't look too jolly to me!
object	967	Hanging wheel	Looks like this ship was way off course!
object	968	Pirate map	X marks the spot.
object	969	Fishing net	Complete with authentic seaweed!
object	970	Plaque	This mentions the monk trapped here...
object	971	Bow and Arrow	A useful ranging device.
object	972	Arrows	Use these with bows.
object	973	Javelin	A powerful throwing weapon.
object	974	Studded Leather	Improved Leather armour for archers.
object	975	Dragonhide Leather	Leather made from the skin of a Dragon.
object	993	Stile	I can climb over the fence with this.
object	1004	Broken Railing	This section of railing has been broken
object	1005	Broken Railing	This section of railing has been broken
object	1006	Broken Railing	There is a hole in this section of the railing.
object	1010	Shelves	Someone was thirsty...
object	1011	Shelves	Full of lovely drinks!
object	1012	Shelves	Full of lovely drinks!
object	1013	Cooking shelves	Storage for cookery items.
object	1014	Shelves	Storage for all needs.
object	1015	Shelves	Storage for all needs.
object	1016	Shelves	Storage for all needs.
object	1017	Shelves	Storage for all needs.
object	1018	Shelves	Storage for all needs.
object	1019	Shelf	What kind of sick person keeps a skull on their wall?
object	1020	Shelf	Esoteric artefacts.
object	1021	Shelf	I don't want to know what's in those little urns.
object	1024	Shelves	Used for storing things on.
object	1025	Clothing shelves	Tailor made for needlework supplies
object	1027	Tanning line	Prepared hides hang here drying.
object	1028	Vat	This contains dye for leather.
object	1029	Vat	This contains dye for leather.
object	1030	Mangle	Used to squeeze moisture from the hide.
object	1031	Mangle	Used to squeeze moisture from the hide.
object	1032	Danger sign	Danger!
object	1033	Signpost	This tells you which way is which.
object	1034	Signpost	This tells you which way is which.
object	1035	Signpost	This tells you which way is which.
object	1057	Sign	Ye olde Shrimp and Parrot.
object	1068	Sign	The Blue Moon Inn - Licensed to sell intoxicating liquor.
object	1069	Sign	The Jolly Boar - Purveyors of fine brews.
object	1070	Sign	The Rusty Anchor - Licensed to sell intoxicating beverages.
object	1071	Sign	The Shrimp and Parrot - Licensed to sell dangerous liquids.
object	1072	Sign	The Dead Man's Chest - Brews to maroon any pirate.
object	1073	Sign	The Rising Sun - Purveyors of fine liquor.
object	1074	Sign	The Forester's Arms - Quality Real Ales.
object	1075	Sign	The Flying Horse - Often seen after 10 pints.
object	1076	Sign	The Dancing Donkey - Licensed to sell intoxicating beverages.
object	1077	Sign	The Dragon Inn - Visit us for a fiery brew!
object	1078	Sign	Karamja Spirits bar - For all your alcohol needs.
object	1079	Signpost	North to Varrock :: East to Al-Kharid.
object	1080	Signpost	North road to Draynor Village :: East road to Varrock.
object	1081	Signpost	North to Draynor Village.
object	1082	Signpost	North to Draynor Manor :: West to Asgarnia.
object	1083	Signpost	South to the Wizards' Tower :: East to Lumbridge.
object	1084	Signpost	South to Lumbridge :: West to Varrock :: East to the Digsite.
object	1085	Signpost	South to Al-Kharid :: West to Lumbridge :: East to the Digsite.
object	1086	Signpost	North to Varrock :: East to the Digsite.
object	1087	Signpost	South to the Wizards' Tower :: North to Draynor Village :: East to Lumbridge.
object	1088	Chair	The ideal thing to sit on.
object	1089	Smashed chair	Not so good for sitting on.
object	1090	Chair	A comfortable seat.
object	1091	Chair	A comfortable seat.
object	1092	Chair	A comfortable seat.
object	1093	Chair	Good for sitting on.
object	1094	Chair	Good for sitting on.
object	1095	Stool	Good for sitting on.
object	1096	Rocking chair	Good for rocking in!
object	1097	Throne	A kingly seat for a royal behind.
object	1098	Throne	A kingly seat for a royal behind.
object	1099	Throne	A kingly seat for a royal behind.
object	1100	Barstool	The perfect way to sit at the bar.
object	1101	Chair	The perfect way to sit at the bar.
object	1102	Stool	Good for sitting on.
object	1103	Stool	Gnomes sit on these.
object	1104	Bench	Gnomes are found sitting here.
object	1105	Throne	A kingly seat for a royal behind.
object	1106	Bench	Sit back and relax...
object	1108	Throne	A kingly seat for a royal behind.
object	1109	Throne	A kingly seat for a royal behind.
object	1110	Chair	Used for sitting on.
object	1111	Chair	Do I dare sit on this?
object	1112	Pew	Church seating.
object	1113	Stool	Park it here...
object	1114	Ice Throne	Wouldn't like to sit on that for too long...
object	1115	Chair	The ideal thing to sit on.
object	1116	Hedge	Keeps the neighbours out!
object	1117	Hedge	Keeps the neighbours out!
object	1118	Bush	Found in wild areas.
object	1119	Bush	These are commonly found.
object	1120	Bush	An unusual bush.
object	1121	Bush	A wild bush.
object	1122	Bush	All the leaves have fallen off.
object	1123	Bush	All the leaves have fallen off.
object	1124	Bush	A commonly found bush.
object	1125	Bush	Bushy!
object	1126	Rosebush	A rose by any other name would still have prickly bits.
object	1144	Bush	A leafy bush.
object	1145	Bush	A leafy bush.
object	1146	Bush	A leafy bush.
object	1147	Fairy house	The abode of a fairy.
object	1148	Fairy house	The abode of a fairy.
object	1149	Fairy house	The abode of a fairy.
object	1150	Fairy bank	Fairies need money too!
object	1151	Fairy market stall	A fairy is selling items here.
object	1152	Potted fern	A small potted plant.
object	1153	Potted fern	Someone has planted this.
object	1154	Potted fern	A nicely potted fern.
object	1155	Potted fern	Better than weeding.
object	1156	Potted flower	I bet bees like this.
object	1157	Potted flower	I bet bees like this.
object	1158	Potted plant	A large potted plant.
object	1160	Potted plant	A plant in a bamboo pot.
object	1161	Cabbage	Cabbage... yuck!
object	1162	Bullrushes	Found near the water's edge.
object	1163	Mushroom	Not good for eating.
object	1164	Mushroom	Not good for eating.
object	1165	Mushroom	Fungal growth.
object	1166	Mushrooms	Poisonous no doubt.
object	1167	Mushroom	Fungal growth.
object	1168	Mushrooms	Poisonous no doubt.
object	1169	Mushroom	Poisonous no doubt.
object	1170	Fungus	I doubt that's edible.
object	1171	Fungus	I doubt that's edible.
object	1172	Fungus	I doubt that's edible.
object	1173	Small fern	A commonly found fern.
object	1174	Thistle	Spiky!
object	1175	Waterlily	A home for frogs.
object	1176	Waterlily	Otherwise known as a lilypad.
object	1177	Waterlily	A home for frogs.
object	1178	Heather	Smells lovely!
object	1179	Heather	Who is this Heather girl?
object	1180	Heather	I wonder why it's purple?
object	1181	Nettles	I'd better not get stung.
object	1184	Creeping plant	The tendrils of a creeping plant.
object	1185	Rockery	Nicely planted.
object	1186	Curling plant	A large curling plant.
object	1187	Flower	That's pretty.
object	1188	Flower	Blooming!
object	1189	Daisies	Commonly found in grassy areas.
object	1190	Sunflower	Is this the biggest flower around?
object	1191	Sunflowers	These are huge!
object	1192	Flowers	A rare flower.
object	1193	Flowers	Don't flowers make you feel better?
object	1194	Tulips	Can this talk?
object	1195	Flowers	You don't see that many of these.
object	1196	Flowers	I wonder what these are?
object	1197	Flower	A rarely found flower.
object	1198	Flowers	Very rare flowers.
object	1199	Flowerbed	These smell nice.
object	1200	Flowerbed	A bed of red flowers.
object	1201	Flowerbed	These are pretty.
object	1202	Jungle flower	Found only in jungle areas.
object	1203	Orchid	A very rare exotic flower.
object	1204	Jungle plant	A small fernlike plant.
object	1205	Vine	The leaves of a nasty creeping plant.
object	1206	Vine	The flower of a nasty creeping plant.
object	1207	Vine	The flower of a nasty creeping plant.
object	1208	Vine	The flower of a nasty creeping plant.
object	1231	Vine	Nasty curling tendrils of a creeping plant.
object	1276	Tree	One of the most common trees in RuneScape.
object	1277	Tree	A healthy young tree.
object	1278	Tree	A commonly found tree.
object	1279	Tree	A commonly found tree.
object	1280	Tree	A healthy young tree.
object	1281	Oak	A beautiful old oak.
object	1282	Dead tree	This tree has long been dead.
object	1283	Dead tree	This tree has long been dead.
object	1284	Dead tree	This tree has long been dead.
object	1285	Dead tree	An old weather beaten tree.
object	1286	Dead tree	It's only useful for firewood now.
object	1287	Dead tree	It's only useful for firewood now.
object	1288	Dead tree	It's only useful for firewood now.
object	1289	Dead tree	It's only useful for firewood now.
object	1290	Dead tree	It's only useful for firewood now.
object	1291	Dead tree	It's only useful for firewood now.
object	1292	Dramen tree	An ancient magical tree.
object	1293	Spirit tree	An ancient sentient tree.
object	1294	Spirit tree	An ancient sentient tree.
object	1295	Spirit tree	An ancient sentient tree.
object	1296	Fallen tree	This tree has fallen to the ground.
object	1297	Fallen tree	This tree was either the victim of weather or mankind.
object	1298	Fern	A commonly found fern.
object	1299	Fern	Is this a weed?
object	1300	Fern	A fern is growing here.
object	1301	Tree	Home to many unusual creatures.
object	1302	Leafy tree	A leafy tree.
object	1303	Tree	A tree found in tropical areas.
object	1304	Tree	A tree found in tropical areas.
object	1305	Tree	A tree found in tropical areas.
object	1306	Magic tree	The tree shimmers with a magical force.
object	1307	Maple tree	I bet this makes good syrup!
object	1308	Willow	These trees are found near water.
object	1309	Yew	A splendid tree.
object	1310	Tree	This tree has vines hanging from it.
object	1311	Palm	This would be good to sleep under.
object	1312	Palm	An essential for tropical islands.
object	1313	Plant	An unusual tree grows here.
object	1314	Plant	An unusual tree grows here.
object	1315	Evergreen	A hardy evergreen tree.
object	1316	Evergreen	A hardy evergreen tree.
object	1317	Spirit tree	A young sentient tree.
object	1318	Evergreen	This would make good firewood.
object	1319	Evergreen	This would make good firewood.
object	1320	Mossy branch	The branch is infested with moss.
object	1321	Mossy branch	The branch is infested with moss.
object	1322	Hollow tree	The trunk of this tree is hollow.
object	1323	Roots	A gnarly old tree root.
object	1324	Roots	The roots of a tree are exposed.
object	1325	Roots	I hope I don't trip over any of these.
object	1326	Tropical tree	A terribly tall tropical tree.
object	1327	Tropical tree	A terribly tall tropical tree.
object	1328	Tropical tree	A terribly tall tropical tree.
object	1329	Tropical leaves	Leaves of a bamboo tree.
object	1330	Tree	It's thick with snow.
object	1331	Tree	It's thick with snow.
object	1332	Tree	It's thick with snow.
object	1333	Dead tree	This old tree has been taken over by parasitic plants.
object	1334	Hollow log	This old tree is rotting away.
object	1335	Hollow log	This old tree is rotting away.
object	1336	Hollow log	This old tree is rotting away.
object	1337	Hollow log	This old tree is rotting away.
object	1338	Hollow log	This old tree is rotting away.
object	1339	Roots	They're just waiting to trip someone up.
object	1340	Roots	They're just waiting to trip someone up.
object	1341	Tree stump	This tree has been cut down.
object	1342	Tree stump	This tree has been cut down.
object	1343	Tree stump	This tree has been cut down.
object	1344	Tree stump	This tree has been cut down.
object	1345	Tree stump	This tree has been cut down.
object	1346	Tree stump	This tree has been cut down.
object	1347	Tree stump	This tree has been cut down.
object	1348	Tree stump	This tree has been cut down.
object	1349	Tree stump	This tree has been cut down.
object	1350	Tree stump	This tree has been cut down.
object	1351	Tree stump	This tree has been cut down.
object	1352	Tree stump	This tree has been cut down.
object	1353	Tree stump	This tree has been cut down.
object	1354	Tree stump	This tree has been cut down.
object	1355	Tree stump	This tree has been cut down.
object	1356	Tree stump	This tree has been cut down.
object	1357	Tree stump	This tree has been cut down.
object	1358	Tree stump	This tree has been cut down.
object	1359	Tree stump	This tree has been cut down.
object	1360	Tropical tree	This tree contains dangerous insects no doubt.
object	1361	Tropical tree	This tree contains dangerous insects no doubt.
object	1362	Tropical tree	This tree contains dangerous insects no doubt.
object	1363	Roots	They're just waiting to trip someone up.
object	1364	Roots	They're just waiting to trip someone up.
object	1365	Dead tree	It's only useful for firewood now.
object	1366	Roots	A gnarly old tree root.
object	1367	Roots	The roots of this tree are exposed.
object	1368	Roots	I hope I don't trip over any of these.
object	1369	Plant	An unusual tree grows here.
object	1370	Hollow log	This old tree is rotting away.
object	1371	Tropical tree	This tree contains dangerous insects no doubt.
object	1372	Tropical tree	This tree contains dangerous insects no doubt.
object	1373	Tropical tree	This tree contains dangerous insects no doubt.
object	1374	Tropical tree	This tree contains dangerous insects no doubt.
object	1375	Tropical tree	This tree contains dangerous insects no doubt.
object	1376	Tropical tree	This tree contains dangerous insects no doubt.
object	1377	Tropical tree	This tree contains dangerous insects no doubt.
object	1378	Hollow log	This old tree is rotting away.
object	1379	Hollow log	This old tree is rotting away.
object	1380	Roots	A gnarly old tree root.
object	1381	Roots	The roots of this tree are exposed.
object	1382	Roots	I hope I don't trip over any of these.
object	1383	Dead tree	This tree has long been dead.
object	1384	Dead tree	It's only useful for firewood now.
object	1385	Roots	A gnarly old tree root.
object	1386	Roots	The roots of this tree are exposed.
object	1387	Roots	I hope I don't trip over any of these.
object	1388	Roots	They're just waiting to trip someone up.
object	1389	Roots	They're just waiting to trip someone up.
object	1390	Jungle plant	Commonly found in these parts.
object	1391	Plant	A leafy plant.
object	1392	Plant	A leafy fern.
object	1393	Plant	A small bushy plant.
object	1394	Plant	A leafy shrub.
object	1395	Fly trap	No flies on me.
object	1396	Cactus	How do these things manage to grow?
object	1397	Cactus	This cactus has recently had a chunk taken off.
object	1398	Jungle plant	A leafy fern.
object	1399	Jungle plant	This has broad leaves.
object	1400	Jungle plant	A large waxy jungle plant.
object	1401	Jungle plant	A type of jungle fern.
object	1402	Jungle plant	A large waxy jungle plant.
object	1403	Cactus	How do these things manage to grow?
object	1404	Cactus	How do these things manage to grow?
object	1405	Cactus	How do these things manage to grow?
object	1406	Cactus	How do these things manage to grow?
object	1407	Whipping Plant	Leaves a nasty mark.
object	1408	Pineapple Plant	Looks spiky.
object	1409	Pineapple Plant	Looks spiky.
object	1410	Pineapple Plant	Looks spiky.
object	1411	Pineapple Plant	Looks spiky.
object	1412	Pineapple Plant	Looks spiky.
object	1413	Pineapple Plant	Looks spiky.
object	1504	Door	The door is open.
object	1505	Door	The door is closed.
object	1506	Large door	A sturdy wooden door.
object	1507	Large door	A sturdy wooden door.
object	1508	Large door	A sturdy wooden door.
object	1511	Large door	A sturdy wooden door.
object	1512	Large door	A sturdy wooden door.
object	1513	Large door	A sturdy wooden door.
object	1514	Large door	A sturdy wooden door.
object	1515	Large door	A sturdy wooden door.
object	1516	Large door	A large double door.
object	1517	Large door	A large double door.
object	1519	Large door	A large double door.
object	1520	Large door	A large double door.
object	1526	Curtain	The curtain is closed.
object	1528	Curtain	The curtain is closed.
object	1529	Curtain	The curtain is open.
object	1530	Door	The door is closed.
object	1531	Door	The door is open.
object	1533	Door	A nicely fitted door.
object	1534	Door	A nicely fitted door.
object	1536	Door	An ornately-fashioned door.
object	1537	Door	An elf-fashioned door.
object	1539	Door	Solid bars of iron.
object	1540	Door	Solid bars of iron.
object	1542	Door	Solid bars of iron.
object	1543	Door	Solid bars of iron.
object	1544	Door	Solid bars of iron.
object	1545	Door	Solid bars of iron.
object	1551	Gate	A wooden gate.
object	1552	Gate	A wooden gate.
object	1553	Gate	A wooden gate.
object	1556	Gate	A wooden gate.
object	1557	Gate	A wrought iron gate.
object	1558	Gate	A wrought iron gate.
object	1559	Gate	A wrought iron gate.
object	1560	Gate	A wrought iron gate.
object	1561	Gate	A wrought iron gate.
object	1568	Trapdoor	I wonder what's under it?
object	1569	Trapdoor	I wonder what's under it?
object	1570	Trapdoor	I wonder what's down there?
object	1571	Trapdoor	I wonder what's down there?
object	1572	Boarded-up door	This door has been boarded up.
object	1573	Doors	A door to a grand place.
object	1574	Doors	A door to a grand place.
object	1575	Doors	A door to a grand place.
object	1576	Doors	A door to a grand place.
object	1577	Doorway	The top of the archway.
object	1578	Doorway	The top of the archway.
object	1579	Doorway	The top of the archway.
object	1580	Doorway	The base of the archway.
object	1581	Doorway	The base of the archway.
object	1583	Wall	There is something strange about this wall...
object	1584	Wall	There is something strange about this wall...
object	1586	Wall	There is something strange about this wall...
object	1587	Wall	There is something strange about this wall...
object	1589	Gate	A wrought iron gate.
object	1590	Gate	A wrought iron gate.
object	1591	Door	The door is closed.
object	1592	Odd looking wall	Something is strange about this panel.
object	1594	Dungeon door	An entranceway into the dungeon.
object	1595	Door	The way in.
object	1596	Gate	A wrought iron gate.
object	1597	Gate	A wrought iron gate.
object	1598	Gate	A wooden gate.
object	1599	Gate	A wooden gate.
object	1600	Magic guild door	The doors to the Magic Guild.
object	1601	Magic guild door	The doors to the Magic guild.
object	1609	Scaffold	A wooden structure used in the process of building.
object	1610	Scaffold	A wooden structure used in the process of building.
object	1611	Scaffold	A wooden structure used in the process of building.
object	1612	Scaffold	A wooden structure used in the process of building.
object	1613	Timber	This timber is broken
object	1614	Timber	This timber is broken
object	1661	Bricks	A pile of bricks.
object	1662	Bricks	A pile of bricks.
object	1663	Bricks	A pile of bricks.
object	1722	Staircase	I can climb these stairs.
object	1723	Staircase	They go down.
object	1724	Staircase	I can climb down these stairs.
object	1725	Staircase	I can climb up this.
object	1726	Staircase	I can climb down this.
object	1727	Staircase	I can climb down this.
object	1728	Staircase	I can climb down this.
object	1729	Staircase	I can climb this.
object	1730	Staircase	Dare I go up?
object	1731	Staircase	These stairs look spooky!
object	1732	Staircase	These stairs look spooky!
object	1733	Staircase	I can use these stairs to climb down.
object	1734	Staircase	I can climb these stairs.
object	1735	Staircase	A rickety old staircase.
object	1736	Staircase	I can climb down these stairs.
object	1737	Staircase	I can climb up these stairs.
object	1738	Staircase	I can climb up these stairs.
object	1739	Staircase	I can climb up or go down these stairs.
object	1740	Staircase	I can climb down these stairs.
object	1741	Staircase	I can climb down these stairs.
object	1742	Staircase	I can climb up these stairs.
object	1743	Staircase	I can climb up or go down these stairs.
object	1744	Staircase	I can climb down these stairs.
object	1745	Staircase	I can climb down these stairs.
object	1746	Ladder	I can climb down this.
object	1747	Ladder	I can climb this.
object	1748	Ladder	I can climb this.
object	1749	Ladder	I can climb down this.
object	1750	Ladder	I can climb this.
object	1751	Ladder	I can climb this.
object	1752	Ladder	I can't climb this.
object	1753	Ladder	It's useless.
object	1754	Ladder	I can climb down this.
object	1755	Ladder	I can climb this.
object	1756	Ladder	I can climb down this.
object	1757	Ladder	I can climb this.
object	1758	Ladder	Not much use really.
object	1759	Ladder	This leads downwards.
object	1760	Stepladder	These can be useful.
object	1761	Steps	Steps made from natural rock.
object	1762	Climbing rope	A rope hangs here.
object	1763	Climbing rope	A rope hangs here.
object	1764	Climbing rope	A rope hangs here.
object	1765	Ladder	I can climb down this.
object	1766	Ladder	I can climb this.
object	1767	Ladder	I can climb down this.
object	1768	Ladder	I can climb this.
object	1778	Millstones	These huge stone discs grind grain to make flour.
object	1779	Sails	These sails use the wind to drive the windmill.
object	1780	Sails	These sails use the wind to drive the windmill.
object	1782	Flour bin	I'll need an empty pot so I can collect my flour.
object	1797	Waterfall rocks	Some very hard rocks, I wouldn't want to fall on those.
object	1804	Door	This door requires a key.
object	1805	Door	The door to the Champions' Guild.
object	1810	Web	Here be spiders!
object	1811	Sliced web	I can walk through this tattered web.
object	1812	Portal	A magical border of teleportation.
object	1813	Stone stand	For putting things on.
object	1814	Lever	I wonder what this does...
object	1815	Lever	I wonder what this does...
object	1816	Lever	I wonder what this does...
object	1817	Lever	I wonder what this does...
object	1852	Bay window	This lets in more light.
object	1864	Timber defence	These obviously mean keep out!
object	1876	Altar slab	I shudder to think what has taken place here.
object	1896	Throne	This hasn't seen a duster for a while.
object	1897	Candlestick holder	Not as nice as some.
object	1898	Chair	This needs dusting before I'll sit on it.
object	1899	Chair	This needs dusting before I'll sit on it.
object	1900	Suit of armour	This could do with a bit of a spit and polish.
object	1901	Table	This clearly isn't used for dining very often.
object	1939	Tower	A tower.
object	1947	Crumbling wall	It looks like I might be able to climb over this piece of the wall...
object	1948	Crumbling wall	It looks like I might be able to climb over this piece of the wall...
object	1949	Bricks	A pile of bricks.
object	1950	Bricks	A pile of bricks.
object	1951	Bricks	A pile of bricks.
object	1967	Tree Door	A grand door for a grand tree.
object	1968	Tree Door	A grand door for a grand tree.
object	1985	Root	A large root.
object	1986	Root	A large root.
object	1987	Log raft	A primitive looking boat.
object	1988	Broken log raft	Oops!
object	1989	Bookcase	A good source of books!
object	1990	Crate	A wooden crate for storage.
object	1991	Door	Solid bars of iron.
object	1992	Glarial's tombstone	There is an indent the size of a pebble in the stone's centre.
object	1993	Glarial's tomb	A stone tomb surrounded by flowers.
object	1994	Closed chest	I wonder what's inside.
object	1995	Open chest	Perhaps I should search it.
object	1996	Rock	I should be safe if I can reach this.
object	1997	Rock	I should be safe if I can reach this.
object	1998	Rope	Wet rope.
object	1999	Crate	A wooden crate for storage.
object	2000	Door	An elf-fashioned door.
object	2002	Door	An elf-fashioned door.
object	2004	Pillar	The pillar has a rune shaped dent in it.
object	2005	Statue of Baxtorian	A statue of Baxtorian chiselled in stone.
object	2006	Statue of Glarial	A statue of Glarial chiselled in stone.
object	2010	Ledge	A ledge.
object	2011	Ledge	A ledge.
object	2012	Ledge	A ledge.
object	2013	Vine	Known commonly as Red worm vine.
object	2014	Chalice of Eternity	A magically elevated chalice full of tears.
object	2015	Chalice of Eternity	A magically elevated chalice full of ash.
object	2019	Whirlpool	A whirlpool.
object	2020	Dead tree	It's too wet for firewood.
object	2022	Barrel	A wooden barrel, maybe a way off this rock.
object	2023	Achey Tree	An interesting tree with long straight branches.
object	2024	Cauldron	A large bubbling cauldron, smells... Ugh!
object	2025	Door	The door is closed.
object	2026	Fishing spot	I can see fish swimming in the water.
object	2027	Fishing spot	I can see fish swimming in the water.
object	2028	Fishing spot	I can see fish swimming in the water.
object	2029	Fishing spot	I can see fish swimming in the water.
object	2030	Fishing spot	I can see fish swimming in the water.
object	2031	Fishing spot	I can see fish swimming in the water.
object	2032	Door	It's closed.
object	2033	Door	It's open.
object	2034	Door	It's closed.
object	2035	Door	It's open.
object	2036	Door	It's closed.
object	2037	Door	It's open.
object	2038	Dummy	I've met less intelligent conversationalists.
object	2039	Gate	It's closed.
object	2041	Gate	It's closed.
object	2043	Cauldron	Something's bubbling away in it.
object	2044	Trough	Like an animal dinner table.
object	2048	Door	It's a door.
object	2049	Door	It's a door.
object	2050	Gate	A wooden gate.
object	2051	Gate	A wooden gate.
object	2054	Door	It's a door.
object	2056	Cupboard	It's closed.
object	2057	Cupboard	It's open.
object	2058	Gate	It's closed.
object	2060	Gate	It's closed.
object	2062	Cupboard	It's closed.
object	2063	Cupboard	It's open.
object	2064	Crate	For storage.
object	2065	Rope Ladder	Used for climbing.
object	2066	Wall	A wall.
object	2067	Watchtower	A watchtower.
object	2068	Fence	A fence.
object	2069	Door	A closed door.
object	2071	Crate	Used for storage.
object	2072	Crate	Used for storage.
object	2073	Banana Tree	Grows weird yellow fruit.
object	2074	Banana Tree	Grows weird yellow fruit.
object	2075	Banana Tree	Grows weird yellow fruit.
object	2076	Banana Tree	Grows weird yellow fruit.
object	2077	Banana Tree	Grows weird yellow fruit.
object	2078	Banana Tree	Grows weird yellow fruit.
object	2079	Chest	I wonder what's inside?
object	2081	Gangplank	Handy for boarding boats.
object	2082	Gangplank	Handy for boarding boats.
object	2083	Gangplank	Handy for boarding boats.
object	2084	Gangplank	Handy for boarding boats.
object	2085	Gangplank	Handy for boarding boats.
object	2086	Gangplank	Handy for boarding boats.
object	2087	Gangplank	Handy for boarding boats.
object	2088	Gangplank	Handy for boarding boats.
object	2089	Rockery	Ornamental.
object	2090	Rocks	A rocky outcrop.
object	2091	Rocks	A rocky outcrop.
object	2092	Rocks	A rocky outcrop.
object	2093	Rocks	A rocky outcrop.
object	2094	Rocks	A rocky outcrop.
object	2095	Rocks	A rocky outcrop.
object	2096	Rocks	A rocky outcrop.
object	2097	Rocks	A rocky outcrop.
object	2098	Rocks	A rocky outcrop.
object	2099	Rocks	A rocky outcrop.
object	2100	Rocks	A rocky outcrop.
object	2101	Rocks	A rocky outcrop.
object	2102	Rocks	A rocky outcrop.
object	2103	Rocks	A rocky outcrop.
object	2104	Rocks	A rocky outcrop.
object	2105	Rocks	A rocky outcrop.
object	2106	Rocks	A rocky outcrop.
object	2107	Rocks	A rocky outcrop.
object	2108	Rocks	A rocky outcrop.
object	2109	Rocks	A rocky outcrop.
object	2110	Rocks	A rocky outcrop.
object	2111	Rocks	A rocky outcrop.
object	2112	Door	The door is closed.
object	2113	Ladder	I can climb down this.
object	2114	Coal Truck	This transports coal!
object	2115	Gate	The left hand side of the gate.
object	2116	Gate	The right hand side of the gate.
object	2117	Old wall	It's an old wall.
object	2118	Whirlpool	Lots of water swirling around - fast.
object	2119	Rocks	A rocky outcrop.
object	2120	Rocks	A rocky outcrop.
object	2121	Rocks	A rocky outcrop.
object	2122	Rocks	A rocky outcrop.
object	2123	Rocks	A rocky outcrop.
object	2124	Rocks	A rocky outcrop.
object	2125	Rocks	A rocky outcrop.
object	2126	Rocks	A rocky outcrop.
object	2127	Rocks	A rocky outcrop.
object	2128	Rocks	A rocky outcrop.
object	2129	Rocks	A rocky outcrop.
object	2130	Rocks	A rocky outcrop.
object	2131	Rocks	A rocky outcrop.
object	2132	Rocks	A rocky outcrop.
object	2133	Rocks	A rocky outcrop.
object	2134	Rocks	A rocky outcrop.
object	2135	Rocks	A rocky outcrop.
object	2136	Rocks	A rocky outcrop.
object	2137	Rocks	A rocky outcrop.
object	2138	Rocks	A rocky outcrop.
object	2139	Rocks	A rocky outcrop.
object	2140	Rocks	A rocky outcrop.
object	2141	Chest	An open chest.
object	2142	Cauldron of Thunder	An eerie glow permeates the cauldron.
object	2143	Prison door	Looks secure.
object	2144	Prison door	Looks secure.
object	2145	Coffin	Ooooh! Spooky!
object	2146	Coffin	Ooooh! Spooky!
object	2147	Ladder	Going down?
object	2148	Ladder	Going up?
object	2149	Obelisk	An imposing stone structure.
object	2150	Obelisk of Earth	A column of elemental power.
object	2151	Obelisk of Water	A column of elemental power.
object	2152	Obelisk of Air	A column of elemental power.
object	2153	Obelisk of Fire	A column of elemental power.
object	2154	Gate	A wrought iron gate.
object	2155	Gate	A wrought iron gate.
object	2156	Magic Portal	A magical portal of teleportation.
object	2157	Magic Portal	A magical portal of teleportation.
object	2158	Magic Portal	A magical portal of teleportation.
object	2159	Barrel	It's a floating barrel.
object	2160	Barrel	It's a floating barrel.
object	2161	Barrel	It's a floating barrel.
object	2162	Trawler net	Smells like fish.
object	2163	Trawler net	Smells like fish.
object	2164	Trawler net	Smells like fish.
object	2165	Trawler net	Smells like fish.
object	2166	Trawler net	Smells like fish.
object	2167	Leak	Water is pouring in through the hole.
object	2168	Repaired leak	A patch of swamp tar has bunged up the hole.
object	2169	Spray	There's a strong wind whipping up the sea.
object	2170	Spray	There's a strong wind whipping up the sea.
object	2172	Trawler net	A huge net to catch little fish.
object	2173	Trawler net	A huge net to catch little fish.
object	2174	Ship's ladder	The upper deck can be accessed with this ladder.
object	2175	Ship's ladder	Back down to the main deck.
object	2176	Hole	This old trawler has seen better days.
object	2177	Hull	This old trawler has seen better days.
object	2178	Gangplank	Handy for boarding boats.
object	2179	Gangplank	Handy for boarding boats.
object	2180	Catapult	It's a war machine.
object	2181	Ballista	It's a war machine.
object	2182	Open chest	It can't hurt to just have a look, can it?
object	2183	Closed chest	I wonder what is inside...
object	2184	Door	The door is closed.
object	2185	Crumbled wall	This wall has seen better days.
object	2186	Loose Railing	Hmmm... I wonder if it's loose enough to get through.
object	2187	Ladder	I can climb down this ladder.
object	2188	Ladder	I can climb up this ladder.
object	2189	Ladder	I can climb up this ladder.
object	2190	Ladder	I can climb down this ladder.
object	2191	Chest	I wonder what's inside?
object	2192	Chest	I wonder what's inside?
object	2193	Chest	I wonder what's inside?
object	2194	Chest	Perhaps I should search it.
object	2195	Chest	Perhaps I should search it.
object	2196	Chest	Perhaps I should search it.
object	2197	Chest	I wonder what's inside?
object	2198	Chest	Perhaps I should search it.
object	2199	Keep gate	An old gate for locking up undesirables.
object	2200	Keep gate	An old gate for locking up undesirables.
object	2210	Telescope	Looking through it makes far off things look closer!
object	2211	Grave of Scorpius	A weathered old gravestone.
object	2212	Sack	It's a sack!
object	2213	Bank booth	The bank teller will serve you from here.
object	2214	Bank booth	This booth is for private customers only.
object	2215	Closed bank booth	This booth is closed.
object	2216	Broken cart	This looks like it's being used to block entrance to the village.
object	2217	Mound of earth	Something seems to be buried under this.
object	2218	Fissure	A narrow fissure in the ground.
object	2219	Fissure	A narrow fissure in the ground.
object	2220	Cave in	A pile of rubble.
object	2221	Strange looking stone	A stone with some carvings on it.
object	2222	Loose rocks	A pile of loose rocks.
object	2223	Old sacks	Probably nothing useful in these.
object	2224	Ancient gallows	A rotten and barely standing set of gallows.
object	2225	Waterfall rocks	Wet rocks, it looks like you might be able to climb them.
object	2226	Smashed table	This table has seen better days.
object	2227	Crude raft	A crudely constructed raft.
object	2229	Tribal Statue	A statue to mark Tai Bwo Wannai sacred grounds.
object	2230	Travel cart	A sturdy cart for travelling in.
object	2231	Rocks	A rocky outcrop.
object	2234	Well stacked rocks	Rocks that have been stacked at regular intervals.
object	2235	Tomb dolmen	An ancient construct for supporting the bones of the deceased.
object	2236	Climbing rocks	I can climb the rocky outcrop.
object	2237	Palm tree	An exotic looking tree.
object	2238	Hillside entrance	Large doors set into the hillside.
object	2239	Hillside entrance	Large doors set into the hillside.
object	2240	Carved doors	These doors must have been hidden here for years.
object	2241	Carved doors	These doors must have been hidden here for years.
object	2242	Tomb exit	Perhaps you should give them a push.
object	2243	Tomb exit	Perhaps you should give them a push.
object	2244	Jungle plant	Commonly found in these parts.
object	2245	Jungle plant	A leafy fern.
object	2246	Tomb doors	Large carved tomb doors, they look terrifying.
object	2247	Tomb doors	Large carved tomb doors, they look terrifying.
object	2248	Tomb doors	Large carved tomb doors, they look terrifying.
object	2249	Tomb doors	Large carved tomb doors, they look terrifying.
object	2250	Tomb doors	Large carved tomb doors, they look terrifying.
object	2253	Tomb exit	Perhaps you should give them a push.
object	2254	Tomb exit	Perhaps you should give them a push.
object	2255	Ancient metal gate	An ancient metal gate, but still pretty secure.
object	2256	Ancient metal gate	An ancient metal gate, but still pretty secure.
object	2257	Rocks	A rocky outcrop.
object	2258	Tomb dolmen	An ancient construct for supporting the bones of the deceased.
object	2259	Metal gate	The gate is closed.
object	2260	Metal gate	The gate is closed.
object	2261	Wooden gate	The gate is closed.
object	2262	Wooden gate	The gate is closed.
object	2265	Travel cart	A sturdy cart for travelling in.
object	2266	Blacksmith's door	The door is closed.
object	2267	Blacksmith's door	The door is closed.
object	2268	Ladder	This leads up to the sleeping area.
object	2269	Ladder	This leads downwards.
object	2270	Plant	A jungle plant.
object	2271	Cupboard	I wonder what's inside?
object	2272	Cupboard	It's open.
object	2273	Rope swing	An odd-looking rock with a rope tied to it.
object	2274	Rope swing	An odd-looking rock with a rope tied to it.
object	2275	Rock	An odd-looking rock formation.
object	2276	Rock	An odd-looking rock formation.
object	2277	Rock	An odd-looking rock formation.
object	2278	Rock	An odd-looking rock formation.
object	2279	Ropeswing	Holds the rope up. Hopefuly.
object	2280	Ropeswing	Holds the rope up. Hopefuly.
object	2281	Ropeswing	Holds the rope up. Hopefuly.
object	2282	Ropeswing	Use this to swing over crevices.
object	2283	Ropeswing	Use this to swing over crevices.
object	2284	Obstacle net	This must be climbed over.
object	2285	Obstacle net	This must be climbed over.
object	2286	Obstacle net	This must be climbed over.
object	2287	Obstacle pipe	A pipe I can squeeze through.
object	2288	Obstacle pipe	A pipe I can squeeze through.
object	2289	Hollow tree	It's hollow...
object	2290	Obstacle pipe	A pipe I can squeeze through.
object	2294	Log balance	A slippery log I can walk across.
object	2295	Log balance	A slippery log I can walk across.
object	2296	Log balance	A slippery log I can walk across.
object	2297	Log balance	A slippery log I can walk across.
object	2298	Climbing rocks	The irregular surface can be climbed.
object	2299	Climbing rocks	The irregular surface can be climbed.
object	2300	Climbing rocks	The irregular surface can be climbed.
object	2301	Balancing ledge	Tread carefully!
object	2302	Balancing ledge	Tread carefully!
object	2303	Balancing ledge	I can just about edge across here.
object	2304	Spikes	Pointy!
object	2305	Spikes	Pointy!
object	2307	Gate	A wrought iron gate.
object	2308	Gate	A wrought iron gate.
object	2309	Door	Solid bars of iron.
object	2310	Tree stump	This tree has been cut down.
object	2311	Stepping stone	Hop, hop, hoppity hop, and then you fall in molten lava.
object	2312	Balancing rope	I can balance on this rope.
object	2313	Tree branch	I can climb up this.
object	2314	Tree branch	I can climb down here.
object	2315	Tree branch	I can climb down here.
object	2316	Staircase	I can climb up these stairs.
object	2317	Pile of rubble	I can climb up these rocks to another cave.
object	2318	Pile of rubble	I can climb down these rocks to another cave.
object	2319	Monkeybars	I can traverse these.
object	2320	Monkeybars	I can traverse these.
object	2321	Monkeybars	I can traverse these.
object	2322	Ropeswing	Use this to swing across gaps.
object	2323	Ropeswing	Use this to swing across gaps.
object	2324	Ropeswing	Use this to swing across gaps.
object	2325	Ropeswing	I can swing on this tree.
object	2326	Branch	A branch protrudes here.
object	2327	Long branched tree	This tree has an unusually long branch on it.
object	2328	Rocks	A rocky outcrop.
object	2332	A wooden log	A nearly rotten wooden log that crosses the river.
object	2333	Stepping stones	A rocky outcrop from the running water.
object	2334	Stepping stones	A rocky outcrop from the running water.
object	2335	Stepping stones	A rocky outcrop from the running water.
object	2336	Hole	You can see a cauldron directly below.
object	2337	Sturdy door	This door is very sturdy looking.
object	2338	Door	This door is closed.
object	2339	Sturdy door	This door is very sturdy looking.
object	2340	Sturdy door	This door is very sturdy looking.
object	2341	Wall	There is something strange about this wall...
object	2342	Grill	Looks like a ventilation grill.
object	2343	Brick	A large stone block.
object	2344	Brick	A large stone block.
object	2345	Brick	A large stone block.
object	2346	Brick	A large stone block.
object	2347	Brick	A large stone block.
object	2348	Brick	A large stone block.
object	2349	Brick	A large stone block.
object	2350	Winch	Used to move earth to, and from, the dig shaft.
object	2351	Winch	Used to move earth to, and from, the dig shaft.
object	2352	Rope	This leads back up the dig shaft.
object	2353	Rope	This leads back up the dig shaft.
object	2354	Sacks	Yep, they're sacks!
object	2355	Sacks	Yep, they're sacks!
object	2356	Sacks	Yep, they're sacks!
object	2357	Bush	A leafy bush.
object	2358	Bush	A leafy bush.
object	2359	Barrel	A sealed barrel with a warning sign on it.
object	2360	Chest	I wonder what's inside...
object	2361	Chest	A sturdy chest to keep things in.
object	2362	Brick	A large stone block.
object	2363	Panning point	A place where you can pan for gold.
object	2364	Crate	A wooden container.
object	2365	Crate	A wooden container.
object	2366	Signpost	A signpost!
object	2367	Signpost	A signpost!
object	2368	Signpost	A signpost!
object	2369	Signpost	A signpost!
object	2370	Signpost	A signpost!
object	2371	Signpost	A signpost!
object	2372	Bookcase	Shelves filled with interesting books.
object	2373	Cupboard	A cupboard.
object	2374	Cupboard	A cupboard.
object	2375	Specimen tray	Used to keep specimens on.
object	2376	Soil	Soil - dug up!
object	2377	Soil	Soil - dug up!
object	2378	Soil	Soil - dug up!
object	2379	Campsite bed	Technically a bed.
object	2380	Chest	I wonder what's inside...
object	2381	Soil	Swampy dirt.
object	2382	Soil	Swampy dirt.
object	2383	Soil	Swampy dirt.
object	2391	Gate	A very solid looking gate.
object	2392	Gate	A very solid looking gate.
object	2393	Gnome goal	Aim for the goal!
object	2394	Gate	A gate to the Gnomeball pitch.
object	2396	Bed	Distinctly feminine.
object	2397	Door	A solid looking door.
object	2398	Door	A solid looking door.
object	2399	Door	A solid looking door.
object	2400	Cupboard	Might be worth searching.
object	2401	Cupboard	Might be worth searching.
object	2402	Bookcase	A good source of books!
object	2403	Chest	Might be worth searching.
object	2404	Chest	Might be worth searching.
object	2405	Ladder	I can climb this.
object	2406	Door	The door is closed.
object	2407	Magic door	The door is closed.
object	2408	Ladder	I can climb down this.
object	2409	Tree	A commonly found tree.
object	2410	Ladder	I can climb this.
object	2411	Sturdy door	The door is closed.
object	2412	Gangplank	Handy for boarding the ship.
object	2413	Gangplank	Handy for boarding the ship.
object	2414	Gangplank	Handy for boarding the ship.
object	2415	Gangplank	Handy for boarding the ship.
object	2416	Lever	Pull me!
object	2417	Closed chest	Place party drop items here.
object	2418	Open chest	Place party drop items here.
object	2421	Lever	This lever is down.
object	2422	Lever	This lever is up.
object	2423	Lever	This lever is down.
object	2424	Lever	This lever is up.
object	2425	Lever	This lever is down.
object	2426	Lever	This lever is up.
object	2427	Door	This door is closed by an unknown mechanism.
object	2428	Door	This door is closed by an unknown mechanism.
object	2429	Door	This door is closed by an unknown mechanism.
object	2430	Door	This door is closed by an unknown mechanism.
object	2431	Door	This door is closed by an unknown mechanism.
object	2432	Gate	This gate is closed shut.
object	2433	Gate	This gate is closed shut.
object	2434	Cupboard	This may be worth opening.
object	2435	Cupboard	This may be worth opening.
object	2436	Closed chest	I wonder what's inside.
object	2438	Gate	A wooden gate.
object	2439	Gate	A wooden gate.
object	2440	Pillar	Wonder what this pillar is for?
object	2441	Pillar	Wonder what this pillar is for?
object	2442	Pillar	Wonder what this pillar is for?
object	2443	Pillar	Wonder what this pillar is for?
object	2444	Trapdoor	I wonder what's under it?
object	2446	Trap door	This leads to somewhere...but where?
object	2447	Tree	I reckon I could climb that!
object	2448	Tree	I reckon I could climb that!
object	2449	Daconia rocks	Some magical rocks.
object	2450	Daconia rocks	Some magical rocks.
object	2451	Roots	There's something behind these roots.
object	2465	Portal	A portal from this mystical place.
object	2466	Portal	A portal from this mystical place.
object	2467	Portal	A portal from this mystical place.
object	2468	Portal	A portal from this mystical place.
object	2469	Portal	A portal from this mystical place.
object	2470	Portal	A portal from this mystical place.
object	2471	Portal	A portal from this mystical place.
object	2472	Portal	A portal from this mystical place.
object	2473	Portal	A portal from this mystical place.
object	2474	Portal	A portal from this mystical place.
object	2475	Portal	A portal from this mystical place.
object	2476	Portal	A portal from this mystical place.
object	2477	Portal	A portal from this mystical place.
object	2478	Altar	A mysterious power emanates from this shrine.
object	2479	Altar	A mysterious power emanates from this shrine.
object	2480	Altar	A mysterious power emanates from this shrine.
object	2481	Altar	A mysterious power emanates from this shrine.
object	2482	Altar	A mysterious power emanates from this shrine.
object	2483	Altar	A mysterious power emanates from this shrine.
object	2484	Altar	A mysterious power emanates from this shrine.
object	2485	Altar	A mysterious power emanates from this shrine.
object	2486	Altar	A mysterious power emanates from this shrine.
object	2487	Altar	A mysterious power emanates from this shrine.
object	2488	Altar	A mysterious power emanates from this shrine.
object	2489	Altar	A mysterious power emanates from this shrine.
object	2490	Altar	A mysterious power emanates from this shrine.
object	2491	Rune Essence	The source of all Rune Stones.
object	2492	Portal	A portal from this mystical place.
object	2493	Pillar	A part of an old temple.
object	2494	Pillar	A part of an old temple.
object	2495	Pillar	A part of an old temple.
object	2497	Mysterious stone	Unusual energy is gathered here.
object	2498	Mysterious glow	Unusual energy is gathered here.
object	2499	Mysterious glow	Unusual energy is gathered here.
object	2500	Mysterious glow	Unusual energy is gathered here.
object	2501	Mysterious glow	Unusual energy is gathered here.
object	2502	Mysterious glow	Unusual energy is gathered here.
object	2503	Ruined Pillar	An old crumbled pillar.
object	2504	Ruined Pillar	An old crumbled pillar.
object	2505	Pillar	An old crumbled pillar.
object	2506	Ruined Pillar	An old crumbled pillar.
object	2507	Pillar	An old crumbled pillar.
object	2508	Rubble	Broken parts of an old temple.
object	2509	Rubble	Broken parts of an old temple.
object	2510	Rubble	Broken parts of an old temple.
object	2511	Tower ladder	This leads to the practice tower.
object	2512	Tower ladder	This leads back down to the guild.
object	2513	Target	I wonder if I can hit a bullseye?
object	2514	Guild door	The door to the Ranging Guild.
object	2515	Row boat	I hope it doesn't sink.
object	2516	Row boat	It's sinking!
object	2517	Ladder	Going up?
object	2518	Loose panel	Typical shoddy workmanship.
object	2519	Crates	Crates of packed fish.
object	2520	Crane	It's used for loading and unloading fishing boats.
object	2521	Crane	It's used for loading and unloading fishing boats.
object	2522	Spooky stairs	It's a flight of stairs.
object	2523	Spooky stairs	It's a flight of stairs.
object	2524	Cupboard	I wonder what's inside?
object	2525	Cupboard	It's open.
object	2526	Door	The door of a small prison.
object	2527	Door	The door of a small prison.
object	2528	Door	The door is closed.
object	2529	Door	A door.
object	2530	Barrel	Used for storage.
object	2531	Mud patch	Looks like someone's tried digging here.
object	2533	Mud pile	A pile of what is hopefully mud.
object	2534	Door	There's black cross on the door.
object	2535	Door	The door is closed.
object	2536	Door	A door.
object	2537	Door	The door is closed.
object	2538	Door	A door.
object	2539	Stairs	A flight of stairs.
object	2540	Stairs	A flight of stairs.
object	2541	Sewer pipe	An outlet to the sewer.
object	2542	Pipe	An outlet to the sewer.
object	2543	Manhole	There's a cover over this manhole.
object	2544	Manhole	How dangerous, someone has left this manhole open.
object	2545	Manhole cover	This is supposed to stop people falling down the manhole.
object	2546	Door	A door.
object	2547	Door	A door.
object	2548	Door	A door.
object	2549	Door	A door.
object	2550	Door	A secure door.
object	2551	Door	A secure door.
object	2552	Gate	A metal gate bars your way.
object	2553	Gate	A metal gate bars your way.
object	2554	Door	A secure door.
object	2555	Door	A secure door.
object	2556	Door	A secure door.
object	2557	Door	A secure door.
object	2558	Door	A secure door.
object	2559	Door	A secure door.
object	2560	Silk stall	Fine silk woven by experts.
object	2561	Baker's stall	This stall smells great.
object	2562	Gem stall	Precious stones from around the world.
object	2563	Fur stall	All manner of animal clothing.
object	2564	Spice stall	Spices to tingle your taste buds.
object	2565	Silver stall	Fine silver items are for sale here.
object	2566	Chest	I wonder what's inside it.
object	2567	Chest	I wonder what's inside it.
object	2568	Chest	I wonder what's inside it.
object	2569	Chest	I wonder what's inside it.
object	2570	Chest	I wonder what's inside it.
object	2571	Chest	I wonder what's inside it.
object	2572	Chest	I wonder what's inside it.
object	2573	Chest	I wonder what's inside it.
object	2575	Marshy jungle vine	A marshy jungle vine.
object	2576	Marshy jungle vine	A marshy jungle vine.
object	2577	Palm tree	A tall palm tree with some plants growing at its stem.
object	2578	Palm tree	A tall palm tree.
object	2579	Scorched earth	The burnt ground has a plant growing on it.
object	2580	Scorched earth	The ground has been burnt here by a fire.
object	2581	Rock	A rock with green moss growing on it.
object	2582	Rock	A rock, it looks like something was growing here.
object	2583	Fungus covered Cavern wall	It looks as if it is covered in some fungus.
object	2584	Rocks	A collection of rocks over what looks like a depression.
object	2585	Hand holds	Rocky walls, you may be able to climb it.
object	2586	Door	It's closed.
object	2587	Chest	I wonder what's inside?
object	2588	Chest	It's open.
object	2589	Hole	This ship's not getting far with that.
object	2590	Ladder	Takes me into the ship.
object	2591	Ladder	Takes me into the ship.
object	2592	Ladder	Takes me back on deck.
object	2593	Gangplank	Handy for boarding the ship.
object	2594	Gangplank	Handy for boarding the ship.
object	2595	Door	It's closed.
object	2596	Red door	A blood-red door.
object	2597	Orange door	A lurid orange door.
object	2598	Yellow door	A sickly yellow door.
object	2599	Blue door	A gloomy blue door.
object	2600	Magenta door	A groovy magenta door.
object	2601	Green door	A putrid green door.
object	2602	Exit door	Probably the nicest door in this ghastly place.
object	2603	Chest	It's closed.
object	2604	Chest	It's open.
object	2605	Ladder	It's a ladder.
object	2606	Wall	There is something strange about this wall...
object	2607	Gate	It's closed.
object	2608	Gate	It's closed.
object	2609	Rock opening	A collection of rocks over what looks like a depression.
object	2610	Climbing rope	A rope hangs here that I can climb.
object	2611	Ladder	It's a ladder.
object	2612	Cupboard	Wonder what's in here...
object	2613	Cupboard	Smells kind of funny...
object	2614	Coffin	Spooky!
object	2615	Coffin	Looks comfortable...
object	2616	Stairs	Looks spooky...
object	2617	Stairs	Phew, an exit!
object	2618	Broken fence	The fence is broken at this point.
object	2619	Barrel	A wooden barrel for storage.
object	2620	Crate	An old crate for storage.
object	2621	Door	It's a door.
object	2622	Door	It's a door.
object	2623	Gate	It's a gate.
object	2624	Door	The entrance to the Hero's Guild.
object	2625	Door	The entrance to the Hero's Guild.
object	2626	Door	It's a door.
object	2627	Door	It's a door.
object	2628	Door	It's a door.
object	2629	Wall	There is something unusual about this wall...
object	2630	Fishing spot	I can see eels swimming in the lava.
object	2631	Door	It's a door.
object	2632	Chest	I wonder what's inside?
object	2633	Chest	It's open.
object	2634	Rock slide	Rocks that contain nothing interesting, but block the way.
object	2635	Cupboard	I wonder what's inside?
object	2636	Cupboard	It's open.
object	2638	Fountain of Heroes	A source of pure water.
object	2640	Altar	A shrine for the faithful to worship at.
object	2641	Ladder	I can climb this.
object	2642	Potter's Wheel	Used for fashioning clay items.
object	2643	Pottery Oven	Bake your clay items in here.
object	2644	Spinning wheel	Used for spinning thread.
object	2645	Sand pit	A tray of sand.
object	2646	Flax	A plant cultivated for fibres.
object	2647	Guild Door	The door to the Crafting Guild.
object	2650	Sinclair family compost heap	A pile of smelly rotting waste.
object	2651	Sinclair family beehive	A sturdy home for bees.
object	2652	Sinclair mansion drain	Looks like this is where waste from the kitchen comes out.
object	2653	Spiders' nest	It looks like a spiders' nest to me.
object	2654	Sinclair family fountain	This fountain suits the garden.
object	2655	Sinclair family crest	It's the Sinclair Family coat of arms.
object	2656	Anna's barrel	Looks like this is where Anna keeps her stuff.
object	2657	Bob's barrel	Looks like this is where Bob keeps his stuff.
object	2658	Carol's barrel	Looks like this is where Carol keeps her stuff.
object	2659	David's barrel	Looks like this is where David keeps his stuff.
object	2660	Elizabeth's barrel	Looks like this is where Elizabeth keeps her stuff.
object	2661	Frank's barrel	Looks like this is where Frank keeps his stuff.
object	2662	Barrel of flour	Looks like this is where the cook stores flour.
object	2663	Sacks	Some sacks of general garden items.
object	2664	Sturdy wooden gate	Luckily it seems able to keep that vicious dog inside.
object	2665	Sturdy wooden gate	Luckily it seems able to keep that vicious dog inside.
object	2666	Smashed window	Looks like the killer smashed this to leave the mansion.
object	2667	Winch	Slaves are using this to pull up barrels of rocks from down below.
object	2668	Winch bucket	Slaves are placing barrels on this to haul them to the surface.
object	2670	Kharidian cactus (Healthy)	A succulent cactus.
object	2671	Kharidian cactus (Dry)	A less-than-succulent succulent.
object	2672	An experimental anvil	I can try to make new items on this.
object	2673	Gate	A solid looking gate.
object	2674	Gate	A solid looking gate.
object	2675	Mine door entrance	Large doors made of solid oak.
object	2676	Mine door entrance	Large doors made of solid oak.
object	2677	Chest	A solid looking chest, it belongs to Captain Siad.
object	2678	Bookcase	A selection of Captain Siad's Books.
object	2679	Captain Siad's Desk	A sturdy looking desk on which the Captain works.
object	2680	Barrel	A barrel containing rocks and mining debris.
object	2681	Barrel	An empty mining barrel.
object	2682	Mine Cart	The cart which takes barrels of rocks from the mining encampment to Al-Kharid.
object	2683	Window	Gives a lovely view of the desert, complete with metalic bars.
object	2684	Mine Cart	It seems to be used for moving rocks into and out of this area.
object	2685	Gate	A solid looking gate.
object	2686	Gate	A solid looking gate.
object	2687	Gate	A solid looking gate.
object	2688	Gate	A solid looking gate.
object	2689	Prison door	There's no getting around it, it's a fairly sturdy prison cell door.
object	2690	Mine door entrance	Large solid, thick set oak doors - they lead outside.
object	2691	Mine door entrance	Large solid, thick set oak doors - they lead outside.
object	2692	Prison door	It looks fairly sturdy.
object	2693	Shantay chest	This is used by Shantay and his men to take items to the bank on your behalf.
object	2694	Rock	A rocky rock.
object	2695	Rock	A rocky rock.
object	2696	Rock	A rocky rock.
object	2697	Rock	A rocky rock.
object	2698	Mine cave	A cave which has been mined out.
object	2699	Mine cave	A cave which has been mined out.
object	2700	Tent door	The entrance to the tent.
object	2702	Tracks	Tracks in the sand.
object	2703	Tracks	Tracks in the sand.
object	2704	Rocks	Rocky!
object	2705	Door	It's a door.
object	2706	Door	A nicely fitted door.
object	2707	Crate	A wooden crate for storage.
object	2708	Crate	A wooden crate for storage.
object	2709	Chest	I wonder what's inside?
object	2710	Chest	It's open.
object	2711	Stairs	It's a flight of stairs.
object	2712	Door	The door is closed.
object	2713	Hopper	Grain goes in here.
object	2714	Hopper	Grain goes in here.
object	2715	Hopper	Grain goes in here.
object	2716	Hopper	Grain goes in here.
object	2717	Hopper	Grain goes in here.
object	2718	Hopper controls	These control the flow of grain from the hopper to the millstones.
object	2719	Hopper controls	These control the flow of grain from the hopper to the millstones.
object	2720	Hopper controls	These control the flow of grain from the hopper to the millstones.
object	2721	Hopper controls	These control the flow of grain from the hopper to the millstones.
object	2722	Hopper controls	These control the flow of grain from the hopper to the millstones.
object	2723	Kebab	A spicy meat kebab is cooking here.
object	2724	Fireplace	A fire burns brightly here.
object	2725	Fireplace	A grand old fireplace.
object	2726	Fireplace	A grand old fireplace.
object	2727	Cooking pot	Something is cooking nicely here.
object	2728	Range	Ideal for cooking on.
object	2729	Range	Ideal for cooking on.
object	2730	Range	Ideal for cooking on.
object	2731	Range	Ideal for cooking on.
object	2732	Fire	Hot!
object	2781	Furnace	A hot place for forging things in.
object	2782	Anvil	It says "Property of Doric the dwarf." on the side.
object	2783	Anvil	Used for fashioning metal items.
object	2784	Blacksmith's tools	Various implements for working with metal.
object	2785	Furnace	A hot place for forging things in.
object	2786	City gate	An entrance to Gu'Tanoth.
object	2787	City gate	An entrance to Gu'Tanoth.
object	2788	City gate	An entrance to Gu'Tanoth.
object	2789	City gate	An entrance to Gu'Tanoth.
object	2790	Chest	I wonder what's inside it.
object	2791	Counter	A counter made from a stone block.
object	2792	Counter	A counter made from a stone block.
object	2793	Counter	An ogre is selling cakes here.
object	2794	Lever	A lever for activating something.
object	2795	Lever	A lever for activating something.
object	2796	Ladder	This leads to the watchtower.
object	2797	Ladder	This leads downwards.
object	2798	Bush	A leafy bush.
object	2799	Bush	A leafy bush.
object	2800	Bush	A leafy bush.
object	2801	Bush	A leafy bush.
object	2802	Bush	A leafy bush.
object	2803	Bush	A leafy bush.
object	2804	Cave entrance	I think I can squeeze through here...
object	2805	Cave entrance	I think I can squeeze through here...
object	2806	Cave entrance	I think I can squeeze through here...
object	2807	Cave entrance	I think I can squeeze through here...
object	2808	Cave entrance	I think I can squeeze through here...
object	2809	Cave entrance	I think I can squeeze through here...
object	2810	Cave entrance	I think I can squeeze through here...
object	2811	Cave entrance	I think I can squeeze through here...
object	2812	Ladder	This leads downwards.
object	2813	Cave entrance	I think I can squeeze through here...
object	2814	Gate	The gate has been locked shut.
object	2815	Gate	The gate has been locked shut.
object	2816	Rock of Dalgroth	A strange looking rock...
object	2817	Cave exit	I think I can get out here...
object	2818	Cave exit	I think I can get out here...
object	2819	Cave exit	I think I can get out here...
object	2820	Cave exit	I think I can get out here...
object	2821	Cave exit	I think I can get out here...
object	2822	Cave exit	I think I can get out here...
object	2823	Hole	A hole.
object	2824	Hole	A hole
object	2825	Climbing rope	I hope this leads the way out.
object	2826	Chest	I wonder what's inside it?
object	2827	Chest	I wonder what's inside it?
object	2830	Rock	You can probably jump over from here.
object	2831	Rock	You can probably jump over from here.
object	2832	Battlement	A low wall is blocking your path.
object	2833	Ladder	This goes up!
object	2834	Battlement	A low wall is blocking your path.
object	2835	Rock	Looks hard.
object	2836	Rock	Looks hard.
object	2837	Rock	Looks hard.
object	2842	Magical shield	It has a special magical quality.
object	2843	Drain	This drain leads from the sink to the sewers below.
object	2844	Sewer valve	This looks like it can be turned.
object	2845	Sewer valve	This looks like it can be turned.
object	2846	Sewer valve	This looks like it can be turned.
object	2847	Sewer valve	This looks like it can be turned.
object	2848	Sewer valve	This looks like it can be turned.
object	2849	Raft	A rudimentary type of boat.
object	2850	Cupboard	It's closed.
object	2851	Cupboard	It's open.
object	2852	Cave entrance	I can probably squeeze my way inside there.
object	2853	Stairs	It's a flight of stairs.
object	2854	Wall	Made of wood.
object	2856	Chest	I wonder what's inside?
object	2857	Chest	It's open.
object	2858	Crate	Used for storage.
object	2859	Range	A hot range, where some soup is bubbling nicely.
object	2860	Hazeel's coffin	Very ominous.
object	2861	Door	It's a door.
object	2862	Door	It's a door.
object	2863	Door	The door is closed.
object	2864	Fountain	A water feature.
object	2865	Gate	It's a gate.
object	2866	Gate	It's a gate.
object	2867	Potted plant	Very decorative!
object	2868	Cupboard	It's a cupboard.
object	2869	Cupboard	It's a cupboard.
object	2870	Mouse hole	The mouse equivalent of a door.
object	2871	Ladder	I can climb down this.
object	2872	Ladder	I can climb this.
object	2873	Statue of Saradomin	What a good likeness!
object	2874	Statue of Zamorak	A depiction that chills one to the bone.
object	2875	Statue of Guthix	I wonder how accurate a representation this is.
object	2876	Counter	A counter made from a stone block.
object	2877	Barrel	A barrel full of staffs...
object	2878	Sparkling pool	Patterns of light dance hypnotically across the pool's surface.
object	2879	Sparkling pool	Patterns of light dance hypnotically across the pool's surface.
object	2880	Mystic portal	There seems to be some sort of magical field here.
object	2881	Prison Door	It's closed.
object	2882	Gate	The toll gate from Lumbridge to Al-Kharid.
object	2883	Gate	The toll gate from Lumbridge to Al-Kharid.
object	2884	Ladder	I can climb this.
object	2885	Cupboard	An antique by anyone's standards.
object	2886	Open Cupboard	An antique by anyone's standards, however, it might have something interesting in it.
object	2887	Jungle Tree	Looks good for logging.
object	2888	Jungle Palm	A leafy jungle palm, dense foliage.
object	2889	Jungle Tree	Home to many unusual creatures.
object	2890	Jungle Tree	A leafy tree.
object	2891	Tree stump	This tree has been cut down.
object	2892	Jungle Bush	A jungle bush, quite common to these areas.
object	2893	Jungle Bush	A jungle bush, quite common to these areas.
object	2894	Slashed bush	A jungle bush that has been chopped down.
object	2895	Slashed bush	A jungle bush that has been chopped down.
object	2896	Legends Guild door	A door to the Legends Guild.
object	2897	Legends Guild door	A door to the Legends Guild.
object	2900	Mossy rock	Looks slippery!
object	2901	Mossy rock	Looks slippery!
object	2902	Rocks	Stoney!
object	2903	Cave entrance	A rather shadowy cavern entrance.
object	2904	Cave entrance	A rather shadowy cavern entrance.
object	2905	Crate	An old crate for storage.
object	2906	Table	Useful for putting things on.
object	2907	Bed	I guess I could sleep in it if I was really tired.
object	2908	Fire Wall	A wall of magic fire.
object	2909	Fire Wall	A wall of magic fire.
object	2910	Desk	Rickety bamboo tables that are lashed together to make a desk.
object	2911	Bookcase	Bamboo storage!
object	2912	Ancient Gate	This gate has a horribly complex locking mechanism.
object	2913	Ancient Gate	This gate has a horribly complex locking mechanism.
object	2916	Cave Entrance	A dark cave entrance leading to the surface.
object	2918	Crevice	A large crack in the wall.
object	2919	Boulder	A huge lump of rock.
object	2920	Boulder	A huge lump of rock.
object	2921	Boulder	A huge lump of rock.
object	2922	Ancient Gate	A heavily constructed, cast-iron, ancient gateway.
object	2923	Ancient Gate	A heavily constructed, cast-iron, ancient gateway.
object	2924	Ancient Gate	A heavily constructed, cast-iron, ancient gateway.
object	2925	Ancient Gate	A heavily constructed, cast-iron, ancient gateway.
object	2926	Jagged wall	A high wall made up of rocks with sharp edges.
object	2927	Marked wall	It looks like ancient graffiti.
object	2928	Carved rock	An ornately carved rock with a pointed receptacle.
object	2929	Buried skeleton	A half buried skeleton, probably dwarven remains.
object	2930	Ancient Gate	A huge, strangely constructed doorway, not sure how this opens.
object	2931	Ancient Gate	It looks like a magical portal of some kind, who knows where it leads?
object	2932	Barrel	Strangely, there's a locked barrel here, I wonder what's inside.
object	2934	Winch	A large scaffold platform most likely used for lifting and lowering heavy items.
object	2935	Winch	Used to move earth to, and from, the dig shaft. A rope has been thrown over it.
object	2936	Totem Pole	A sculpted trunk of wood.
object	2937	Totem Pole	A sculpted trunk of wood.
object	2938	Totem Pole	A sculpted trunk of wood.
object	2939	Totem Pole	A sculpted trunk of wood.
object	2940	Table	A wonderfully dressed table.
object	2941	Sacred water	Sparkling sacred water straight from the source.
object	2942	Water Pool	A sparkling, babbling flow of water from an underground source.
object	2943	Polluted water	Disgusting filthy quagmire that oozes from the ground.
object	2944	Tall Reeds	Found near the water's edge.
object	2945	Yommi tree baby	A baby Yommi tree, it has a mystical aura.
object	2946	Yommi tree sapling	An adolescent-looking Yommi tree, it has a mystical aura.
object	2947	Dead Yommi sapling	 A dead Yommi tree sapling, you'll need a tough axe to remove this.
object	2948	Adult Yommi tree	 A fully grown Yommi tree, it won't get much taller than this.
object	2949	Dead Yommi	A dead fully grown Yommi tree, you'll need a tough, sharp axe to remove this.
object	2950	Felled Yommi tree	A felled adult Yommi tree, perhaps you should trim those branches?
object	2951	Rotten Yommi	A rotten felled Yommi tree, it was left too long in the damp jungle.
object	2952	Trimmed Yommi	A trimmed Yommi tree log, perfect for sculpting into a totem pole.
object	2953	Rotten Yommi tree	A rotten Yommi tree log, it was left too long in the damp jungle air.
object	2954	Totem pole	A beautifully crafted totem pole carved from the trunk of the sacred Yommi tree.
object	2955	Rotten Totem pole	A rotten totem pole, it was left to rot in the jungle.
object	2956	Fertile Soil	This earth is particularly fertile.
object	2957	Damaged Earth	This earth is damaged by cultivation, time will restore the fertility.
object	2958	Climbing rope	A rope hangs here.
object	2959	Rocky Ledge	A dangerous path onwards.
object	2960	Rocky Ledge	A dangerous path onwards.
object	2961	Rocky Ledge	A dangerous path onwards.
object	2962	Rocks	Stoney!
object	2963	Rocks	Stoney!
object	2964	Rocks	Stoney!
object	2965	Mossy rock	Looks slippery!
object	2966	Furnace	A hot place for forging things in.
object	2969	Recess	It looks like a strangely shaped depression in the rock.
object	2970	Filled Recess	This recess has a glowing heart shaped crystal in it.
object	2971	Shimmering field	This looks like some sort of shimmering surface.
object	2972	Boulder	A huge lump of rock.
object	2973	Boulder	A huge lump of rock.
object	2974	Boulder	A huge lump of rock.
object	2975	Leafy Palm Tree	This tree is particularly leafy.
object	2976	Leafy Palm Tree	This tree is particularly leafy.
object	2977	Sand	A large pile of sand
object	2978	Sand	A medium pile of sand
object	2979	Sand	A small pile of sand
object	2980	Flowers	Some beautiful flowers.
object	2981	Flowers	Some beautiful flowers.
object	2982	Flowers	Some beautiful flowers.
object	2983	Flowers	Some beautiful flowers.
object	2984	Flowers	Some beautiful flowers.
object	2985	Flowers	Some beautiful flowers.
object	2986	Flowers	Some beautiful flowers.
object	2987	Flowers	Some beautiful flowers.
object	2988	Flowers	Some beautiful flowers.
object	2989	Vine	Known commonly as Red worm vine.
object	2990	Vine	Known commonly as Red worm vine.
object	2991	Vine	Known commonly as Red worm vine.
object	2992	Vine	Known commonly as Red worm vine.
object	2993	Vine	Known commonly as Red worm vine.
object	2994	Vine	Known commonly as Red worm vine.
object	2995	Closed chest	I wonder what's inside.
object	2996	Closed chest	I wonder what's inside.
object	2997	Door	The door is closed.
object	2998	Door	The door is open.
object	3000	Timber defence	These obviously mean keep out!
object	3014	Door	A nicely fitted door.
object	3015	Gate	A wooden gate.
object	3016	Gate	A wooden gate.
object	3017	Door	A nicely fitted door.
object	3018	Door	A nicely fitted door.
object	3019	Door	A nicely fitted door.
object	3020	Gate	A wrought iron gate.
object	3021	Gate	A wrought iron gate.
object	3022	Gate	A wrought iron gate.
object	3023	Gate	A wrought iron gate.
object	3024	Door	A closed door.
object	3025	Door	A closed door.
object	3026	Door	A closed door.
object	3027	Door	A closed door.
object	3028	Ladder	I can climb this.
object	3029	Ladder	I can climb down this.
object	3030	Ladder	I can climb this.
object	3031	Ladder	I can climb down this.
object	3032	Fishing spot	I can see fish swimming in the water.
object	3033	Tree	One of the most common trees in RuneScape.
object	3034	Tree	One of the most common trees in RuneScape.
object	3035	Tree	One of the most common trees in RuneScape.
object	3036	Tree	One of the most common trees in RuneScape.
object	3037	Oak	A beautiful old oak.
object	3038	Fire	Hot!
object	3039	Range	Ideal for cooking on.
object	3040	Cupboard	It's closed.
object	3041	Cupboard	It's open.
object	3042	Rocks	A rocky outcrop.
object	3043	Rocks	A rocky outcrop.
object	3044	Furnace	A hot place for forging things in.
object	3045	Bank booth	The bank teller will serve you from here.
object	3046	Timber defence	These obviously mean keep out!
object	3077	Wall	Lean against the wall to get a better view!
object	3078	Wall	Lean against the wall to get a better view!
object	3079	Wall	Lean against the wall to get a better view!
object	3082	Wall	Lean against the wall to get a better view!
object	3083	Wall	Lean against the wall to get a better view!
object	3108	Entrance	Flags marking the entrance to the arena.
object	3109	Entrance	Flags marking the entrance to the arena.
object	3111	Entrance	Flags marking the entrance to the arena.
object	3112	Entrance	Flags marking the entrance to the arena.
object	3113	Entrance	Flags marking the entrance to the arena.
object	3114	Entrance	Flags marking the entrance to the arena.
object	3159	Bed	Beats the operating table.
object	3182	Chair	Wait here for a nurse.
object	3183	Hospital shelves	Storage for drugs and bandages.
object	3184	Hospital shelves	Storage for drugs and bandages.
object	3185	Hospital shelves	Storage for drugs and bandages.
object	3186	Operating Table	I don't really want to end up here...
object	3187	Operating Table	I don't really want to end up here...
object	3190	Drawers	These open and close!
object	3191	Drawers	This may be worth searching.
object	3192	Scoreboard	You can see the last 50 fights on here.
object	3193	Closed chest	Used to store players' items whilst they duel.
object	3194	Open chest	Use for quick access to your bank.
object	3195	Crate	Smells pretty bad!
object	3196	Damaged armour	Not much use for anything except scrap.
object	3197	Gate	Entrance to the Duel Arena.
object	3198	Gate	Entrance to the Duel Arena.
object	3199	Bed	A wooden double bed.
object	3203	Trapdoor	Access to the duel arena.
object	3205	Ladder	I can climb down this.
object	3206	Barrel	A barrel full of staffs...
object	3209	Odd looking wall	A strange crack cuts into the wall.
object	3210	Odd looking wall	A strange crack cuts into the wall.
object	3211	Odd looking wall	A strange crack cuts into the wall.
object	3212	Odd looking wall	A strange crack cuts into the wall.
object	3213	Cave entrance	It looks like I can squeeze through here.
object	3214	Underground Pass Exit	The easy way out...
object	3216	Mud	A pile of mud.
object	3217	Cave	I can go through here.
object	3218	Tunnel	Dark and intimidating.
object	3219	Tunnel	Dark and intimidating.
object	3220	Door	That skull's looking at me....
object	3221	Door	That skull's looking at me....
object	3222	Cave Stairs	I can climb down these.
object	3223	Cave Stairs	I can climb up these.
object	3224	Cave	I can go through here.
object	3227	Trap	Best not to get caught!
object	3228	Trap	Best avoided.
object	3229	Trap	Best avoided.
object	3230	Flat rock	Looks suspicious.
object	3231	Plank	A plank.
object	3232	Stalagmites	Formed over many years.
object	3233	Trap	Best avoided.
object	3234	Odd markings	Looks suspicious.
object	3235	Obstacle pipe	I can open the grill from this side.
object	3236	Obstacle pipe	A pipe I can squeeze through.
object	3237	Obstacle pipe	A pipe I can squeeze through.
object	3238	Ledge	Maybe I can cross that.
object	3239	Bridge	It looks like only the guide ropes are holding the bridge up.
object	3240	Bridge	A bridge.
object	3241	Lever	This lever can be operated.
object	3242	Lever	This lever can be operated.
object	3243	Platform	The base of a platform.
object	3244	Platform	The base of a platform.
object	3245	Platform	The base of a platform.
object	3246	Platform	The base of a platform.
object	3247	Bridge	A bridge.
object	3248	Bridge	A bridge.
object	3249	Bridge	A bridge.
object	3250	Bridge	A bridge.
object	3254	Bridge	I can't get past that very easily...
object	3255	Bridge	I can't get past that very easily...
object	3257	Platform	A platform.
object	3258	Bridge	A bridge.
object	3259	Bridge	A bridge.
object	3260	Bridge	A bridge.
object	3263	Swamp	This area may not be safe...
object	3264	Well	A well of nastiness.
object	3265	Pile of rocks	I can climb this pile of rocks...
object	3266	Cage	Usually used for storing living things...
object	3267	Cage	Usually used for storing living things...
object	3268	Cage	Usually used for storing living things...
object	3270	Door	The door is closed.
object	3271	Door	The door is open.
object	3272	Chest	I wonder what's inside.
object	3273	Chest	I wonder what's inside.
object	3274	Chest	I wonder what's inside.
object	3276	Stone bridge	A stone bridge.
object	3294	Furnace	A hot place for forging things in.
object	3295	Stone tablet	It's covered in strange writing.
object	3296	Stone tablet	It's covered in strange writing.
object	3297	Stone tablet	It's covered in strange writing.
object	3298	Stone tablet	It's covered in strange writing.
object	3299	Stone tablet	It's covered in strange writing.
object	3300	Stone tablet	It's covered in strange writing.
object	3301	Stone tablet	It's covered in strange writing.
object	3302	Stone tablet	It's covered in strange writing.
object	3303	Portcullis	You won't be able to lift that.
object	3304	Portcullis	A portcullis.
object	3305	Well	It doesn't look like water in there...
object	3307	Rockpile	A pile of rocks.
object	3308	Smashed cage	The boulder has smashed through the cage.
object	3309	Rockslide	A deposit of rocks.
object	3327	Eerie statue	Intimidating!
object	3328	Dwarf statue	A depiction of a great dwarf miner.
object	3332	Temple door	A temple door.
object	3333	Door	A very big door.
object	3334	Door	A very big door.
object	3335	Door	A very big door.
object	3336	Door	A very big door.
object	3337	Lever	This lever can be operated.
object	3338	Hanging log	Why would a log be hung up there?
object	3339	Flat rock	Looks suspicious.
object	3340	Guide rope	Looks like the rope is holding the bridge up.
object	3341	Guide rope	Looks like the other rope is holding the bridge up.
object	3343	Rock pile	A pile of rocks.
object	3344	Barrel	It's got dwarf brew in it.
object	3348	Iban's Throne	Lord Iban's Throne.
object	3351	Cage	I'm glad I'm on this side of those bars.
object	3352	Cage	I'm glad I'm on this side of those bars.
object	3353	Tomb	I don't much like the look of that...
object	3354	Tomb	I don't much like the look of that...
object	3359	Well	Well of the damned.
object	3360	Crate	A wooden crate for storage.
object	3361	Orb of Light	A magical sphere that glimmers within.
object	3362	Window	A window.
object	3364	Rock	An odd looking rock formation.
object	3365	Protruding rocks	Looks like I can climb these.
object	3366	Onion	Makes you cry.
object	3367	Prison Door	Steel bars that are locked securely.
object	3371	Achey Tree stump	An Achey tree stump.
object	3372	Ogre spit-roast	Useful for ogre dinners.
object	3373	Ogre spit-roast	Useful for ogre dinners.
object	3374	Ogre spit-roast	Useful for ogre dinners.
object	3375	Ogre spit-roast	Useful for ogre dinners.
object	3376	Ogre bench	An ogre bench, useful for taking all that weight off their legs.
object	3377	Locked Ogre chest	Hmmm, a rock for a lock....
object	3378	Unlocked Ogre chest	Some stealthy thief must have picked the ogre lock!
object	3379	Cave entrance	The entrance to Rantz's cave
object	3380	Cave exit	Exit this way for fresh air and daylight.
object	3381	Cave exit	Exit this way for fresh air and daylight.
object	3382	Ogre spit-roast	Useful for ogre dinners.
object	3383	Ogre spit-roast	Useful for ogre dinners.
object	3389	Bookcase	A good source of books!
object	3390	Odd looking wall	A strange crack cuts into the wall.
object	3391	Odd looking wall	A strange crack cuts into the wall.
object	3392	Odd looking wall	A strange crack cuts into the wall.
object	3393	Odd looking wall	A strange crack cuts into the wall.
object	3394	Crate	A wooden crate for storage.
object	3395	Crate	A wooden crate for storage.
object	3396	Boxes	A pile of boxes for storage.
object	3397	Boxes	A pile of boxes for storage.
object	3398	Crate	A wooden crate for storage.
object	3399	Crate	A wooden crate for storage.
object	3400	Crate	A wooden crate for storage.
object	3401	Crate	A wooden crate for storage.
object	3402	Workbench	Used for fashioning metal items.
object	3403	Pile of Rock	A pile of Elemental rock.
object	3404	Water Valve	A valve to start and stop the flow of water.
object	3405	Water Valve	A valve to start and stop the flow of water.
object	3406	Lever	This lever can be operated.
object	3407	Water wheel	It spins.
object	3408	Water wheel	It spins.
object	3409	Lever	This lever can be operated.
object	3410	Bellows	Big bellows.
object	3411	Bellows	Big bellows.
object	3413	Furnace	A furnace with an air blast pipe.
object	3414	Lava trough	A small trough full of lava.
object	3415	Staircase	I can climb down these stairs.
object	3416	Staircase	I can climb up these stairs.
object	3417	Lever	This lever can be operated.
object	3429	Machinery	Water powered machinery.
object	3431	Rocks	Stoney!
object	3432	Trapdoor	I wonder what's under it?
object	3433	Trapdoor	I can see a holy barrier at the bottom.
object	3440	Stairs	They let you walk up them!
object	3441	Stairs	They let you walk down them!
object	3443	Holy barrier	A holy barrier blocking evil forces.
object	3444	Gate	A sturdy metal gate.
object	3445	Gate	A sturdy metal gate.
object	3463	Cell door	A hastily constructed yet sturdy prison door.
object	3466	Hanging meat	Dead animal parts dangling!
object	3467	Hanging meat	So how long has this been dead, then?
object	3479	Statue	A statue honouring Saradomin.
object	3480	Coffin	An ornately decorated coffin. Something seems to be alive inside.
object	3485	Well	An ornately carved well that draws water from the river Salve.
object	3489	Large door	Sturdy looking door.
object	3490	Large door	Sturdy looking door.
object	3493	Monument	A monument to a fallen priest.
object	3494	Monument	A monument to a fallen priest.
object	3495	Monument	A monument to a fallen priest.
object	3496	Monument	A monument to a fallen priest.
object	3497	Monument	A monument to a fallen priest.
object	3498	Monument	A monument to a fallen priest.
object	3499	Monument	A monument to a fallen priest.
object	3500	Church organ	With skill I can play this.
object	3506	Gate	A wrought iron gate.
object	3507	Gate	A wrought iron gate.
object	3508	Rotting log	Not sure if I should sit on that.
object	3509	Fungi on log	Not sure if I should sit on that.
object	3510	Rotting branch	Not sure if that's any use.
object	3511	Budding branch	Not sure if that's any use.
object	3512	A small bush	It'll probably die soon.
object	3513	A golden pear bush	It'll probably die soon.
object	3514	Rotting tree	Not sure if I should stand under that.
object	3516	Grotto	A dark dank entrance to below..
object	3517	Grotto tree	A large tree thriving where trees normally die.
object	3520	Grotto	Special grotto area.
object	3521	Altar of nature	A grotto transformed into an altar of nature.
object	3522	Bridge	It's a bridge.
object	3523	Bench	An old bench, probably made from wood in this swamp.
object	3525	Grotto	The door.
object	3526	Grotto	The green door.
object	3527	Stone	A roughly hewn stone with some sort of symbol on it.
object	3528	Stone	A roughly hewn stone with some sort of symbol on it.
object	3529	Stone	A roughly hewn stone with some sort of symbol on it.
object	3546	Old well	There is a rope leading to the bottom of this well.
object	3551	Balancing rope	I can balance on this rope.
object	3552	Balancing rope	I can balance on this rope.
object	3553	Log balance	I can balance on this log.
object	3554	Log balance	I can balance on this log.
object	3555	Log balance	I can balance on this log.
object	3556	Log balance	I can balance on this log.
object	3557	Log balance	I can balance on this log.
object	3558	Log balance	I can balance on this log.
object	3559	Balancing ledge	Tread carefully!
object	3560	Balancing ledge	Tread carefully!
object	3561	Balancing ledge	Tread carefully!
object	3562	Balancing ledge	Tread carefully!
object	3563	Monkey bars	Now, I'm the king of the swingers, oh, the jungle VIP.
object	3564	Monkey bars	Now, I'm the king of the swingers, oh, the jungle VIP.
object	3565	Low wall	It looks like I can clamber over this.
object	3566	Rope swing	Use this to swing over to the next platform.
object	3567	Blade	I might want to avoid this nasty blade.
object	3568	Blade	I might want to avoid this nasty blade.
object	3569	Blade	I might want to avoid this nasty blade.
object	3570	Plank	Walk the plank! Ya land lubber!
object	3571	Plank	Walk the plank! Ya land lubber!
object	3572	Plank	Walk the plank! Ya land lubber!
object	3573	Plank	Walk the plank! Ya land lubber!
object	3574	Plank	Walk the plank! Ya land lubber!
object	3575	Plank	Walk the plank! Ya land lubber!
object	3576	Plank	Walk the plank! Ya land lubber!
object	3577	Plank	Walk the plank! Ya land lubber!
object	3578	Pillar	It's a small step for a player, a giant leap for player kind.
object	3579	Pillar	It's a small step for a player, a giant leap for player kind.
object	3580	Spinning blades	Makes sliced human.
object	3581	Ticket Dispenser	Releases a ticket when the flashing arrow is above it.
object	3582	Floor spikes	Makes human colanders.
object	3583	Hand holds	I can use these to climb across to the other side.
object	3584	Hand holds	I can use these to climb across to the other side.
object	3585	Pressure pad	Looks suspiciously like a pressure pad to me.
object	3608	Ticket Dispenser	Releases a ticket when the flashing arrow is above it.
object	3610	Climbing rope	I can use this rope to climb back to the top.
object	3617	Ladder	Leads down into the Agility Arena.
object	3618	Ladder	Leads back to Brimhaven.
object	3626	Wall	It looks very sturdy.
object	3628	Wall	It looks very sturdy.
object	3629	Wall	It looks very sturdy.
object	3630	Wall	It looks very sturdy.
object	3631	Wall	It looks very sturdy.
object	3632	Wall	It looks very sturdy.
object	3634	Strange shrine	A shrine of the gods!
object	3635	Chest	I wonder what's inside...
object	3636	Chest	It looks empty.
object	3644	Spotlight	That's really bright!
object	3662	Troll Stew	Smells more like "innocent villager" stew to me...
object	3665	Bones	Troll leftovers...
object	3676	Stone Mechanism	A stone mechanism that unlocks the equipment room.
object	3677	Stone Mechanism	A stone mechanism that unlocks the equipment room.
object	3679	Standard	A standard of Asgarnia.
object	3680	Flagpole	The flag of Asgarnia.
object	3681	Signpost	Town of Burthorpe
object	3685	Boxes	A pile of boxes for storage.
object	3686	Boxes	A pile of boxes for storage.
object	3687	Boxes	A pile of boxes for storage.
object	3692	Climbing Rope	Some of the Sherpa's climbing rope.
object	3694	Crate	Looks like the Imperial Guard's supply of Dual Claws.
object	3696	Suit of armour	The Imperial Guard's ceremonial armour.
object	3697	Barrel	A barrel full of swords...
object	3722	Rocks	A rocky outcrop.
object	3723	Rocks	A rocky outcrop.
object	3725	Gate	A wooden gate.
object	3726	Gate	A wooden gate.
object	3727	Gate	A wooden gate.
object	3728	Gate	A wooden gate.
object	3730	Stile	I can climb over the fence with this.
object	3735	Cave Entrance	Looks like a small cave.
object	3736	Cave Exit	The exit to the outside.
object	3741	Danger sign	No solicitors!
object	3742	Danger sign	Danger - Trolls!
object	3743	Large door	A sturdy wooden door.
object	3745	Door	The door is closed.
object	3746	Door	The door is closed.
object	3747	Door	A nicely fitted door.
object	3748	Rocks	A rocky outcrop.
object	3752	Mysterious glow	Unusual energy is gathered here.
object	3757	Cave Entrance	Looks like a small cave.
object	3758	Cave Exit	The way out.
object	3759	Cave Entrance	Looks like a small cave.
object	3760	Cave Exit	The way out.
object	3761	Exit	The back way out.
object	3762	Secret Door	The back way into the stronghold.
object	3763	Cell Door	The door is closed.
object	3764	Cell Door	The door is open.
object	3765	Cell Door	The door to Mad Eadgar's cell.
object	3767	Cell Door	The door to Godric's cell.
object	3769	Fire	Hot!
object	3770	Window	This window looks down onto the Troll Camp.
object	3771	Stronghold	The entrance to the Troll Stronghold.
object	3772	Exit	The way out of the Troll Stronghold.
object	3773	Exit	The way out of the Troll Stronghold.
object	3774	Exit	The way out of the Troll Stronghold.
object	3775	Fire	Looks like stew of some kind...
object	3776	Door	A door in the Stronghold.
object	3777	Door	A door in the Stronghold.
object	3780	Prison Door	The door to the prison.
object	3782	Arena Entrance	The entrance to the Troll Arena.
object	3783	Arena Entrance	The entrance to the Troll Arena.
object	3785	Arena Exit	The exit to the Troll Arena.
object	3786	Arena Exit	The exit to the Troll Arena.
object	3788	Stone Staircase	I can climb these stairs.
object	3789	Stone Staircase	They go down.
object	3790	Rocks	A rocky outcrop.
object	3791	Rocks	A rocky outcrop.
object	3794	Grass	Looks tasty! If you're a goat, that is.
object	3795	Grass	Looks tasty! If you're a goat, that is.
object	3797	Corpse	Now that's what I call slimline!
object	3798	Corpse	He looks very relaxed.
object	3799	Corpse	Now he's just too thin.
object	3800	Counter	A counter made from a stone block.
object	3801	Chair	The ideal thing to sit on.
object	3802	Smashed chair	Not so good for sitting on.
object	3803	Rocks	A rocky outcrop.
object	3804	Rocks	A rocky outcrop.
object	3805	Rocks	They don't seem to roll.
object	3806	Rocks	They're troll eggs. Or perhaps rocks.
object	3807	Rocks	These make great pets.
object	3808	Rocks	It's a troll! Run! No, wait, it's just a rock.
object	3810	Storeroom Door	The door to the storeroom.
object	3813	Crate	It probably hasn't got anything interesting inside.
object	3814	Crates	They probably haven't got anything interesting inside.
object	3815	Crates	They probably haven't got anything interesting inside.
object	3816	Kitchen Drawers	They're closed.
object	3817	Kitchen Drawers	They're open.
object	3820	Food Trough	It doesn't contain anything particularly appetising.
object	3821	Rack	Makes you taller.
object	3822	Goutweed Crate	It's full of dried goutweed.
object	3823	Sign	Welcome to Mad Eadgar's! If I'm not in, I've probably been captured again.
object	3824	Troll Stew	I don't want to look too closely at what's cooking in there...
object	3825	Stalagmites	A limestone ceiling growth.
object	3826	Stalagmite	A tooth shaped rock formation protruding from the floor.
object	3827	Tunnel entrance	How am I going to get down there?
object	3828	Tunnel entrance	How am I going to get down there?
object	3829	Rope	I hope this holds!
object	3830	Tunnel entrance	How am I going to get down there?
object	3831	Tunnel entrance	How am I going to get down there?
object	3832	Rope	I hope this holds!
object	3833	Cocoon	It's moving...
object	3856	Crate	It's a half buried crate.
object	3857	Crate	It's a half buried crate.
object	3858	Fishing rod	It's stuck in the sand.
object	3859	Fishing rod	It's stuck in the sand.
object	3860	Barrel	It's full of brightly coloured fish.
object	3861	Crate	It's full of brightly coloured fish.
object	3862	Burning bones	It's a pile of burning bones.
object	3863	Tribal Statue	The tribal statue of Tai Bwo Wannai Village.
object	3879	Tree	A tree.
object	3880	Tree stump	It's a tree stump.
object	3881	Tree	A tree.
object	3882	Tree	A tree.
object	3883	Tree	A tree.
object	3884	Tree stump	It's a tree stump.
object	3885	Tree	A tree.
object	3886	Tree	A tree.
object	3887	Tree	A tree.
object	3888	Tree	A tree.
object	3889	Tree	A tree.
object	3890	Tree	A tree.
object	3891	Tree	A tree.
object	3892	Tree	A tree.
object	3893	Tree	A tree.
object	3901	Flowers	A rare flower.
object	3902	Flowers	Don't flowers make you feel better?
object	3903	Flowers	A rare flower.
object	3904	Flowers	Don't flowers make you feel better?
object	3905	Flowers	A rare flower.
object	3906	Flowers	Don't flowers make you feel better?
object	3912	Mushroom	Fungal growth.
object	3913	Mushrooms	Poisonous no doubt.
object	3914	Mushroom	Poisonous no doubt.
object	3915	Mushroom	Fungal growth.
object	3916	Mushrooms	Poisonous no doubt.
object	3917	Mushroom	Poisonous no doubt.
object	3918	Elven lamp	The lamp has a glowing crystal at its core.
object	3919	Twigs	It's a trap!
object	3921	Tripwire	A tripwire.
object	3922	Sticks	An odd-looking group of tied sticks.
object	3923	Leaves	A pile of leaves.
object	3924	Leaves	A pile of leaves.
object	3925	Leaves	A pile of leaves.
object	3927	Protruding rocks	Looks like I can climb these.
object	3928	Tree	It's a tree.
object	3929	Log balance	I can balance on this log.
object	3930	Log balance	I can balance on this log.
object	3931	Log balance	I can balance on this log.
object	3932	Log balance	I can balance on this log.
object	3933	Log balance	I can balance on this log.
object	3937	Dense forest	There are some broken twigs here.
object	3938	Dense forest	It looks as if the grass here has been flattened.
object	3939	Dense forest	You notice the leaf litter here has been disturbed.
object	3941	Tracks	Tracks in the soil.
object	3944	Huge Gate	You'd need a big siege engine to force that.
object	3945	Huge Gate	You'd need a big siege engine to force that.
object	3946	Huge Gate	You'd need a big siege engine to force that.
object	3947	Huge Gate	You'd need a big siege engine to force that.
object	3962	Sulphur	A yellow crystal structure.
object	3963	Sulphur	A yellow crystal structure.
object	3964	Sulphur	A yellow crystal structure.
object	3967	Tree	A tree
object	3968	Tree	A tree
object	3969	Pile of skulls	Disturbing but tidy.
object	3970	Charred bones	I don't even want to think about what did that...
object	3971	Corpse	Now that's what I call slimline!
object	3972	Corpse	He looks very relaxed.
object	3973	Corpse	Now he's just too thin.
object	3974	Corpse	He hasn't eaten in a long time.
object	3975	Tar	I don't wanna fall in that!
object	3976	Catapult	Good for smashing city walls.
object	3977	Catapult-winch	There's a winch on this side.
object	3978	Catapult-lever	There's a lever on this side.
object	3980	Tent flap	A way to get into the tent.
object	3983	Tent	A tent.
object	3984	Tent	A tent.
object	3985	Tent	A tent.
object	3986	Tent	A tent.
object	3987	Barrel	A small barrel.
object	3992	Standard	A standard of Kandarin.
object	3993	Standard	A standard of Kandarin.
object	3994	Small furnace	A small furnace.
object	3995	Tent wall	A tent wall.
object	3996	Tent flap	A way to get into the tent.
object	3997	Tent wall	A tent wall.
object	3998	Dense forest	It looks as if the grass here has been flattened.
object	3999	Dense forest	There are some broken twigs here.
object	4000	Tent roof	A tent roof.
object	4001	Tent wall	A tent wall.
object	4002	Tent pole	The charred remains of a tent pole.
object	4004	Well	Well of voyage.
object	4005	Well	Well of voyage.
object	4006	Cave entrance	It looks like I can squeeze through here.
object	4007	Cave Exit	The exit to the outside.
object	4008	Altar	Shrine to the glory of Saradomin.
object	4024	Barrel	A barrel.
object	4025	Barrel	A barrel.
object	4026	Fractionalizing still	A still for fractionalizing oils.
object	4027	Pile of Rock	A pile of lime rock.
object	4028	Pile of Rock	A pile of lime rock.
object	4029	Pile of Rock	A pile of lime rock.
object	4030	Pile of Rock	A pile of lime rock.
object	4031	Shantay pass	Looks like a stone doorway to me.
object	4035	Druid's robes	These clean Druid's robes are drying off.
object	4036	Druid's robes	These clean Druid's robes are drying off.
object	4039	Laundry Basket	It's full of dirty robes.
object	4043	Aviary Hatch	Presumably the hatch the zookeeper feeds the parrots through.
object	4044	Standard	A red standard.
object	4048	Tree	Spooky!
object	4049	Tree	Spooky!
object	4050	Tree	Spooky!
object	4051	Tree	It doesn't look healthy...
object	4052	Tree	It's covered in slime.
object	4053	Tree	It doesn't look healthy...
object	4054	Tree	It doesn't look healthy...
object	4055	Huge Mushroom	These fat fungi take up so much room.
object	4056	Huge Mushroom	These fat fungi take up so much room.
object	4057	Huge Mushroom	These fat fungi take up so much room.
object	4058	Obstacle pipe	A pipe I can squeeze through.
object	4059	Balancing rope	I can balance on this rope.
object	4060	Hollow tree	It's hollow...
object	4061	Tree stump	This tree has been cut down.
object	4062	Shelf	Strange items are stored here.
object	4063	Sink	Ideal for washing things in.
object	4064	Smashed table	This table has seen better days.
object	4065	Stone stand	It looks very ornamental in a practical 'solid rock' way.
object	4066	Signpost	Welcome to Mort'ton
object	4067	Warning sign	Danger! Sickness and affliction... stay away!
object	4068	Broken Wall	Looks like a pile of ancient rubble.
object	4069	Temple wall	The starting of a wall.
object	4070	Temple wall	The starting of a wall.
object	4071	Temple wall	The starting of a wall.
object	4072	Temple wall	The starting of a wall.
object	4073	Temple wall	The starting of a wall.
object	4074	Temple wall	The starting of a wall.
object	4075	Temple wall	The starting of a wall.
object	4076	Temple wall	The starting of a wall.
object	4077	Temple wall	It's nearly a wall.
object	4078	Temple wall	A rebuilt wall.
object	4079	Broken Wall	The broken wall of a desecrated temple.
object	4080	Temple wall	The partially repaired wall of a desecrated temple.
object	4081	Temple wall	The partially repaired wall of a desecrated temple.
object	4082	Temple wall	The partially repaired wall of a desecrated temple.
object	4083	Temple wall	The partially repaired wall of a desecrated temple.
object	4084	Temple wall	The partially repaired wall of a desecrated temple.
object	4085	Temple wall	The partially repaired wall of a desecrated temple.
object	4086	Temple wall	The partially repaired wall of a desecrated temple.
object	4087	Temple wall	The partially repaired wall of a desecrated temple.
object	4088	Temple wall	The nearly repaired wall of a desecrated temple.
object	4089	Temple wall	The repaired wall of a temple.
object	4090	Flaming Fire altar	A flaming Fire altar.
object	4091	Fire altar	An ancient Fire altar.
object	4092	Broken Fire altar	An ancient, totally desecrated, broken down fire altar.
object	4093	Funeral Pyre	A place to cremate the dead. Needs some wood.
object	4094	Funeral Pyre	A place to cremate the dead. Needs a body.
object	4095	Funeral Pyre	A place to cremate the dead. Needs a body.
object	4096	Funeral Pyre	A place to cremate the dead. Needs a body.
object	4097	Funeral Pyre	A place to cremate the dead. Needs a body.
object	4098	Funeral Pyre	A place to cremate the dead. Needs a body.
object	4099	Funeral Pyre	A place to cremate the dead. Needs a body.
object	4100	Funeral Pyre	A place to cremate the dead. Needs a light.
object	4101	Funeral Pyre	A place to cremate the dead. Needs a light.
object	4102	Funeral Pyre	A place to cremate the dead. Needs a light.
object	4103	Funeral Pyre	A place to cremate the dead. Needs a light.
object	4104	Funeral Pyre	A place to cremate the dead. Needs a light.
object	4105	Funeral Pyre	A place to cremate the dead. Needs a light.
object	4106	Solid bronze door	Heavy metal!
object	4107	Solid steel door	Heavy metal!
object	4108	Solid black door	Heavy metal!
object	4109	Solid silver door	Heavy metal!
object	4111	Bronze Chest	A strangely decorated bronze chest, the lock is painted blood red.
object	4112	Bronze Chest	A strangely decorated chest, the lock is painted brown.
object	4113	Bronze Chest	A strangely decorated chest, the lock is painted crimson.
object	4114	Bronze Chest	A strangely decorated chest, the lock is painted black.
object	4115	Bronze Chest	A strangely decorated chest, the lock is painted purple.
object	4116	Steel Chest	A strangely decorated steel chest, the lock is painted blood red.
object	4117	Steel Chest	A strangely decorated steel chest, the lock is painted brown.
object	4118	Steel Chest	A strangely decorated steel chest, the lock is painted crimson.
object	4119	Steel Chest	A strangely decorated steel chest, the lock is painted black.
object	4120	Steel Chest	A strangely decorated steel chest, the lock is painted purple.
object	4121	Black Chest	A strangely decorated black chest, the lock is painted blood red.
object	4122	Black Chest	A strangely decorated black chest, the lock is painted brown.
object	4123	Black Chest	A strangely decorated black chest, the lock is painted crimson.
object	4124	Black Chest	A strangely decorated black chest, the lock is painted black.
object	4125	Black Chest	A strangely decorated black chest, the lock is painted purple.
object	4126	Silver Chest	A strangely decorated silver chest, the lock is painted blood red.
object	4127	Silver Chest	A strangely decorated silver chest, the lock is painted brown.
object	4128	Silver Chest	A strangely decorated silver chest, the lock is painted crimson.
object	4129	Silver Chest	A strangely decorated silver chest, the lock is painted black.
object	4130	Silver Chest	A strangely decorated silver chest, the lock is painted purple.
object	4131	Bronze Chest	A strangely decorated bronze chest, the open lock is painted blood red.
object	4132	Wooden doors	These doors look very ominous. A sign says 'To the tombs'.
object	4133	Wooden doors	These doors look very ominous. A sign says 'To the tombs'.
object	4134	Hillside entrance	Large doors set into the hillside.
object	4135	Hillside entrance	Large doors set into the hillside.
object	4138	Counter	Items are for sale here.
object	4139	Gate	Entrance to the Duel Arena.
object	4140	Gate	Entrance to the Duel Arena.
object	4141	Strange altar	This seems to be some kind of shrine.
object	4142	Swaying tree	The wind makes a musical sound as it blows through it...
object	4143	Danger sign	Danger - Trolls!
object	4144	Golden tree	Those golden fruit look good enough to eat!
object	4147	Cave Entrance	This must be Lalli's home.
object	4148	Door	Allows performers backstage at the Longhall.
object	4149	Lalli's Stew	It smells pretty good actually.
object	4150	Portal	A portal from this mystical place.
object	4151	Portal	A portal from this mystical place.
object	4152	Portal	A portal from this mystical place.
object	4153	Portal	A portal from this mystical place.
object	4154	Portal	A portal from this mystical place.
object	4155	Portal	A portal from this mystical place.
object	4156	Portal	A portal from this mystical place.
object	4157	Portal	A portal from this mystical place.
object	4158	Ladder	Takes me into the maze.
object	4159	Ladder	Takes me out of the maze.
object	4160	Ladder	Takes me out of the maze.
object	4161	Escape rope	Takes me out of the maze.
object	4162	Pipe	A thin metal pipe, presumably for rainwater to run through.
object	4163	Ladder	I can climb this.
object	4164	Ladder	I can climb this.
object	4165	Door	Keeps the wind out.
object	4166	Door	Keeps the wind out.
object	4167	Chest	I wonder what's inside?
object	4168	Chest	I wonder what's inside?
object	4169	Frozen table	Brrrrrr!
object	4170	Chest	There is some kind of balancing mechanism as a lock.
object	4171	Bookcase	A good source of books!
object	4172	Cooking range	An appliance for cooking with.
object	4173	Trapdoor	I wonder what's down there?
object	4174	Trapdoor	I wonder what's under it?
object	4175	Drain	Kind of funny smelling...
object	4176	Tap	Water comes out of it.
object	4177	Cupboard	This may be worth opening.
object	4178	Cupboard	This may be worth searching.
object	4179	Abstract mural	A very unusual piece of artwork...
object	4180	Abstract mural	A very unusual piece of artwork...
object	4181	Unicorn's head	Alas poor unicorn, I knew him well.
object	4182	Bull's head	Looks like the bull lost.
object	4183	Boxes	A pile of boxes for storage.
object	4184	Boxes	A pile of boxes for storage.
object	4185	Crate	A wooden crate for storage.
object	4186	Crate	An old crate for storage.
object	4187	Ladder	I can climb this.
object	4188	Ladder	This leads upwards.
object	4189	Ladder	This leads downwards.
object	4247	Door	Keeps the cold winds out.
object	4248	Door	Doesn't keep the wind out if it's open!
object	4250	Door	I'm sure the animal is glad its fur was put to good use.
object	4251	Door	I'm sure the animal is glad its fur was put to good use.
object	4252	Chest	I wonder what's inside?
object	4253	Chest	I wonder what's inside?
object	4265	Fire	Toasty.
object	4266	Fire	Hot!
object	4267	Spit roast	Finger licking good!
object	4269	Wooden Table	It's a long wooden table.
object	4270	Wooden Table	It's a table with candles on.
object	4271	Chair	Generally used for sitting.
object	4272	Table	Generally used for putting things on.
object	4273	Bar pumps	Actually, I could do with a drink...
object	4274	Bar	For leaning against...
object	4275	Barrel	A wooden barrel containing lots of fish.
object	4276	Market stall	Always a source of good bargains.
object	4277	Fish stall	There's something fishy about this stall.
object	4278	Fur stall	Around here, this is where you buy new doors.
object	4283	Drain	Has a peculiar odour.
object	4285	Tap	Water comes out of this.
object	4286	Keg	It's kind of like a barrel.
object	4287	Bed	Looks pretty comfy.
object	4288	Bed	I guess I could sleep in it if I was really tired.
object	4296	Abandoned Cart	Yup, looks like this neighbourhood is perfectly safe for travellers...
object	4297	Boxes	A pile of boxes for storage.
object	4298	Boxes	A pile of boxes for storage.
object	4299	Boxes	A pile of boxes for storage.
object	4300	Crate	A wooden crate for storage.
object	4301	Crate	An old crate for storage.
object	4304	Furnace	A hot place for forging things in.
object	4305	Furnace	A hot place for forging things in.
object	4306	Anvil	Used for fashioning metal items.
object	4307	Blacksmith's tools	Various implements for working with metal.
object	4308	Pottery Oven	Bake your clay pots in here.
object	4309	Spinning wheel	Used for spinning thread.
object	4310	Potter's Wheel	Used for fashioning clay items.
object	4311	Gate	A wooden gate.
object	4312	Gate	A wooden gate.
object	4313	Gate	A wooden gate.
object	4328	Tree stump	This tree has been cut down.
object	4329	Tree stump	This tree has been cut down.
object	4348	Shell	Best left on the beach.
object	4349	Shell	This once belonged to a sea animal.
object	4350	Shell	Best left for the crabs.
object	4351	Shell	I can hear the sea with this.
object	4352	Bowl	It is a buried Bowl.
object	4366	Shelf	An empty shelf...
object	4367	Shelf	An empty shelf...
object	4368	Shelf	There are some pots and pans here.
object	4369	Shelf	There are some tankards here.
object	4370	Shelf	A shelf with a bucket on it.
object	4371	Shelf	There are a few books on this shelf.
object	4372	Table	It's a small table.
object	4373	Sand pit	A tray of sand.
object	4377	Standard Stand	There should be a standard here!
object	4378	Standard Stand	There should be a standard here!
object	4380	Iron ladder	I could climb this if I wanted.
object	4381	Catapult	It's a war machine.
object	4382	Catapult	It's a war machine.
object	4383	Iron ladder	I could climb this if I wanted.
object	4385	Catapult	The catapult is damaged.
object	4386	Catapult	The catapult is damaged.
object	4387	Saradomin Portal	A portal to join the Saradomin team.
object	4388	Zamorak Portal	A portal to join the Zamorak team.
object	4389	Portal	A portal to leave the Saradomin team.
object	4390	Portal	A portal to leave the Zamorak team.
object	4406	Portal	A portal to leave the Saradomin team.
object	4407	Portal	A portal to leave the Zamorak team.
object	4408	Guthix Portal	A portal to join a random team.
object	4411	Stepping stone	A very slippery stepping stone
object	4412	Iron ladder	I could climb this if I wanted.
object	4413	Iron ladder	I could climb this if I wanted.
object	4414	Staircase	A rickety old staircase.
object	4415	Staircase	A solid stone staircase.
object	4416	Staircase	A solid stone staircase.
object	4417	Staircase	A solid stone staircase.
object	4418	Staircase	A solid stone staircase.
object	4419	Staircase	A solid stone staircase.
object	4420	Staircase	A solid stone staircase.
object	4421	Barricade	A spiky barricade.
object	4422	Barricade	A spiky barricade.
object	4423	Large door	A large double door.
object	4424	Large door	A large double door.
object	4425	Large door	A large double door.
object	4426	Large door	A large double door.
object	4427	Large door	A large double door.
object	4428	Large door	A large double door.
object	4429	Large door	A large double door.
object	4430	Large door	A large double door.
object	4431	Broken door	A large broken door.
object	4432	Broken door	A large broken door.
object	4433	Broken door	A large broken door.
object	4434	Broken door	A large broken door.
object	4437	Rocks	We could use our pickaxes to get past these...
object	4438	Rocks	We can almost get past these...
object	4444	Climbing Rope	Should be long enough to scale castle walls.
object	4446	Battlements	Maybe I could tie a rope to this...
object	4447	Battlements	Maybe I could tie a rope to this...
object	4448	Cave wall	It doesn't look very stable...
object	4449	Staircase	A solid stone staircase.
object	4450	Staircase	A solid stone staircase.
object	4458	Table	There are some bandages on this table.
object	4459	Table	There are some toolboxes on this table.
object	4460	Table	There's some rock I can use with the catapult here.
object	4461	Table	There are some barricades here.
object	4462	Table	There is some rope here.
object	4463	Table	There are some explosive potions here.
object	4464	Table	There are some pickaxes on this table.
object	4465	Door	An elf-fashioned door.
object	4466	Door	An elf-fashioned door.
object	4467	Door	The door is closed.
object	4468	Door	The door is open.
object	4469	Energy Barrier	Only the Saradomin team may pass.
object	4470	Energy Barrier	Only the Zamorak team may pass.
object	4471	Trapdoor	I wonder what's under it?
object	4472	Trapdoor	I wonder what's under it?
object	4482	Tap	Water comes out of this.
object	4483	Bank chest	It's open.
object	4484	Scoreboard	Keep track of which team has the most victories.
object	4485	Iron ladder	I could climb this if I wanted.
object	4487	Door	A big wooden door.
object	4490	Door	A big wooden door.
object	4491	Door	A big wooden door.
object	4492	Door	A big wooden door.
object	4493	Staircase	I can climb these stairs.
object	4494	Staircase	They go down.
object	4495	Staircase	I can climb these stairs.
object	4496	Staircase	They go down.
object	4497	Staircase	I can climb these stairs.
object	4498	Staircase	They go down.
object	4499	Cave Entrance	Wow - it's a guinea pig! No, hang on, it's a cave.
object	4500	Tunnel	This leads back to the cruel world above.
object	4513	Heap of bricks	I doubt that was built to last...
object	4518	Corpse	How do you make a skeleton laugh?
object	4519	Corpse	Tickle his funny bone.
object	4520	Corpse	Clearly has been relaxing too long....
object	4541	Statue	Did that thing just twitch?
object	4543	Strange wall	A strange wall with objects engraved upon it.
object	4544	Strange wall	A strange wall with objects engraved upon it.
object	4545	Strange wall	A strange wall that appears to be hinged.
object	4546	Strange wall	A strange wall that appears to be hinged.
object	4550	Basalt rock	I can jump off this one.
object	4551	Basalt rock	I can jump off this one.
object	4552	Basalt rock	I can jump off this one.
object	4553	Basalt rock	I can jump off this one.
object	4554	Basalt rock	I can jump off this one.
object	4555	Basalt rock	I can jump off this one.
object	4556	Basalt rock	I can jump off this one.
object	4557	Basalt rock	I can jump off this one.
object	4558	Basalt rock	I can jump off this one.
object	4559	Basalt rock	I can jump off this one.
object	4568	Staircase	I can climb up these stairs.
object	4569	Staircase	I can climb up or go down these stairs.
object	4570	Staircase	I can climb down these stairs.
object	4577	Doorway	Lets you walk through walls!
object	4587	Lighting mechanism	It turns the light around.
object	4588	Lighting mechanism	It looks broken.
object	4589	Lighting mechanism	Part of the Lighthouse's lighting mechanism.
object	4590	Lighting mechanism	Part of the lighthouse Light mechanism.
object	4610	Shell	Best left on the beach.
object	4611	Shell	This once belonged to a sea animal.
object	4612	Shell	Best left for the crabs.
object	4613	Shell	I can hear the sea with this.
object	4614	Bowl	It is a buried bowl.
object	4615	Broken bridge	I can jump off this one.
object	4616	Broken bridge	I can jump off this one.
object	4617	Bookcase	Shelves filled with interesting books.
object	4618	Fireplace	A nice and cosy fire.
object	4620	Stairs	They go down.
object	4621	Stairs	They go down.
object	4622	Stairs	They go up.
object	4623	Stairs	They go up.
object	4624	Stairs	They go down.
object	4625	Stairs	They go down.
object	4626	Stairs	They go up.
object	4627	Stairs	They go up.
object	4629	Large door	A large double door.
object	4630	Large door	A large double door.
object	4631	Large door	A large double door.
object	4632	Large door	A large double door.
object	4633	Large door	A large double door.
object	4634	Large door	A large double door.
object	4636	Door	An elf-fashioned door.
object	4637	Door	An elf-fashioned door.
object	4638	Door	An elf-fashioned door.
object	4639	Door	An elf-fashioned door.
object	4640	Door	An elf-fashioned door.
object	4641	Stacked barrels	Mmm...beer!
object	4642	Noticeboard	Has some board games news on it.
object	4643	Ladder	The ladder to the Runelink challenge room for experienced players.
object	4644	Ladder	The ladder back to the Runelink challenge room.
object	4645	Ladder	The ladder to the Draughts challenge room for experienced players.
object	4646	Ladder	The ladder back to the Draughts challenge room.
object	4647	Ladder	The ladder back up to the Toad and Chicken.
object	4648	Ladder	Leads down to the Burthorpe Games Rooms.
object	4650	Fireplace	A nice and cosy fire.
object	4651	Table	A table for board games.
object	4652	Table	A game of draughts is being played on this table.
object	4653	Table	A game of Runelink is being played on this table.
object	4656	Stool	A comfy stool.
object	4658	Plaque	Draughts challenge room.
object	4659	Plaque	Runelink challenge room.
object	4660	Plaque	Draughts challenge room for experienced players.
object	4661	Plaque	Runelink challenge room for experienced players.
object	4669	Arrav	A statue of Arrav (the Fountain of Heroes has moved downstairs.)
object	4670	Camorra	A statue of Camorra (the Fountain of Heroes has moved downstairs.)
object	4671	Bookcase	A good source of books!
object	4672	Throne Room Door	The door into the throne room.
object	4674	Maple tree	I bet this makes good syrup!
object	4675	Herbs	Scented herbs.
object	4676	Rocks	A rocky outcrop.
object	4677	Herbs	Scented herbs.
object	4678	Herbs	Scented herbs.
object	4679	Herbs	Scented herbs.
object	4683	Harp	A large harp.
object	4684	Barrel	Good for shooting fish in.
object	4685	Hollow log	This old tree is rotting away
object	4686	Hollow log	This old tree is rotting away.
object	4690	Chair	Fancy.
object	4692	Flagpole	Flag, pole...Yep, it's a flagpole.
object	4693	Flagpole	Flag, pole...Yep, it's a flagpole.
object	4696	Door	The door is closed.
object	4697	Door	The door is open.
object	4701	Door	Keeps the cold winds out.
object	4702	Chair	A nicely carved wooden chair.
object	4703	Bed	A wooden double bed.  For sleeping in...
object	4704	Bed	A wooden double bed.  For sleeping in...
object	4705	Fish stall	There's something fishy about this stall.
object	4706	Veg stall	You should eat your greens!
object	4707	Fish stall	There's something fishy about this stall.
object	4708	Veg stall	You should eat your greens!
object	4710	Doorway	A doorway made from bamboo.
object	4712	Trapdoor	It's a trapdoor.
object	4713	Trapdoor	It's an open trapdoor.
object	4714	Crate	A wooden crate for storage.
object	4715	Crate	This crate is making chattering sounds.
object	4716	Crate	This crate smells slightly nauseous.
object	4717	Crate	This crate says 'Property of Hamab' on its side.
object	4718	Crate	This crate says 'Property of Hamab' on its side.
object	4719	Crate	This crate says 'Property of Ifaba' on its side.
object	4720	Crate	This crate says 'Property of Daga' on its side.
object	4721	Crate	This crate says 'Property of Daga' on its side.
object	4722	Crate	This crate smells slightly of banana.
object	4723	Crate	This crate smells slightly of banana.
object	4724	Crate	This crate says 'Property of Hamab' on its side.
object	4725	Crate	This crate says 'Property of Ifaba' on its side.
object	4726	Crate	This crate says 'Property of Ifaba' on its side.
object	4727	Crate	This crate says 'Property of Ifaba' on its side.
object	4728	Climbing rope	I can climb up this.
object	4729	Bush	A dried up bush, void of life.
object	4743	Bamboo Ladder	It's a bamboo ladder.
object	4744	Bamboo Ladder	It's a bamboo ladder.
object	4745	End of bridge	Looks good for jumping off.
object	4746	Crate	This crate is marked 'Deliver to Glough'...
object	4749	Banana Tree	It's a banana tree, full of bananas.
object	4750	Banana Tree	It's a banana tree, with lots of bananas.
object	4751	Banana Tree	It's a banana tree, with many bananas.
object	4752	Banana Tree	It's a banana tree, with a few bananas.
object	4753	Banana Tree	It's a banana tree, with but one banana.
object	4754	Banana Tree	It's a banana tree, with no more bananas left.
object	4755	Stairs	They go down.
object	4756	Stairs	They go up.
object	4764	Bamboo Stool	It's a bamboo stool.
object	4765	Wall of flame	It's a sheer wall of fire, rising as high as you can see.
object	4766	Wall of flame	It's a sheer wall of fire, rising as high as you can see.
object	4767	Sacrificial Pyre	The contents of this pyre are rapidly bubbling and burning.
object	4768	Wall of bricks	It's a wall of bricks.
object	4769	Pile of bricks	It's a pile of bricks.
object	4770	Pile of bricks	It's a pile of bricks.
object	4771	Awowogei	A rather dapper little monkey sitting on a throne.
object	4772	Bamboo Ladder	It's a bamboo ladder.
object	4773	Bamboo Ladder	It's a bamboo ladder.
object	4774	Bamboo Ladder	It's a bamboo ladder.
object	4775	Bamboo Ladder	It's a bamboo ladder.
object	4776	Bamboo Ladder	It's a bamboo ladder.
object	4777	Bamboo Ladder	It's a bamboo ladder.
object	4778	Bamboo Ladder	It's a bamboo ladder.
object	4779	Bamboo Ladder	It's a bamboo ladder.
object	4780	Bamboo Ladder	It's a bamboo ladder.
object	4781	Bamboo Ladder	It's a bamboo ladder.
object	4786	Potted plant	A plant in a bamboo pot.
object	4787	Bamboo Gate	It's an absolutely huge bamboo gate.
object	4788	Bamboo Gate	It's an absolutely huge bamboo gate.
object	4791	Bamboo Bed	It's a big comfy bed, made of strips of bamboo.
object	4792	Bamboo Bed	It's a big comfy bed, made of strips of bamboo.
object	4793	Bamboo Bed	It's a big comfy bed, made of strips of bamboo.
object	4794	Pot	It's a pot made out of bamboo.
object	4795	Pots	They are pots made out of bamboo.
object	4797	Bamboo Desk	Bamboo strips have been lashed together to make this rickety desk.
object	4798	Bamboo Bookcase	It's a bookcase made out of bamboo.
object	4799	Jail Door	It's a bamboo door with a large iron padlock.
object	4800	Jail Door	It's a bamboo door with a large iron padlock.
object	4807	Bamboo Door	It's a door made from bamboo.
object	4812	Jungle Grass	Looks good for hiding in...
object	4813	Jungle Grass	Looks good for hiding in...
object	4814	Jungle Grass	Looks good for hiding in...
object	4815	Long grass	Looks good for hiding in.
object	4816	Jungle Tree	This is a fairly tall tree with sparse foliage.
object	4817	Jungle Palm	A jungle palm with dense foliage.
object	4818	Jungle Tree	This is a fairly tall tree with sparse foliage.
object	4819	Jungle Tree Stump	This was a fairly tall tree with sparse foliage.
object	4820	Jungle Tree	A leafy tree.
object	4821	Jungle Tree Stump	This was a fairly tall tree with sparse foliage.
object	4822	Tree stump	This tree has been cut down.
object	4823	Jungle Flower	This flower is found only in jungle areas.
object	4824	Orchid	A very rare and exotic flower.
object	4825	Jungle Plant	A small fernlike plant.
object	4826	Whipping Plant	Leaves a nasty mark.
object	4827	Pineapple Plant	Looks spiky.
object	4828	Jungle Plant	This has broad leaves.
object	4829	Jungle Plant	A type of jungle fern.
object	4830	Jungle Plant	A large waxy jungle plant.
object	4831	Jungle Plant	Commonly found in these parts.
object	4832	Creeping Plant	The tendrils of a creeping plant.
object	4833	Jungle Bush	A jungle bush, quite common to these areas.
object	4834	Jungle Bush	A jungle bush, quite common to these areas.
object	4835	Slashed Bush	A jungle bush that has been chopped down.
object	4845	Tropical tree	A terribly tall tropical tree.
object	4846	Tropical tree	A terribly tall tropical tree.
object	4847	Tropical tree	A terribly tall tropical tree.
object	4848	Tropical Leaves	Leaves of a tropical tree.
object	4849	Tropical tree	This tree no doubt contains dangerous insects.
object	4850	Tropical tree	This tree no doubt contains dangerous insects.
object	4851	Tropical tree	This tree no doubt contains dangerous insects.
object	4852	Hollow Log	This old tree is rotting away.
object	4853	Roots	A gnarly old tree root.
object	4854	Roots	The roots of this tree are exposed.
object	4855	Roots	I hope I don't trip over any of these.
object	4856	Glowing Fungus	It's a small patch of glowing fungus.
object	4857	Glowing Fungus	It's a medium patch of glowing fungus.
object	4858	Gorilla Statue	It's an absolutely colossal statue of some kind of gorilla.
object	4859	Gorilla Statue	It's a huge statue of some kind of gorilla.
object	4860	Gorilla Statue	It's a huge statue of some kind of gorilla.
object	4861	Monkey Statue	It's a huge statue of some kind of monkey.
object	4862	Glowing Fungus	It's a large patch of glowing fungus.
object	4863	Watchtower Legs	Legs of this watchtower.
object	4864	Watchtower Legs	Legs of this watchtower.
object	4865	Watchtower Middle	It's the middle of this watchtower.
object	4866	Gnome Glider	It's a deactivated military Gnome glider.
object	4867	Gnome Glider	It's an activated military Gnome glider.
object	4868	Teleportation Device	It's some kind of Gnome teleportation device.
object	4869	Teleportation Device	It's some kind of Gnome teleportation device.
object	4870	Teleportation Device	It's some kind of Gnome teleportation device.
object	4871	Reinitialisation Panel	This is the panel controlling the hangar reinitialisation.
object	4872	Exit Sign	There must be an exit nearby.
object	4873	Lever	It's probably too risky to try pulling this.
object	4874	Crafting Stall	This table has crafting paraphernalia on it.
object	4875	Food Stall	This table has ripe bananas on show.
object	4876	General Stall	This table has items of a general nature on it.
object	4877	Magic Stall	This table has runes on display.
object	4878	Scimitar Stall	This table has a scimitar on it.
object	4879	Trapdoor	It's a trapdoor.
object	4880	Trapdoor	It's an open trapdoor.
object	4881	Climbing rope	I can climb up this.
object	4882	Slight indentations	Looks suspicious.
object	4883	A rock	Looks suspicious.
object	4884	Plank	A plank.
object	4885	Stalagmites	Formed over many years.
object	4886	Floor spikes	Human sieve creation.
object	4887	A rock	Looks suspicious.
object	4888	Trapdoor	It's a trapdoor.
object	4889	Climbing rope	I can climb up this.
object	4900	Saradomin Standard	The Saradomin Team Standard.
object	4901	Zamorak Standard	The Zamorak Team Standard.
object	4902	Saradomin Standard	The Saradomin Team Standard.
object	4903	Zamorak Standard	The Zamorak Team Standard.
object	4904	Catapult	It's on fire!
object	4905	Catapult	It's on fire!
object	4910	Barrel	A wooden barrel for storage.
object	4911	Ladder	I can climb down this.
object	4912	Ladder	I can climb down this.
object	4913	Cart tunnel	It looks cramped and dark.
object	4914	Cart tunnel	It looks cramped and dark.
object	4915	Cart tunnel	It looks cramped and dark.
object	4918	Mine cart	This cart is blocking the way up the ridge.
object	4919	Stairs	These stairs seem to have been hewn out of the rock itself.
object	4920	Cart tunnel	It looks cramped and dark.
object	4921	Cart tunnel	It looks cramped and dark.
object	4922	Cart tunnel	It looks cramped and dark.
object	4923	Stairs	These stairs seem to have been hewn out of the rock itself.
object	4924	Water Valve	A valve to start and stop the flow of water.
object	4926	Crystal outcrop	Shiny!
object	4927	Crystal outcrop	Shiny!
object	4928	Crystal outcrop	Shiny!
object	4929	Dark tunnel	It looks cramped and dark.
object	4930	Mine cart	It's blocking the tunnel, but it looks dark down there anyway.
object	4932	Glowing fungus	A bizarre fungus.  It emits a pale blue light.
object	4933	Glowing fungus	A bizarre fungus.  It emits a pale blue light.
object	4935	Ceiling support	If that wasn't there I'd probably be a lot flatter now.
object	4936	Wall support	It prevents the wall unceremoniously squashing people.
object	4937	Lift	It looks like it's water powered.
object	4938	Lift	It looks like it's water powered.
object	4940	Lift	It looks like it's water powered.
object	4942	Lift	It's a little waterlogged.  I hope it still works.
object	4944	Crate	It doesn't look very watertight.  Any contents will be ruined.
object	4945	Mine cart	A sunken mine cart, how useful.
object	4949	Points settings	This displays information on how the points on this level are set.
object	4950	Lever	It has the letter 'B' inscribed on the end.
object	4951	Lever	It has the letter 'A' inscribed on the end.
object	4952	Lever	It has the letter 'C' inscribed on the end.
object	4953	Lever	It has the letter 'D' inscribed on the end.
object	4954	Lever	It has the letter 'E' inscribed on the end.
object	4955	Lever	It has the letter 'I' inscribed on the end.
object	4956	Lever	It has the letter 'J' inscribed on the end.
object	4957	Lever	It has the letter 'K' inscribed on the end.
object	4958	Lever	I think this changes one of the sets of points.
object	4959	Lever	It has the letter 'F' inscribed on the end.
object	4960	Lever	It has the letter 'G' inscribed on the end.
object	4961	Lever	It has the letter 'H' inscribed on the end.
object	4962	Door	The door is closed.
object	4963	Large door	A large double door.
object	4964	Large door	A large double door.
object	4965	Ladder	I can climb down this.
object	4966	Ladder	I can climb this.
object	4967	Ladder	I can climb down this.
object	4968	Ladder	I can climb this.
object	4969	Ladder	I can climb down this.
object	4970	Ladder	I can climb this.
object	4971	Stairs	These stairs seem to have been hewn out of the rock itself.
object	4972	Stairs	These stairs seem to have been hewn out of the rock itself.
object	4973	Stairs	These stairs seem to have been hewn out of the rock itself.
object	4974	Mine cart	Useful for moving items around the mine.
object	4975	Crate	An old crate for storage.
object	4976	Mineral vein	A distinctive layer in the rock strata.
object	4977	Mineral vein	A distinctive layer in the rock strata.
object	4978	Mineral vein	A distinctive layer in the rock strata.
object	4979	Mineral vein	A distinctive layer in the rock strata.
object	4980	Mineral vein	A distinctive layer in the rock strata.
object	4981	Mineral vein	A distinctive layer in the rock strata.
object	4982	Mineral vein	A distinctive layer in the rock strata.
object	4983	Mineral vein	A distinctive layer in the rock strata.
object	4984	Mineral vein	A distinctive layer in the rock strata.
object	4985	Mineral vein	A distinctive layer in the rock strata.
object	4986	Mineral vein	A distinctive layer in the rock strata.
object	4987	Mineral vein	A distinctive layer in the rock strata.
object	4988	Mineral vein	A distinctive layer in the rock strata.
object	4989	Mineral vein	A distinctive layer in the rock strata.
object	4990	Mineral vein	A distinctive layer in the rock strata.
object	4991	Mineral vein	A distinctive layer in the rock strata.
object	4992	Mineral vein	A distinctive layer in the rock strata.
object	4993	Mineral vein	A distinctive layer in the rock strata.
object	4994	Mineral vein	A distinctive layer in the rock strata.
object	4995	Mineral vein	A distinctive layer in the rock strata.
object	4996	Mineral vein	A distinctive layer in the rock strata.
object	5001	Wooden boards	This cave has been boarded up.
object	5002	Rope bridge	Useful for passing over inaccessible areas.
object	5003	Broken rope bridge	It's old and pretty broken.
object	5004	Tree	A well used tree.
object	5005	Tree	A well used tree.
object	5006	Rare Flowers	These flowers only grow in one place in the mountains.
object	5007	Cave entrance	Looks like small cave.
object	5008	Tunnel	Looks dark...
object	5009	Tunnel	Looks dark...
object	5010	Tunnel	Looks dark...
object	5011	Tunnel	Looks dark...
object	5012	Tunnel	Looks dark...
object	5013	Tunnel	Looks dark...
object	5014	Tunnel	Looks dark...
object	5015	slope	It's too dangerous to go down here by foot...
object	5016	slope	It's too dangerous to go down here by foot...
object	5025	Crevasse	A split in the cave wall...
object	5037	Ice covered boulder	A large ice covered boulder.
object	5038	Ice covered boulder	An ice covered boulder.
object	5039	Ice covered boulder	A small ice covered boulder.
object	5043	Ice gate	A huge ice gate.
object	5044	Ice gate	A huge ice gate.
object	5045	Tree	An interesting-looking tree.
object	5046	Cave entrance	A small cave entrance.
object	5047	Stalagmites	Limestone ceiling growth.
object	5048	Stalactite	A limestone ceiling growth.
object	5049	Stalagmite	A tooth shaped rock formation protruding from the floor.
object	5050	Stalagmite	Tooth shaped rock formations protruding from the floor.
object	5051	Swamp Boaty	A dirty little swamp boat.
object	5052	Wall	If it had paint on it, you'd probably watch it dry.
object	5053	Wall	If it had paint on it, you'd probably watch it dry.
object	5054	Ladder	I can climb this.
object	5055	Trapdoor	I wonder what that's there for...
object	5056	Wooden doors	These doors look very ominous.
object	5057	Wooden doors	These doors look very ominous.
object	5058	Wooden doors	Large doors set into the hillside.
object	5059	Wooden doors	Large doors set into the hillside.
object	5060	Wooden doors	These doors seem to lead into the underground.
object	5061	Wooden doors	These doors seem to lead into the underground.
object	5062	Wooden doors	Large doors set into the hillside.
object	5063	Wooden doors	Large doors set into the hillside.
object	5072	Pillar	A Large Pillar
object	5082	Dungeon entrance	An overgrown dungeon entrance.
object	5083	Dungeon entrance	A closed overgrown dungeon entrance.
object	5084	Exit	The way to go when I get scared.
object	5088	Log balance	I hope I don't fall off this.
object	5090	Log balance	I hope I don't fall off this.
object	5094	Stairs	These stairs seem to have been hewn out of the rock itself.
object	5095	Stairs	These stairs seem to have been hewn out of the rock itself.
object	5096	Stairs	These stairs seem to have been hewn out of the rock itself.
object	5097	Stairs	These stairs seem to have been hewn out of the rock itself.
object	5098	Stairs	These stairs seem to have been hewn out of the rock itself.
object	5099	Pipe	A pipe I can squeeze through.
object	5100	Pipe	A pipe I can squeeze through.
object	5103	Vines	Thick vines blocking your way.
object	5104	Vines	Thick vines blocking your way.
object	5105	Vines	Thick vines blocking your way.
object	5106	Vines	Thick vines blocking your way.
object	5107	Vines	Thick vines blocking your way.
object	5110	Stepping stone	I can jump from this stepping stone.
object	5111	Stepping stone	I can jump from this stepping stone.
object	5112	Mushroom	Not good for eating.
object	5113	Fungus	I doubt that's edible.
object	5114	Fungus	I doubt that's edible.
object	5115	Fungus	I doubt that's edible.
object	5116	Statue	A statue of a big monster.
object	5117	Statue	A statue of a big monster.
object	5122	Corpse	Now that's what I call slimline!
object	5123	Corpse	He looks very relaxed.
object	5124	Corpse	Now he's just too thin.
object	5125	Corpse	He hasn't eaten in a long time.
object	5126	Door	A tall wooden door.
object	5127	Danger sign	Danger!
object	5128	Door	A tall wooden door.
object	5130	Ladder	Looks like whoever uses this has claws on their hands.
object	5131	Trapdoor	I wonder what's under it?
object	5132	Trapdoor	I wonder what's down there?
object	5133	Hurdle	A hurdle.
object	5134	Hurdle	A hurdle.
object	5135	Hurdle	A hurdle.
object	5136	Skull slope	A climbing wall made from skulls.
object	5138	Stepping stone	A very slippery stepping stone.
object	5139	Zip line	A scary zip line for teeth??
object	5140	Zip line	A scary zip line for teeth??
object	5141	Zip line	A scary zip line for teeth??
object	5142	Zip line	A scary zip line for teeth??
object	5143	Zip line	A scary zip line for teeth??
object	5144	Zip line	A scary zip line for teeth??
object	5145	Zip line	A scary zip line for teeth??
object	5146	Goal	A goal.
object	5147	Goal	A goal.
object	5148	Goal	A goal.
object	5152	Pipe	A pipe I can squeeze through.
object	5156	Cupboard	This may be worth opening.
object	5157	Open Cupboard	This may be worth searching.
object	5158	Pile of canes	A pile of garden canes.
object	5159	Bridge	There's no way to cross this bridge.
object	5160	Bridge	There's no way to cross this bridge.
object	5161	Clock	An old grandfather clock.
object	5162	Chest	A closed chest.
object	5163	Chest	An open chest.
object	5164	Signpost	There is a note pinned to the signpost.
object	5165	Fireplace	It looks like it needs a good sweep out.
object	5166	Bookcase	Bookish.
object	5167	Memorial	A large, elaborately ornamented memorial stone.
object	5168	Grave	A grave, marked by an ostentatious memorial stone.
object	5169	Grave	A poor grave marked by a simple, wooden cross.
object	5170	Entrance	The entrance to an extravagantly decorated mausoleum.
object	5172	Door	The door to the Tower.
object	5174	Door	The door to the garden shed.
object	5176	Lightning conductor	At some point the lightning conductor has broken, rendering it useless.
object	5177	Lightning conductor	A shocking piece of kit.
object	5178	Fireplace surround	Mmm.. scented candles.
object	5179	Fireplace surround	Mmm.. scented candles.
object	5180	Table	I wouldn't eat there!
object	5181	Table	I wouldn't eat there!
object	5183	Door	Looks wooden. Feels wooden. I wonder is it wooden?
object	5186	Door	Looks wooden. Feels wooden. I wonder is it wooden?
object	5187	Door	Looks wooden. Feels wooden. I wonder is it wooden?
object	5188	Door	Looks wooden. Feels wooden. I wonder is it wooden?
object	5202	Pile of bricks	Dangerous, someone could trip on them.
object	5206	Staircase	I can climb these stairs.
object	5207	Staircase	They go down.
object	5228	Column	Formed over many years of dripping limestone.
object	5229	Column	Formed over many years of dripping limestone.
object	5230	Column	Formed over many years of dripping limestone.
object	5231	Stalagmite	A tooth shaped rock formation protruding from the floor.
object	5232	Stalagmite	A tooth shaped rock formation protruding from the floor.
object	5244	Door	Looks a bit tatty...
object	5245	Door	Looks a bit tatty...
object	5246	Bed	A well slept in bed.
object	5248	Crystal growth	It looks like a tree made of crystal.
object	5249	Fire	Looks to me like a quickly built fire.
object	5250	Ladder	I can climb down this.
object	5251	Ladder	I can climb this.
object	5252	Fire remains	A recently extinguished fire.
object	5253	Nettles	I wish I could sting other people.
object	5254	Nettles	Probably feels like a mild bee sting.
object	5255	Nettles	I wouldn't like to get stung.
object	5256	Nettles	Dock leaves at the ready.
object	5257	Nettles	Nettles sting my leggies.
object	5258	Nettles	These may hurt.
object	5259	Energy Barrier	A ghostly barrier.
object	5262	Stairs	These stairs were carved out of the rock of the cavern.
object	5263	Stairs	These stairs were carved out of the rock of the cavern.
object	5264	Ladder	I can climb this.
object	5265	Ship's ladder	I can climb up here.
object	5266	Ship's ladder	I can go below decks with this ladder.
object	5267	Trapdoor	I wonder what's under it.
object	5268	Trapdoor	I wonder what's down there.
object	5269	Rock	I can't see a rock!
object	5270	Closed chest	I wonder what's inside.
object	5271	Open chest	I wonder what's inside.
object	5272	Closed chest	I wonder what's inside.
object	5273	Open chest	Perhaps I should search it.
object	5274	Mast	High above here is a tattered flag, blowing in the wind.
object	5275	Cooking range	An appliance for cooking with.
object	5276	Bank booth	The bank teller will serve you from here.
object	5277	Closed bank booth	This booth is closed.
object	5278	Coffin	The resting place of Necrovarus' mortal body.
object	5279	Coffin	The resting place of Necrovarus' mortal body.
object	5280	Staircase	I can climb these stairs.
object	5281	Staircase	They go down.
object	5282	Ectofuntus	A ghastly fountain filled with slime and bones, the source of Necrovarus' power.
object	5283	Ectofuntus	It's a small Ectofuntus.
object	5284	Bone grinder	A big grinding thing.
object	5285	Gangplank	The tatty gangplank of a tatty ship.
object	5286	Gangplank	The tatty gangplank of a tatty ship.
object	5287	Pirate Captain	Seen better days.
object	5306	Boat	A wooden rowing boat.
object	5330	Boxes	A pile of boxes for storage.
object	5331	Plant	A leafy fern.
object	5332	Plant	A small bushy plant.
object	5333	Plant	A leafy shrub.
object	5334	Plant	A leafy shrub.
object	5345	Chair	The ideal thing to sit on.
object	5346	Chair	This needs dusting before I'll sit on it.
object	5347	Chair	This needs dusting before I'll sit on it.
object	5348	Smashed chair	Not so good for sitting on.
object	5349	Table	Generally used for putting things on.
object	5350	Bar pumps	Actually, I could do with a drink...
object	5351	Bar	For leaning against...
object	5352	Cart	One horse power, wooden suspension. A beauty.
object	5353	Wheelbarrow	A wooden wheelbarrow.
object	5354	Trough	Animal feeder.
object	5355	Crate	It probably hasn't got anything interesting inside.
object	5356	Crates	They probably haven't got anything interesting inside.
object	5357	Crates	They probably haven't got anything interesting inside.
object	5358	Skeleton	Looks like he's been dead a while now...
object	5359	Skeleton	I don't think he'd mind us checking for his wallet now...
object	5360	Skeleton	I'm sure he died of natural causes.  Like a massive dragon or something...
object	5397	Figurehead	This figure brings luck to those who sail.
object	5403	Ship's wheel	Without this I'm going around in circles.
object	5404	Mast	Holds up the sails.
object	5415	Ship's ladder	Allows access to other parts of the ship.
object	5416	Ship's ladder	Allows access to other parts of the ship.
object	5429	Captain's Table	It's a table with candles on.
object	5430	Market stall	Doesn't look too good...
object	5431	Market stall	Looks a bit empty.
object	5439	Broken Door	It's been knocked off its hinges.
object	5453	Door	It's a door.
object	5454	Door	It's a door.
object	5461	Pool of Slime	A subterranean pool of ectoplasm.
object	5462	Pool of Slime	A subterranean pool of ectoplasm.
object	5463	Pool of Slime	A subterranean pool of ectoplasm.
object	5464	Pool of Slime	A subterranean pool of ectoplasm.
object	5465	Pool of Slime	A subterranean pool of ectoplasm.
object	5466	Pool of Slime	A subterranean pool of ectoplasm.
object	5467	Pool of Slime	A subterranean pool of ectoplasm.
object	5468	Pool of Slime	A subterranean pool of ectoplasm.
object	5469	Pool of Slime	A subterranean pool of ectoplasm.
object	5470	Pool of Slime	A subterranean pool of ectoplasm.
object	5471	Pool of Slime	A subterranean pool of ectoplasm.
object	5472	Pool of Slime	A subterranean pool of ectoplasm.
object	5473	Pool of Slime	A subterranean pool of ectoplasm.
object	5474	Pool of Slime	A subterranean pool of ectoplasm.
object	5488	Ladder	I can climb this.
object	5489	Jewellery stall	The finest rings.
object	5490	Trapdoor	I wonder what's under it?
object	5491	Trapdoor	I wonder what's down there?
object	5493	Ladder	I can climb this.
object	5494	Standing torch	A crude torch stuck in the ground.
object	5495	Bed	I guess I could sleep in it if I was really tired.
object	5497	Bed	A well slept in bed.
object	5498	Bed	A well slept in bed.
object	5499	Fire	Hot!
object	5501	Door	Stops people getting out.
object	5508	Lectern	It's a lectern.
object	5538	Onion	Makes you cry.
object	5539	Bullrushes	Found near the water's edge.
object	5540	Bullrushes	Found near the water's edge.
object	5541	Bullrushes	Found near the water's edge.
object	5542	Bullrushes	Found near the water's edge.
object	5543	Heather	Isn't Heather a girls' name?
object	5544	Heather	Smells lovely!
object	5545	Heather	Who is this Heather girl?
object	5546	Heather	A purple haze of delight.
object	5547	Heather	The colour purple on stems.
object	5548	Heather	I ponder... Why is it purple?
object	5549	Heather	I wonder why it's purple?
object	5550	Dock leaf plant	A cure for nettle stings.
object	5551	Willow	A droopy tree.
object	5552	Willow	These trees are found near water.
object	5553	Willow	These trees are found near water.
object	5554	Tree Stump	This is what is left of a willow tree.
object	5555	Hanging tapestry	I don't know art, but I like it!
object	5556	Hanging tapestry	I don't know art, but I like it!
object	5558	Aggie's Cauldron	Aggie's cooking something, probably best not to think what...
object	5559	Charms	Trinkets and stuff.
object	5560	Mirror	Looking good!
object	5561	Broom	Aggie's broomstick.
object	5562	Cloth	Aggie has already dyed this cloth.
object	5564	Bed	A thoroughly used bed.
object	5565	Bed	A lovely comfy-looking big bed.
object	5569	Dry stone wall	The remains of a stone wall.
object	5571	Coop	An empty home for chickens.
object	5572	Coop	A lovely bare chicken coop.
object	5573	Coop	A lovely bare chicken coop.
object	5574	Sack	Full of animal feed.
object	5575	Trough	Animal feeder.
object	5576	Trough	Animal feeder.
object	5577	Trough	Animal feeder.
object	5578	Cart	A traveller's companion.
object	5579	Cart	Loaded with hay and ready to roll.
object	5580	Wheelbarrow	A wooden wheelbarrow.
object	5581	Logs	Someone's been chopping logs.
object	5582	Logs	Someone's been chopping logs.
object	5583	Wheat	Baby bread.
object	5584	Wheat	Baby bread.
object	5585	Wheat	Baby bread.
object	5589	Water Wheel	The river makes it spin.
object	5590	Water Wheel	The river makes it spin.
object	5591	Water Wheel	The river makes it spin.
object	5594	Water Wheel	I'd better not get my hands trapped in that.
object	5595	Toy Stall	Diango's Toy Stall.
object	5596	Market stall	Doesn't look too good...
object	5597	Weather vane	Shows which way the wind blows.
object	5598	Water Barrel	A barrel for collecting rain water.
object	5599	Water Barrel	A barrel for collecting rain water.
object	5604	Rock	A rock.
object	5605	Rock	A small rock.
object	5606	Rock	Some rock.
object	5608	Spit roast	This fire is already in use, I wouldn't mess with it if I were you...
object	5609	Cooking Pots	They could do with a wash.
object	5610	Cooking Pots	They could do with a wash.
object	5613	Rat-hole	It smells like the rats aren't washing often enough.
object	5614	Chair	The ideal thing to sit on.
object	5615	Bench	Sit back and relax...
object	5616	Signpost	This tells you which way is which.
object	5618	Drawers	These open and close!
object	5619	Drawers	This may be worth searching.
object	5621	Big vase	An elegant ceramic pot tarnished with the dirt of a hundred years.
object	5622	Wardrobe	I wonder what's inside...
object	5623	Wardrobe	It smells a bit stuffy.
object	5624	Wardrobe	It smells funny in there.
object	5625	Ned's Table	Ned is making some rope here.
object	5627	Standard	A blue standard.
object	5628	Standard	A standard of Lumbridge Castle.
object	5629	Standard	A standard of Lumbridge Castle.
object	5631	Fire	Glowing embers.
object	5632	Fire	Glowing embers.
object	5788	Church pew	The sort of bench you get in churches.
object	5789	Statue	An expertly carved statue of a former King of Misthalin.
object	5790	Statue	An expertly carved statue of a former King of Misthalin.
object	5791	Statue	A carving of a figure from the history of RuneScape.
object	5792	Flour bin	When I've ground some flour, I'll be able to collect it here.
object	5793	Crack	It's a large crack in the wall.
object	5794	Crack	It's a large crack in the wall.
object	5795	Crack	It's a large crack in the wall.
object	5796	Crack	It's a large crack in the wall.
object	5797	Crack	It's a large crack in the wall.
object	5798	Crack	It's a large crack in the wall.
object	5799	Trapdoor	It's a trapdoor.
object	5800	Trapdoor	It's a trapdoor.
object	5801	Trapdoor	It's a trapdoor.
object	5802	Trapdoor	It's a trapdoor.
object	5803	Trapdoor	It's an open trapdoor.
object	5804	Trapdoor	It's an open trapdoor.
object	5805	Trapdoor	It's an open trapdoor.
object	5806	Trapdoor	It's an open trapdoor.
object	5808	Sculpture	An incredibly detailed stone sculpture.
object	5809	Weathervane	Helps the Seers predict the weather when it's working.
object	5810	Seers weathervane	Helps the Seers predict the weather.
object	5812	Ladder	I can climb this.
object	5813	Ladder	I can climb down this.
object	5815	Gnome landing light	A candle, a lens and some sort of crystal all precariously balanced together.
object	5816	Flashing landing light	A beacon so gnome gliders can safely land.
object	5817	Flashing landing light	A beacon so gnome gliders can safely land.
object	5818	Flashing landing light	A beacon so gnome gliders can safely land.
object	5819	Flashing landing light	A beacon so gnome gliders can safely land.
object	5825	Gnome glider	Fly Gnome Air.
object	5826	Swordshop Sign	This shop deals in antique swords.
object	5831	Antiques Shop Stall	Shop counter.
object	5835	Trapdoor	Don't want to close this, I might not be able to get back down.
object	5842	Boulder	It overlooks the path below. Let's hope it won't fall on your head.
object	5843	Boulder	Someone is climbing down there! Looks dangerous.
object	5844	Rock	Placed in a perfect position for stumbling over.
object	5845	Rock	There is a rope going over it.
object	5846	Rope	Someone is climbing down the rope.
object	5847	Rockslide	You will need to climb over it.
object	5848	Tall tree	The tree stands tall at the edge of the pool.
object	5849	Clump of rocks	You can't stand on them, but maybe something can be wedged into there.
object	5850	Flat stone	Something put on top of this wouldn't fall off, it's quite smooth and flat.
object	5851	Flat stone	Something put on top of this wouldn't fall off, it's quite smooth and flat.
object	5852	Flat stone	Someone put a plank on top of the stone! Clever...
object	5853	Flat stone	Someone put a plank on top of the stone! Clever...
object	5854	Flat stone	Someone put a plank on top of the stone! Clever...
object	5855	Shining pool	The pool looks very peaceful. You can also hear faint singing coming from it.
object	5856	Thorny bushes	The legendary White Pearl fruit is growing on these thorny bushes!
object	5857	Cave entrance	There's a nasty stench coming from the cave.
object	5858	Cave exit	Faint rays of daylight shine through.
object	5859	Cave exit	It's very dark down there.
object	5860	Standing spears	Very pointy, very sharp.
object	5862	Burial mound	This is the place where you buried Asleif.
object	5863	Burial cairn	Asleif was given a proper burial on this spot.
object	5878	Wooden Table	It's a long wooden table.
object	5879	Table	Generally used for putting things on.
object	5880	Stool	Good for sitting on.
object	5881	Standing torch	A crude torch stuck in the ground.
object	5883	Mud	Sticky, dirty mud.
object	5884	Swamp	This stinks...
object	5885	Roots	The roots go down into the mud.
object	5886	Roots	Sticky, dirty roots covered in sticky, dirty mud.
object	5887	Tent door	It's barely a door, really.
object	5888	Tent door	It's barely a door, really.
object	5889	Tent door	It's barely a door, really.
object	5890	Tent door	It's barely a door, really.
object	5891	Tent door	The entry to a special tent in the camp.
object	5893	Tent door	The entry to a special tent in the camp.
object	5895	Ancient Rock	It's just a big stone, really.
object	5896	Ancient Rock	Uh oh, someone is going to be in trouble!
object	5897	Shining pool	The pool looks very peaceful. You can also hear faint singing coming from it.
object	5902	Dead tree	It's only useful for hiding behind now.
object	5903	Dead tree	It's only useful for hiding behind now.
object	5904	Dead tree	It's only useful for hiding behind now.
object	5905	Tree stump	This tree has been cut down.
object	5909	Lamp oil still	A still for making lamp oil.
object	5910	Lamp oil still	The still has oil in.
object	5917	Gas hole	Noxious fumes bubble up from the bowels of the earth.
object	5918	Gas hole	Noxious fumes bubble up from the bowels of the earth.
object	5946	Climbing rope	You see a circle of light at the top.
object	5947	Dark hole	An entrance to the dark caves.
object	5948	Stepping stone	I can jump from this stepping stone.
object	5949	Stepping stone	I can jump from this stepping stone.
object	5959	Lever	I wonder what this does...
object	5960	Lever	I wonder what this does...
object	5964	Cannonball	Flying in mid-air!
object	5965	Gold cannonball	Flying in mid-air!
object	5966	Passage	A blocked passage.
object	5967	Cannonballs	I'd better leave his expensive dwarven balls alone.
object	5968	Cannonballs	I'd better leave his expensive dwarven balls alone.
object	5969	Cannonballs	I'd better leave his expensive dwarven balls alone.
object	5970	Cannonballs	I'd better leave his expensive dwarven balls alone.
object	5971	Cannonballs	I'd better leave his expensive dwarven balls alone.
object	5972	Cannonballs	I'd better leave his expensive dwarven balls alone.
object	5973	Cave entrance	A small cave entrance.
object	5975	Dwarf MultiCannon	A powerful ranging device that fires metal balls.
object	5976	Dwarf MultiCannon	A powerful ranging device that fires metal balls.
object	5977	Wall of flame	It's a sheer wall of fire, rising as high as you can see.
object	5978	Wall of flame	It's a sheer wall of fire, rising as high as you can see.
object	5979	Wall of flame	It's a sheer wall of fire, rising as high as you can see.
object	5980	Wall of flame	It's a sheer wall of fire, rising as high as you can see.
object	5981	Fire	Lighting for the caves.
object	5985	Rock	A rock.
object	5986	Small rock	A small rock.
object	5987	Rock	A rock.
object	5989	Mineral vein	A mineral vein that looks distinctly like gold.
object	5990	Mineral vein	A mineral vein that looks distinctly like gold.
object	5991	Mineral vein	A mineral vein that looks distinctly like gold.
object	5998	Entrance	Functions like an open door...
object	6009	Blue Fire	It's a tiny little blue flame. Is this the essence of the Arzinian Being?
object	6032	Boiler	Powers the boat.
object	6033	Boiler	Powers the boat.
object	6036	Ship's ladder	Allows access to other parts of the ship.
object	6037	Ship's ladder	Allows access to other parts of the ship.
object	6038	Ship's wheel	Without this I'm going around in circles.
object	6043	Boiler	Powers the boat.
object	6044	Boiler	Powers the boat.
object	6045	Mine cart	You can 'cart' things around on this.
object	6064	Hat stand	A stand for hats.
object	6065	Clothes	Some dwarf clothes that are obviously too small for me!
object	6066	Weapon Rack	An empty weapon rack.
object	6067	Weapon Rack	A weapon rack.
object	6068	Weapon Rack	A weapon rack.
object	6069	Weapon Rack	A weapon rack.
object	6070	Cabinet	A method of dwarf storage - not for storing dwarves!
object	6071	Cabinet	A method of dwarf storage.
object	6072	Cabinet	A method of dwarf storage.
object	6073	Cabinet	A method of dwarf storage.
object	6074	Cabinet	A method of dwarf storage.
object	6075	Table	Useful for a dwarf.
object	6076	Desk	A big desk, for a dwarf!
object	6077	Desk	A big desk, for a dwarf!
object	6078	Desk	A big desk, for a dwarf!
object	6079	Desk	A big desk, for a dwarf!
object	6080	Spinning Machine	Spins yarn.
object	6081	Bank table	Banking transactions are processed here.
object	6082	Bank table	Banking transactions are recorded here.
object	6083	Closed bank booth	This booth is closed.
object	6084	Bank booth	The bank teller will serve you from here.
object	6085	Stairs	A way upwards.
object	6086	Stairs	A way down.
object	6087	Stairs	A way upwards.
object	6088	Stairs	A way down.
object	6089	Stairs	A way upwards.
object	6090	Stairs	A way down.
object	6091	Bookcase	A treasure trove of knowledge.
object	6092	Bookcase	A treasure trove of knowledge.
object	6093	Fireplace	A lovely place to cook meat.
object	6094	Fireplace	A lovely place to cook meat.
object	6095	Fireplace	A lovely place to cook meat.
object	6096	Fireplace	A great place to cook meat.
object	6097	Well	A good source of water.
object	6100	Door	The door is closed.
object	6101	Door	The door is open.
object	6102	Door	The door is closed.
object	6103	Door	The door is open.
object	6104	Door	The door is closed.
object	6105	Door	The door is open.
object	6106	Door	The door is closed.
object	6107	Door	The door is open.
object	6108	Door	The door is closed.
object	6109	Door	The door is open.
object	6110	Door	The door is closed.
object	6111	Door	The door is open.
object	6112	Door	The door is closed.
object	6113	Door	The door is open.
object	6114	Door	The door is closed.
object	6115	Door	The door is open.
object	6146	Bird cage stand	Useful for keeping birds.
object	6147	Column	Tower of rock.
object	6148	Column	Tower of rock.
object	6149	Column	Tower of rock.
object	6150	Anvil	Useful for making weapons.
object	6151	Sink	Used for getting water.
object	6152	Bar	Used for getting drunk.
object	6153	Bar	Used for getting drunk.
object	6154	Shelves	Used for storage.
object	6155	Shelves	Used for storage.
object	6156	Shelves	Used for storage.
object	6157	Shelves	Used for storage.
object	6158	Red fungi	Not good for eating.
object	6159	Red fungi	Not good for eating.
object	6160	Red fungi	Not good for eating.
object	6161	Red fungi	Not good for eating.
object	6162	Gem Stall	Finest precious stones.
object	6163	Bakery stall	Bread and cakes are spread out over it.
object	6164	Silver stall	Finely wrought wares of silver.
object	6165	Clothes stall	I can get clothes made up from this stall.
object	6166	Crafting stall	A whole lot of tools for crafting.
object	6173	Giant Dwarf	A fine piece of sculpting.
object	6174	Giant Dwarf	A fine piece of sculpting.
object	6175	Giant Dwarf	A fine piece of sculpting.
object	6176	Boxes	Oblong boxes. You hope there isn't anything other than salt inside.
object	6177	Crate	Big mysterious crates. You wonder what could be inside.
object	6178	Crates	Wooden crates, contents unknown.
object	6179	Cooking Pots	They could do with a wash.
object	6180	Cooking Pots	They could do with a wash.
object	6181	Hanging meat	Dead animal parts dangling!
object	6182	Hanging meat	Dead meat. Dangling from the wall. Looks delicious.
object	6183	Bed	It looks as hard as a rock, not very inviting.
object	6184	Bed	A smelly old mattress.
object	6185	Armour	Metal plating to protect the dwarf.
object	6186	Armour	Metal plating to protect the dwarf.
object	6187	Armour	Useful... for a dwarf!
object	6188	Blacksmith's tools	Various implements for working with metal.
object	6189	Furnace	A hot place for forging things in.
object	6190	Furnace	A hot place for forging things in.
object	6191	Warhammer	Being repaired.
object	6192	Pickaxe	Being repaired.
object	6193	Dwarf mirror	I look shorter, but not necessarily sweeter!
object	6194	Chair	Used for sitting.
object	6195	Chair	Used for sitting.
object	6196	Table	Useful for a dwarf.
object	6197	Table	Useful for a dwarf.
object	6198	Table	Useful for a dwarf.
object	6199	Table	Useful for a dwarf.
object	6200	Table	Fit for a dwarven feast!
object	6201	Table	Fit for a dwarven feast!
object	6202	Lamp	Gives out light, but then you knew that already.
object	6203	Lamp	Gives out light, but then you knew that already.
object	6204	Poor Bed	A simple place to sleep.
object	6205	Bed	A good dwarven bed. Too small for me!
object	6206	Dwarven Consortium Table	Many important meetings are held here...
object	6207	Throne	Draped in cloth.
object	6208	Throne	A beautiful seat, fit for a King.
object	6211	Table	A dwarf table with chopping board.
object	6212	Tree stump	This tree has been cut down.
object	6213	Barrel	A barrel full of ranging equipment...
object	6230	Money Pot	I suppose he wants my money.
object	6231	Table	A lovely table.
object	6232	Fountain	An expensive water feature.
object	6236	Stop!	Stop for what, food?
object	6237	Plant	Yellow blossom, lovely.
object	6238	Door	Closed.
object	6239	Door	Open.
object	6240	Door	Closed.
object	6241	Door	Open.
object	6242	Staircase	A stone staircase.
object	6243	Staircase	A stone staircase.
object	6244	Staircase	A stone staircase.
object	6245	Staircase	A stone staircase.
object	6246	Table	Has upon it a beer, which I will not take for moral reasons.
object	6249	Well	No this is not a mirage!
object	6250	Bed	It's a goldfish! No, wait, it's just a bed.
object	6255	Trough	Animal feeder.
object	6256	Trough	Animal feeder.
object	6257	Dung	Lovely... Fresh.
object	6258	Dung	Dry dung.
object	6259	Dung	Smelly.
object	6260	Ladder	I can climb down this.
object	6261	Ladder	I can climb this.
object	6262	Ladder	I can climb this.
object	6263	Hutch	Useful for pets.
object	6264	Bird cage stand	Useful for keeping birds.
object	6265	Cage	Bird cage.
object	6266	Cage	Bird cage.
object	6267	Golden cage	An empty cage, maybe the owner let the creature free... I do hope so.
object	6268	Hutch	Useful for pets.
object	6269	Cages	Useful for pets.
object	6274	Bed	Lovely comfy looking big bed.
object	6275	Study desk	Laden with heaps of paper.
object	6276	Landscape	I don't know much about art, but I like this.
object	6277	Cactus	Look at the size of this cactus.
object	6278	Trapdoor	Don't you open that trapdoor!
object	6279	Smokey well	There is a rope leading to the bottom of this smoke filled well.
object	6280	Ladder	I can climb this.
object	6281	Ladder	I can climb this.
object	6282	Portal	A portal to another land?
object	6283	Pillar	Weird looking pillar.
object	6284	Pillar	Weird looking pillar.
object	6285	Pillar	Weird looking pillar.
object	6286	Pillar	Weird looking pillar.
object	6292	Bookcase	Shelves filled with interesting books.
object	6294	Display case	A locked display case for valuable artefacts.
object	6295	Display case	One of the sculptures is missing. Oh yes, that was me!
object	6296	Skeleton	It looks like the demon didn't survive after all.
object	6297	Skeleton	He looks old, older than me anyway.
object	6298	Skeleton	I don't think he's going to make it.
object	6299	Skeleton	I don't understand, why didn't he go back to Lumby?
object	6301	Throne	A throne encrusted with sparkling gems.
object	6302	Throne	A throne from which you have removed the gems.
object	6307	Statuette in alcove	A statuette of a golem, facing right.
object	6308	Statuette in alcove	A statuette of a golem, facing left.
object	6309	Alcove	The statuette is missing from this alcove.
object	6311	Black mushrooms	Not good for eating.
object	6312	Staircase	I can climb this.
object	6313	Staircase	I can climb down this.
object	6323	Golem arm	A broken clay arm.
object	6324	Golem foot	A clay foot.
object	6325	Golem body	Half a golem smashed and broken.
object	6326	Golem head	Smashed and half buried.
object	6327	Broken kiln	A device once used for making pottery.
object	6328	Broken kiln	Once upon a time this was used to make pottery.
object	6329	Broken kiln	Once upon a time this made clay hard.
object	6330	Broken kiln	There was a lot of pottery made here a long time ago.
object	6331	Statue	A statue of a guy with a hammer.
object	6332	Statue	A weathered old statue.
object	6333	Statue	A reclining lady.
object	6334	Statue	This statue has been tampered with.
object	6335	Plinth	Contains a statue of a woman.
object	6336	Plinth	Contains a statue of a woman.
object	6337	Plinth	Contains a statue of a woman.
object	6338	Plinth	Empty.
object	6363	Door	A very heavy stone door.
object	6364	Door	A door to a demon's lair?
object	6372	Staircase	A stone staircase.
object	6373	Staircase	A stone staircase.
object	6381	Cave	A source of water for the river Elid.
object	6382	Root	Maybe I could swing on this somehow...
object	6402	Stalagmites	A limestone ceiling growth.
object	6403	Stalagmite	A tooth shaped rock formation protruding from the floor.
object	6404	Standing Torch	An old mystical torch.
object	6406	Standing Torch	An old mystical torch.
object	6408	Standing Torch	An old mystical torch.
object	6410	Standing Torch	An old mystical torch.
object	6412	Standing Torch	An old mystical torch.
object	6413	Standing Torch	An old mystical torch.
object	6414	Standing Torch	An old mystical torch.
object	6415	Standing Torch	An old mystical torch.
object	6416	Standing Torch	An old mystical torch.
object	6418	Ladder	I can climb this.
object	6419	Ladder	I can climb this.
object	6420	Burnt chest	I wonder what's inside?
object	6423	Mystical mirror	A magical aura seems to shimmer over the glass...
object	6425	Mystical mirror	A magical aura seems to shimmer over the glass...
object	6427	Mystical mirror	A magical aura seems to shimmer over the glass...
object	6429	Mystical mirror	A magical aura seems to shimmer over the glass...
object	6431	Mystical mirror	A magical aura seems to shimmer over the glass...
object	6433	Mystical mirror	A magical aura seems to shimmer over the glass...
object	6434	Trapdoor	I wonder what that's there for...
object	6435	Trapdoor	I wonder what that's there for...
object	6436	Ladder	I can climb this.
object	6437	Vampire tomb	An ancient looking tomb.
object	6438	Vampire tomb	An ancient looking tomb.
object	6439	Rope	Climb this rope to go up.
object	6441	Cave entrance	Looks like a small cave.
object	6442	Cave entrance	Blocked by an icicle.
object	6443	Cave entrance	Blocked by two icicles.
object	6444	Cave entrance	Blocked by three icicles.
object	6445	Cave entrance	Blocked by four icicles.
object	6446	Cave entrance	Blocked by five icicles.
object	6447	Cave exit	Looks like a small cave.
object	6448	Secure chest	It looks very sturdy.
object	6450	Ladder	I can climb this.
object	6451	Gate	A wrought iron gate.
object	6452	Gate	A wrought iron gate.
object	6454	Icy rock	Even rocks could freeze in this cold!
object	6455	Ice ledge	Looks slippery.
object	6456	Ice ledge	Looks slippery.
object	6461	Ice gate	An ice gate.
object	6462	Ice gate	An ice gate.
object	6472	Ice chunks	Chunky pieces of ice.
object	6473	Ice chunks	Chunky pieces of ice.
object	6474	Ice chunks	Chunky pieces of ice.
object	6475	Ice chunks	Chunky pieces of ice.
object	6476	Ice chunks	Chunky pieces of ice.
object	6477	Ice chunks	Chunky pieces of ice.
object	6481	Tunnel	A mysterious tunnel-like structure.
object	6483	Obelisk	You can feel a mysterious power emanating from it...
object	6484	Obelisk	You can feel a mysterious power emanating from it...
object	6486	Obelisk	You can feel a mysterious power emanating from it...
object	6487	Obelisk	You can feel a mysterious power emanating from it...
object	6489	Obelisk	You can feel a mysterious power emanating from it...
object	6490	Obelisk	You can feel a mysterious power emanating from it...
object	6492	Obelisk	You can feel a mysterious power emanating from it...
object	6493	Obelisk	You can feel a mysterious power emanating from it...
object	6494	Mystical door	This door is sealed by an ancient mystical power...
object	6497	Ladder	I can climb down this.
object	6498	Ladder	I can climb down this.
object	6499	Ladder	I can climb down this.
object	6500	Ladder	I can climb down this.
object	6501	Ladder	I can climb this.
object	6502	Ladder	I can climb this.
object	6503	Ladder	I can climb this.
object	6504	Ladder	I can climb this.
object	6512	Sarcophagus	A fancy name for a coffin.
object	6513	Sarcophagus	A strange thing to leave lying around...
object	6514	Sarcophagus	I hope this is just ornamental...
object	6515	Sarcophagus	I hope this is just ornamental...
object	6516	Sarcophagus	I hope this is just ornamental...
object	6517	Sarcophagus	I hope this is just ornamental...
object	6521	Pitfall	Uh-oh!
object	6523	Ladder	This leads downwards.
object	6524	Crack	You can see a small fissure in the ground here.
object	6538	Sphinx	The body of a lion, the head of a man?
object	6545	Pyramid entrance	A smooth, sandstone door that is slightly warm to the touch.
object	6547	Pyramid entrance	A smooth, sandstone door that is slightly warm to the touch.
object	6549	Well	A well down into the pyramid.
object	6551	Portal	A portal that leads you out of the pyramid.
object	6552	Altar	A mysterious ancient altar to some forgotten god...
object	6553	Doorway	Opens into another area.
object	6555	Doorway	Opens into another area.
object	6561	Ladder	A ladder that's almost not there at all...
object	6566	City gate	Gate like?
object	6568	Silk stall	Garments for the discerning.
object	6569	Bakery stall	Gone-off bread, cakes and pastries.
object	6570	Gem stall	Finest precious stones.
object	6571	Fur stall	These will keep you warm.
object	6572	Spice stall	The spice is right.
object	6573	Market stall	An empty market stall.
object	6574	Tea stall	Fine brews from exotic regions.
object	6575	Cart	Best used with a horse.
object	6578	Banana Tree	Grows a yellow fruit.
object	6579	Banana Tree	Grows a yellow fruit.
object	6581	Tent flap	A way to get in the tent.
object	6605	Water	Wet and salty.
object	6606	Centre piece	The focus of the suntrap.
object	6607	Mirror	A shiny mirror.
object	6608	Mirror	A shiny mirror.
object	6609	Mirror	A shiny mirror.
object	6610	Mirror	A shiny mirror.
object	6611	Mirror	A shiny mirror.
object	6612	Mirror	A shiny mirror.
object	6613	Mirror	A shiny mirror.
object	6614	Door	A large door with a hieroglyph of a cat.
object	6615	City gate	Gate like?
object	6620	Hole	It looks like a hole in the wall.
object	6622	Rock	Rocky.
object	6623	Rock	An entrance into a tunnel. I wonder where it leads to.
object	6624	Door	It looks like a door.
object	6625	Door	Hmm. A door.
object	6626	Door	A big wooden door.
object	6627	Door	A big wooden door.
object	6629	Wall Crusher	That could hurt.
object	6630	Sarcophagus	A strange thing to leave lying around...
object	6632	Pit	I can't see the bottom.
object	6633	Pit	I can't see the bottom.
object	6635	Canopic Jar	Has a lid shaped like a man. I think it contains someone's liver. Yuck.
object	6637	Canopic Jar	Has a lid shaped like a crocodile. Yuck, I think there are lungs inside.
object	6639	Canopic Jar	Has a lid shaped like a bug. Disgusting! I think there's a stomach inside.
object	6641	Canopic Jar	Has a lid shaped like an ape. Eeew! I think it contains someone's intestines.
object	6642		Holds the ceiling up.
object	6643	Doorway	Opens into another area, come on, I know this.
object	6644	Ceremonial table	Useful for putting things on.
object	6645	Ladder	A ladder!! Never seen one of those before.
object	6646	Closed chest	I wonder what's inside.
object	6647	Open chest	Perhaps I should search it.
object	6648	Staircase	I wonder where this goes?
object	6649	Staircase	They go down.
object	6650	Bridge	Phew!! That's one big bridge.
object	6651	Bridge	A big bridge over the river.
object	6652	Bridge	A big bridge over the river.
object	6653	Bridge	Wow. More bridge. Awesome.
object	6655	Broken logs	Oops.
object	6656	Cloth	Rolls of colourful cloth.
object	6657	Juna	An ancient giant serpent.
object	6658	Tunnel	A tunnel leading upwards.
object	6659	Tunnel	A tunnel leading into the depths of the earth.
object	6660	Weeping wall	A rock wall infused with the power of Guthix.
object	6661	Blue tears	The wall is weeping blue tears.
object	6662	Green tears	The wall is weeping green tears.
object	6663	Absence of tears	The wall is not weeping at the moment.
object	6665	Blue tears	The wall is weeping blue tears.
object	6666	Green tears	The wall is weeping green tears.
object	6667	Absence of tears	The wall is not weeping at the moment.
object	6669	Rocks	Stone with blue veins.
object	6670	Rocks	Stone with blue veins.
object	6671	Rocks	Stone with blue veins.
object	6672	Rocks	They don't look too easy to climb.
object	6673	Rocks	I could climb these.
object	6702	Staircase	I can climb these stairs.
object	6703	Staircase	I can climb these stairs.
object	6704	Staircase	I can climb these stairs.
object	6705	Staircase	I can climb these stairs.
object	6706	Staircase	I can climb these stairs.
object	6707	Staircase	I can climb these stairs.
object	6708	Ladder	I can climb this.
object	6713	Door	I wonder what is awaiting me on the other side?
object	6714	Door	I wonder what is awaiting me on the other side?
object	6715	Door	I wonder what is awaiting me on the other side?
object	6732	Door	I wonder what awaits me on the other side?
object	6733	Door	I wonder what awaits me on the other side?
object	6734	Door	I wonder what awaits me on the other side?
object	6767	Standing torch	A crude torch stuck in the ground.
object	6771	Sarcophagus	A large stone coffin.
object	6772	Sarcophagus	A large stone coffin.
object	6773	Sarcophagus	A large stone coffin.
object	6774	Chest	A large stone chest.
object	6775	Chest	A large stone chest.
object	6776	Skeleton	Looks like he's been dead a while now...
object	6777	Skeleton	I don't think he'd mind us checking for his wallet now...
object	6778	Skeleton	I'm sure he died of natural causes. Like a massive dragon or something...
object	6791	Bed	The groundskeeper's bed.
object	6821	Sarcophagus	A large stone coffin.
object	6822	Sarcophagus	A large stone coffin.
object	6823	Sarcophagus	A large stone coffin.
object	6824	Door	It's locked.
object	6827	Waterpump	It might still work...
object	6835	Warning sign	Danger... weak surface beyond gate. Digging may lead to cave-ins.
object	6836	Cage	Sturdy metal bars.
object	6839	Crate	Smells pretty bad!
object	6840	Fungus pattern	It looks as this is where some wall fungus used to be.
object	6841	Stairs	Some crude stone steps.
object	6842	Stairs	Some crude stone steps.
object	6844	Ogre Coffin	An old crude tomb.
object	6845	Ogre Coffin	An old crude tomb.
object	6846	Broken Lecturn	It's damaged.
object	6847	Bell	A note says, 'Please ring for attention.'
object	6848	Ogre Coffin	An old crude tomb.
object	6849	Signpost	'Leave da dead-uns boxes 'lone or else ya goes down da 'ole'
object	6850	Ogre Coffin	An old crude tomb.
object	6851	Ogre Coffin	This coffin is spilt over the floor.
object	6852	Ogre Coffin	This coffin is open.
object	6853	Ogre Coffin	An old crude tomb.
object	6854	Ogre Coffin	This coffin is spilt over the floor.
object	6855	Ogre Coffin	This coffin is open.
object	6856	Barricade	A barricade made from skulls and bones.
object	6857	Barricade	A barricade made from skulls and bones.
object	6858	Barricade	A barricade made from skulls and bones.
object	6865	An ogre standard	Not very high.
object	6866	Ogre fire	Hot stuff.
object	6867	Ogre Drums	Ogres bang these to make noise.
object	6868	Ogre Drums	Ogres bang these to make noise.
object	6871	Ogre stone door	A bulky door made from solid rock.
object	6872	Ogre stone door	A bulky door made from solid rock.
object	6875	Drawers	These open and close!
object	6876	Cupboard	This may be worth opening.
object	6877	Wardrobe	I wonder what this item contains.
object	6880	Ogre barricade	A barricade made of skulls and bones.
object	6881	Crushed barricade	A barricade made of skulls and bones which has been crushed.
object	6882	Crushed barricade	A barricade made of skulls and bones which has been crushed.
object	6883	Ogre Coffin	An old crude tomb.
object	6888	Sithik Ints	A sick, frail old man.
object	6889	Sithik Ints	A sick, frail old man - transformed into an ogre.
object	6890	Ogre Coffin	An old crude tomb.
object	6891	Ogre Coffin	An old crude tomb.
object	6892	Ogre Coffin	An old crude tomb.
object	6893	Skeleton	I don't think he'd mind us checking for his wallet now...
object	6894	Bookcase	A good source of books!
object	6896	Standing torch	A crude torch stuck in the ground.
object	6897	Stand	A strange ogre plinth, this must be where the artefacts are stored.
object	6903	Rubble	It looks like the hole in the wall has been blocked with rubble.
object	6904	Shelves	How exciting, some shelves.
object	6905	Hole	A hole in the wall.
object	6909	Wall	A rock wall.
object	6910	Chest	It has a letter 'S' on the lock.
object	6911	Crate	Used for storage.
object	6912	Hole	A narrow hole in the wall.
object	6914	Hole	A narrow hole in the wall.
object	6915	Rubble	Rubble is blocking the passage.
object	6916	Bookcase	A good source of books!
object	6919	Door	A heavy portal decorated with bone.
object	6920	Door	A heavy portal decorated with bone.
object	6921	Symbol	A symbol is carved into the wall here.
object	6922	Symbol	A symbol is carved into the wall here.
object	6923	Symbol	A symbol is carved into the wall here.
object	6924	Symbol	A symbol is carved into the wall here.
object	6927	Big, big boulder...	I don't think I can get through this way!
object	6928	Bone Crane	Looks like its no longer operational.
object	6929	Bone support	Big bones are being used to prop up the wall.
object	6930	Bone support	Big bones are being used to prop up the wall.
object	6931	Bone arch	It's a bit like walking through a giant rib cage.
object	6932	Bone arch	It's a bit like walking through a giant rib cage.
object	6933	Bone arch	It's a bit like walking through a giant rib cage.
object	6934	Bone arch	It's a bit like walking through a giant rib cage.
object	6935	Bone arch	It's a bit like walking through a giant rib cage.
object	6936	Bone arch	It's a bit like walking through a giant rib cage.
object	6937	Bone arch	It's a bit like walking through a giant rib cage.
object	6938	Bone arch	It's a bit like walking through a giant rib cage.
object	6939	Bone arch	This arch is broken. I hope the ceiling doesn't come down!
object	6940	Bone arch	This arch is broken. I hope the ceiling doesn't come down!
object	6943	Rocks	A rocky outcrop.
object	6944	Rocks	A rocky outcrop.
object	6945	Rocks	A rocky outcrop.
object	6946	Rocks	A rocky outcrop.
object	6947	Rocks	A rocky outcrop.
object	6948	Rocks	A rocky outcrop.
object	6950	Boulder	I dont think i can get through this way.
object	6951	Nothing	An eye-wrenching nexus of utter negation!
object	6952	Nothing	An eye-wrenching nexus of utter negation!
object	6953	Nothing	An eye-wrenching nexus of utter negation!
object	6969	Swamp Boaty	A dirty little swamp boat.
object	6970	Swamp Boaty	A dirty little swamp boat.
object	6971	Cart Track	It looks dark down there.
object	6972	Bookcase	A book sits on top.
object	6975	Door	The door is closed.
object	6976	Door	The door is open.
object	6977	Door	The door is closed.
object	6978	Door	The door is open.
object	6984	Market Stall	Empty market stall.
object	6985	Crusher	A steam powered crushing machine.
object	7002	Statue	A dwarven statue crumbling away from old age.
object	7003	Statue	It's crumbling away from old age, it's hardly recognizable as a dwarf.
object	7004	Statue	This stone dwarf must be guarding the way into a dwarven area!
object	7005	Statue	This stone dwarf must be guarding the way into a dwarven area!
object	7006	Statue	Big. For a dwarf!
object	7007	Statue	Big. For a dwarf!
object	7008	Statue	A work in progress.
object	7009	Statue	A work in progress.
object	7010	Almost a Statue	A work that has yet to begin.
object	7011	Plant	An underground limpwurt plant.
object	7012	Plant	An underground limpwurt plant.
object	7013	Plant	Insect eating plant.
object	7014	Plant	Insect eating plant.
object	7015	Plant	Insect eating plant.
object	7016	Pillar	A stone carved Pillar.
object	7017	Pillar	A stone carved Pillar.
object	7018	Cupboard	Dwarf storage.
object	7019	Cabinet	Used for keeping beer or glasses.
object	7020	Cabinet	Used for keeping beer or glasses.
object	7021	Cabinet	Used for keeping beer or glasses.
object	7022	Track	Tracks for the carts to run over.
object	7023	Track	Tracks for the carts to run over.
object	7026	Track	Tracks for the carts to run over.
object	7027	Train cart	A steam powered cart.
object	7028	Train cart	A steam powered cart.
object	7029	Train cart	A steam powered cart.
object	7030	Train cart	A steam powered cart.
object	7032	Giant Dwarf	A fine piece of sculpting.
object	7033	Giant Dwarf	A fine piece of sculpting.
object	7034	Giant Dwarf	A fine piece of sculpting.
object	7035	Giant Dwarf	A fine piece of sculpting.
object	7036	Giant Dwarf	A fine piece of sculpting.
object	7037	Giant Dwarf	A fine piece of sculpting.
object	7038	Giant Dwarf	A fine piece of sculpting.
object	7039	Giant Dwarf	A fine piece of sculpting.
object	7041	Giant Dwarf	A fine piece of sculpting.
object	7043	Giant Dwarf	A fine piece of sculpting.
object	7044	Buffers	Keeps mine carts from rolling away.
object	7049	Gate	A wooden gate.
object	7050	Gate	A wooden gate.
object	7051	Gate	A wooden gate.
object	7052	Gate	A wooden gate.
object	7053	Seed Stall	Lots of seeds here.
object	7056	Staircase	I can climb down these stairs.
object	7057	Staircase	I can climb up these stairs.
object	7058	Old Bookshelf	Filled to the brim with knowledge.
object	7059	Old Bookshelf	Filled to the brim with knowledge.
object	7060	Old Bookshelf	Filled to the brim with knowledge.
object	7061	Old Bookshelf	Filled to the brim with knowledge.
object	7062	Old Bookshelf	Filled to the brim with knowledge.
object	7063	Old Bookshelf	Filled to the brim with knowledge.
object	7064	Old Bookshelf	Filled to the brim with knowledge.
object	7065	Old Bookshelf	Filled to the brim with knowledge.
object	7066	Old Bookshelf	Filled to the brim with knowledge.
object	7067	Old Bookshelf	Filled to the brim with knowledge.
object	7068	Old Bookshelf	Filled to the brim with knowledge.
object	7069	Old Bookshelf	Filled to the brim with knowledge.
object	7070	Old Bookshelf	Filled to the brim with knowledge.
object	7071	Old Bookshelf	Filled to the brim with knowledge.
object	7072	Old Bookshelf	Filled to the brim with knowledge.
object	7073	Old Bookshelf	Filled to the brim with knowledge.
object	7074	Old Bookshelf	Filled to the brim with knowledge.
object	7075	Old Bookshelf	Filled to the brim with knowledge.
object	7076	Old Bookshelf	Filled to the brim with knowledge.
object	7077	Old Bookshelf	Filled to the brim with knowledge.
object	7078	Old Bookshelf	Filled to the brim with knowledge.
object	7079	Old Bookshelf	Filled to the brim with knowledge.
object	7080	Old Bookshelf	Filled to the brim with knowledge.
object	7081	Old Bookshelf	Filled to the brim with knowledge.
object	7082	Old Bookshelf	Filled to the brim with knowledge.
object	7083	Old Bookshelf	Filled to the brim with knowledge.
object	7084	Old Bookshelf	Filled to the brim with knowledge.
object	7085	Old Bookshelf	Filled to the brim with knowledge.
object	7086	Old Bookshelf	Filled to the brim with knowledge.
object	7087	Old Bookshelf	Filled to the brim with knowledge.
object	7088	Old Bookshelf	Filled to the brim with knowledge.
object	7089	Old Bookshelf	Filled to the brim with knowledge.
object	7090	Globe of Gielinor	'You are here.'
object	7091	Study Desk	Lots of hard study has been done here.
object	7092	Telescope	A telescope pointing southwards...
object	7096	Chart	A map of some ancient land.
object	7097	Chart	There are plenty of shelves - why's this on the floor?
object	7098	Chart	Maybe it shows the location of buried treasure?
object	7099	Scrolls	Old songs, old stories...
object	7100	Suit of armour	Armour of a Saradominist warrior. Decorative, but still effective.
object	7101	Hanging cape	A cape from Saradomin, suitable for a battle-mage.
object	7102	Saradomin staff	A staff as used by Saradominist magi.
object	7103	Mysterious ruins	There is a powerful presence about these ruins...
object	7104	Mysterious ruins	There is a powerful presence about these ruins...
object	7105	Mysterious ruins	There is a powerful presence about these ruins...
object	7106	Mysterious ruins	There is a powerful presence about these ruins...
object	7107	Mysterious ruins	There is a powerful presence about these ruins...
object	7108	Mysterious ruins	There is a powerful presence about these ruins...
object	7109	Mysterious ruins	There is a powerful presence about these ruins...
object	7110	Mysterious ruins	There is a powerful presence about these ruins...
object	7111	Mysterious ruins	There is a powerful presence about these ruins...
object	7112	Mysterious ruins	There is a powerful presence about these ruins...
object	7113	Mysterious ruins	There is a powerful presence about these ruins...
object	7114	Mysterious ruins	There is a powerful presence about these ruins...
object	7115	Mysterious ruins	There is a powerful presence about these ruins...
object	7116	Mysterious ruins	There is a powerful presence about these ruins...
object	7117	Mysterious ruins	There is a powerful presence about these ruins...
object	7118	Mysterious ruins	There is a powerful presence about these ruins...
object	7119	Mysterious ruins	There is a powerful presence about these ruins...
object	7120	Mysterious ruins	There is a powerful presence about these ruins...
object	7121	Mysterious ruins	There is a powerful presence about these ruins...
object	7122	Mysterious ruins	There is a powerful presence about these ruins...
object	7123	Mysterious ruins	There is a powerful presence about these ruins...
object	7124	Mysterious ruins	There is a powerful presence about these ruins...
object	7125	Mysterious ruins	There is a powerful presence about these ruins...
object	7126	Mysterious ruins	There is a powerful presence about these ruins...
object	7127	Mysterious ruins	There is a powerful presence about these ruins...
object	7128	Mysterious ruins	There is a powerful presence about these ruins...
object	7129	Fire rift	A tear in the dimensional weave of the Abyss.
object	7130	Earth rift	A tear in the dimensional weave of the Abyss.
object	7131	Body rift	A tear in the dimensional weave of the Abyss.
object	7132	Cosmic rift	A tear in the dimensional weave of the Abyss.
object	7133	Nature rift	A tear in the dimensional weave of the Abyss.
object	7134	Chaos rift	A tear in the dimensional weave of the Abyss.
object	7135	Law rift	A tear in the dimensional weave of the Abyss.
object	7136	Death rift	A tear in the dimensional weave of the Abyss.
object	7137	Water rift	A tear in the dimensional weave of the Abyss.
object	7138	Soul rift	A tear in the dimensional weave of the Abyss.
object	7139	Air rift	A tear in the dimensional weave of the Abyss.
object	7140	Mind rift	A tear in the dimensional weave of the Abyss.
object	7141	Blood rift	A tear in the dimensional weave of the Abyss.
object	7154	Passage	A tunnel through the abyss.
object	7156	Blockage	This seems to be blocking the exit...
object	7158	Rock	I could probably break this up with a pickaxe.
object	7159	Rock	I could probably break this up with a pickaxe. Oh wait, I just did.
object	7160	Broken rock	Pickaxe power!
object	7161	Tendrils	They don't look that solid, an axe could help me chop them down.
object	7162	Tendrils	They don't look that solid, an axe could help me chop them down.
object	7163	Chopped tendrils	I cannot tell a lie. I chopped them down.
object	7164	Gap	If I'm agile enough I might be able to squeeze through...
object	7165	Boil	I could probably burn this away with a tinderbox.
object	7166	Boil	I could probably burn this with fire.
object	7167	Boil	Burnt open.
object	7168	Eyes	I could probably distract these with thievery.
object	7169	Eyes	I could probably distract these with thievery.
object	7170	Eyes	I could probably distract these with thievery.
object	7171	Abyssal rift	An unstable portal across the dimensions...
object	7189	Tendrils	Abyssal Tendrils.
object	7190	Tendrils	Abyssal Tendrils.
object	7191	Tendrils	Abyssal Tendrils.
object	7206	Corpse	Now that's what I call slimline!
object	7207	Corpse	He looks very relaxed.
object	7208	Corpse	Now he's just too thin.
object	7219	Passageway	An opening into the crumbling wall.
object	7220	Passageway	An opening into the crumbling wall.
object	7221	Ladder	This leads downwards.
object	7222	Door	This way to the viewing gallery.
object	7223	Door	This way to the viewing gallery.
object	7224	Spinning blades	I'll never be able to dodge that!
object	7225	Wall	It's a wall...
object	7227	Floor	It's the floor...
object	7228	Wall	It's a wall...
object	7229	Wall	It's a wall...
object	7230	Floor	It's the floor...
object	7231	Door	Not your average door...
object	7232	Door	Not your average door...
object	7233	Door	Not your average door...
object	7234	Door	Not your average door...
object	7236	Wall safe	I wonder what's inside.
object	7237	Wall safe	I wonder what's inside.
object	7239	Ledge	It's a long way down...
object	7240	Ledge	It's a long way down...
object	7241	Pendulum	That's going to hurt if it hits me!
object	7242	Wooden Obstruction	If only I knew Karate...
object	7243	Wooden Obstruction	If only I knew Karate...
object	7244	Wooden Obstruction	If only I knew Karate...
object	7245	Floor	It's the floor...
object	7246	Door	Locked.
object	7248	Wall	It's a wall...
object	7249	Wall	It's a wall...
object	7250	Floor	It's the floor...
object	7251	Contortion Bars	Bend your way through.
object	7252	Blade	That could really hurt!
object	7253	Spin Blades	I must not fear, fear is the little death that brings total oblivion.
object	7254	Grill	Blocking my way back.
object	7255	Grill	Blocking my way back.
object	7256	Doorway	Blocking my way back.
object	7257	Trapdoor	I wonder where it leads.
object	7258	Passage way	An opening into the crumbling wall.
object	7259	Door	This way to exit.
object	7260	Door	This way to exit.
object	7272	Portal	A mystical teleport.
object	7273	Portal	A mystical teleport.
object	7274	Door	Lets me walk through walls...
object	7277	Fox	He looks hungry, but I don't think he'll do anything while I'm here.
object	7278	Fox	He's no longer looks hungry, although perhaps a little guilty-looking.
object	7281	Chicken	He's looking at the grain...
object	7284	Grain	A sack full of grain.
object	7285	Empty Sack	I think the chicken enjoyed his meal...
object	7286	Precarious bridge	It looks pretty rickety...
object	7287	Precarious bridge	It looks pretty rickety...
object	7288	Portal	A mystical teleport.
object	7289	Portal	A mystical teleport.
object	7302	Door	Lets me walk through walls...
object	7303	Statue	A gold statue of a famous White Knight.
object	7304	Statue	A silver statue of a famous White Knight.
object	7305	Statue	A bronze statue of a famous White Knight.
object	7306	Statue	A gold statue of an ancient warrior.
object	7307	Statue	A silver statue of an ancient warrior.
object	7308	Statue	A bronze statue of an ancient warrior.
object	7309	Statue	A gold statue of a famous warrior.
object	7310	Statue	A silver statue of a famous warrior.
object	7311	Statue	A bronze statue of a famous warrior.
object	7312	Statue	A gold statue of an ancient White Knight.
object	7313	Statue	A silver statue of an ancient White Knight.
object	7314	Statue	A bronze statue of an ancient White Knight.
object	7315	Portal	A mystical teleport.
object	7316	Portal	A mystical teleport.
object	7317	Door	Lets me walk through walls...
object	7318	Portal	A mystical teleport.
object	7319	Portal	A mystical teleport.
object	7320	Door	Lets me walk through walls...
object	7321	Portal	A mystical teleport.
object	7322	Portal	A mystical teleport.
object	7323	Door	Lets me walk through walls...
object	7324	Portal	A mystical teleport.
object	7325	Portal	A mystical teleport.
object	7326	Door	Lets me walk through walls...
object	7327	Old Bookshelf	Filled to the brim with knowledge.
object	7328	Old Bookshelf	Filled to the brim with knowledge.
object	7329	Old Bookshelf	Filled to the brim with knowledge.
object	7330	Old Bookshelf	Filled to the brim with knowledge.
object	7331	Table	Generally used for putting things on.
object	7332	Bunsen burner	A table with a Bunsen burner on it.
object	7333	Shelves	There are some containers of chemicals here.
object	7334	Shelves	There are some containers of chemicals here.
object	7335	Shelves	There are some containers of chemicals here.
object	7336	Shelves	There are some containers of chemicals here.
object	7337	Shelves	There are some containers of chemicals here.
object	7338	Shelves	There are some containers of chemicals here.
object	7339	Shelves	There are some containers of chemicals here.
object	7340	Shelves	There's an empty vial here.
object	7343	Stone Door	There's a small hole in the centre.
object	7344	Stone Door	The spade is stuck in the hole.
object	7345	Open Door	The spade opened the door.
object	7346	Key	It's chained to the wall.
object	7347	Crate	For storage.
object	7348	Crate	For storage.
object	7349	Crate	For storage.
object	7350	Closed chest	I wonder what's inside.
object	7351	Open chest	Perhaps I should search it.
object	7352	Portal	A mystical teleport.
object	7353	Portal	A mystical teleport.
object	7354	Door	Lets me walk through walls...
object	7355	Warning Sign	Bridge will support a person carrying no more than 5 kg.
object	7373	Door	Lets me walk through walls...
object	7374	Door	Lets me walk through walls...
object	7385	Chair	The ideal thing to sit on.
object	7388	Bench	Sit back and relax...
object	7390	Hookah	Designed specifically to ruin your health.
object	7391	Rolled up rug	A rolled up magic carpet.
object	7392	Rolled up rugs	A pile of rolled up magic carpets.
object	7393	Little tent	A little shaded area.
object	7394	Rug	A magic carpet.
object	7396	Carpet Exhibit	The infamous carpet of '76.
object	7397	Leafy tree	A leafy tree.
object	7398	Leafy tree	A leafy tree.
object	7399	Tree Stump	This is what is left of a willow tree.
object	7400	Tree Stump	This is what is left of a maple tree.
object	7401	Tree Stump	This is what is left of a magic tree.
object	7402	Tree Stump	This is what is left of a yew tree.
object	7403	Apple Barrel	An empty barrel.
object	7404	Apple Barrel	A barrel full of mushed apples.
object	7406	Barrel Tap	This tap runs from the apple crushing barrel.
object	7407	Barrel	An empty ale barrel.
object	7408	Barrel	A barrel of bad ale.
object	7409	Barrel	A barrel of unfermented liquid.
object	7410	Barrel	A barrel of bad cider.
object	7411	Dwarven Stout	A barrel of Dwarven Stout.
object	7412	Mature Dwarven Stout	A barrel of mature Dwarven Stout.
object	7413	Asgarnian Ale	A barrel of Asgarnian Ale.
object	7414	Mature Asgarnian Ale	A barrel of mature Asgarnian Ale.
object	7415	Greenmans Ale	A barrel of Greenmans Ale.
object	7416	Mature Greenmans Ale	A barrel of mature Greenmans Ale.
object	7417	Wizards Mind Bomb	A barrel of Wizards Mind Bomb.
object	7418	Mature Wizards Mind Bomb	A barrel of mature Wizards Mind Bomb.
object	7419	Dragon Bitter	A barrel of Dragon Bitter.
object	7420	Mature Dragon Bitter	A barrel of mature Dragon Bitter.
object	7421	Moonlight Mead	A barrel of Moonlight Mead.
object	7422	Mature Moonlight Mead	A barrel of mature Moonlight Mead.
object	7423	Axeman's Folly	A barrel of Axeman's Folly.
object	7424	Mature Axeman's Folly	A barrel of mature Axeman's Folly.
object	7425	Chef's Delight	A barrel of Chef's Delight.
object	7426	Mature Chef's Delight	A barrel of mature Chef's Delight.
object	7427	Slayer's Respite	A barrel of Slayer's Respite.
object	7428	Mature Slayer's Respite	A barrel of mature Slayer's Respite.
object	7429	Cider	A barrel of Cider.
object	7430	Mature Cider	A barrel of mature Cider.
object	7433	ladder	Goes up and down!
object	7434	Trapdoor	I wonder what's under it?
object	7435	Trapdoor	I wonder what's down there?
object	7436	Barrel	A wooden barrel.
object	7437	Fermenting Vat	This vat is empty.
object	7438	Fermenting Vat	This vat is filled with water.
object	7439	Fermenting Vat	This vat is filled with bad ale.
object	7440	Fermenting Vat	This vat is filled with bad cider.
object	7441	Fermenting Vat	This vat contains a mixture of water and barley malt.
object	7442	Valve	This controls the flow of ale to the barrel.
object	7443	Valve	This controls the flow of ale to the barrel.
object	7444	Fermenting Vat	This vat contains a mixture of water, barley malt, and Hammerstone hops.
object	7445	Fermenting Vat	Dwarven Stout is fermenting in this vat.
object	7446	Fermenting Vat	Dwarven Stout is fermenting in this vat.
object	7447	Fermenting Vat	This vat is filled with Dwarven Stout.
object	7448	Fermenting Vat	This vat is filled with mature Dwarven Stout.
object	7449	Fermenting Vat	This vat contains a mixture of water, barley malt, and Asgarnian hops.
object	7450	Fermenting Vat	Asgarnian Ale is fermenting in this vat.
object	7451	Fermenting Vat	Asgarnian Ale is fermenting in this vat.
object	7452	Fermenting Vat	This vat is filled with Asgarnian Ale.
object	7453	Fermenting Vat	This vat is filled with mature Asgarnian Ale.
object	7454	Fermenting Vat	This vat contains a mixture of water, barley malt, and Harralander.
object	7455	Fermenting Vat	Greenmans Ale is fermenting in this vat.
object	7456	Fermenting Vat	Greenmans Ale is fermenting in this vat.
object	7457	Fermenting Vat	This vat is filled with Greenmans Ale.
object	7458	Fermenting Vat	This vat is filled with mature Greenmans Ale.
object	7459	Fermenting Vat	This vat contains a mixture of water, barley malt, and Yanillian hops.
object	7460	Fermenting Vat	Wizards Mind Bomb is fermenting in this vat.
object	7461	Fermenting Vat	Wizards Mind Bomb is fermenting in this vat.
object	7462	Fermenting Vat	This vat is filled with Wizards Mind Bomb.
object	7463	Fermenting Vat	This vat is filled with mature Wizards Mind Bomb.
object	7464	Fermenting Vat	This vat contains a mixture of water, barley malt, and Krandorian hops.
object	7465	Fermenting Vat	Dragon Bitter is fermenting in this vat.
object	7466	Fermenting Vat	Dragon Bitter is fermenting in this vat.
object	7467	Fermenting Vat	This vat is filled with Dragon Bitter.
object	7468	Fermenting Vat	This vat is filled with mature Dragon Bitter.
object	7469	Fermenting Vat	This vat contains a mixture of water, barley malt, and Bittercap mushrooms.
object	7470	Fermenting Vat	Moonlight Mead is fermenting in this vat.
object	7471	Fermenting Vat	Moonlight Mead is fermenting in this vat.
object	7472	Fermenting Vat	This vat is filled with Moonlight Mead.
object	7473	Fermenting Vat	This vat is filled with mature Moonlight Mead.
object	7474	Fermenting Vat	This vat contains a mixture of water, barley malt, and oak roots.
object	7475	Fermenting Vat	Axeman's Folly is fermenting in this vat.
object	7476	Fermenting Vat	Axeman's Folly is fermenting in this vat.
object	7477	Fermenting Vat	This vat is filled with Axeman's Folly.
object	7478	Fermenting Vat	This vat is filled with mature Axeman's Folly.
object	7479	Fermenting Vat	This vat contains a mixture of water, barley malt, and chocolate dust.
object	7480	Fermenting Vat	Chef's Delight is fermenting in this vat.
object	7481	Fermenting Vat	Chef's Delight is fermenting in this vat.
object	7482	Fermenting Vat	This vat is filled with Chef's Delight.
object	7483	Fermenting Vat	This vat is filled with mature Chef's Delight.
object	7484	Fermenting Vat	This vat contains a mixture of water, barley malt, and Wildblood hops.
object	7485	Fermenting Vat	Slayer's Respite is fermenting in this vat.
object	7486	Fermenting Vat	Slayer's Respite is fermenting in this vat.
object	7487	Fermenting Vat	This vat is filled with Slayer's Respite.
object	7488	Fermenting Vat	This vat is filled with mature Slayer's Respite.
object	7489	Fermenting Vat	This vat contains some apple mush.
object	7490	Fermenting Vat	Cider is fermenting in this vat.
object	7491	Fermenting Vat	Cider is fermenting in this vat.
object	7492	Fermenting Vat	This vat is filled with cider.
object	7493	Fermenting Vat	This vat is filled with mature cider.
object	7496	Counter	Items are for sale here.
object	7497	Counter	Items are for sale here.
object	7498	Shelves	They're empty.
object	7499	Shelves	Farming stock is kept here.
object	7500	Shelves	Farming stock is kept here.
object	7501	Shelves	Farming stock is kept here.
object	7502	Shelves	Farming stock is kept here.
object	7504	Chair	For sitting.
object	7505	Chair	For sitting.
object	7506	Shelves	They're empty.
object	7507	Shelves	Farming stock is kept here.
object	7508	Shelves	Farming stock is kept here.
object	7509	Shelves	Farming stock is kept here.
object	7510	Shelves	Farming stock is kept here.
object	7511	Shelves	Farming stock is kept here.
object	7512	Sacks	A pair of sacks.
object	7513	Crate	For storage.
object	7514	Crate	For storage.
object	7516	Tools	A farmer's spade and rake.
object	7527	Stile	I can climb over the fence with this.
object	7528	Fermenting Vat	For fermenting beer.
object	7529	Fermenting Vat	For fermenting beer.
object	7530	Fermenting Vat	For fermenting beer.
object	7531	Barrel	An ale barrel.
object	7532	Valve	This controls the flow of ale to the barrel.
object	7557	Belladonna patch	You can grow Deadly Nightshade in this Farming patch.
object	7558	Belladonna patch	You can grow Deadly Nightshade in this Farming patch.
object	7559	Belladonna patch	You can grow Deadly Nightshade in this Farming patch.
object	7560	Belladonna patch	You can grow Deadly Nightshade in this Farming patch.
object	7561	Belladonna	Deadly Nightshade has been sown in this farming patch.
object	7562	Belladonna	Deadly Nightshade is growing in this farming patch.
object	7563	Belladonna	Deadly Nightshade is growing in this farming patch.
object	7564	Belladonna	Deadly Nightshade is growing in this farming patch.
object	7565	Belladonna	I wouldn't pick this with my bare hands.
object	7566	Diseased Belladonna	This Deadly Nightshade has become diseased.
object	7567	Diseased Belladonna	This Deadly Nightshade has become diseased.
object	7568	Diseased Belladonna	This Deadly Nightshade has become diseased.
object	7569	Dead Belladonna	This Deadly Nightshade has died.
object	7570	Dead Belladonna	This Deadly Nightshade has died.
object	7571	Dead Belladonna	This Deadly Nightshade has died.
object	7573	Bush Patch	You can grow bushes in this Farming patch.
object	7574	Bush Patch	You can grow bushes in this Farming patch.
object	7575	Bush Patch	You can grow bushes in this Farming patch.
object	7576	Bush Patch	You can grow bushes in this Farming patch.
object	7581	Cadavaberry bush	A cadavaberry bush is growing in this Farming patch.
object	7582	Cadavaberry bush	A cadavaberry bush is growing in this Farming patch.
object	7583	Cadavaberry bush	A cadavaberry bush is growing in this Farming patch.
object	7584	Cadavaberry bush	A cadavaberry bush is growing in this Farming patch.
object	7585	Cadavaberry bush	A cadavaberry bush is growing in this Farming patch.
object	7586	Cadavaberry bush	A cadavaberry bush is growing in this Farming patch.
object	7587	Cadavaberry bush	A fully grown cadavaberry bush.
object	7588	Cadavaberry bush	A fully grown cadavaberry bush.
object	7589	Cadavaberry bush	A fully grown cadavaberry bush.
object	7590	Cadavaberry bush	A fully grown cadavaberry bush.
object	7591	Cadavaberry bush	A fully grown cadavaberry bush.
object	7592	Cadavaberry bush	A fully grown cadavaberry bush.
object	7593	Diseased cadavaberry bush	This diseased cadavaberry bush needs pruning.
object	7594	Diseased cadavaberry bush	This diseased cadavaberry bush needs pruning.
object	7595	Diseased cadavaberry bush	This diseased cadavaberry bush needs pruning.
object	7596	Diseased cadavaberry bush	This diseased cadavaberry bush needs pruning.
object	7597	Diseased cadavaberry bush	This diseased cadavaberry bush needs pruning.
object	7598	Diseased cadavaberry bush	This diseased cadavaberry bush needs pruning.
object	7599	Dead cadavaberry bush	This cadavaberry bush has died.
object	7600	Dead cadavaberry bush	This cadavaberry bush has died.
object	7601	Dead cadavaberry bush	This cadavaberry bush has died.
object	7602	Dead cadavaberry bush	This cadavaberry bush has died.
object	7603	Dead cadavaberry bush	This cadavaberry bush has died.
object	7604	Dead cadavaberry bush	This cadavaberry bush has died.
object	7605	Dwellberry bush	A dwellberry bush is growing in this Farming patch.
object	7606	Dwellberry bush	A dwellberry bush is growing in this Farming patch.
object	7607	Dwellberry bush	A dwellberry bush is growing in this Farming patch.
object	7608	Dwellberry bush	A dwellberry bush is growing in this Farming patch.
object	7609	Dwellberry bush	A dwellberry bush is growing in this Farming patch.
object	7610	Dwellberry bush	A dwellberry bush is growing in this Farming patch.
object	7611	Dwellberry bush	A dwellberry bush is growing in this Farming patch.
object	7612	Dwellberry bush	A fully grown dwellberry bush.
object	7613	Dwellberry bush	A fully grown dwellberry bush.
object	7614	Dwellberry bush	A fully grown dwellberry bush.
object	7615	Dwellberry bush	A fully grown dwellberry bush.
object	7616	Dwellberry bush	A fully grown dwellberry bush.
object	7617	Dwellberry bush	A fully grown dwellberry bush.
object	7618	Diseased dwellberry bush	This diseased dwellberry bush needs pruning.
object	7619	Diseased dwellberry bush	This diseased dwellberry bush needs pruning.
object	7620	Diseased dwellberry bush	This diseased dwellberry bush needs pruning.
object	7621	Diseased dwellberry bush	This diseased dwellberry bush needs pruning.
object	7622	Diseased dwellberry bush	This diseased dwellberry bush needs pruning.
object	7623	Diseased dwellberry bush	This diseased dwellberry bush needs pruning.
object	7624	Diseased dwellberry bush	This diseased dwellberry bush needs pruning.
object	7625	Dead dwellberry bush	This dwellberry bush has died.
object	7626	Dead dwellberry bush	This dwellberry bush has died.
object	7627	Dead dwellberry bush	This dwellberry bush has died.
object	7628	Dead dwellberry bush	This dwellberry bush has died.
object	7629	Dead dwellberry bush	This dwellberry bush has died.
object	7630	Dead dwellberry bush	This dwellberry bush has died.
object	7631	Dead dwellberry bush	This dwellberry bush has died.
object	7632	Jangerberry bush	A jangerberry bush is growing in this Farming patch.
object	7633	Jangerberry bush	A jangerberry bush is growing in this Farming patch.
object	7634	Jangerberry bush	A jangerberry bush is growing in this Farming patch.
object	7635	Jangerberry bush	A jangerberry bush is growing in this Farming patch.
object	7636	Jangerberry bush	A jangerberry bush is growing in this Farming patch.
object	7637	Jangerberry bush	A jangerberry bush is growing in this Farming patch.
object	7638	Jangerberry bush	A jangerberry bush is growing in this Farming patch.
object	7639	Jangerberry bush	A jangerberry bush is growing in this Farming patch.
object	7640	Jangerberry bush	A fully grown jangerberry bush.
object	7641	Jangerberry bush	A fully grown jangerberry bush.
object	7642	Jangerberry bush	A fully grown jangerberry bush.
object	7643	Jangerberry bush	A fully grown jangerberry bush.
object	7644	Jangerberry bush	A fully grown jangerberry bush.
object	7645	Jangerberry bush	A fully grown jangerberry bush.
object	7646	Diseased jangerberry bush	This diseased jangerberry bush needs pruning.
object	7647	Diseased jangerberry bush	This diseased jangerberry bush needs pruning.
object	7648	Diseased jangerberry bush	This diseased jangerberry bush needs pruning.
object	7649	Diseased jangerberry bush	This diseased jangerberry bush needs pruning.
object	7650	Diseased jangerberry bush	This diseased jangerberry bush needs pruning.
object	7651	Diseased jangerberry bush	This diseased jangerberry bush needs pruning.
object	7652	Diseased jangerberry bush	This diseased jangerberry bush needs pruning.
object	7653	Diseased jangerberry bush	This diseased jangerberry bush needs pruning.
object	7654	Dead jangerberry bush	This jangerberry bush has died.
object	7655	Dead jangerberry bush	This jangerberry bush has died.
object	7656	Dead jangerberry bush	This jangerberry bush has died.
object	7657	Dead jangerberry bush	This jangerberry bush has died.
object	7658	Dead jangerberry bush	This jangerberry bush has died.
object	7659	Dead jangerberry bush	This jangerberry bush has died.
object	7660	Dead jangerberry bush	This jangerberry bush has died.
object	7661	Dead jangerberry bush	This jangerberry bush has died.
object	7662	Poison Ivy bush	A Poison Ivy bush is growing in this Farming patch.
object	7663	Poison Ivy bush	A Poison Ivy bush is growing in this Farming patch.
object	7664	Poison Ivy bush	A Poison Ivy bush is growing in this Farming patch.
object	7665	Poison Ivy bush	A Poison Ivy bush is growing in this Farming patch.
object	7666	Poison Ivy bush	A Poison Ivy bush is growing in this Farming patch.
object	7667	Poison Ivy bush	A Poison Ivy bush is growing in this Farming patch.
object	7668	Poison Ivy bush	A Poison Ivy bush is growing in this Farming patch.
object	7669	Poison Ivy bush	A Poison Ivy bush is growing in this Farming patch.
object	7670	Poison Ivy bush	A fully grown Poison Ivy bush.
object	7671	Poison Ivy bush	A fully grown Poison Ivy bush.
object	7672	Poison Ivy bush	A fully grown Poison Ivy bush.
object	7673	Poison Ivy bush	A fully grown Poison Ivy bush.
object	7674	Poison Ivy bush	A fully grown Poison Ivy bush.
object	7675	Poison Ivy bush	A fully grown Poison Ivy bush.
object	7676	Diseased Poison Ivy bush	This diseased Poison Ivy bush needs pruning.
object	7677	Diseased Poison Ivy bush	This diseased Poison Ivy bush needs pruning.
object	7678	Diseased Poison Ivy bush	This diseased Poison Ivy bush needs pruning.
object	7679	Diseased Poison Ivy bush	This diseased Poison Ivy bush needs pruning.
object	7680	Diseased Poison Ivy bush	This diseased Poison Ivy bush needs pruning.
object	7681	Diseased Poison Ivy bush	This diseased Poison Ivy bush needs pruning.
object	7682	Diseased Poison Ivy bush	This diseased Poison Ivy bush needs pruning.
object	7683	Diseased Poison Ivy bush	This diseased Poison Ivy bush needs pruning.
object	7684	Dead Poison Ivy bush	This Poison Ivy bush has died.
object	7685	Dead Poison Ivy bush	This Poison Ivy bush has died.
object	7686	Dead Poison Ivy bush	This Poison Ivy bush has died.
object	7687	Dead Poison Ivy bush	This Poison Ivy bush has died.
object	7688	Dead Poison Ivy bush	This Poison Ivy bush has died.
object	7689	Dead Poison Ivy bush	This Poison Ivy bush has died.
object	7690	Dead Poison Ivy bush	This Poison Ivy bush has died.
object	7691	Dead Poison Ivy bush	This Poison Ivy bush has died.
object	7692	Redberry bush	A redberry bush is growing in this Farming patch.
object	7693	Redberry bush	A redberry bush is growing in this Farming patch.
object	7694	Redberry bush	A redberry bush is growing in this Farming patch.
object	7695	Redberry bush	A redberry bush is growing in this Farming patch.
object	7696	Redberry bush	A redberry bush is growing in this Farming patch.
object	7697	Redberry bush	A fully grown redberry bush.
object	7698	Redberry bush	A fully grown redberry bush.
object	7699	Redberry bush	A fully grown redberry bush.
object	7700	Redberry bush	A fully grown redberry bush.
object	7701	Redberry bush	A fully grown redberry bush.
object	7702	Redberry bush	A fully grown redberry bush.
object	7703	Diseased redberry bush	This diseased redberry bush needs pruning.
object	7704	Diseased redberry bush	This diseased redberry bush needs pruning.
object	7705	Diseased redberry bush	This diseased redberry bush needs pruning.
object	7706	Diseased redberry bush	This diseased redberry bush needs pruning.
object	7707	Diseased redberry bush	This diseased redberry bush needs pruning.
object	7708	Dead redberry bush	This redberry bush has died.
object	7709	Dead redberry bush	This redberry bush has died.
object	7710	Dead redberry bush	This redberry bush has died.
object	7711	Dead redberry bush	This redberry bush has died.
object	7712	Dead redberry bush	This redberry bush has died.
object	7713	Whiteberry bush	A whiteberry bush is growing in this Farming patch.
object	7714	Whiteberry bush	A whiteberry bush is growing in this Farming patch.
object	7715	Whiteberry bush	A whiteberry bush is growing in this Farming patch.
object	7716	Whiteberry bush	A whiteberry bush is growing in this Farming patch.
object	7717	Whiteberry bush	A whiteberry bush is growing in this Farming patch.
object	7718	Whiteberry bush	A whiteberry bush is growing in this Farming patch.
object	7719	Whiteberry bush	A whiteberry bush is growing in this Farming patch.
object	7720	Whiteberry bush	A whiteberry bush is growing in this Farming patch.
object	7721	Whiteberry bush	A fully grown whiteberry bush.
object	7722	Whiteberry bush	A fully grown whiteberry bush.
object	7723	Whiteberry bush	A fully grown whiteberry bush.
object	7724	Whiteberry bush	A fully grown whiteberry bush.
object	7725	Whiteberry bush	A fully grown whiteberry bush.
object	7726	Whiteberry bush	A fully grown whiteberry bush.
object	7727	Diseased whiteberry bush	This diseased whiteberry bush needs pruning.
object	7728	Diseased whiteberry bush	This diseased whiteberry bush needs pruning.
object	7729	Diseased whiteberry bush	This diseased whiteberry bush needs pruning.
object	7730	Diseased whiteberry bush	This diseased whiteberry bush needs pruning.
object	7731	Diseased whiteberry bush	This diseased whiteberry bush needs pruning.
object	7732	Diseased whiteberry bush	This diseased whiteberry bush needs pruning.
object	7733	Diseased whiteberry bush	This diseased whiteberry bush needs pruning.
object	7734	Diseased whiteberry bush	This diseased whiteberry bush needs pruning.
object	7735	Dead whiteberry bush	This whiteberry bush has died.
object	7736	Dead whiteberry bush	This whiteberry bush has died.
object	7737	Dead whiteberry bush	This whiteberry bush has died.
object	7738	Dead whiteberry bush	This whiteberry bush has died.
object	7739	Dead whiteberry bush	This whiteberry bush has died.
object	7740	Dead whiteberry bush	This whiteberry bush has died.
object	7741	Dead whiteberry bush	This whiteberry bush has died.
object	7742	Dead whiteberry bush	This whiteberry bush has died.
object	7743	Cactus patch	You can grow a Cactus in this Farming patch.
object	7744	Cactus patch	You can grow a Cactus in this Farming patch.
object	7745	Cactus patch	You can grow a Cactus in this Farming patch.
object	7746	Cactus patch	You can grow a Cactus in this Farming patch.
object	7747	Cactus	Cactus seeds have been planted in this patch.
object	7748	Cactus	A cactus is growing in this patch.
object	7749	Cactus	A cactus is growing in this patch.
object	7750	Cactus	A cactus is growing in this patch.
object	7751	Cactus	A cactus is growing in this patch.
object	7752	Cactus	A cactus is growing in this patch.
object	7753	Cactus	A cactus is growing in this patch.
object	7754	Cactus	A fully-grown cactus.
object	7755	Cactus	A fully-grown cactus.
object	7756	Cactus	A fully-grown cactus.
object	7757	Cactus	A fully-grown cactus.
object	7758	Cactus	A fully-grown cactus.
object	7759	Diseased cactus	This cactus has become diseased.
object	7760	Diseased cactus	This cactus has become diseased.
object	7761	Diseased cactus	This cactus has become diseased.
object	7762	Diseased cactus	This cactus has become diseased.
object	7763	Diseased cactus	This cactus has become diseased.
object	7764	Diseased cactus	This cactus has become diseased.
object	7765	Dead cactus	This cactus has died.
object	7766	Dead cactus	This cactus has died.
object	7767	Dead cactus	This cactus has died.
object	7768	Dead cactus	This cactus has died.
object	7769	Dead cactus	This cactus has died.
object	7770	Dead cactus	This cactus has died.
object	7772	Calquat patch	You can grow a Calquat Tree in this Farming patch.
object	7773	Calquat patch	You can grow a Calquat Tree in this Farming patch.
object	7774	Calquat patch	You can grow a Calquat Tree in this Farming patch.
object	7775	Calquat patch	You can grow a Calquat Tree in this Farming patch.
object	7776	Calquat Tree	A Calquat tree is growing in this Farming patch.
object	7777	Calquat Tree	A Calquat tree is growing in this Farming patch.
object	7778	Calquat Tree	A Calquat tree is growing in this Farming patch.
object	7779	Calquat Tree	A Calquat tree is growing in this Farming patch.
object	7780	Calquat Tree	A Calquat tree is growing in this Farming patch.
object	7781	Calquat Tree	A Calquat tree is growing in this Farming patch.
object	7782	Calquat Tree	A Calquat tree is growing in this Farming patch.
object	7783	Calquat Tree	A Calquat tree is growing in this Farming patch.
object	7784	Calquat Tree	A fully grown Calquat tree stands in this Farming patch.
object	7785	Calquat Tree	A fully grown Calquat tree stands in this Farming patch.
object	7786	Calquat Tree	A fully grown Calquat tree stands in this Farming patch.
object	7787	Calquat Tree	A fully grown Calquat tree stands in this Farming patch.
object	7788	Calquat Tree	A fully grown Calquat tree stands in this Farming patch.
object	7789	Calquat Tree	A fully grown Calquat tree stands in this Farming patch.
object	7790	Calquat Tree	A fully grown Calquat tree stands in this Farming patch.
object	7791	Calquat Tree	A fully grown Calquat tree stands in this Farming patch.
object	7792	Diseased Calquat	This diseased Calquat tree needs pruning.
object	7793	Diseased Calquat	This diseased Calquat tree needs pruning.
object	7794	Diseased Calquat	This diseased Calquat tree needs pruning.
object	7795	Diseased Calquat	This diseased Calquat tree needs pruning.
object	7796	Diseased Calquat	This diseased Calquat tree needs pruning.
object	7797	Diseased Calquat	This diseased Calquat tree needs pruning.
object	7798	Diseased Calquat	This diseased Calquat tree needs pruning.
object	7799	Dead Calquat	This Calquat tree has died.
object	7800	Dead Calquat	This Calquat tree has died.
object	7801	Dead Calquat	This Calquat tree has died.
object	7802	Dead Calquat	This Calquat tree has died.
object	7803	Dead Calquat	This Calquat tree has died.
object	7804	Dead Calquat	This Calquat tree has died.
object	7805	Dead Calquat	This Calquat tree has died.
object	7806	Dead Calquat	A Calquat tree stump.
object	7808	Compost Bin	Turns vegetation into compost.
object	7809	Compost Bin	This compost bin contains compostable items.
object	7810	Compost Bin	This compost bin is full of compostable items.
object	7811	Compost Bin	This compost bin contains supercompostable items.
object	7812	Compost Bin	This compost bin is full of supercompostable items.
object	7813	Compost Bin	Turns vegetation into compost.
object	7814	Compost Bin	This compost bin contains compost.
object	7815	Compost Bin	This compost bin is full of compost.
object	7816	Compost Bin	This compost bin contains super compost.
object	7817	Compost Bin	This compost bin is full of super compost.
object	7818	Compost Bin	Turns vegetation into compost.
object	7819	Compost Bin	This compost bin contains compostable items.
object	7820	Compost Bin	This compost bin is full of compostable items.
object	7821	Compost Bin	This compost bin contains supercompostable items.
object	7822	Compost Bin	This compost bin is full of supercompostable items.
object	7823	Compost Bin	Turns vegetation into compost.
object	7824	Compost Bin	This compost bin contains compost.
object	7825	Compost Bin	This compost bin is full of compost.
object	7826	Compost Bin	This compost bin contains super compost.
object	7827	Compost Bin	This compost bin is full of super compost.
object	7828	Compost Bin	This compost bin contains tomatoes.
object	7829	Compost Bin	This compost bin is full of tomatoes.
object	7830	Compost Bin	This compost bin contains rotten tomatoes.
object	7831	Compost Bin	This compost bin is full of rotten tomatoes.
object	7832	Compost Bin	This compost bin contains tomatoes.
object	7833	Compost Bin	This compost bin is full of tomatoes.
object	7834	Compost Bin	This compost bin contains rotten tomatoes.
object	7835	Compost Bin	This compost bin is full of rotten tomatoes.
object	7840	Flower Patch	You can grow flowers in this Farming patch.
object	7841	Flower Patch	You can grow flowers in this Farming patch.
object	7842	Flower Patch	You can grow flowers in this Farming patch.
object	7843	Flower Patch	You can grow flowers in this Farming patch.
object	7844	Flower Patch	You can grow flowers in this Farming patch.
object	7845	Flower Patch	You can grow flowers in this Farming patch.
object	7846	Flower Patch	You can grow flowers in this Farming patch.
object	7851	Limpwurt plant	A limpwurt plant is growing in this patch.
object	7852	Limpwurt plant	A limpwurt plant is growing in this patch.
object	7853	Limpwurt plant	A limpwurt plant is growing in this patch.
object	7854	Limpwurt plant	A limpwurt plant is growing in this patch.
object	7855	Limpwurt plant	A fully grown limpwurt plant.
object	7856	Limpwurt plant	A limpwurt plant is growing in this patch.
object	7857	Limpwurt plant	A limpwurt plant is growing in this patch.
object	7858	Limpwurt plant	A limpwurt plant is growing in this patch.
object	7859	Limpwurt plant	A limpwurt plant is growing in this patch.
object	7860	Diseased limpwurt plant	This limpwurt plant has become diseased.
object	7861	Diseased limpwurt plant	This limpwurt plant has become diseased.
object	7862	Diseased limpwurt plant	This limpwurt plant has become diseased.
object	7863	Dead limpwurt plant	This limpwurt plant has died while growing.
object	7864	Dead limpwurt plant	This limpwurt plant has died while growing.
object	7865	Dead limpwurt plant	This limpwurt plant has died while growing.
object	7866	Dead limpwurt plant	This limpwurt plant has died.
object	7867	Marigold	A marigold is growing in this patch.
object	7868	Marigold	A marigold is growing in this patch.
object	7869	Marigold	A marigold is growing in this patch.
object	7870	Marigold	A marigold is growing in this patch.
object	7871	Marigold	A fully grown marigold.
object	7872	Marigold	A marigold is growing in this patch.
object	7873	Marigold	A marigold is growing in this patch.
object	7874	Marigold	A marigold is growing in this patch.
object	7875	Marigold	A marigold is growing in this patch.
object	7876	Diseased marigold	This marigold has become diseased.
object	7877	Diseased marigold	This marigold has become diseased.
object	7878	Diseased marigold	This marigold has become diseased.
object	7879	Dead marigold	This marigold has died while growing.
object	7880	Dead marigold	This marigold has died while growing.
object	7881	Dead marigold	This marigold has died while growing.
object	7882	Dead marigold	This marigold has died.
object	7883	Nasturtium	A nasturtium is growing in this patch.
object	7884	Nasturtium	A nasturtium is growing in this patch.
object	7885	Nasturtium	A nasturtium is growing in this patch.
object	7886	Nasturtium	A nasturtium is growing in this patch.
object	7887	Nasturtium	A fully grown nasturtium.
object	7888	Nasturtium	A nasturtium is growing in this patch.
object	7889	Nasturtium	A nasturtium is growing in this patch.
object	7890	Nasturtium	A nasturtium is growing in this patch.
object	7891	Nasturtium	A nasturtium is growing in this patch.
object	7892	Diseased nasturtium	This nasturtium has become diseased.
object	7893	Diseased nasturtium	This nasturtium has become diseased.
object	7894	Diseased nasturtium	This nasturtium has become diseased.
object	7895	Dead nasturtium	This nasturtium has died while growing.
object	7896	Dead nasturtium	This nasturtium has died while growing.
object	7897	Dead nasturtium	This nasturtium has died while growing.
object	7898	Dead nasturtium	This nasturtium has died.
object	7899	Rosemary	A rosemary is growing in this patch.
object	7900	Rosemary	A rosemary is growing in this patch.
object	7901	Rosemary	A rosemary is growing in this patch.
object	7902	Rosemary	A rosemary is growing in this patch.
object	7903	Rosemary	A fully grown rosemary.
object	7904	Rosemary	A rosemary is growing in this patch.
object	7905	Rosemary	A rosemary is growing in this patch.
object	7906	Rosemary	A rosemary is growing in this patch.
object	7907	Rosemary	A rosemary is growing in this patch.
object	7908	Diseased rosemary	This rosemary has become diseased.
object	7909	Diseased rosemary	This rosemary has become diseased.
object	7910	Diseased rosemary	This rosemary has become diseased.
object	7911	Dead rosemary	This rosemary has died while growing.
object	7912	Dead rosemary	This rosemary has died while growing.
object	7913	Dead rosemary	This rosemary has died while growing.
object	7914	Dead rosemary	This rosemary has died.
object	7915	Scarecrow	Should scare off the birds...
object	7916	Scarecrow	Should scare off the birds...
object	7917	Scarecrow	Should scare off the birds...
object	7918	Scarecrow	Should scare off the birds...
object	7919	Woad plant	A woad plant is growing in this patch.
object	7920	Woad plant	A woad plant is growing in this patch.
object	7921	Woad plant	A woad plant is growing in this patch.
object	7922	Woad plant	A woad plant is growing in this patch.
object	7923	Woad plant	A fully grown woad plant.
object	7924	Woad plant	A woad plant is growing in this patch.
object	7925	Woad plant	A woad plant is growing in this patch.
object	7926	Woad plant	A woad plant is growing in this patch.
object	7927	Woad plant	A woad plant is growing in this patch.
object	7928	Diseased woad plant	This woad plant has become diseased.
object	7929	Diseased woad plant	This woad plant has become diseased.
object	7930	Diseased woad plant	This woad plant has become diseased.
object	7931	Dead woad plant	This woad plant has died while growing.
object	7932	Dead woad plant	This woad plant has died while growing.
object	7933	Dead woad plant	This woad plant has died while growing.
object	7934	Dead woad plant	This woad plant has died.
object	7935	Apple tree	An apple tree sapling has been planted in this fruit tree patch.
object	7936	Apple tree	An apple tree is growing in this fruit tree patch.
object	7937	Apple tree	An apple tree is growing in this fruit tree patch.
object	7938	Apple tree	An apple tree is growing in this fruit tree patch.
object	7939	Apple tree	An apple tree is growing in this fruit tree patch.
object	7940	Apple tree	An apple tree is growing in this fruit tree patch.
object	7941	Apple tree	A fully grown apple tree.
object	7942	Apple tree	There is a single apple on this apple tree.
object	7943	Apple tree	There are two apples on this apple tree.
object	7944	Apple tree	There are three apples on this apple tree.
object	7945	Apple tree	There are four apples on this apple tree.
object	7946	Apple tree	There are five apples on this apple tree.
object	7947	Apple tree	There are six apples on this apple tree.
object	7948	Apple tree	A fully grown apple tree.
object	7949	Diseased apple tree	This diseased tree looks like it needs pruning with secateurs.
object	7950	Diseased apple tree	This diseased tree looks like it needs pruning with secateurs.
object	7951	Diseased apple tree	This diseased tree looks like it needs pruning with secateurs.
object	7952	Diseased apple tree	This diseased tree looks like it needs pruning with secateurs.
object	7953	Diseased apple tree	This diseased tree looks like it needs pruning with secateurs.
object	7954	Diseased apple tree	This diseased tree looks like it needs pruning with secateurs.
object	7955	Dead apple tree	This apple tree has become diseased and died.
object	7956	Dead apple tree	This apple tree has become diseased and died.
object	7957	Dead apple tree	This apple tree has become diseased and died.
object	7958	Dead apple tree	This apple tree has become diseased and died.
object	7959	Dead apple tree	This apple tree has become diseased and died.
object	7960	Dead apple tree	This apple tree has become diseased and died.
object	7961	Apple tree stump	This apple tree has been cut down.
object	7966	Pineapple plant	A pineapple plant has been planted in this fruit tree patch.
object	7967	Pineapple plant	A pineapple plant is growing in this fruit tree patch.
object	7968	Pineapple plant	A pineapple plant is growing in this fruit tree patch.
object	7969	Pineapple plant	A pineapple plant is growing in this fruit tree patch.
object	7970	Pineapple plant	A pineapple plant is growing in this fruit tree patch.
object	7971	Pineapple plant	A pineapple plant is growing in this fruit tree patch.
object	7972	Pineapple plant	A fully grown pineapple plant.
object	7973	Pineapple plant	There is a single pineapple on this pineapple plant.
object	7974	Pineapple plant	There are two pineapples on this pineapple plant.
object	7975	Pineapple plant	There are three pineapples on this pineapple plant.
object	7976	Pineapple plant	There are four pineapples on this pineapple plant.
object	7977	Pineapple plant	There are five pineapples on this pineapple plant.
object	7978	Pineapple plant	There are six pineapples on this pineapple plant.
object	7979	Pineapple plant	A fully grown pineapple plant.
object	7980	Diseased pineapple plant	This pineapple plant looks like it could do with pruning with secateurs.
object	7981	Diseased pineapple plant	This pineapple plant looks like it could do with pruning with secateurs.
object	7982	Diseased pineapple plant	This pineapple plant looks like it could do with pruning with secateurs.
object	7983	Diseased pineapple plant	This pineapple plant looks like it could do with pruning with secateurs.
object	7984	Diseased pineapple plant	This pineapple plant looks like it could do with pruning with secateurs.
object	7985	Diseased pineapple plant	This pineapple plant looks like it could do with pruning with secateurs.
object	7986	Dead pineapple plant	This pineapple plant has become diseased and died.
object	7987	Dead pineapple plant	This pineapple plant has become diseased and died.
object	7988	Dead pineapple plant	This pineapple plant has become diseased and died.
object	7989	Dead pineapple plant	This pineapple plant has become diseased and died.
object	7990	Dead pineapple plant	This pineapple plant has become diseased and died.
object	7991	Dead pineapple plant	This pineapple plant has become diseased and died.
object	7992	Pineapple plant stump	This pineapple plant has been cut down.
object	7993	Banana tree	A banana tree sapling has been planted in this fruit tree patch.
object	7994	Banana tree	A banana tree is growing in this fruit tree patch.
object	7995	Banana tree	A banana tree is growing in this fruit tree patch.
object	7996	Banana tree	A banana tree is growing in this fruit tree patch.
object	7997	Banana tree	A banana tree is growing in this fruit tree patch.
object	7998	Banana tree	A banana tree is growing in this fruit tree patch.
object	7999	Banana tree	A fully grown banana tree.
object	8000	Banana tree	A fully grown banana tree.
object	8001	Banana tree	There is a single banana on this banana tree.
object	8002	Banana tree	There are two bananas on this banana tree.
object	8003	Banana tree	There are three bananas on this banana tree.
object	8004	Banana tree	There are four bananas on this banana tree.
object	8005	Banana tree	There are five bananas on this banana tree.
object	8006	Banana tree	There are six bananas on this banana tree.
object	8007	Diseased banana tree	This banana looks like it could do with pruning with secateurs.
object	8008	Diseased banana tree	This banana looks like it could do with pruning with secateurs.
object	8009	Diseased banana tree	This banana looks like it could do with pruning with secateurs.
object	8010	Diseased banana tree	This banana looks like it could do with pruning with secateurs.
object	8011	Diseased banana tree	This banana looks like it could do with pruning with secateurs.
object	8012	Diseased banana tree	This banana looks like it could do with pruning with secateurs.
object	8013	Dead banana tree	This banana tree has become diseased and died.
object	8014	Dead banana tree	This banana tree has become diseased and died.
object	8015	Dead banana tree	This banana tree has become diseased and died.
object	8016	Dead banana tree	This banana tree has become diseased and died.
object	8017	Dead banana tree	This banana tree has become diseased and died.
object	8018	Dead banana tree	This banana tree has become diseased and died.
object	8019	Banana tree stump	This banana tree has been cut down.
object	8020	Curry tree	A curry tree sapling has been planted in this fruit tree patch.
object	8021	Curry tree	A curry tree is growing in this fruit tree patch.
object	8022	Curry tree	A curry tree is growing in this fruit tree patch.
object	8023	Curry tree	A curry tree is growing in this fruit tree patch.
object	8024	Curry tree	A curry tree is growing in this fruit tree patch.
object	8025	Curry tree	A curry tree is growing in this fruit tree patch.
object	8026	Curry tree	A fully grown curry tree.
object	8027	Curry tree	There is a single curry leaf on this curry tree.
object	8028	Curry tree	There are two curry leaves on this curry tree.
object	8029	Curry tree	There are three curry leaves on this curry tree.
object	8030	Curry tree	There are four curry leaves on this curry tree.
object	8031	Curry tree	There are five curry leaves on this curry tree.
object	8032	Curry tree	There are six curry leaves on this curry tree.
object	8033	Curry tree	A fully grown curry tree.
object	8034	Diseased curry tree	This curry tree looks like it could do with pruning with secateurs.
object	8035	Diseased curry tree	This curry tree looks like it could do with pruning with secateurs.
object	8036	Diseased curry tree	This curry tree looks like it could do with pruning with secateurs.
object	8037	Diseased curry tree	This curry tree looks like it could do with pruning with secateurs.
object	8038	Diseased curry tree	This curry tree looks like it could do with pruning with secateurs.
object	8039	Diseased curry tree	This curry tree looks like it could do with pruning with secateurs.
object	8040	Dead curry tree	This curry tree has become diseased and died.
object	8041	Dead curry tree	This curry tree has become diseased and died.
object	8042	Dead curry tree	This curry tree has become diseased and died.
object	8043	Dead curry tree	This curry tree has become diseased and died.
object	8044	Dead curry tree	This curry tree has become diseased and died.
object	8045	Dead curry tree	This curry tree has become diseased and died.
object	8046	Curry tree stump	This curry tree has been cut down.
object	8047	Fruit Tree Patch	You can grow Fruit Trees in this Farming patch.
object	8048	Fruit Tree Patch	You can grow Fruit Trees in this Farming patch.
object	8049	Fruit Tree Patch	You can grow Fruit Trees in this Farming patch.
object	8050	Fruit Tree Patch	You can grow Fruit Trees in this Farming patch.
object	8051	Orange tree	An orange tree sapling has been planted in this fruit tree patch.
object	8052	Orange tree	An orange tree is growing in this fruit tree patch.
object	8053	Orange tree	An orange tree is growing in this fruit tree patch.
object	8054	Orange tree	An orange tree is growing in this fruit tree patch.
object	8055	Orange tree	An orange tree is growing in this fruit tree patch.
object	8056	Orange tree	An orange tree is growing in this fruit tree patch.
object	8057	Orange tree	A fully grown orange tree.
object	8058	Orange tree	There is a single orange on this orange tree.
object	8059	Orange tree	There are two oranges on this orange tree.
object	8060	Orange tree	There are three oranges on this orange tree.
object	8061	Orange tree	There are four oranges on this orange tree.
object	8062	Orange tree	There are five oranges on this orange tree.
object	8063	Orange tree	There are six oranges on this orange tree.
object	8064	Orange tree	A fully grown orange tree.
object	8065	Diseased orange tree	This orange tree looks like it could do with pruning with secateurs.
object	8066	Diseased orange tree	This orange tree looks like it could do with pruning with secateurs.
object	8067	Diseased orange tree	This orange tree looks like it could do with pruning with secateurs.
object	8068	Diseased orange tree	This orange tree looks like it could do with pruning with secateurs.
object	8069	Diseased orange tree	This orange tree looks like it could do with pruning with secateurs.
object	8070	Diseased orange tree	This orange tree looks like it could do with pruning with secateurs.
object	8071	Dead orange tree	This orange tree has become diseased and died.
object	8072	Dead orange tree	This orange tree has become diseased and died.
object	8073	Dead orange tree	This orange tree has become diseased and died.
object	8074	Dead orange tree	This orange tree has become diseased and died.
object	8075	Dead orange tree	This orange tree has become diseased and died.
object	8076	Dead orange tree	This orange tree has become diseased and died.
object	8077	Orange tree stump	This orange tree has been cut down.
object	8078	Palm tree	A palm tree sapling has been planted in this fruit tree patch.
object	8079	Palm tree	A palm tree is growing in this fruit tree patch.
object	8080	Palm tree	A palm tree is growing in this fruit tree patch.
object	8081	Palm tree	A palm tree is growing in this fruit tree patch.
object	8082	Palm tree	A palm tree is growing in this fruit tree patch.
object	8083	Palm tree	A palm tree is growing in this fruit tree patch.
object	8084	Palm tree	A fully grown palm tree.
object	8085	Palm tree	There is a single coconut on this palm tree.
object	8086	Palm tree	There are two coconuts on this palm tree.
object	8087	Palm tree	There are three coconuts on this palm tree.
object	8088	Palm tree	There are four coconuts on this palm tree.
object	8089	Palm tree	There are five coconuts on this palm tree.
object	8090	Palm tree	There are six coconuts on this palm tree.
object	8091	Palm tree	A fully grown palm tree.
object	8092	Diseased palm tree	This palm tree looks like it could do with pruning with secateurs.
object	8093	Diseased palm tree	This palm tree looks like it could do with pruning with secateurs.
object	8094	Diseased palm tree	This palm tree looks like it could do with pruning with secateurs.
object	8095	Diseased palm tree	This palm tree looks like it could do with pruning with secateurs.
object	8096	Diseased palm tree	This palm tree looks like it could do with pruning with secateurs.
object	8097	Diseased palm tree	This palm tree looks like it could do with pruning with secateurs.
object	8098	Dead palm tree	This palm tree has become diseased and died.
object	8099	Dead palm tree	This palm tree has become diseased and died.
object	8100	Dead palm tree	This palm tree has become diseased and died.
object	8101	Dead palm tree	This palm tree has become diseased and died.
object	8102	Dead palm tree	This palm tree has become diseased and died.
object	8103	Dead palm tree	This palm tree has become diseased and died.
object	8104	Palm tree stump	This palm tree has been cut down.
object	8105	Papaya tree	A papaya tree sapling has been planted in this fruit tree patch.
object	8106	Papaya tree	A papaya tree is growing in this fruit tree patch.
object	8107	Papaya tree	A papaya tree is growing in this fruit tree patch.
object	8108	Papaya tree	A papaya tree is growing in this fruit tree patch.
object	8109	Papaya tree	A papaya tree is growing in this fruit tree patch.
object	8110	Papaya tree	A papaya tree is growing in this fruit tree patch.
object	8111	Papaya tree	A fully grown papaya tree
object	8112	Papaya tree	There is a single papaya fruit on this tree.
object	8113	Papaya tree	There are two papaya fruits on this tree.
object	8114	Papaya tree	There are three papaya fruits on this tree.
object	8115	Papaya tree	There are four papaya fruits on this tree.
object	8116	Papaya tree	There are five papaya fruits on this tree.
object	8117	Papaya tree	There are six papaya fruits on this tree.
object	8118	Papaya tree	A fully grown papaya tree.
object	8119	Diseased papaya tree	This papaya tree looks like it could do with pruning with secateurs.
object	8120	Diseased papaya tree	This papaya tree looks like it could do with pruning with secateurs.
object	8121	Diseased papaya tree	This papaya tree looks like it could do with pruning with secateurs.
object	8122	Diseased papaya tree	This papaya tree looks like it could do with pruning with secateurs.
object	8123	Diseased papaya tree	This papaya tree looks like it could do with pruning with secateurs.
object	8124	Diseased papaya tree	This papaya tree looks like it could do with pruning with secateurs.
object	8125	Dead papaya tree	This papaya tree has become diseased and died.
object	8126	Dead papaya tree	This papaya tree has become diseased and died.
object	8127	Dead papaya tree	This papaya tree has become diseased and died.
object	8128	Dead papaya tree	This papaya tree has become diseased and died.
object	8129	Dead papaya tree	This papaya tree has become diseased and died.
object	8130	Dead papaya tree	This papaya tree has become diseased and died.
object	8131	Papaya tree stump	This papaya tree has been cut down.
object	8132	Herb Patch	You can grow herbs in this Farming patch.
object	8133	Herb Patch	You can grow herbs in this Farming patch.
object	8134	Herb Patch	You can grow herbs in this Farming patch.
object	8135	Herb Patch	You can grow herbs in this Farming patch.
object	8136	Herb Patch	You can grow herbs in this Farming patch.
object	8137	Herb Patch	You can grow herbs in this Farming patch.
object	8138	Herb Patch	You can grow herbs in this Farming patch.
object	8139	Herbs	Some herb seeds have been sown in this patch.
object	8140	Herbs	A herb is growing in this patch.
object	8141	Herbs	A herb is growing in this patch.
object	8142	Herbs	A herb is growing in this patch.
object	8143	Herbs	A fully grown herb.
object	8144	Diseased herbs	These herbs have become diseased.
object	8145	Diseased herbs	These herbs have become diseased.
object	8146	Diseased herbs	These herbs have become diseased.
object	8147	Dead herbs	These herbs have become diseased and died.
object	8148	Dead herbs	These herbs have become diseased and died.
object	8149	Dead herbs	These herbs have become diseased and died.
object	8154	Asgarnian Hops	Asgarnian hop seeds have been sown in this farming patch.
object	8155	Asgarnian Hops	Asgarnian hops are growing in this farming patch.
object	8156	Asgarnian Hops	Asgarnian hops are growing in this farming patch.
object	8157	Asgarnian Hops	Asgarnian hops are growing in this farming patch.
object	8158	Asgarnian Hops	Asgarnian hops are growing in this farming patch.
object	8159	Asgarnian Hops	These are fully grown Asgarnian Hops.
object	8160	Asgarnian Hops	Asgarnian hop seeds have been sown in this farming patch.
object	8161	Asgarnian Hops	Asgarnian hops are growing in this farming patch.
object	8162	Asgarnian Hops	Asgarnian hops are growing in this farming patch.
object	8163	Asgarnian Hops	Asgarnian hops are growing in this farming patch.
object	8164	Asgarnian Hops	Asgarnian hops are growing in this farming patch.
object	8165	Diseased Asgarnian Hops	These Asgarnian Hop plants are diseased.
object	8166	Diseased Asgarnian Hops	These Asgarnian Hop plants are diseased.
object	8167	Diseased Asgarnian Hops	These Asgarnian Hop plants are diseased.
object	8168	Diseased Asgarnian Hops	These Asgarnian Hop plants are diseased.
object	8169	Dead Asgarnian Hops	These Asgarnian Hop plants have died from disease.
object	8170	Dead Asgarnian Hops	These Asgarnian Hop plants have died from disease.
object	8171	Dead Asgarnian Hops	These Asgarnian Hop plants have died from disease.
object	8172	Dead Asgarnian Hops	These Asgarnian Hop plants have died from disease.
object	8177	Hammerstone Hops	Hammerstone Hop seeds have been sown in this farming patch.
object	8178	Hammerstone Hops	Hammerstone Hops are growing in this farming patch.
object	8179	Hammerstone Hops	Hammerstone Hops are growing in this farming patch.
object	8180	Hammerstone Hops	Hammerstone Hops are growing in this farming patch.
object	8181	Hammerstone Hops	These are fully grown Hammerstone Hops.
object	8182	Hammerstone Hops	Hammerstone Hop seeds have been sown in this farming patch.
object	8183	Hammerstone Hops	Hammerstone Hops are growing in this farming patch.
object	8184	Hammerstone Hops	Hammerstone Hops are growing in this farming patch.
object	8185	Hammerstone Hops	Hammerstone Hops are growing in this farming patch.
object	8186	Diseased Hammerstone Hops	These Hammerstone Hops are diseased.
object	8187	Diseased Hammerstone Hops	These Hammerstone Hops are diseased.
object	8188	Diseased Hammerstone Hops	These Hammerstone Hops are diseased.
object	8189	Dead Hammerstone Hops	These Hammerstone Hops have died from disease.
object	8190	Dead Hammerstone Hops	These Hammerstone Hops have died from disease.
object	8191	Dead Hammerstone Hops	These Hammerstone Hops have died from disease.
object	8192	Barley	Barley seeds have been sown in this farming patch.
object	8193	Barley	Barley is growing in this farming patch.
object	8194	Barley	Barley is growing in this farming patch.
object	8195	Barley	Barley is growing in this farming patch.
object	8196	Barley	This patch is full of Barley.
object	8197	Barley	Barley seeds have been sown in this farming patch.
object	8198	Barley	Barley is growing in this farming patch.
object	8199	Barley	Barley is growing in this farming patch.
object	8200	Barley	Barley is growing in this farming patch.
object	8201	Diseased Barley	This Barley is diseased.
object	8202	Diseased Barley	This Barley is diseased.
object	8203	Diseased Barley	This Barley is diseased.
object	8204	Dead Barley	This Barley has died from disease.
object	8205	Dead Barley	This Barley has died from disease.
object	8206	Dead Barley	This Barley has died from disease.
object	8207	Hops Patch	You can grow hops in this Farming patch.
object	8208	Hops Patch	You can grow hops in this Farming patch.
object	8209	Hops Patch	You can grow hops in this Farming patch.
object	8210	Hops Patch	You can grow hops in this Farming patch.
object	8211	Krandorian Hops	Krandorian Hop seeds have been planted in this farming patch.
object	8212	Krandorian Hops	Krandorian Hops are growing in this farming patch.
object	8213	Krandorian Hops	Krandorian Hops are growing in this farming patch.
object	8214	Krandorian Hops	Krandorian Hops are growing in this farming patch.
object	8215	Krandorian Hops	Krandorian Hops are growing in this farming patch.
object	8216	Krandorian Hops	Krandorian Hops are growing in this farming patch.
object	8217	Krandorian Hops	Krandorian Hops are growing in this farming patch.
object	8218	Krandorian Hops	These are fully grown Krandorian Hops.
object	8219	Krandorian Hops	Krandorian Hop seeds have been planted in this farming patch.
object	8220	Krandorian Hops	Krandorian Hops are growing in this farming patch.
object	8221	Krandorian Hops	Krandorian Hops are growing in this farming patch.
object	8222	Krandorian Hops	Krandorian Hops are growing in this farming patch.
object	8223	Krandorian Hops	Krandorian Hops are growing in this farming patch.
object	8224	Krandorian Hops	Krandorian Hops are growing in this farming patch.
object	8225	Krandorian Hops	Krandorian Hops are growing in this farming patch.
object	8226	Diseased Krandorian Hops	These Krandorian Hops are diseased.
object	8227	Diseased Krandorian Hops	These Krandorian Hops are diseased.
object	8228	Diseased Krandorian Hops	These Krandorian Hops are diseased.
object	8229	Diseased Krandorian Hops	These Krandorian Hops are diseased.
object	8230	Diseased Krandorian Hops	These Krandorian Hops are diseased.
object	8231	Diseased Krandorian Hops	These Krandorian Hops are diseased.
object	8232	Dead Krandorian Hops	These Krandorian Hops have died from disease.
object	8233	Dead Krandorian Hops	These Krandorian Hops have died from disease.
object	8234	Dead Krandorian Hops	These Krandorian Hops have died from disease.
object	8235	Dead Krandorian Hops	These Krandorian Hops have died from disease.
object	8236	Dead Krandorian Hops	These Krandorian Hops have died from disease.
object	8237	Dead Krandorian Hops	These Krandorian Hops have died from disease.
object	8238	Jute	Jute seeds have been sown in this farming patch.
object	8239	Jute	Jute plants are growing in this farming patch.
object	8240	Jute	Jute plants are growing in this farming patch.
object	8241	Jute	Jute plants are growing in this farming patch.
object	8242	Jute	Jute plants are growing in this farming patch.
object	8243	Jute	These are fully grown Jute plants.
object	8244	Jute	Jute seeds have been sown in this farming patch.
object	8245	Jute	Jute plants are growing in this farming patch.
object	8246	Jute	Jute plants are growing in this farming patch.
object	8247	Jute	Jute plants are growing in this farming patch.
object	8248	Jute	Jute plants are growing in this farming patch.
object	8249	Diseased Jute	These Jute plants are diseased.
object	8250	Diseased Jute	These Jute plants are diseased.
object	8251	Diseased Jute	These Jute plants are diseased.
object	8252	Diseased Jute	These Jute plants are diseased.
object	8253	Dead Jute	These Jute plants have died from disease.
object	8254	Dead Jute	These Jute plants have died from disease.
object	8255	Dead Jute	These Jute plants have died from disease.
object	8256	Dead Jute	These Jute plants have died from disease.
object	8257	Wildblood Hops	Wildblood hop seeds have been planted in this farming patch.
object	8258	Wildblood Hops	Wildblood Hops are growing in this farming patch.
object	8259	Wildblood Hops	Wildblood Hops are growing in this farming patch.
object	8260	Wildblood Hops	Wildblood Hops are growing in this farming patch.
object	8261	Wildblood Hops	Wildblood Hops are growing in this farming patch.
object	8262	Wildblood Hops	Wildblood Hops are growing in this farming patch.
object	8263	Wildblood Hops	Wildblood Hops are growing in this farming patch.
object	8264	Wildblood Hops	Wildblood Hops are growing in this farming patch.
object	8265	Wildblood Hops	These are fully grown Wildblood Hops.
object	8266	Wildblood Hops	Wildblood hop seeds have been planted in this farming patch.
object	8267	Wildblood Hops	Wildblood Hops are growing in this farming patch.
object	8268	Wildblood Hops	Wildblood Hops are growing in this farming patch.
object	8269	Wildblood Hops	Wildblood Hops are growing in this farming patch.
object	8270	Wildblood Hops	Wildblood Hops are growing in this farming patch.
object	8271	Wildblood Hops	Wildblood Hops are growing in this farming patch.
object	8272	Wildblood Hops	Wildblood Hops are growing in this farming patch.
object	8273	Wildblood Hops	Wildblood Hops are growing in this farming patch.
object	8274	Diseased Wildblood Hops	These Wildblood hops are diseased.
object	8275	Diseased Wildblood Hops	These Wildblood hops are diseased.
object	8276	Diseased Wildblood Hops	These Wildblood hops are diseased.
object	8277	Diseased Wildblood Hops	These Wildblood hops are diseased.
object	8278	Diseased Wildblood Hops	These Wildblood hops are diseased.
object	8279	Diseased Wildblood Hops	These Wildblood hops are diseased.
object	8280	Diseased Wildblood Hops	These Wildblood hops are diseased.
object	8281	Dead Wildblood Hops	These Wildblood Hops have died from disease.
object	8282	Dead Wildblood Hops	These Wildblood Hops have died from disease.
object	8283	Dead Wildblood Hops	These Wildblood Hops have died from disease.
object	8284	Dead Wildblood Hops	These Wildblood Hops have died from disease.
object	8285	Dead Wildblood Hops	These Wildblood Hops have died from disease.
object	8286	Dead Wildblood Hops	These Wildblood Hops have died from disease.
object	8287	Dead Wildblood Hops	These Wildblood Hops have died from disease.
object	8288	Yanillian Hops	Yanillian Hop seeds have been sown in this farming patch.
object	8289	Yanillian Hops	Yanillian Hops are growing in this farming patch.
object	8290	Yanillian Hops	Yanillian Hops are growing in this farming patch.
object	8291	Yanillian Hops	Yanillian Hops are growing in this farming patch.
object	8292	Yanillian Hops	Yanillian Hops are growing in this farming patch.
object	8293	Yanillian Hops	Yanillian Hops are growing in this farming patch.
object	8294	Yanillian Hops	These are fully grown Yanillian Hops.
object	8295	Yanillian Hops	Yanillian Hop seeds have been sown in this farming patch.
object	8296	Yanillian Hops	Yanillian Hops are growing in this farming patch.
object	8297	Yanillian Hops	Yanillian Hops are growing in this farming patch.
object	8298	Yanillian Hops	Yanillian Hops are growing in this farming patch.
object	8299	Yanillian Hops	Yanillian Hops are growing in this farming patch.
object	8300	Yanillian Hops	Yanillian Hops are growing in this farming patch.
object	8301	Diseased Yanillian Hops	These Yanillian Hops are diseased.
object	8302	Diseased Yanillian Hops	These Yanillian Hops are diseased.
object	8303	Diseased Yanillian Hops	These Yanillian Hops are diseased.
object	8304	Diseased Yanillian Hops	These Yanillian Hops are diseased.
object	8305	Diseased Yanillian Hops	These Yanillian Hops are diseased.
object	8306	Dead Yanillian Hops	These Yanillian Hops have died from disease.
object	8307	Dead Yanillian Hops	These Yanillian Hops have died from disease.
object	8308	Dead Yanillian Hops	These Yanillian Hops have died from disease.
object	8309	Dead Yanillian Hops	These Yanillian Hops have died from disease.
object	8310	Dead Yanillian Hops	These Yanillian Hops have died from disease.
object	8311	Mushroom patch	You can grow Bittercap mushrooms in this Farming patch.
object	8312	Mushroom patch	You can grow Bittercap mushrooms in this Farming patch.
object	8313	Mushroom patch	You can grow Bittercap mushrooms in this Farming patch.
object	8314	Mushroom patch	You can grow Bittercap mushrooms in this Farming patch.
object	8315	Bittercap Mushrooms	Bittercap mushroom spores have been sown in this farming patch.
object	8316	Bittercap Mushrooms	Bittercap mushrooms are growing in this farming patch.
object	8317	Bittercap Mushrooms	Bittercap mushrooms are growing in this farming patch.
object	8318	Bittercap Mushrooms	Bittercap mushrooms are growing in this farming patch.
object	8319	Bittercap Mushrooms	Bittercap mushrooms are growing in this farming patch.
object	8320	Bittercap Mushrooms	Bittercap mushrooms are growing in this farming patch.
object	8321	Bittercap Mushrooms	A patch of Bittercap Mushrooms.
object	8322	Bittercap Mushrooms	A patch of Bittercap Mushrooms.
object	8323	Bittercap Mushrooms	A patch of Bittercap Mushrooms.
object	8324	Bittercap Mushrooms	A patch of Bittercap Mushrooms.
object	8325	Bittercap Mushrooms	A patch of Bittercap Mushrooms.
object	8326	Bittercap Mushrooms	A patch of Bittercap Mushrooms.
object	8327	Diseased Bittercap Mushrooms	These Bittercap mushrooms have become diseased.
object	8328	Diseased Bittercap Mushrooms	These Bittercap mushrooms have become diseased.
object	8329	Diseased Bittercap Mushrooms	These Bittercap mushrooms have become diseased.
object	8330	Diseased Bittercap Mushrooms	These Bittercap mushrooms have become diseased.
object	8331	Diseased Bittercap Mushrooms	These Bittercap mushrooms have become diseased.
object	8332	Dead Bittercap Mushrooms	These Bittercap mushrooms have become diseased and died.
object	8333	Dead Bittercap Mushrooms	These Bittercap mushrooms have become diseased and died.
object	8334	Dead Bittercap Mushrooms	These Bittercap mushrooms have become diseased and died.
object	8335	Dead Bittercap Mushrooms	These Bittercap mushrooms have become diseased and died.
object	8336	Dead Bittercap Mushrooms	These Bittercap mushrooms have become diseased and died.
object	8339	Spirit Tree Patch	You can grow a Spirit Tree in this Farming patch.
object	8340	Spirit Tree Patch	You can grow a Spirit Tree in this Farming patch.
object	8341	Spirit Tree Patch	You can grow a Spirit Tree in this Farming patch.
object	8342	Spirit Tree Patch	You can grow a Spirit Tree in this Farming patch.
object	8343	Spirit Tree	A Spirit Tree.
object	8344	Spirit Tree	A Spirit Tree.
object	8345	Spirit Tree	A Spirit Tree.
object	8346	Spirit Tree	A Spirit Tree.
object	8347	Spirit Tree	A Spirit Tree.
object	8348	Spirit Tree	A Spirit Tree.
object	8349	Spirit Tree	A Spirit Tree.
object	8350	Spirit Tree	A Spirit Tree.
object	8351	Spirit Tree	A Spirit Tree.
object	8352	Spirit Tree	A Spirit Tree.
object	8353	Spirit Tree	A Spirit Tree.
object	8354	Spirit Tree	A Spirit Tree.
object	8355	Spirit Tree	A Spirit Tree.
object	8356	Spirit Tree	A Spirit Tree.
object	8357	Spirit Tree Stump	A Spirit Tree stump.
object	8358	Diseased Spirit Tree	Needs pruning before it dies.
object	8359	Diseased Spirit Tree	Needs pruning before it dies.
object	8360	Diseased Spirit Tree	Needs pruning before it dies.
object	8361	Diseased Spirit Tree	Needs pruning before it dies.
object	8362	Diseased Spirit Tree	Needs pruning before it dies.
object	8363	Diseased Spirit Tree	Needs pruning before it dies.
object	8364	Diseased Spirit Tree	Needs pruning before it dies.
object	8365	Diseased Spirit Tree	Needs pruning before it dies.
object	8366	Diseased Spirit Tree	Needs pruning before it dies.
object	8367	Diseased Spirit Tree	Needs pruning before it dies.
object	8368	Diseased Spirit Tree	Needs pruning before it dies.
object	8369	Diseased Spirit Tree	Needs pruning before it dies.
object	8370	Dead Spirit Tree	Oh dear, your spirit tree has died.
object	8371	Dead Spirit Tree	Oh dear, your spirit tree has died.
object	8372	Dead Spirit Tree	Oh dear, your spirit tree has died.
object	8373	Dead Spirit Tree	Oh dear, your spirit tree has died.
object	8374	Dead Spirit Tree	Oh dear, your spirit tree has died.
object	8375	Dead Spirit Tree	Oh dear, your spirit tree has died.
object	8376	Dead Spirit Tree	Oh dear, your spirit tree has died.
object	8377	Dead Spirit Tree	Oh dear, your spirit tree has died.
object	8378	Dead Spirit Tree	Oh dear, your spirit tree has died.
object	8379	Dead Spirit Tree	Oh dear, your spirit tree has died.
object	8380	Dead Spirit Tree	Oh dear, your spirit tree has died.
object	8381	Dead Spirit Tree	Oh dear, your spirit tree has died.
object	8392	Tree patch	You can grow trees in this Farming patch.
object	8393	Tree patch	You can grow trees in this Farming patch.
object	8394	Tree patch	You can grow trees in this Farming patch.
object	8395	Tree patch	You can grow trees in this Farming patch.
object	8396	Magic Tree	A Magic Tree sapling has been planted in this tree patch.
object	8397	Magic Tree	A Magic Tree is growing in this tree patch.
object	8398	Magic Tree	A Magic Tree is growing in this tree patch.
object	8399	Magic Tree	A Magic Tree is growing in this tree patch.
object	8400	Magic Tree	A Magic Tree is growing in this tree patch.
object	8401	Magic Tree	A Magic Tree is growing in this tree patch.
object	8402	Magic Tree	A Magic Tree is growing in this tree patch.
object	8403	Magic Tree	A Magic Tree is growing in this tree patch.
object	8404	Magic Tree	A Magic Tree is growing in this tree patch.
object	8405	Magic Tree	A Magic Tree is growing in this tree patch.
object	8406	Magic Tree	A Magic Tree is growing in this tree patch.
object	8407	Magic Tree	A Magic Tree is growing in this tree patch.
object	8408	Magic Tree	A fully grown Magic Tree.
object	8409	Magic Tree	A fully grown Magic Tree.
object	8410	Magic Tree Stump	You can uproot this stump with a spade.
object	8411	Diseased Magic Tree	To remove all signs of disease, prune the tree with secateurs.
object	8412	Diseased Magic Tree	To remove all signs of disease, prune the tree with secateurs.
object	8413	Diseased Magic Tree	To remove all signs of disease, prune the tree with secateurs.
object	8414	Diseased Magic Tree	To remove all signs of disease, prune the tree with secateurs.
object	8415	Diseased Magic Tree	To remove all signs of disease, prune the tree with secateurs.
object	8416	Diseased Magic Tree	To remove all signs of disease, prune the tree with secateurs.
object	8417	Diseased Magic Tree	To remove all signs of disease, prune the tree with secateurs.
object	8418	Diseased Magic Tree	To remove all signs of disease, prune the tree with secateurs.
object	8419	Diseased Magic Tree	To remove all signs of disease, prune the tree with secateurs.
object	8420	Diseased Magic Tree	To remove all signs of disease, prune the tree with secateurs.
object	8421	Diseased Magic Tree	To remove all signs of disease, prune the tree with secateurs.
object	8422	Diseased Magic Tree	To remove all signs of disease, prune the tree with secateurs.
object	8423	Dead Magic Tree	This Magic Tree has become diseased and died.
object	8424	Dead Magic Tree	This Magic Tree has become diseased and died.
object	8425	Dead Magic Tree	This Magic Tree has become diseased and died.
object	8426	Dead Magic Tree	This Magic Tree has become diseased and died.
object	8427	Dead Magic Tree	This Magic Tree has become diseased and died.
object	8428	Dead Magic Tree	This Magic Tree has become diseased and died.
object	8429	Dead Magic Tree	This Magic Tree has become diseased and died.
object	8430	Dead Magic Tree	This Magic Tree has become diseased and died.
object	8431	Dead Magic Tree	This Magic Tree has become diseased and died.
object	8432	Dead Magic Tree	This Magic Tree has become diseased and died.
object	8433	Dead Magic Tree	This Magic Tree has become diseased and died.
object	8434	Dead Magic Tree	This Magic Tree has become diseased and died.
object	8435	Maple Tree	A Maple tree sapling has been planted in this tree patch.
object	8436	Maple Tree	A Maple tree is growing in this tree patch.
object	8437	Maple Tree	A Maple tree is growing in this tree patch.
object	8438	Maple Tree	A Maple tree is growing in this tree patch.
object	8439	Maple Tree	A Maple tree is growing in this tree patch.
object	8440	Maple Tree	A Maple tree is growing in this tree patch.
object	8441	Maple Tree	A Maple tree is growing in this tree patch.
object	8442	Maple Tree	A Maple tree is growing in this tree patch.
object	8443	Maple Tree	A fully grown Maple tree.
object	8444	Maple Tree	A fully grown Maple tree.
object	8445	Tree stump	You can uproot this stump with a spade.
object	8446	Diseased Maple	To remove all signs of disease, prune the tree with secateurs.
object	8447	Diseased Maple	To remove all signs of disease, prune the tree with secateurs.
object	8448	Diseased Maple	To remove all signs of disease, prune the tree with secateurs.
object	8449	Diseased Maple	To remove all signs of disease, prune the tree with secateurs.
object	8450	Diseased Maple	To remove all signs of disease, prune the tree with secateurs.
object	8451	Diseased Maple	To remove all signs of disease, prune the tree with secateurs.
object	8452	Diseased Maple	To remove all signs of disease, prune the tree with secateurs.
object	8453	Diseased Maple	To remove all signs of disease, prune the tree with secateurs.
object	8454	Dead Maple	This Maple tree has become diseased and died.
object	8455	Dead Maple	This Maple tree has become diseased and died.
object	8456	Dead Maple	This Maple tree has become diseased and died.
object	8457	Dead Maple	This Maple tree has become diseased and died.
object	8458	Dead Maple	This Maple tree has become diseased and died.
object	8459	Dead Maple	This Maple tree has become diseased and died.
object	8460	Dead Maple	This Maple tree has become diseased and died.
object	8461	Dead Maple	This Maple tree has become diseased and died.
object	8462	Oak	An Oak sapling has been planted in this tree patch.
object	8463	Oak	An Oak tree is growing in this tree patch.
object	8464	Oak	An Oak tree is growing in this tree patch.
object	8465	Oak	An Oak tree is growing in this tree patch.
object	8466	Oak	A fully grown Oak tree.
object	8467	Oak	A fully grown Oak tree.
object	8468	Oak tree stump	You can uproot this stump with a spade.
object	8473	Diseased Oak	To remove all signs of disease, prune the tree with secateurs.
object	8474	Diseased Oak	To remove all signs of disease, prune the tree with secateurs.
object	8475	Diseased Oak	To remove all signs of disease, prune the tree with secateurs.
object	8476	Diseased Oak	To remove all signs of disease, prune the tree with secateurs.
object	8477	Dead Oak	This Oak tree has become diseased and died.
object	8478	Dead Oak	This Oak tree has become diseased and died.
object	8479	Dead Oak	This Oak tree has become diseased and died.
object	8480	Dead Oak	This Oak tree has become diseased and died.
object	8481	Willow Tree	A Willow sapling has been planted in this tree patch.
object	8482	Willow Tree	A Willow tree is growing in this tree patch.
object	8483	Willow Tree	A Willow tree is growing in this tree patch.
object	8484	Willow Tree	A Willow tree is growing in this tree patch.
object	8485	Willow Tree	A Willow tree is growing in this tree patch.
object	8486	Willow Tree	A Willow tree is growing in this tree patch.
object	8487	Willow Tree	A fully grown Willow tree.
object	8488	Willow Tree	A fully grown Willow tree.
object	8489	Willow tree stump	You can uproot this stump with a spade.
object	8490	Diseased Willow	To remove all signs of disease, prune the tree with secateurs.
object	8491	Diseased Willow	To remove all signs of disease, prune the tree with secateurs.
object	8492	Diseased Willow	To remove all signs of disease, prune the tree with secateurs.
object	8493	Diseased Willow	To remove all signs of disease, prune the tree with secateurs.
object	8494	Diseased Willow	To remove all signs of disease, prune the tree with secateurs.
object	8495	Diseased Willow	To remove all signs of disease, prune the tree with secateurs.
object	8496	Dead Willow	This Willow tree has become diseased and died.
object	8497	Dead Willow	This Willow tree has become diseased and died.
object	8498	Dead Willow	This Willow tree has become diseased and died.
object	8499	Dead Willow	This Willow tree has become diseased and died.
object	8500	Dead Willow	This Willow tree has become diseased and died.
object	8501	Dead Willow	This Willow tree has become diseased and died.
object	8502	Yew sapling	A Yew sapling has been planted in this tree patch.
object	8503	Yew tree	A Yew tree is growing in this tree patch.
object	8504	Yew tree	A Yew tree is growing in this tree patch.
object	8505	Yew tree	A Yew tree is growing in this tree patch.
object	8506	Yew tree	A Yew tree is growing in this tree patch.
object	8507	Yew tree	A Yew tree is growing in this tree patch.
object	8508	Yew tree	A Yew tree is growing in this tree patch.
object	8509	Yew tree	A Yew tree is growing in this tree patch.
object	8510	Yew tree	A Yew tree is growing in this tree patch.
object	8511	Yew tree	A Yew tree is growing in this tree patch.
object	8512	Yew tree	A fully grown Yew tree.
object	8513	Yew tree	A fully grown Yew tree.
object	8514	Yew tree stump	You can uproot this tree stump with a spade.
object	8515	Diseased Yew	To remove all signs of disease, prune the tree with secateurs.
object	8516	Diseased Yew	To remove all signs of disease, prune the tree with secateurs.
object	8517	Diseased Yew	To remove all signs of disease, prune the tree with secateurs.
object	8518	Diseased Yew	To remove all signs of disease, prune the tree with secateurs.
object	8519	Diseased Yew	To remove all signs of disease, prune the tree with secateurs.
object	8520	Diseased Yew	To remove all signs of disease, prune the tree with secateurs.
object	8521	Diseased Yew	To remove all signs of disease, prune the tree with secateurs.
object	8522	Diseased Yew	To remove all signs of disease, prune the tree with secateurs.
object	8523	Diseased Yew	To remove all signs of disease, prune the tree with secateurs.
object	8524	Diseased Yew	To remove all signs of disease, prune the tree with secateurs.
object	8525	Dead Yew	This Yew tree has become diseased and died.
object	8526	Dead Yew	This Yew tree has become diseased and died.
object	8527	Dead Yew	This Yew tree has become diseased and died.
object	8528	Dead Yew	This Yew tree has become diseased and died.
object	8529	Dead Yew	This Yew tree has become diseased and died.
object	8530	Dead Yew	This Yew tree has become diseased and died.
object	8531	Dead Yew	This Yew tree has become diseased and died.
object	8532	Dead Yew	This Yew tree has become diseased and died.
object	8533	Dead Yew	This Yew tree has become diseased and died.
object	8534	Dead Yew	This Yew tree has become diseased and died.
object	8535	Cabbages	Cabbage seeds have been sown in this allotment.
object	8536	Cabbages	Cabbages are growing in this allotment.
object	8537	Cabbages	Cabbages are growing in this allotment.
object	8538	Cabbages	Cabbages are growing in this allotment.
object	8539	Cabbages	These cabbages could do with harvesting.
object	8540	Cabbages	Cabbages are growing in this allotment.
object	8541	Cabbages	Cabbages are growing in this allotment.
object	8542	Cabbages	Cabbages are growing in this allotment.
object	8543	Cabbages	Cabbages are growing in this allotment.
object	8544	Diseased cabbages	These cabbages have become diseased and need tending.
object	8545	Diseased cabbages	These cabbages have become diseased and need tending.
object	8546	Diseased cabbages	These cabbages have become diseased and need tending.
object	8547	Dead cabbages	These cabbages have become diseased and died.
object	8548	Dead cabbages	These cabbages have become diseased and died.
object	8549	Dead cabbages	These cabbages have become diseased and died.
object	8558	Potato seed	Potato seeds have been planted in this allotment.
object	8559	Potato plant	Potato plants are growing in this allotment.
object	8560	Potato plant	Potato plants are growing in this allotment.
object	8561	Potato plant	Potato plants are growing in this allotment.
object	8562	Potato	These potato plants are fully grown.
object	8563	Potato seed	Potato seeds have been planted in this allotment.
object	8564	Potato plant	Potato plants are growing in this allotment.
object	8565	Potato plant	Potato plants are growing in this allotment.
object	8566	Potato plant	Potato plants are growing in this allotment.
object	8567	Diseased potatoes	These potato plants are diseased.
object	8568	Diseased potatoes	These potato plants are diseased.
object	8569	Diseased potatoes	These potato plants are diseased.
object	8570	Dead potatoes	These potato plants are dead.
object	8571	Dead potatoes	These potato plants are dead.
object	8572	Dead potatoes	These potato plants are dead.
object	8573	Allotment	You can grow fruit and vegetables here.
object	8574	Allotment	You can grow fruit and vegetables here.
object	8575	Allotment	You can grow fruit and vegetables here.
object	8576	Allotment	You can grow fruit and vegetables here.
object	8577	Allotment	You can grow fruit and vegetables here.
object	8578	Allotment	You can grow fruit and vegetables here.
object	8579	Allotment	You can grow fruit and vegetables here.
object	8580	Onion seeds	Some onion seeds have sown in this allotment.
object	8581	Onion plant	Some onion plants are growing in this allotment.
object	8582	Onion plant	Some onion plants are growing in this allotment.
object	8583	Onion plant	Some onion plants are growing in this allotment.
object	8584	Onion	There are some fully grown onions in this allotment.
object	8585	Onion seeds	Some onion seeds have sown in this allotment.
object	8586	Onion plant	Some onion plants are growing in this allotment.
object	8587	Onion plant	Some onion plants are growing in this allotment.
object	8588	Onion plant	Some onion plants are growing in this allotment.
object	8589	Diseased onions	These onions have become diseased.
object	8590	Diseased onions	These onions have become diseased.
object	8591	Diseased onions	These onions have become diseased.
object	8592	Dead onions	These onions have become diseased and died.
object	8593	Dead onions	These onions have become diseased and died.
object	8594	Dead onions	These onions have become diseased and died.
object	8595	Strawberry seed	Strawberry seeds have been sown in this allotment.
object	8596	Strawberry plant	Strawberry plants are growing in this allotment.
object	8597	Strawberry plant	Strawberry plants are growing in this allotment.
object	8598	Strawberry plant	Strawberry plants are growing in this allotment.
object	8599	Strawberry plant	Strawberry plants are growing in this allotment.
object	8600	Strawberry plant	Strawberry plants are growing in this allotment.
object	8601	Strawberry	These strawberry plants are fully grown.
object	8602	Strawberry seed	Strawberry seeds have been sown in this allotment.
object	8603	Strawberry plant	Strawberry plants are growing in this allotment.
object	8604	Strawberry plant	Strawberry plants are growing in this allotment.
object	8605	Strawberry plant	Strawberry plants are growing in this allotment.
object	8606	Strawberry plant	Strawberry plants are growing in this allotment.
object	8607	Strawberry plant	Strawberry plants are growing in this allotment.
object	8608	Diseased strawberry plant	These strawberry plants have become diseased.
object	8609	Diseased strawberry plant	These strawberry plants have become diseased.
object	8610	Diseased strawberry plant	These strawberry plants have become diseased.
object	8611	Diseased strawberry plant	These strawberry plants have become diseased.
object	8612	Diseased strawberry plant	These strawberry plants have become diseased.
object	8613	Dead strawberry plant	These strawberry plants have become diseased and died.
object	8614	Dead strawberry plant	These strawberry plants have become diseased and died.
object	8615	Dead strawberry plant	These strawberry plants have become diseased and died.
object	8616	Dead strawberry plant	These strawberry plants have become diseased and died.
object	8617	Dead strawberry plant	These strawberry plants have become diseased and died.
object	8618	Sweetcorn seed	Some sweetcorn seeds have been sown in this allotment.
object	8619	Sweetcorn plant	Some sweetcorn plants are growing in this allotment.
object	8620	Sweetcorn plant	Some sweetcorn plants are growing in this allotment.
object	8621	Sweetcorn plant	Some sweetcorn plants are growing in this allotment.
object	8622	Sweetcorn plant	Some sweetcorn plants are growing in this allotment.
object	8623	Sweetcorn plant	Some sweetcorn plants are growing in this allotment.
object	8624	Sweetcorn	These sweetcorn plants are fully grown.
object	8625	Sweetcorn seed	Some sweetcorn seeds have been sown in this allotment.
object	8626	Sweetcorn plant	Some sweetcorn plants are growing in this allotment.
object	8627	Sweetcorn plant	Some sweetcorn plants are growing in this allotment.
object	8628	Sweetcorn plant	Some sweetcorn plants are growing in this allotment.
object	8629	Sweetcorn plant	Some sweetcorn plants are growing in this allotment.
object	8630	Sweetcorn plant	Some sweetcorn plants are growing in this allotment.
object	8631	Diseased sweetcorn plant	These sweetcorn plants have been attacked by crows.
object	8632	Diseased sweetcorn plant	These sweetcorn plants have been attacked by crows.
object	8633	Diseased sweetcorn plant	These sweetcorn plants have been attacked by crows.
object	8634	Diseased sweetcorn plant	These sweetcorn plants have been attacked by crows.
object	8635	Diseased sweetcorn plant	These sweetcorn plants have been attacked by crows.
object	8636	Dead sweetcorn plant	These sweetcorn plants have become diseased and died.
object	8637	Dead sweetcorn plant	These sweetcorn plants have become diseased and died.
object	8638	Dead sweetcorn plant	These sweetcorn plants have become diseased and died.
object	8639	Dead sweetcorn plant	These sweetcorn plants have become diseased and died.
object	8640	Dead sweetcorn plant	These sweetcorn plants have become diseased and died.
object	8641	Tomato plant	Tomato seeds have been sown in this allotment.
object	8642	Tomato plant	Tomato plants are growing in this allotment.
object	8643	Tomato plant	Tomato plants are growing in this allotment.
object	8644	Tomato plant	Tomato plants are growing in this allotment.
object	8645	Tomato	These tomato plants are fully grown.
object	8646	Tomato plant	Tomato seeds have been sown in this allotment.
object	8647	Tomato plant	Tomato plants are growing in this allotment.
object	8648	Tomato plant	Tomato plants are growing in this allotment.
object	8649	Tomato plant	Tomato plants are growing in this allotment.
object	8650	Diseased tomato plant	These tomato plants have become diseased.
object	8651	Diseased tomato plant	These tomato plants have become diseased.
object	8652	Diseased tomato plant	These tomato plants have become diseased.
object	8653	Dead tomato plant	These tomato plants have become diseased and died.
object	8654	Dead tomato plant	These tomato plants have become diseased and died.
object	8655	Dead tomato plant	These tomato plants have become diseased and died.
object	8656	Watermelon seed	Watermelon seeds have been sown in this allotment.
object	8657	Watermelons	Watermelons are growing in this allotment.
object	8658	Watermelons	Watermelons are growing in this allotment.
object	8659	Watermelons	Watermelons are growing in this allotment.
object	8660	Watermelons	Watermelons are growing in this allotment.
object	8661	Watermelons	Watermelons are growing in this allotment.
object	8662	Watermelons	Watermelons are growing in this allotment.
object	8663	Watermelons	Watermelons are growing in this allotment.
object	8664	Watermelon	These watermelons could do with harvesting.
object	8665	Watermelon seed	Watermelon seeds have been sown in this allotment.
object	8666	Watermelons	Watermelons are growing in this allotment.
object	8667	Watermelons	Watermelons are growing in this allotment.
object	8668	Watermelons	Watermelons are growing in this allotment.
object	8669	Watermelons	Watermelons are growing in this allotment.
object	8670	Watermelons	Watermelons are growing in this allotment.
object	8671	Watermelons	Watermelons are growing in this allotment.
object	8672	Watermelons	Watermelons are growing in this allotment.
object	8673	Diseased watermelons	These watermelons have become diseased and need tending.
object	8674	Diseased watermelons	These watermelons have become diseased and need tending.
object	8675	Diseased watermelons	These watermelons have become diseased and need tending.
object	8676	Diseased watermelons	These watermelons have become diseased and need tending.
object	8677	Diseased watermelons	These watermelons have become diseased and need tending.
object	8678	Diseased watermelons	These watermelons have become diseased and need tending.
object	8679	Diseased watermelons	These watermelons have become diseased and need tending.
object	8680	Dead watermelons	These watermelon plants have become diseased and died.
object	8681	Dead watermelons	These watermelons have become diseased and died.
object	8682	Dead watermelons	These watermelons have become diseased and died.
object	8683	Dead watermelons	These watermelons have become diseased and died.
object	8684	Dead watermelons	These watermelons have become diseased and died.
object	8685	Dead watermelons	These watermelons have become diseased and died.
object	8686	Dead watermelons	These watermelons have become diseased and died.
object	8688	Dresser	The perfect accompaniment to a bedroom.
object	8689	Dairy Cow	Fit for milking.
object	8690	Milk Urns	Each full of milk no doubt.
object	8691	Milk Urns	Each full of milk no doubt.
object	8695	Door	The door is closed.
object	8696	Door	The door is open.
object	8699	Sink	After working with livestock, why not wash your hands?
object	8700	Table	For putting things on.
object	8701	Table	Someone's been preparing meat.
object	8702	Water Barrel	A barrel for collecting rain water.
object	8703	Water Barrel	A barrel for collecting rain water.
object	8712	Fireplace	A grand old fireplace.
object	8713	Hay Bale	I bet there's a needle in it somewhere.
object	8714	Hay Stack	I bet there's a needle in it somewhere.
object	8715	Hay Bale	I bet there's a needle in it somewhere.
object	8716	Hay Stack	I bet there's a needle in it somewhere.
object	8717	Loom	A loom.
object	8725	Rock	A little rock.
object	8726	Rock	A small chunk of rock.
object	8727	Rocks	They're not floating, even though it may look like they are!
object	8728	Rockslide	A deposit of rocks.
object	8729	Rockslide	A deposit of rocks.
object	8730	Rockslide	A deposit of rocks.
object	8731	Rockslide	A deposit of rocks.
object	8737	Barrel Tap	This tap runs from the apple crushing barrel.
object	8738	Ardougne Wall Door	You can walk through these doors.
object	8739	Ardougne Wall Door	You can walk through these doors.
object	8740	Ardougne Wall Door	You can walk through these doors.
object	8741	Ardougne Wall Door	You can walk through these doors.
object	8742	Tree	An odd looking tree.
object	8743	Tree	An odd looking tree.
object	8744	ladder	I can climb this.
object	8745	ladder	I can climb this.
object	8746	ladder	I can climb down this.
object	8747	Well	A local water source.
object	8748	Spinning wheel	Used for spinning thread.
object	8749	Altar	A Shrine to the glory of Seren.
object	8750	Cooking range	I can cook here.
object	8751	Table	A nice sturdy looking table.
object	8752	Bookcase	A good source of books!
object	8753	Bookcase	A good source of books!
object	8754	Bookcase	A good source of books!
object	8767	Elven lamp	The lamp has a glowing crystal at its core.
object	8768	Table	A table.
object	8769	Table	A table.
object	8770	Chair	A chair.
object	8771	Painting	A painting of an elf standing in some woodland.
object	8772	Bench	Sit back and relax...
object	8773	Bow and Arrow	A useful ranging device.
object	8775	Arrows	Use these with bows.
object	8776	Clothing shelves	Tailor-made for needlework supplies.
object	8778	Clothes model	I'm guessing it's for making elven clothes.
object	8779	Clothes model	Helps make elf clothing.
object	8783	Trapdoor	I wonder what's under it?
object	8785	Ladder	I can climb this.
object	8786	Door	The door is closed.
object	8787	Door	The door is closed.
object	8788	Door	The door is closed.
object	8789	Door	The door is closed.
object	8790	Door	The door is open.
object	8791	Door	The door is open.
object	8792	Door	The door is open.
object	8793	Door	The door is open.
object	8795	Gnome on a rack	Makes gnomes taller.
object	8796	An empty rack	Makes creatures taller.
object	8797	Closed chest	I wonder what's inside.
object	8798	Open chest	Perhaps I should search it.
object	8799	Desk	The desk of the head mourner.
object	8800	Closed chest	I wonder what's inside.
object	8801	Grain sacks	A sack full of grain.
object	8802	Grain sacks	A sack full of grain.
object	8803	Grain sacks	A sack full of grain.
object	8804	Grain sacks	These have grain in them.
object	8805	Grain sacks	These have grain in them.
object	8806	Grain sacks	These have grain in them.
object	8807	Apple Barrel	An empty barrel.
object	8808	Apple Barrel	A barrel full of mushed apples.
object	8809	Rotten Apple Pile	A pile of rotten apples!
object	8810	Gate	A wooden gate.
object	8811	Gate	A wooden gate.
object	8812	Gate	A wooden gate.
object	8813	Gate	A wooden gate.
object	8814	Bed	A well slept in bed.
object	8815	Bed	A well slept in bed.
object	8816	Bed	A well slept in bed.
object	8817	Bed	A well slept in bed.
object	8818	Door	The door is closed.
object	8819	Door	The door is open.
object	8820	Door	Solid iron bars.
object	8821	Door	Solid iron bars.
object	8828	Rocks	Heavy.
object	8829	Rocks	Heavy.
object	8830	Rocks	Heavy.
object	8831	Mine cart	You can 'cart' things around on this.
object	8840	Stocks	I feel the need to throw a rotten cabbage!
object	8842	Apple Tree	Nothing growing on this tree at the moment...
object	8843	Apple Tree	Mmmmm, nice juicy apples!
object	8861	Kelda Hops Patch	This is a special hops patch.
object	8862	Kelda Hops Patch	This is a special hops patch.
object	8863	Kelda Hops Patch	This is a special hops patch.
object	8864	Kelda Hops Patch	This is a special hops patch.
object	8865	Kelda Hops	Kelda Hop seeds have been sown in this farming patch.
object	8866	Kelda Hops	Kelda Hops are growing in this farming patch.
object	8867	Kelda Hops	Kelda Hops are growing in this farming patch.
object	8868	Kelda Hops	Kelda Hops are growing in this farming patch.
object	8869	Kelda Hops	These are fully grown Kelda Hops.
object	8870	Kelda Stout	A barrel of Kelda Stout.
object	8871	Fermenting Vat	This vat contains Kelda hops.
object	8872	Fermenting Vat	Kelda Stout is fermenting in this vat.
object	8873	Fermenting Vat	Kelda Stout is fermenting in this vat.
object	8874	Fermenting Vat	This vat contains Kelda Stout.
object	8878	Dwarven machinery	Some bizarre mixture between rocks and machinery. Definitely dwarven.
object	8879	Box	A strange box of some kind.
object	8880	Box	A strange box of some kind. It's open.
object	8881	Cave entrance	A small cave entrance.
object	8882	Cave entrance	A small cave entrance.
object	8883	Cave entrance	A small cave entrance.
object	8884	Cave entrance	A small cave entrance.
object	8886	Buffers	Keeps mine carts from rolling away.
object	8887	Track	Cart tracks.
object	8888	Track	Cart tracks.
object	8889	Track	Cart tracks.
object	8890	Track	Cart tracks.
object	8891	Track	Cart tracks.
object	8892	Track	Cart tracks.
object	8893	Track	Cart tracks.
object	8894	Track	Cart tracks.
object	8895	Track	Cart tracks.
object	8896	Track	Cart tracks.
object	8897	Track	Cart tracks.
object	8898	Track	Cart tracks.
object	8899	Track support	A support for the tracks.
object	8900	Track support	A support for the tracks.
object	8901	Track support	A support for the tracks.
object	8902	Track support	A support for the tracks.
object	8903	Track support	A support for the tracks.
object	8904	Track support	A support for the tracks.
object	8910	Bookcase	These books contain all sorts of data on the Red Axe.
object	8911	Crate	Big mysterious crates. You wonder what could be inside.
object	8912	Crates	Wooden crates with metal edges, contents unknown.
object	8913	Crate	Big mysterious crates. There are some papers on top.
object	8914	Crate	Big mysterious crates. There are some papers on top.
object	8915	Crate	Big mysterious crates. There are some papers on top.
object	8916	Crate	Big mysterious crates. There are some papers on top.
object	8918	Banner	A symbol of the Red Axe.
object	8924	Train cart	A steam powered cart.
object	8925	Train cart	A steam powered cart.
object	8926	Viking Boat	A short long boat!
object	8927	Well	Best used with a bucket.
object	8929	Cave entrance	A deep and terrifying cave.
object	8930	Cave entrance	It looks cold in there.
object	8950	Rock	A big slimy lump of rock.
object	8951	Rock	A slimy lump of rock.
object	8952	Rock	A slippery looking rock.
object	8954	Flag	A tall flag blowing in the wind.
object	8955	Flag	A tall flag blowing in the wind.
object	8956	Iron ladder	I could climb this if I wanted.
object	8958	Door	There must be some trick to opening this...
object	8959	Door	There must be some trick to opening this...
object	8960	Door	There must be some trick to opening this...
object	8961	Door	It's opening...
object	8962	Door	Apparently there was some trick to opening it!
object	8963	Door	Not as difficult to walk through as it was a minute ago.
object	8966	Steps	Leads to the surface.
object	8967	Door	A sturdy looking door, propped shut with a support.
object	8972	Portal	A portal back to the real world...
object	8973	Tree	One of the most common trees in RuneScape.
object	8974	Tree	A commonly found tree.
object	8985	Uncooking pot	Steam seems to be condensing into the pot. Neat trick!
object	8986	Fishing spot	I can see fish swimming in the water. Well, they sort of look like fish...
object	8987	Portal	A portal that leads... somewhere?
object	8988	Chest	I wonder what's inside...
object	8989	Open Chest	Someone's looking through the chest.
object	8998	Appendage	An appendage for activating something.
object	8999	Appendage	An appendage for activating something.
object	9000	Appendage	An appendage for activating something.
object	9001	Appendage	An appendage for activating something.
object	9002	Appendage	An appendage for activating something.
object	9003	Appendage	An appendage for activating something.
object	9004	Appendage	An appendage for activating something.
object	9005	Appendage	An appendage for activating something.
object	9006	Funeral Pyre	A place to cremate the dead. Needs a body.
object	9007	Funeral Pyre	A place to cremate the dead. Needs a body.
object	9008	Funeral Pyre	A place to cremate the dead. Needs a light.
object	9009	Funeral Pyre	A place to cremate the dead. Needs a light.
object	9010	Light Jungle	This has broad leaves.
object	9011	Light Jungle	This has broad leaves.
object	9012	Light Jungle	This has broad leaves.
object	9013	Light Jungle	This has broad leaves.
object	9014	Light Jungle	This has been chopped away.
object	9015	Medium Jungle	This has broad leaves.
object	9016	Medium Jungle	This has broad leaves.
object	9017	Medium Jungle	This has broad leaves.
object	9018	Medium Jungle	This has broad leaves.
object	9019	Medium Jungle	This has been chopped away.
object	9020	Dense Jungle	This has broad leaves.
object	9021	Dense Jungle	This has broad leaves.
object	9022	Dense Jungle	This has broad leaves.
object	9023	Dense Jungle	This has broad leaves.
object	9024	Dense Jungle	This has been chopped away.
object	9025	Rotten village fence	A damaged wooden fence.
object	9026	Partial fence	A damaged wooden fence.
object	9027	Short fence	A damaged wooden fence.
object	9028	Medium fence	A damaged wooden fence.
object	9029	Village fence	A wooden fence.
object	9030	Gem Rock	Gems encrusted in stone.
object	9031	Gem Rock	Gems encrusted in stone.
object	9032	Gem Rock	Gems encrusted in stone.
object	9033	Gout Tuber Plant	Many rare plants such as this usually have exotic tubers.
object	9034	Mahogany	A beautiful old mahogany tree.
object	9035	Tree stump	This once was a beautiful tree.
object	9036	Teak	A beautiful old teak tree.
object	9037	Tree stump	This tree has been cut down.
object	9038	Hardwood Grove Doors	A set of large, sturdy wooden doors.
object	9039	Hardwood Grove Doors	A set of large, sturdy wooden doors.
object	9044	Goutweed	Some goutweed is growing in this patch.
object	9045	Goutweed	Some goutweed is growing in this patch.
object	9046	Goutweed	Some goutweed is growing in this patch.
object	9047	Goutweed	Some goutweed is growing in this patch.
object	9048	Goutweed	Some fully grown goutweed.
object	9049	Diseased goutweed	This goutweed has become diseased.
object	9050	Diseased goutweed	This goutweed has become diseased.
object	9051	Diseased goutweed	This goutweed has become diseased.
object	9052	Dead goutweed	This goutweed has become diseased and died.
object	9053	Dead goutweed	This goutweed has become diseased and died.
object	9054	Dead goutweed	This goutweed has become diseased and died.
object	9058	Ali M's Market	He's not stocking much.
object	9059	Ali M's Market	He's stocking rune caskets.
object	9060	Ali M's Market	He's stocking blackjacks.
object	9061	Ali M's Market	He's stocking fez hats.
object	9062	Ali M's Market	He's stocking rune caskets.
object	9063	Ali M's Market	He's stocking colourful clothes.
object	9064	Crate	A wooden crate.
object	9066	Crate of rune caskets	A wooden crate containing caskets.
object	9068	Crate	A wooden crate containing Blackjacks.
object	9070	Crate	A wooden crate containing fez hats.
object	9071	Crate	A wooden crate containing clothes.
object	9072	rune casket	Boxy.
object	9073	rune casket	Boxy.
object	9074	rune casket	boxy
object	9075	rune casket	boxy
object	9076	Cloth	This cloth has been dyed.
object	9077	Hanging dye	Mmmm pretty!
object	9078	Hanging dye	Mmmm pretty!
object	9079	Dyed fabric	These dyed fabrics are drying off.
object	9080	Dyed fabric	These dyed fabrics are drying off.
object	9081	Dyed fabric	These dyed fabrics are drying off.
object	9082	Table	Items for making clothes are kept on here.
object	9083	Dye Pots	Pots full of dye.
object	9084	Stairs	A way down.
object	9085	Stove	There's not much coke in the stove.
object	9086	Stove	There's a fair amount of coke in the stove.
object	9087	Stove	There's lots of coke in the stove.
object	9088	Coke	A big pile of refined coal.
object	9089	Temperature gauge	You can read the furnace temperature here.
object	9090	Pump	Used to pump hot air through the furnace.
object	9091	Bars	Bars come out of the blast furnace here.
object	9093	Bar dispenser	Your bars will come out here.
object	9094	Bar dispenser	Your bars will come out here.
object	9095	Bar dispenser	The bars are glowing hot!
object	9096	Bar dispenser	Your bars are ready to take.
object	9097	Pedals	They power the conveyor belt.
object	9098	Melting Pot	The foreman refers to it as 'Bertha'.
object	9099	Smoke	It shows that the furnace is working.
object	9100	Conveyor belt	Ore rides this into the blast furnace.
object	9101	Conveyor belt	Ore rides this into the blast furnace.
object	9102	Drive belt	It keeps the conveyor belt running.
object	9103	Drive belt	Fix it, quick!
object	9104	Cogs	They keep the conveyor belt running.
object	9105	Cogs	Fix them, quick!
object	9106	Gear box	It keeps the conveyor belt turning.
object	9107	Drive belt	It keeps the conveyor belt turning.
object	9108	Cogs	They keep the conveyor belt turning.
object	9115	Smoke	It shows that the furnace is working.
object	9116	Pipes	Hot air circulates through these.
object	9117	Pipes	Quick, fix them!
object	9120	Pipes	Hot air circulates through these.
object	9121	Pipes	Quick, fix them!
object	9123	Smoke	It shows the furnace is working.
object	9138	Stairs	A way upwards.
object	9140	Gate	The gate is closed.
object	9141	Gate	The gate is closed.
object	9142	Gate	The gate is open.
object	9143	Sink	Used for getting water.
object	9144	Candelabrum	Some kind of jewellery is dangling from this ornament.
object	9145	Golden lantern	Someone's showing off their wealth!
object	9146	Old Bookshelf	Filled to the brim with knowledge.
object	9147	Old Bookshelf	Filled to the brim with knowledge.
object	9148	Chair	A nicely carved wooden chair.
object	9149	Gold Screen	An expensive privacy aid!
object	9150	Wall	An old wall.
object	9151	Hole in the wall	Security breach!
object	9152	Patched Wall	A patched up hole.
object	9155	Globe of Gielinor	'You are here.'
object	9156	Study Desk	An elegant desk with a curious ornament on it.
object	9157	Suit of armour	Someone's gold-trimmed this Saradomin armour!
object	9159	Candles	Lit to remember the souls of the departed.
object	9160	Candles	Lit to remember the souls of the departed.
object	9161	Candles	Lit to remember the souls of the departed.
object	9166	Delphinium patch	You can grow delphiniums in this Farming patch.
object	9167	Delphinium patch	You can grow delphiniums in this Farming patch.
object	9168	Delphinium patch	You can grow delphiniums in this Farming patch.
object	9169	Delphinium patch	You can grow delphiniums in this Farming patch.
object	9170	Delphiniums	Delphinium seeds have been sown in this farming patch.
object	9171	Delphiniums	Beautiful.
object	9172	Delphiniums	Beautiful.
object	9173	Delphiniums	These delphiniums are fully grown.
object	9177	Pink rose bush patch	You can grow a pink rose bush in this patch.
object	9178	Pink rose bush patch	You can grow a pink rose bush in this patch.
object	9179	Pink rose bush patch	You can grow a pink rose bush in this patch.
object	9180	Pink rose bush patch	You can grow a pink rose bush in this patch.
object	9181	White rose bush patch	You can grow a white rose bush in this patch.
object	9182	White rose bush patch	You can grow a white rose bush in this patch.
object	9183	White rose bush patch	You can grow a white rose bush in this patch.
object	9184	White rose bush patch	You can grow a white rose bush in this patch.
object	9185	Red rose bush patch	You can grow a red rose bush in this patch.
object	9186	Red rose bush patch	You can grow a red rose bush in this patch.
object	9187	Red rose bush patch	You can grow a red rose bush in this patch.
object	9188	Red rose bush patch	You can grow a red rose bush in this patch.
object	9189	Rose bush	A rose bush.
object	9190	Rose bush	A rose bush.
object	9191	Rose bush	A rose bush.
object	9192	Rose bush	This white rosebush is fully grown.
object	9193	Rose bush	A rose bush.
object	9194	Rose bush	This red rosebush is fully grown.
object	9195	Rose bush	A pink rosebush.
object	9196	Rose bush	This pink rosebush is fully grown.
object	9199	Orchids	A plantpot of pink orchids.
object	9200	Orchids	A plantpot of pink orchids.
object	9201	Orchids	A plantpot of pink orchids.
object	9202	Orchids	These pink orchids are fully grown.
object	9203	Plantpot	An empty plantpot.
object	9204	Plantpot	A plantpot filled with soil.
object	9205	Yellow orchids	A plantpot of yellow orchids.
object	9206	Yellow orchids	A plantpot of yellow orchids.
object	9207	Yellow orchids	A plantpot of yellow orchids.
object	9208	Yellow orchids	These yellow orchids are fully grown.
object	9210	White Tree patch	You can grow a White Tree in this patch.
object	9211	White Tree patch	You can grow a White Tree in this patch.
object	9212	White Tree patch	You can grow a White Tree in this patch.
object	9213	White Tree patch	You can grow a White Tree in this patch.
object	9214	White Tree patch	A White Tree sapling has been planted in this patch.
object	9215	White Tree patch	A White Tree is growing in this patch.
object	9216	White Tree patch	A White Tree is growing in this patch.
object	9217	White Tree patch	A White Tree is growing in this patch.
object	9218	White Tree patch	This White Tree is fully grown.
object	9219	White Tree patch	This White Tree bears a single fruit.
object	9220	White Tree patch	This White Tree bears two fruits.
object	9221	White Tree patch	This White Tree bears three fruits.
object	9222	White Tree patch	This White Tree bears four fruits.
object	9224	Snowdrop patch	You can grow snowdrops in this Farming patch.
object	9225	Snowdrop patch	You can grow snowdrops in this Farming patch.
object	9226	Snowdrop patch	You can grow snowdrops in this Farming patch.
object	9227	Snowdrop patch	You can grow snowdrops in this Farming patch.
object	9228	Snowdrops	A patch of snowdrops.
object	9229	Snowdrops	A patch of snowdrops.
object	9230	Snowdrops	A patch of snowdrops.
object	9231	Snowdrops	These snowdrops are fully grown.
object	9233	Vine patch	You can grow Burthorpe Vine in this patch.
object	9234	Vine patch	You can grow Burthorpe Vines in this patch.
object	9235	Vine patch	You can grow Burthorpe Vines in this patch.
object	9236	Vine patch	You can grow Burthorpe Vines in this patch.
object	9237	Vines	Burthorpe vines are growing in this patch.
object	9238	Vines	Burthorpe vines are growing in this patch.
object	9239	Vines	Burthorpe vines are growing in this patch.
object	9240	Vines	These Burthorpe vines are fully grown.
object	9241	Plinth	An empty plinth for a statue.
object	9242	Plinth	An empty plinth for a statue.
object	9243	Statue of Saradomin	What a good likeness!
object	9244	Plinth	An empty plinth for a statue.
object	9245	Statue	An expertly carved statue of a former King of Misthalin.
object	9246	Statue plinth	An empty plinth for a statue.
object	9247	Statue of Saradomin	What a good likeness!
object	9248	Statue plinth	An empty plinth for a statue.
object	9249	Statue	An expertly carved statue of a former King of Misthalin.
object	9255	Grapevines	These grapevines look much healthier now.
object	9256	Diseased Grapevines	These grapevines are suffering from some strange disease.
object	9257	Wild Grass	Some wild-looking grass.
object	9258	Wild Grass	Some wild-looking grass.
object	9259	Wild Grass	Some wild-looking grass.
object	9260	Roses	Some red roses.
object	9261	Roses	Some pink roses.
object	9262	Roses	Some white roses.
object	9263	White Tree	A White Tree.
object	9291	Picnic bench	Sit back and enjoy the view.
object	9292	Statue	An expertly carved statue of a former Queen of Misthalin.
object	9293	Obstacle pipe	A pipe I can squeeze through.
object	9294	Strange floor	Funny looking holes that don't look too inviting.
object	9295	Obstacle pipe	A pipe I can squeeze through.
object	9296	Rocks	A rocky outcrop.
object	9297	Rocks	A rocky outcrop.
object	9299	Fence	Ornate railing.
object	9300	Fence	Wooden fencing.
object	9301	Castle wall	A well constructed castle wall.
object	9302	Hole	A rather strategically placed hole, which appears to be in the ground.
object	9303	Rocks	A rocky outcrop.
object	9304	Rocks	A rocky outcrop.
object	9305	Rocks	A rocky outcrop.
object	9306	Rocks	A rocky outcrop.
object	9307	Weathered wall	A well weathered wall.
object	9308	Weathered wall	A well weathered wall.
object	9309	Underwall tunnel	A tunnel leading under the wall.
object	9310	Underwall tunnel	A tunnel leading under the wall.
object	9311	Underwall tunnel	An underwall tunnel.
object	9312	Underwall tunnel	An underwall tunnel.
object	9313	Odd markings	Looks suspicious.
object	9314	Jutting wall	A wall jutting out into the path.
object	9315	Stepping stone	I can jump from this stepping stone.
object	9316	Rocks	A rocky outcrop.
object	9317	Rocks	A rocky outcrop.
object	9319	Spikey chain	A chain rope - looks pretty painful if you slip.
object	9320	Spikey chain	A chain rope - looks pretty painful if you slip.
object	9321	Crevice	A few rocks short of a wall - very crevice like.
object	9322	Log balance	The foam from the river makes this log very slippy.
object	9323	Log balance	The foam from the river makes this log very slippy.
object	9324	Log balance	The foam from the river makes this log very slippy.
object	9325	Crevice	Just another crack in the wall.
object	9326	Strange floor	Funny looking holes that don't look too inviting.
object	9327	Rocks	They seem to fit in the with the rocky surroundings, so as not to stick out.
object	9328	Log balance	A slippery well worn log.
object	9329	Log balance	A slippery well worn log.
object	9330	Log balance	A slippery well worn log.
object	9331	Rocks	A rocky outcrop.
object	9332	Rocks	A rocky outcrop.
object	9334	Ornate railing	Used to be ornate, now it's a little bit vandalised.
object	9335	Rocks	A rocky outcrop.
object	9336	Rocks	A rocky outcrop.
object	9337	Ornate railing	Used to be ornate, now it's a little bit vandalised.
object	9338	Scarecrow	Should scare off the birds...
object	9339	Scarecrow	Should scare off the birds...
object	9340	Scarecrow	Should scare off the birds...
object	9354	Cave exit	This looks like the way out.
object	9355	Cave entrance	A cave deep into the volcano.
object	9356	Cave entrance	A cave deeper into the volcano.
object	9357	Cave entrance	A cave deeper into the volcano.
object	9358	Cave entrance	A cave deep into the volcano.
object	9359	Cave exit	This looks like the way out.
object	9366	Open hot vent door	The barrier of heat is down.
object	9367	Hot vent door	A barrier of heat.
object	9368	Hot vent door	A barrier of heat.
object	9369	Hot vent door	A barrier of heat.
object	9374	Sulphur vent	Hot enough to cook your breakfast on.
object	9377	Egg	An egg incubated in the lava.
object	9378	Egg	An egg incubated in the lava.
object	9379	Egg	An egg incubated in the lava.
object	9380	TzHaar statue	Who's the man?
object	9381	Crate	A wooden crate.
object	9382	Crates	Some wooden crates.
object	9390	Lava forge	A natural forge using volcanic heat.
object	9391	Viewing orb	I spy with my little eye...
object	9398	Bank Deposit Box	Lets you put items into your bank.
object	9400	Unferth's patch	Sparse weeds.
object	9401	Unferth's patch	Weeds.
object	9402	Unferth's patch	Thick weeds.
object	9403	Unferth's patch	This is Unferth's patch for growing potatos.
object	9404	Potato plants	You say Potato, I say Poh-tar-to.
object	9405	Potato plants	You say Potato, I say Poh-tar-to.
object	9406	Potato plants	You say Potato, I say Poh-tar-to.
object	9407	Potato plants	You say Potato, I say Poh-tar-to.
object	9408	Potatoes	Looks like these potatoes have fully grown.
object	9430	Table	A nice sturdy bare table.
object	9431	Table	A nice sturdy table.
object	9432	Table	A table with milk.
object	9433	Table	A table with cake.
object	9434	Table	A hearty meal for Unferth.
object	9436	Bed	Great for sleeping in.
object	9437	Bed	Not so great for sleeping in, it's not made.
object	9439	Fireplace	A fire burns brightly here.
object	9440	Fireplace	An empty fire place.
object	9441	Fireplace	An unlit fire place.
object	9443	Bookcase	A good source of books!
object	9470	Staircase	I can climb these stairs.
object	9471	Staircase	They go down.
object	9472	Trapdoor	What could be down here?
object	9498	Plant	A small plant, suitable for sandy soil.
object	9499	Plant	A decorative plant.
object	9500	Plant	A fairly small plant.
object	9501	Plant	Another plant.
object	9508	Hammock	Perfect for snoozing in the sun.
object	9509	Bed	Lovely comfy-looking big bed.
object	9510	Signpost	East to Draynor Village :: South to Rimmington :: South-east to Port Sarim.
object	9514	Chair	Betty's chair.
object	9515	Betty's cauldron	I wonder what she's making?
object	9516	Counter	Betty's counter.
object	9519	Barrel	A wooden barrel for storage.
object	9520	Barrel	A wooden barrel containing lots of fish.
object	9521	Barrel	A wooden barrel for storage.
object	9522	Anchor	How much does this weigh?
object	9523	Bookcase	A case. With books.
object	9524	Chain	A mooring chain.
object	9525	Cart	One horse power, wooden suspension. A beauty.
object	9526	Shelves	Betty keeps some rune objects here.
object	9527	Shelves	Betty keeps some rune objects here.
object	9528	Shelves	Betty keeps some rune objects here.
object	9529	Shelves	Betty keeps some rune objects here.
object	9530	Fungus	A sinister fungus.
object	9531	Bench	Sit back and relax...
object	9532	Picnic bench	Sit back and enjoy the view.
object	9533	Crate	A wooden crate.
object	9534	Crate	A wooden crate.
object	9535	Crates	Some wooden crates.
object	9536	Boxes	Some wooden boxes.
object	9537	Crane	It's used for loading and unloading fishing boats.
object	9538	Row boat	I hope it doesn't sink.
object	9548	Hot Coals	A bucket full of red hot coals.
object	9549	Hot Coals	A bucket full of red hot coals.
object	9558	Ladder	It leads up.
object	9559	Ladder	I can climb down this.
object	9560	Trapdoor	I can climb down this.
object	9561	Bed	I guess I could sleep in it if I were really tired.
object	9562	Cell door	A prison cell door.
object	9563	Cell door	A locked prison cell door.
object	9564	Cell door	A prison cell door.
object	9565	Door	Stops people getting out.
object	9567	Bucket	Ewww!
object	9568	Bucket	En-suite facilities in every cell!
object	9582	Staircase	I can climb up these stairs.
object	9584	Staircase	I can climb down these stairs.
object	9604	Plant	A leafy plant.
object	9605	Plant	A leafy fern.
object	9606	Plant	A leafy shrub.
object	9607	Bookcase	A case. With books.
object	9608	Bookcase	A case. With books.
object	9609	Bookcase	A case. With books.
object	9610	Easel	An artist's easel.
object	9611	Bookcase	A good source of books!
object	9612	Bed	The Make-over Mage's bed.
object	9613	Large Table	A nice sturdy looking table.
object	9614	Table	Generally used for putting things on.
object	9615	Small Table	A small wooden table.
object	9616	Counter	Items are for sale here.
object	9617	Warehouse shelves	All-purpose storage.
object	9618	Warehouse shelves	All-purpose storage.
object	9619	Warehouse shelves	All-purpose storage.
object	9620	Warehouse shelves	All-purpose storage.
object	9621	Chair	For sitting.
object	9622	Chair	Fancy.
object	9624	Plough	It's like a land rudder.
object	9625	Wheelbarrow	A wooden wheelbarrow.
object	9661	Tree stump	This tree has been cut down.
object	9662	Spade	Popular with farmers and treasure hunters.
object	9663	Fallen tree	This tree has fallen to the ground.
object	9664	Roots	A gnarly old tree root.
object	9665	Roots	The roots of a tree are exposed.
object	9666	Roots	I hope I don't trip over any of these.
object	9667	Scarecrow	Disturbingly man-like.
object	9668	Mysterious statue	Its eyes stare off into the distance...
object	9682	Range	Ideal for cooking on.
object	9683	Range chimney	Expels smoke from the range.
object	9684	Sink	Wash your hands!
object	9685	Table	Generally used for putting things on.
object	9686	Cloth	Some fabric ready for clothing.
object	9687	Clothes model	I'm guessing it's for making women's clothes.
object	9688	Clothes model	I'm guessing it's for making women's clothes.
object	9689	Clothes model	Looks like it's for making men's clothes.
object	9690	Clothes model	I think this one's for making men's clothes.
object	9694	Noticeboard	Some helpful people have placed notes on here, how nice.
object	9695	Noticeboard	This notice board is full of scrolls and charts.
object	9696	Sign	I wonder what's inside ?
object	9697	Large Table	A nice sturdy looking table.
object	9698	Large Table	A nice sturdy looking table.
object	9699	Large Table	A nice sturdy looking table.
object	9700	Large Table	A nice sturdy looking table.
object	9702	Table	This clearly isn't used for dining very often.
object	9703	Candlestick holder	Not as nice as some.
object	9704	Chair	This needs dusting before I'll sit on it.
object	9705	Chair	This needs dusting before I'll sit on it.
object	9706	Lever	This must let me in to the arena somehow...
object	9707	Lever	This must let me out of the arena somehow...
object	9708	Rocks	A rocky outcrop.
object	9709	Rocks	A rocky outcrop.
object	9710	Rocks	A rocky outcrop.
object	9711	Rocks	A rocky outcrop.
object	9712	Rocks	A rocky outcrop.
object	9713	Rocks	A rocky outcrop.
object	9714	Rocks	A rocky outcrop.
object	9715	Rocks	A rocky outcrop.
object	9716	Rocks	A rocky outcrop.
object	9717	Rocks	A rocky outcrop.
object	9718	Rocks	A rocky outcrop.
object	9719	Rocks	A rocky outcrop.
object	9720	Rocks	A rocky outcrop.
object	9721	Rocks	A rocky outcrop.
object	9722	Rocks	A rocky outcrop.
object	9723	Rocks	A rocky outcrop.
object	9724	Rocks	A rocky outcrop.
object	9725	Rocks	A rocky outcrop.
object	9726	Rocks	A rocky outcrop.
object	9727	Rocks	A rocky outcrop.
object	9728	Rocks	A rocky outcrop.
object	9729	Rocks	A rocky outcrop.
object	9730	Rocks	A rocky outcrop.
object	9731	Rocks	A rocky outcrop.
object	9732	Rocks	A rocky outcrop.
object	9733	Rocks	A rocky outcrop.
object	9734	Rocks	A rocky outcrop.
object	9735	Rocks	A rocky outcrop.
object	9736	Rocks	A rocky outcrop.
object	9737	Rocks	A rocky outcrop.
object	9738	Ruined Pillar	An old crumbled pillar.
object	9739	Ruined Pillar	An old crumbled pillar.
object	9740	Ruined Pillar	An old crumbled pillar.
object	9741	Trawler net	Smells like fish.
object	9742	Trawler net	Smells like fish.
object	9744	Ship's ladder	I can climb up here.
object	9745	Ship's ladder	I can go below decks with this ladder.
object	9748	Crystal collector	A collection point.
object	9749	Crystal collector	A Lever.
object	9751	Crystal	A crystal that was broken a long time ago.
object	9752	Crystal	A repowered crystal.
object	9753	Open chest	Perhaps I should search it.
object	9754	Closed chest	I wonder what's inside.
object	9755	Open chest	Perhaps I should search it.
object	9756	Closed chest	I wonder what's inside.
object	9757	Open chest	Perhaps I should search it.
object	9758	Closed chest	I wonder what's inside.
object	9759	Open chest	Perhaps I should search it.
object	9760	Closed chest	I wonder what's inside.
object	9761	Open chest	Perhaps I should search it.
object	9762	Closed chest	I wonder what's inside.
object	9763	Guard	A recently killed guard.
object	9764	Guard	A recently killed guard.
object	9765	Guard	A recently killed guard.
object	9766	Slave	A recently killed slave.
object	9767	Slave	A recently killed slave.
object	9768	Light door	A door of pure light!
object	9769	Light door	A door of pure light!
object	9770	Light door	A door of pure light!
object	9771	Light door	A door of pure light!
object	9772	Light door	A door of pure light!
object	9773	Light door	A door of pure light!
object	9774	Light door	A door of pure light!
object	9775	Light door	A door of pure light!
object	9898	Pillar of Light	There are holes passing through this pillar.
object	9899	Pillar of Light	There are holes passing through this pillar.
object	9900	Pillar of Light	There are holes passing through this pillar.
object	9901	Pillar of Light	There are holes passing through this pillar.
object	9902	Pillar of Light	There are holes passing through this pillar.
object	9903	Pillar of Light	There are holes passing through this pillar.
object	9904	Pillar of Light	There are holes passing through this pillar.
object	9905	Pillar of Light	There are holes passing through this pillar.
object	9906	Pillar of Light	There are holes passing through this pillar.
object	9907	Pillar of Light	There are holes passing through this pillar.
object	9908	Pillar of Light	There are holes passing through this pillar.
object	9909	Pillar of Light	There are holes passing through this pillar.
object	9910	Pillar of Light	There are holes passing through this pillar.
object	9911	Pillar of Light	There are holes passing through this pillar.
object	9912	Pillar of Light	There are holes passing through this pillar.
object	9913	Pillar of Light	There are holes passing through this pillar.
object	9914	Pillar of Light	There are holes passing through this pillar.
object	9915	Pillar of Light	There are holes passing through this pillar.
object	9916	Pillar of Light	There are holes passing through this pillar.
object	9917	Pillar of Light	There are holes passing through this pillar.
object	9918	Pillar of Light	There are holes passing through this pillar.
object	9919	Pillar of Light	There are holes passing through this pillar.
object	9920	Pillar of Light	There are holes passing through this pillar.
object	9921	Pillar of Light	There are holes passing through this pillar.
object	9922	Pillar of Light	There are holes passing through this pillar.
object	9923	Pillar of Light	There are holes passing through this pillar.
object	9924	Pillar of Light	There are holes passing through this pillar.
object	9925	Pillar of Light	There are holes passing through this pillar.
object	9926	Pillar of Light	There are holes passing through this pillar.
object	9927	Pillar of Light	There are holes passing through this pillar.
object	9928	Pillar of Light	There are holes passing through this pillar.
object	9929	Pillar of Light	There are holes passing through this pillar.
object	9930	Pillar of Light	There are holes passing through this pillar.
object	9931	Pillar of Light	There are holes passing through this pillar.
object	9932	Pillar of Light	There are holes passing through this pillar.
object	9933	Pillar of Light	There are holes passing through this pillar.
object	9934	Pillar of Light	There are holes passing through this pillar.
object	9935	Pillar of Light	There are holes passing through this pillar.
object	9936	Pillar of Light	There are holes passing through this pillar.
object	9937	Pillar of Light	There are holes passing through this pillar.
object	9973	Pillar of Light	There are holes passing through this pillar.
object	9975	Cave Stairs	I can climb down these.
object	9976	Cave wall	A cave wall.
object	9977	Tunnel	I wonder where this goes?
object	9978	Ladder	A ladder carved into the wall.
object	9979	Ladder	A ladder carved into the wall.
object	9980	Final Pillar	A good place for light to merge.
object	9981	Pillar of Light	A good place for a light crystal.
object	9982	Pillar of Light	A good place for a light crystal.
object	9983	Pillar of Light	A good place for a light crystal.
object	9984	Pillar of Light	A good place for a light crystal.
object	9985	Pillar of Light	A good place for a light crystal.
object	9986	Pillar of Light	A good place for a light crystal.
object	9988	Pillar of Light	A broken pillar.
object	10002	Light door	An ancient elvish light doorway.
object	10003	Light door	An ancient elvish light doorway.
object	10004	Light door	An ancient elvish light doorway.
object	10005	Light door	An ancient elvish light doorway.
object	10006	Light door	An ancient elvish light doorway.
object	10007	Light door	An ancient elvish light doorway.
object	10008	Light door	An ancient elvish light doorway.
object	10009	Light door	An ancient elvish light doorway.
object	10010	Light door	An ancient elvish light doorway.
object	10011	Light door	An ancient elvish light doorway.
object	10012	Light door	An ancient elvish light doorway.
object	10013	Light door	An ancient elvish light doorway.
object	10014	Crystal	A source of great power.
object	10015	Staircase	I can climb up these stairs.
object	10016	Staircase	I can climb down these stairs.
object	10017	Staircase	I can climb up these stairs.
object	10018	Staircase	I can climb up these stairs.
object	10019	Pillar	An Octagonal Pillar.
object	10020	Pillar	An Octagonal Pillar.
object	10021	Pillar	An Octagonal Pillar.
object	10022	Pillar	An Octagonal Pillar.
object	10033	Wall support	I could hang off this.
object	10034	Trap	An ancient trap.
object	10035	Low wall	An ancient blockage.
object	10036	Rock	A way down.
object	10037	Rope	A way down.
object	10038	Rope	A way up.
object	10041	Tree	The legs probably aren't a natural feature of the tree.
object	10054	Container	Sounds like there's liquid inside.
object	10055	Gate	I won't be leaving that way then.
object	10056	Gate	I won't be leaving that way then.
object	10057	Flagpole	Flag, pole... Yep, it's a flagpole.
object	10062	Obstacle net	This must be climbed over.
object	10063	Obstacle pipe	A pipe I can squeeze through.
object	10076	Exercise mat	A mat for exercises.
object	10077	Exercise mat	A mat for exercises.
object	10078	Exercise mat	A mat for exercises.
object	10079	Exercise mat	A mat for exercises.
object	10080	Target	I wonder if I can hit a bullseye?
object	10081	Tree	One of the most common trees in RuneScape.
object	10082	Tree	A commonly found tree.
object	10083	Oak	A beautiful old oak.
object	10084	Hay Bales	Hay There.
object	10085	Hay Bales	A pile of straw.
object	10086	Haystack	Some hay.
object	10087	Ominous Fishing Spot	It looks like an ordinary fishing spot, just infinitely more sinister...
object	10088	Ominous Fishing Spot	It looks like an ordinary fishing spot, just infinitely more sinister...
object	10089	Ominous Fishing Spot	It looks like an ordinary fishing spot, just infinitely more sinister...
object	10090	Signpost	Danger..Mudskippers!
object	10091	Aquarium	A fish-filled water tank in the floor.
object	10093	Dairy churn	Turns milk into other dairy products.
object	10094	Dairy churn	Turns milk into other dairy products.
object	10097	Blindweed Patch	Weedy.
object	10098	Blindweed Patch	Less weedy.
object	10099	Blindweed Patch	Almost clear.
object	10100	Blindweed Patch	Free from weeds.
object	10101	Blindweed Patch	Something is growing here.
object	10102	Blindweed Patch	Fully grown Blindweed.
object	10103	Trashed Patch	Weedy, wrecked and infertile.
object	10105	Stagnant Lake	A stagnant lake.
object	10129	Chimney Pipe	A very large pipe.
object	10136	Wooden Stair	Rickety.
object	10137	Wooden Stair	Rickety.
object	10138	Row boat	I hope it doesn't sink.
object	10139	Palm tree	It's a palm tree.
object	10140	Palm tree	It's a palm tree.
object	10141	Palm tree	It's a palm tree.
object	10142	Brewing control	This controls the entire brewery.
object	10143	Brewing control	A frothing, spinning, possessed control panel.
object	10144	Brewing control	Chugging away nicely.
object	10145	Brewing vat	A large brass brewing vat.
object	10146	Brewing vat	A large brass brewing vat.
object	10147	Brewing vat	A large brass brewing vat.
object	10148	Output Tap	The brass seems to be eaten away around the edge...
object	10157	Barrels	Racks of barrels.
object	10158	Brewer's Barrel	Round, oaken, barrel-shaped.
object	10159	Crate	A wooden crate.
object	10160	Crates	Some wooden crates.
object	10161	Boxes	Some wooden boxes.
object	10162	Cupboard	Probably where the farming kit is stored.
object	10163	Open Cupboard	Ah! Definitely where the farming kit is stored.
object	10165	Pressure Lever	Throw the lever! Mwuhahahaha!
object	10166	Pressure Lever	This lever can't be operated right now.
object	10167	Ladder	It leads up.
object	10168	Ladder	I can climb down this.
object	10170	Hopper	This is where the brewing ingredients go.
object	10171	Pressure Barrel	An ominously stained barrel.
object	10172	Gate	This gate is closed.
object	10174	Pirate Sign	The blood-chilling flag of the Inebriated.
object	10175	Sink	'Please remember te wash yer hook'. Sound advice for the hygienic pirate.
object	10177	Iron ladder	I could climb this if I wanted.
object	10178	Standing Torch	An unlit torch.
object	10179	Standing Torch	A lit torch.
object	10193	Ladder	A sturdy iron frame, for climbing up and down.
object	10194	Ladder	A sturdy iron frame, for climbing up and down.
object	10195	Ladder	A sturdy iron frame, for climbing up and down.
object	10196	Ladder	A sturdy iron frame, for climbing up and down.
object	10197	Ladder	A sturdy iron frame, for climbing up and down.
object	10198	Ladder	A sturdy iron frame, for climbing up and down.
object	10199	Ladder	A sturdy iron frame, for climbing up and down.
object	10200	Ladder	A sturdy iron frame, for climbing up and down.
object	10201	Ladder	A sturdy iron frame, for climbing up and down.
object	10202	Ladder	A sturdy iron frame, for climbing up and down.
object	10203	Ladder	A sturdy iron frame, for climbing up and down.
object	10204	Ladder	A sturdy iron frame, for climbing up and down.
object	10205	Ladder	A sturdy iron frame, for climbing up and down.
object	10206	Ladder	A sturdy iron frame, for climbing up and down.
object	10207	Ladder	A sturdy iron frame, for climbing up and down.
object	10208	Ladder	A sturdy iron frame, for climbing up and down.
object	10209	Ladder	A sturdy iron frame, for climbing up and down.
object	10210	Ladder	A sturdy iron frame, for climbing up and down.
object	10211	Ladder	A sturdy iron frame, for climbing up and down.
object	10212	Ladder	A sturdy iron frame, for climbing up and down.
object	10213	Ladder	A sturdy iron frame, for climbing up and down.
object	10214	Ladder	A sturdy iron frame, for climbing up and down.
object	10215	Ladder	A sturdy iron frame, for climbing up and down.
object	10216	Ladder	A sturdy iron frame, for climbing up and down.
object	10217	Ladder	A sturdy iron frame, for climbing up and down.
object	10218	Ladder	A sturdy iron frame, for climbing up and down.
object	10219	Ladder	A sturdy iron frame, for climbing up and down.
object	10220	Ladder	A sturdy iron frame, for climbing up and down.
object	10221	Ladder	A sturdy iron frame, for climbing up and down.
object	10222	Ladder	A sturdy iron frame, for climbing up and down.
object	10223	Ladder	A sturdy iron frame, for climbing up and down.
object	10224	Ladder	A sturdy iron frame, for climbing up and down.
object	10225	Ladder	A sturdy iron frame, for climbing up and down.
object	10226	Ladder	A sturdy iron frame, for climbing up and down.
object	10227	Ladder	A sturdy iron frame, for climbing up and down.
object	10228	Ladder	A sturdy iron frame, for climbing up and down.
object	10229	Ladder	A sturdy iron frame, for climbing up and down.
object	10230	Ladder	A sturdy iron frame, for climbing up and down.
object	10246	Broken kiln	Once upon a time this was used to make pottery.
object	10247	Broken kiln	Once upon a time this made clay hard.
object	10248	Broken kiln	There was a lot of pottery made here a long time ago.
object	10250	Eric	Eric's been killed by stones falling from the ceiling!
object	10251	Portal	It looks like the magic is failing!
object	10252	Magic circle	A temporary portal to the demon plane.
object	10253	Standard	A standard.
object	10255	Bed	Technically a bed.
object	10256	Shelf	There are some books here.
object	10257	Shelf	There are some pots and pans here.
object	10258	Table	It's a small table.
object	10259	Chair	Generally used for sitting.
object	10260	Door	The door is closed.
object	10261	Door	The door is open.
object	10262	Door	The door is closed.
object	10263	Door	The door is open.
object	10264	Door	The door is closed.
object	10265	Door	The door is open.
object	10267	Shield Display	A battle-weathered shield.
object	10269	Large Display	A display of various relics.
object	10271	Large Display	A display of various relics.
object	10273	Bookcase	A collection of rare books.
object	10274	Sacks	Some sacks here...
object	10278	Catapult	Looks like it's been out of use for some time.
object	10279	Crates	It's some crates.
object	10280	Crates	It's some crates.
object	10281	Crate	It's a crate.
object	10282	Crates	It's some crates.
object	10283	River	Maybe I can swim across here!
object	10286	Sack	Looks like this grain has been eaten by rats!
object	10287	Stairs	A way upwards.
object	10288	Stairs	A way down.
object	10290	Rat trap	A device for imposing human nature's arrogant will.
object	10291	Rat trap	A device for imposing human nature's arrogant will.
object	10292	Rat trap	A device for imposing human-nature's arrogant will.
object	10293	Barrel	A wooden barrel full of beer.
object	10294	Barrel	A wooden barrel full of stale beer.
object	10295	Bar pumps	Actually, I could do with a drink...
object	10296	Stool	Too dirty to sit on.
object	10298	Crates	Some wooden crates.
object	10299	Rat lever	Opens the rat door.
object	10300	Rat barn	Contains many rats.
object	10301	Rat barrel	Contains rats.
object	10302	Rat barrel	Empty.
object	10303	Rat barrel	Empty.
object	10304	Sacks	A pair of sacks.
object	10305	Sack	Rat infested.
object	10306	Sack	Full of rat food.
object	10307	Lantern	Emits photons of light.
object	10308	Ladder	I can climb down this.
object	10309	Ladder	I can climb this.
object	10310	Rat barrel	Contains rats.
object	10311	Rat lever	Opens the rat door.
object	10312	Rat barn	Contains many rats.
object	10313	Sacks	A pair of sacks.
object	10314	Sack	Rat infested.
object	10315	Sack	Full of rat food.
object	10316	Rat barrel	Empty.
object	10317	Rat barrel	Contains rats.
object	10318	Gates	Ornate metal gates.
object	10319	Trellis top	Handy piece of garden decor.
object	10320	Hole in wall	Big enough for a cat to get in.
object	10321	Manhole	How dangerous, someone has left this manhole open.
object	10322	Ladder	I can climb down this.
object	10323	Trellis	I could climb up this.
object	10324	Trellis	I could climb down this.
object	10325	Door	A magical device that enables one to walk through walls.
object	10326	Door	A locked door.
object	10327	Door	A magical device that enables one to walk through walls.
object	10335	Rat wall	Observe the rats.
object	10336	Rat wall	Observe the rats.
object	10337	Rat wall	Observe the rats.
object	10338	Rat wall	Observe the rats.
object	10342	Rat Wall	Observe the rats.
object	10343	Rat Wall	Observe the rats.
object	10344	Rat Wall	Observe the rats.
object	10345	Rat Wall	Observe the rats.
object	10346	Rat hole	A rats home.
object	10347	Rat hole	A rats home.
object	10348	Rat hole	A rats home.
object	10349	Rat hole	A rats home.
object	10350	Rat hole	A rats home.
object	10358	Bed	Lovely comfy-looking big bed.
object	10359	Bed	A drab-looking bed.
object	10360	Rolled up rugs	A pile of rolled up magic carpets.
object	10361	Door	A wonderful device that enables one to walk through walls.
object	10362	Hay Bales	I bet there's a needle in it somewhere.
object	10371	Barrel	A wooden barrel, probably for storing things.
object	10374	Crates	Securely sealed crates that seem to be full of farming equipment.
object	10375	Tools	Someone's been storing assorted tools in here.
object	10376	Choc-Ice Stall	I could just go for a choc-ice about now.
object	10377	Clay Oven	A clay oven for cooking with.
object	10378	Crate	Cheaper than using a chest for storage.
object	10379	Crates	Produced by the Karamja Box Company.
object	10380	Boxes	Small wooden boxes.
object	10381	Crates	For storage.
object	10382	Cupboard	For storing junk in.
object	10383	Cupboard	There are some books and a box here.
object	10384	Cupboard	For storing junk in.
object	10385	Cupboard	There are some books and a box here.
object	10386	Cupboard	It's empty.
object	10387	Cupboard	It's empty.
object	10402	Water Channel	It looks like water once ran here.
object	10404	Water Channel	The water is flowing again.
object	10405	Water Channel	It looks like water once ran here.
object	10406	Water Channel	The water is flowing again.
object	10407	Water Channel	It looks like water once ran here.
object	10408	Water Channel	The water is flowing again.
object	10409	Water Channel	It looks like water once ran here.
object	10410	Water Channel	The water is flowing again.
object	10412	Hole	A strange hole carefully made in the ground.
object	10413	Bed	Looks like the Genie's bed.
object	10414	Table	Generally used for putting things on.
object	10415	Rolled up rugs	A pile of rolled up carpets.
object	10416	Crevice	I'm not going down there without a rope.
object	10417	Cave exit	This leads back to the waterfall outside.
object	10418	Door	A wooden door.
object	10419	Door	A wooden door.
object	10420	Door	A wooden door.
object	10421	Door	A wooden door.
object	10423	Door	A wooden door.
object	10425	Door	A wooden door.
object	10427	Door	A wooden door.
object	10429	Door	A wooden door.
object	10431	Door	A wooden door.
object	10433	Fire	A bit bluer than I usually like my fires.
object	10434	Rope	I can climb back to the surface.
object	10436	Fountain	Nardah's main water supply.
object	10437	Fountain	There's no water here.
object	10438	Statuette Plinth	There should be a statue here.
object	10439	Elidinis Statuette	The Elidinis Statuette is back in its place.
object	10440	Rock Chair	A sitting stone.
object	10457	Cart	Ali's cart, with his supply of water.
object	10458	Barrel	One of Ali's water barrels.
object	10485	Counter	Items are for sale here.
object	10486	Counter	Items are for sale here.
object	10487	Blacksmith's tools	Various implements for working with metal.
object	10489	Armour	Metal plating for protection.
object	10490	Table	Generally used for putting things on.
object	10491	Chair	The ideal thing to sit on.
object	10492	Chair	Good for sitting on.
object	10493	Ladder	I can climb this.
object	10494	Ladder	I can climb down this.
object	10495	Warehouse shelves	Storage for all needs.
object	10496	Warehouse shelves	Storage for all needs.
object	10497	Warehouse shelves	Storage for all needs.
object	10498	Warehouse shelves	Storage for all needs.
object	10499	Potted fern	A small potted plant.
object	10500	Potted fern	Someone has planted this.
object	10501	Potted fern	A nicely potted fern.
object	10502	Potted fern	Better than weeding.
object	10503	Pile of bricks	Not the most inspired architectural design.
object	10504	Cooking Pots	They could do with a wash.
object	10505	Cooking Pots	They could do with a wash.
object	10506	Shelf	There are some pots and pans here.
object	10508	Stone Pew	Some stone temple seating.
object	10509	Table	Some old looking scrolls sit here.
object	10510	Bookcase	A case. With books.
object	10511	Bed	A drab looking bed.
object	10512	Bed	Lovely comfy looking big bed.
object	10513	Shelves	Contains equipment for growing herbs.
object	10514	Shelves	Herb stock is kept here.
object	10516	Wheelbarrow	A wooden wheelbarrow.
object	10517	Bank booth	The bank teller will serve you from here.
object	10518	Closed bank booth	This booth is closed.
object	10521	Chalice	The antique chalice seems to be attached to the wall.
object	10522	Tapestry	This old tapestry depicts a bright light shining at a woman's arms.
object	10525	Staircase	I can climb these stairs.
object	10526	Staircase	They go down.
object	10527	Door	A tall wooden door.
object	10528	Door	A tall wooden door.
object	10529	Door	A tall wooden door.
object	10530	Door	A tall wooden door.
object	10541	Human Flag	Flags flying the Human colours.
object	10542	Human Flag	Flags flying the Human colours.
object	10543	Dwarf Flag	Flags flying the Dwarf colours.
object	10544	Dwarf Flag	Flags flying the Dwarf colours.
object	10545	Elf Flag	Flags flying the Elf colours.
object	10546	Elf Flag	Flags flying the Elf colours.
object	10547	Gnome Flag	Flags flying the Gnome colours.
object	10548	Gnome Flag	Flags flying the Gnome colours.
object	10549	Werewolf Flag	Flags flying the Werewolf colours.
object	10550	Werewolf Flag	Flags flying the Werewolf colours.
object	10551	TzHaar Flag	Flags flying the TzHaar colours.
object	10552	TzHaar Flag	Flags flying the TzHaar colours.
object	10553	Portcullis	A metal portcullis.
object	10554	Ladder	I can climb this.
object	10556	Champion Statue	There's a trapdoor in its base.
object	10557	Champion Statue	There's an open trapdoor in its base.
object	10558	Trapdoor	I wonder what's under it?
object	10559	Trapdoor	I wonder what's down there?
object	10560	Ladder	I can climb this.
object	10562	Bank chest	It's open.
object	10564	Banner	A banner proclaiming your victory over the Earth Warrior Champion!
object	10566	Banner	A banner proclaiming your victory over the Ghoul Champion!
object	10568	Banner	A banner proclaiming your victory over the Giant Champion!
object	10570	Banner	A banner proclaiming your victory over the Goblin Champion!
object	10572	Banner	A banner proclaiming your victory over the Hobgoblin Champion!
object	10574	Banner	A banner proclaiming your victory over the Imp Champion!
object	10576	Banner	A banner proclaiming your victory over the Jogre Champion!
object	10578	Banner	A banner proclaiming your victory over the Lesser Demon Champion!
object	10580	Banner	A banner proclaiming your victory over the Skeleton Champion!
object	10582	Banner	A banner proclaiming your victory over the Zombie Champion!
object	10583	Rocks	A rocky outcrop.
object	10584	Rocks	A rocky outcrop.
object	10585	Rocks	A rocky outcrop.
object	10586	Rocks	A rocky outcrop.
object	10587	Rocks	A rocky outcrop.
object	10595	Icy Cavern	Emergency exit.
object	10596	Icy Cavern	Enter if you dare...
object	10605	Danger Sign	Danger - large deadly creatures within!
object	10607	Bronze Chest	A strangely decorated chest, the open lock is painted brown.
object	10608	Bronze Chest	A strangely decorated chest, the open lock is painted crimson.
object	10609	Bronze Chest	A strangely decorated chest, the open lock is painted black.
object	10610	Bronze Chest	A strangely decorated chest, the open lock is painted purple.
object	10611	Steel Chest	A strangely decorated steel chest, open the lock is painted blood red.
object	10612	Steel Chest	A strangely decorated steel chest, the open lock is painted brown.
object	10613	Steel Chest	A strangely decorated steel chest, the open lock is painted crimson.
object	10614	Steel Chest	A strangely decorated steel chest, the open lock is painted black.
object	10615	Steel Chest	A strangely decorated steel chest, the open lock is painted purple.
object	10616	Black Chest	A strangely decorated black chest, the open lock is painted blood red.
object	10617	Black Chest	A strangely decorated black chest, the open lock is painted brown.
object	10618	Black Chest	A strangely decorated black chest, the open lock is painted crimson.
object	10619	Black Chest	A strangely decorated black chest, the open lock is painted black.
object	10620	Black Chest	A strangely decorated black chest, the open lock is painted purple.
object	10621	Silver Chest	A strangely decorated silver chest, the open lock is painted blood red.
object	10622	Silver Chest	A strangely decorated silver chest, the open lock is painted brown.
object	10623	Silver Chest	A strangely decorated silver chest, the open lock is painted crimson.
object	10624	Silver Chest	A strangely decorated silver chest, the open lock is painted black.
object	10625	Silver Chest	A strangely decorated silver chest, the open lock is painted purple.
object	10639	Altar	Shrine to the glory of Saradomin.
object	10640	Altar	Shrine to the glory of Saradomin.
object	10641	Doric's Whetstone	Used for sharpening blades.
object	10652	Evergreen.	A large tree.
object	10653	Evergreen.	A decorated tree.
object	10654	Evergreen.	A decorated tree.
object	10655	Evergreen.	A large evergreen tree.
object	10656	Evergreen.	A decorated tree.
object	10657	Evergreen.	A decorated tree.
object	10658	Evergreen.	A decorated tree.
object	10659	Evergreen.	A decorated tree.
object	10660	Evergreen.	A decorated tree.
object	10661	Evergreen.	A decorated tree.
object	10662	Evergreen.	A decorated tree.
object	10663	Evergreen.	A decorated tree.
object	10664	Tree	A tall Trollweiss Spruce. An engraving on the trunk reads, 'Ug loves Aga'.
object	10665	Gifts	Boxes containing stuff.
object	10666	Gifts	Boxes containing stuff.
object	10671	Crate	Only sawdust...
object	10672	Crate	Reclaim your lost puppets!
object	10673	Paintcans	Equipment for colouring items.
object	10674	Paintcans	Equipment for colouring items.
object	10675	Paintcans	Equipment for colouring items.
object	10676	Workbench	A puppet is being constructed here.
object	10677	Workbench	A puppet is being constructed here.
object	10678	Workbench	A puppet is being constructed here.
object	10679	Decorations Box	A box containing unpainted decorations.
object	10680	Decorations Box	A box containing unpainted decorations.
object	10681	Decorations Box	A box containing unpainted decorations.
object	10682	Decorations Box	A box containing unpainted decorations.
object	10683	Decorations Box	A box containing unpainted decorations.
object	10684	Decorations Box	A box containing unpainted decorations.
object	10685	Decorations Box	A box containing unpainted decorations.
object	10686	Puppet heads	Box containing blue puppet heads.
object	10687	Puppet torsos	Box containing blue puppet torsos.
object	10688	Puppet arms	Box containing blue puppet arms.
object	10689	Puppet legs	Box containing blue puppet legs.
object	10690	Puppet heads	Box containing red puppet heads.
object	10691	Puppet torsos	Box containing red puppet torsos.
object	10692	Puppet arms	Box containing red puppet arms.
object	10693	Puppet legs	Box containing red puppet legs.
object	10694	Puppet heads	Box containing green puppet heads.
object	10695	Puppet torsos	Box containing green puppet torsos.
object	10696	Puppet arms	Box containing green puppet arms.
object	10697	Puppet legs	Box containing green puppet legs.
object	10698	Trapdoor	What could be down here?
object	10699	Trapdoor Steps	You can climb up these.
object	10701	Crate	A blue crate. Probably containing puppets.
object	10702	Crate	A green crate. Probably containing puppets.
object	10703	Crate	A red crate. Probably containing puppets.
object	10704	Crate	A large crate. More puppets?
object	10705	Crates	Some large wooden crates.
object	10706	Large Box	A large box full of wood chippings..
object	10707	Ladder	A wooden ladder.
object	10708	Ladder	A wooden ladder.
object	10710	Paint Pots	Pots full of paint.
object	10721	Doorway	A doorway made of light.
object	10722	Old Bookshelf	Filled to the brim with knowledge.
object	10723	Old Bookshelf	Filled to the brim with knowledge.
object	10724	Chair	A nicely carved wooden chair.
object	10725	Bones	A pile of animal Bones.
object	10726	Bones	A pile of animal Bones.
object	10727	Bones	A pile of animal Bones.
object	10728	Bones	A pile of animal Bones.
object	10733	Portal	Hidden away, I wonder where it goes?
object	10734	Coin Collector	Somewhere to put money.
object	10735	Food chute	Somewhere to offer food.
object	10736	Statue	A statue.
object	10737	Statue	A statue.
object	10738	Statue	A statue representing water.
object	10739	Statue	A statue representing air.
object	10768	Bank	A place to put your money.
object	10771	Stairs	Stairs.
object	10772	Stairs	Stairs.
object	10773	Stairs	Stairs.
object	10774	Stairs	Stairs.
object	10775	Stairs	Stairs.
object	10776	Stairs	Stairs.
object	10778	Telekinetic Teleport	A teleport to the Telekinetic Theatre.
object	10779	Enchanters Teleport	A teleport to the Enchanting Chamber.
object	10780	Alchemists Teleport	A teleport to the Alchemists' Playground.
object	10781	Graveyard Teleport	A teleport to the Creature Graveyard.
object	10782	Exit Teleport	A teleport to the Entrance hall.
object	10783	Cupboard	This may be worth opening.
object	10784	Cupboard	This may be worth opening.
object	10785	Cupboard	This may be worth opening.
object	10786	Cupboard	This may be worth opening.
object	10787	Cupboard	This may be worth opening.
object	10788	Cupboard	This may be worth opening.
object	10789	Cupboard	This may be worth opening.
object	10790	Cupboard	This may be worth opening.
object	10791	Cupboard	This may be worth opening.
object	10792	Cupboard	This may be worth opening.
object	10793	Cupboard	This may be worth opening.
object	10794	Cupboard	This may be worth opening.
object	10795	Cupboard	This may be worth opening.
object	10796	Cupboard	This may be worth opening.
object	10797	Cupboard	This may be worth opening.
object	10798	Cupboard	This may be worth opening.
object	10799	Cube Pile	Some simple cubes.
object	10800	Cylinder Pile	A pile of cylindrical shapes.
object	10801	Icosahedron Pile	A pile of Icosahedrons.
object	10802	Pentamid Pile	A pile of pentamids.
object	10803	Hole	A hole the perfect shape for spheres
object	10804	Trapdoor	Perhaps the pixies will be back next year.
object	10805	Sandy's Desk	Sandy's desk is piled high with paperwork towers.
object	10807	Sandy's Coffee Mug	A large steaming mug of the finest Karamja Coffee.
object	10808	Table	Looks useful for putting things on.
object	10809	Waste Paper Bin	A bin full of paper.
object	10813	Counter	Betty's counter. There is a vial standing on it.
object	10814	Sandpit	It's very sandy.
object	10817	Lever	Pull me!
object	10818	Locked door	Doesn't look like the way out.
object	10819	Locked door	Doesn't look like the way out.
object	10820	Energy Barrier	A glowing barrier of energy prevents your escape.
object	10824	Fireplace	Oh for a marshmallow on a stick!
object	10827	Fountain	An ornate fountain.
object	10828	Trawler net	Smells like fish.
object	10829	Trawler net	Smells like fish.
object	10830	Trawler net	Smells like fish.
object	10831	Trawler net	Smells like fish.
object	10832	Trawler net	Smells like fish.
object	10833	Trawler net	Smells like fish.
object	10834	Trawler net	Smells like fish.
object	10835	Trawler net	Smells like fish.
object	10836	Trawler net	Smells like fish.
object	10848	Doorway	This leads to a tunnel too steep for me to scale.
object	10849	Doorway	This leads to a tunnel too steep for me to scale.
object	10851	Climbing rocks	I can climb this rocky outcrop.
object	10852	Climbing rocks	A rocky outcrop.
object	10855	Doorway	The doorway leads down into the pyramid.
object	10856	Doorway	The doorway leads down into the pyramid.
object	10857	Stairs	I can climb these stairs.
object	10858	Stairs	I can climb down these.
object	10859	Gap	A gap.
object	10860	Ledge	A narrow ledge.
object	10861	Gap	A gap.
object	10862	Gap	A gap.
object	10863	Gap	A gap.
object	10864	Gap	A gap.
object	10865	Low wall	It looks like I can clamber over this.
object	10867	Plank	A wooden plank.
object	10868	Plank	A wooden plank.
object	10875	Stone block	A stone block.
object	10876	Stone block	A stone block.
object	10882	Gap	A gap.
object	10883	Gap	A gap.
object	10884	Gap	A gap.
object	10885	Gap	A gap.
object	10886	Ledge	A narrow ledge.
object	10887	Ledge	A narrow ledge.
object	10888	Ledge	A narrow ledge.
object	10889	Ledge	A narrow ledge.
object	10944	Rocks	A rocky outcrop.
object	10945	Rocks	A rocky outcrop.
object	10946	Rocks	A rocky outcrop.
object	10947	Rocks	A rocky outcrop.
object	10948	Rocks	A rocky outcrop.
object	10949	Rocks	A rocky outcrop.
object	10950	Sand pile	Looks sturdy enough to climb!
object	10953	Hole	Something heavy must have made this.
object	10954	Flat ground	The perfect place for a picnic.
object	10955	Headless statue	A large statue made of sandstone.
object	10956	Headless statue	A large statue made of sandstone.
object	10957	Headless statue	A large statue made of sandstone.
object	10958	Lazim's statue	Made of sandstone and granite.
object	10959	Zamorak's statue	Made of sandstone and granite.
object	10960	Icthlarin's statue	Made of sandstone and granite.
object	10961	Camel's statue	Made of sandstone and granite.
object	10962	Statue	A large statue.
object	10963	Statue	A large statue.
object	10964	Statue	A large statue.
object	10965	Statue	A large statue.
object	10966	Statue	A large statue.
object	10967	Statue	A large statue.
object	10968	Statue	A large statue.
object	10969	Statue	A large statue.
object	10971	Fallen statue	It has no limbs.
object	10972	Fallen statue	It has a left arm.
object	10973	Fallen statue	It has a right arm.
object	10974	Fallen statue	It has a left leg.
object	10975	Fallen statue	It has a right leg.
object	10976	Fallen statue	It has a left arm and right arm.
object	10977	Fallen statue	It has a left arm and left leg.
object	10978	Fallen statue	It has a left arm and right leg.
object	10979	Fallen statue	It has a right arm and left leg.
object	10980	Fallen statue	It has a right arm and right leg.
object	10981	Fallen statue	It has a left leg and right leg.
object	10982	Fallen statue	It has a left arm, right arm and left leg.
object	10983	Fallen statue	It has a left arm, right arm and right leg.
object	10984	Fallen statue	It has a left arm, left leg and right leg.
object	10985	Fallen statue	It has a right arm, left leg and right leg.
object	10986	Fallen statue	It has all its limbs still attached.
object	10988	Pedestal	There's a recess on the top shaped like a head.
object	10989	Pedestal	There's a stone head in a recess on the top.
object	10990	Pedestal	The blood globe is lit.
object	10991	Pedestal	The ice globe is lit.
object	10992	Pedestal	The shadow globe is lit.
object	10993	Pedestal	The smoke globe is lit.
object	10994	Pedestal	The blood and ice globes are lit.
object	10995	Pedestal	The blood and shadow globes are lit.
object	10996	Pedestal	The blood and smoke globes are lit.
object	10997	Pedestal	The ice and shadow globes are lit.
object	10998	Pedestal	The ice and smoke globes are lit.
object	10999	Pedestal	The shadow and smoke globes are lit.
object	11000	Pedestal	The ice, shadow and smoke globes are lit.
object	11001	Pedestal	The blood, shadow and smoke globes are lit.
object	11002	Pedestal	The blood, ice and smoke globes are lit.
object	11003	Pedestal	The blood, ice and shadow globes are lit.
object	11004	Pedestal	All the globes - blood, ice, shadow, smoke - are lit.
object	11005	Magic barrier	It's made of a magical force.
object	11007	Fountain	This fountain is frozen solid.
object	11009	Furnace	It's blocked and is spewing out smoke.
object	11010	Furnace	A hot place for forging things in.
object	11017	Brazier	Something burned in here long ago.
object	11018	Brazier	Something burned in here long ago.
object	11019	Brazier	Something burned in here long ago.
object	11020	Brazier	Something's burning here.
object	11021	Brazier	Something's burning here.
object	11022	Brazier	Something's burning here.
object	11023	Brazier	Something's burning here.
object	11024	Brazier	Something's burning here.
object	11025	Brazier	Something's burning here.
object	11028	Wall	A finished wall.
object	11029	Wall	A finished wall.
object	11030	Wall	A finished wall.
object	11031	Wall	A finished wall.
object	11032	Wall	A nearly finished wall.
object	11033	Wall	A nearly finished wall.
object	11034	Wall	A half finished wall.
object	11035	Wall	A half finished wall.
object	11036	Wall	It needs much more repair.
object	11037	Wall	It needs much more repair.
object	11038	Wall	A ruined wall.
object	11039	Wall	A ruined wall.
object	11040	Rubble	A pile of bricks dislodged from the wall nearby.
object	11041	Ladder	I can climb this.
object	11042	Ladder	What's down there?
object	11043	Stone Ladder	I can climb this.
object	11044	Stone Ladder	I can climb this.
object	11049	Boulder	I wonder what's under it?
object	11050	Secret entrance	I wonder what's down there?
object	11051	Door	There's a recess in it in the shape of a Z.
object	11052	Door	There's a recess in it in the shape of a Z.
object	11053	Door	There's a recess in it in the shape of an M.
object	11054	Door	There's a recess in it in the shape of an M.
object	11055	Door	There's a recess in it in the shape of an R.
object	11056	Door	There's a recess in it in the shape of an R.
object	11057	Door	There's a recess in it in the shape of a K.
object	11058	Door	There's a recess in it in the shape of a K.
object	11059	Pedestal	There's a recess on the top shaped like a head.
object	11060	Pedestal	There's a sigil on it shaped like a Z.
object	11061	Pedestal	There's a sigil on it shaped like an M.
object	11062	Pedestal	There's a sigil on it shaped like an R.
object	11063	Pedestal	There's a sigil on it shaped like a K.
object	11064	Door	There's a recess in it in the shape of a left arm.
object	11065	Door	There's a recess in it in the shape of a left arm.
object	11066	Door	There's a recess in it in the shape of a right arm.
object	11067	Door	There's a recess in it in the shape of a right arm.
object	11068	Door	There's a recess in it in the shape of a left leg.
object	11069	Door	There's a recess in it in the shape of a left leg.
object	11070	Door	There's a recess in it in the shape of a right leg.
object	11071	Door	There's a recess in it in the shape of a right leg.
object	11072	Ruins	Looks like there was once a building here.
object	11073	Ruins	Looks like there was once a building here.
object	11074	Ruins	Looks like there was once a building here.
object	11075	Ruins	Looks like there was once a building here.
object	11079	Light	There's a hole in the roof!
object	11080	Scaffold	An old-looking bit of scaffolding.
object	11081	Ladder	An old-looking ladder.
object	11082	Wheelbarrow	A wooden wheelbarrow.
object	11097	Rock	A rock with a pickaxe.
object	11098	Rock	A rock.
object	11112	Dead tree	This tree has long been dead.
object	11113	Bush	A dried up bush, void of life.
object	11141	Magic spell	He's been trapped in there for a long time.
object	11151	Door	There's a recess in it in the shape of an arm.
object	11152	Door	There's a recess in it in the shape of a leg.
object	11153	Pedestal	A simple stone pedestal.
object	11162	Loader	A big grinding thing.
object	11163	Bone grinder	A big grinding thing.
object	11164	Bin	A big grinding thing.
object	11165	Rocks	A rocky outcrop.
object	11166	Rocks	A rocky outcrop.
object	11167	Rocks	A rocky outcrop.
object	11168	Rocks	A rocky outcrop.
object	11169	Rocks	A rocky outcrop.
object	11170	Rocks	A rocky outcrop.
object	11171	Rocks	A rocky outcrop.
object	11172	Rocks	A rocky outcrop.
object	11173	Rocks	A rocky outcrop.
object	11174	Rocks	A rocky outcrop.
object	11175	Rocks	A rocky outcrop.
object	11176	Rocks	A rocky outcrop.
object	11177	Rocks	A rocky outcrop.
object	11178	Rocks	A rocky outcrop.
object	11179	Rocks	A rocky outcrop.
object	11180	Rocks	A rocky outcrop.
object	11181	Rocks	A rocky outcrop.
object	11182	Rocks	A rocky outcrop.
object	11183	Rocks	A rocky outcrop.
object	11184	Rocks	A rocky outcrop.
object	11185	Rocks	A rocky outcrop.
object	11186	Rocks	A rocky outcrop.
object	11187	Rocks	A rocky outcrop.
object	11188	Rocks	A rocky outcrop.
object	11189	Rocks	A rocky outcrop.
object	11190	Rocks	A rocky outcrop.
object	11191	Rocks	A rocky outcrop.
object	11192	Rocks	A rocky outcrop.
object	11193	Rocks	A rocky outcrop.
object	11194	Rocks	A rocky outcrop.
object	11195	Rocks	A rocky outcrop.
object	11196	Door	An elf-fashioned door.
object	11197	Door	An elf-fashioned door.
object	11198	Ladder	The ladder to the Runeversi challenge room for experienced players.
object	11199	Ladder	The ladder back to the Runeversi challenge room.
object	11200	Ladder	The ladder to the Runesquares challenge room for experienced players.
object	11201	Ladder	The ladder back to the Runesquares challenge room.
object	11202	Table	A game of runesquares is being played on this table.
object	11203	Table	A game of runeversi is being played on this table.
object	11204	Plaque	Runesquares challenge room.
object	11205	Plaque	Runeversi challenge room.
object	11206	Plaque	Runesquares challenge room for experienced players.
object	11207	Plaque	Runeversi challenge room for experienced players.
object	11208	Coffin	Looks comfortable...
object	11209	Gangplank	Permission to board?
object	11210	Gangplank	Permission to board?
object	11211	Gangplank	Permission to board?
object	11212	Gangplank	Permission to board?
object	11214	Cannon	Ready...aim...fire!
object	11215	Broken Cannon	Not likely to work with that hole in it.
object	11216	Broken Cannon	Where did the barrel go?
object	11217	Cannon	Ready to fire.
object	11219	Cannon	If I can't destroy this we're sunk.
object	11220	Broken Cannon	Let's hope they don't repair it.
object	11228	Crate	Useful for transportation of valuable items.
object	11229	Crate	Useful for transportation of valuable items.
object	11231	Closed chest	I wonder what's inside.
object	11232	Open chest	Perhaps I should search it.
object	11234	Barrel	A wooden barrel for storage.
object	11235	Barrel	A wooden barrel for storage.
object	11236	Plunder Storage	For the storage of plunder.
object	11238	Powder Barrel	Warning! Contents may explode!
object	11239	Barrel	I wouldn't be surprised if bits land over in Lumbridge.
object	11240	Barrel	Rigged to blow.
object	11244	Climbing Net	I can climb down here.
object	11245	Powder Barrel	Full of gunpowder. I'd best be careful.
object	11246	Repair Locker	Stores repair items.
object	11247	Repair Locker	Stores repair items.
object	11248	Gun Locker	Cannons. Lots of cannons.
object	11249	Gun Locker	Cannons. Lots of cannons.
object	11276	Mast	Holds up the sails.
object	11277	Mast	Holds up the sails.
object	11278	Mast	Holds up the sails.
object	11279	Mast	Holds up the sails.
object	11280	Sail	Useful if there is any wind.
object	11281	Sail	Useful for making ships move.
object	11282	Sail	Useful for making ships move.
object	11283	Sail	Useful for making ships move
object	11287	Figurehead	This figure brings luck to those who sail.
object	11289	Ship's ladder	Allows access to other parts of the ship.
object	11290	Ship's ladder	Allows access to other parts of the ship.
object	11291	Sail	Useful for making ships move.
object	11292	Hoisted sail	A conveniently rolled sail.
object	11293	Hoisted sail	A conveniently rolled sail.
object	11294	Hoisted sail	A conveniently rolled sail.
object	11297	Hoisted sail	A conveniently rolled sail.
object	11298	Hoisted sail	A conveniently rolled sail.
object	11299	Hoisted sail	A conveniently rolled sail.
object	11300	Hoisted sail	A conveniently rolled sail.
object	11301	Hoisted sail	A conveniently rolled sail.
object	11302	Sail	Useful for making ships move.
object	11303	Hoisted sail	A conveniently rolled sail.
object	11304	Hoisted sail	A conveniently rolled sail.
object	11305	Barrel	A wooden barrel for storage.
object	11306	Ship's wheel	Without this I'm going around in circles.
object	11307	Anchor	How much does this weigh?
object	11308	Ship's ladder	I can climb up here.
object	11309	Ship's ladder	I can go below decks with this ladder.
object	11310	Climbing net	The only way to get up the mast.
object	11311	Rope	For swinging on.
object	11312	Cannon	This isn't currently usable.
object	11313	Cannon	This isn't currently usable.
object	11314	Cannon	This isn't currently usable.
object	11315	Barrel	This is rigged to blow!
object	11316	Fuse	You can light this.
object	11317	Ship hull	That water can't be good.
object	11318	Ship hull	That water can't be good.
object	11319	Ship hull	That's plugged it.
object	11320	Barrel	A wooden barrel for storage.
object	11322	Barrel	A wooden barrel for storage.
object	11323	Chest	For storing plunder.
object	11324	Strange rock	This seems to stand out.
object	11330	Crate	A wooden crate.
object	11331	Crate	A wooden crate.
object	11332	Gate	A security gate.
object	11333	Gate	A security gate.
object	11335	Bamboo Desk	Bamboo strips have been lashed together to make this rickety desk.
object	11336	Bamboo Desk	Bamboo strips have been lashed together to make this rickety desk.
object	11337	Bamboo Desk	Bamboo strips have been lashed together to make this rickety desk.
object	11338	Bank booth	The bank teller will serve you from here.
object	11339	Open chest	Shake that booty!
object	11341	Closed chest	An old storage chest.
object	11342	Repair Locker	Stores items for the journey.
object	11343	Gun Locker	Stores items for the journey.
object	11354	Interdimensional rift	Who knows where it may lead?
object	11356	Portal Home	A gateway back to RuneScape.
object	11357	Portal machine	The Professor's been at it again!
object	11358	Staircase	I can climb up these stairs.
object	11360	Pie stall	This stall smells great.
object	11361	Raw chompy bird	It's a raw chompybird on a spit.
object	11362	Raw Rabbit	It's a raw Rabbit on a spit.
object	11363	Iron spit	It's an iron spit.
object	11364	Decorative Pillar	A stone pillar that looks like Bob the Cat.
object	11365	Decorative Pillar	A stone pillar that looks like Zamorak.
object	11366	Decorative Pillar	A stone pillar that looks like Guthix.
object	11367	Decorative Pillar	A stone pillar that looks like Saradomin.
object	11379	Large door	A large church door.
object	11380	Large door	A large church door.
object	11381	Large door	A large church door.
object	11382	Large door	A large church door.
object	11383	Decorative Pillar	A stone pillar that looks like Saradomin.
object	11384	Decorative Pillar	A stone pillar that looks like Saradomin.
object	11385	Decorative Pillar	A stone pillar that looks like Saradomin.
object	11386	Decorative Pillar	A stone pillar that looks like Guthix.
object	11387	Decorative Pillar	A stone pillar that looks like Guthix.
object	11388	Decorative Pillar	A stone pillar that looks like Guthix.
object	11389	Decorative Pillar	A stone pillar that looks like Zamorak.
object	11390	Decorative Pillar	A stone pillar that looks like Zamorak.
object	11391	Decorative Pillar	A stone pillar that looks like Zamorak.
object	11392	Decorative Pillar	A stone pillar that looks like Bob the Cat.
object	11393	Decorative Pillar	A stone pillar that looks like Bob the Cat.
object	11394	Decorative Pillar	A stone pillar that looks like Bob the Cat.
object	11395	Pillar candle.	A candle in a holder.
object	11396	Melted candle.	A melted candle.
object	11397	Pillar candle flame.	A candle flame.
object	11398	Interface surround.	Interface surround.
object	11399	Interface button up.	Interface button up.
object	11400	Interface button down.	Interface button down.
object	11401	Interface button left.	Interface button left.
object	11402	Interface button right.	Interface button right.
object	11403	Interface button ignite.	Interface button ignite.
object	11404	Fire	Hot!
object	11405	Fire	Hot!
object	11406	Fire	Hot!
object	11409	pipe with rope	It's a sewer pipe with some rope tied to it.
object	11410	Pipe	It's a sewer pipe with some rope tied to it.
object	11411	Rope	A bit of rope.
object	11412	straight rope	A section of rope.
object	11413	Rope	A bit of rope.
object	11414	Rope	A bit of rope.
object	11415	Rope	A bit of rope.
object	11416	Rope	A bit of rope.
object	11417	Dug hole	You can climb down here.
object	11418	Mud patch	Hard to notice, but this mud looks disturbed.
object	11423	Grill	It's a grill.
object	11424	Rocks	A rocky outcrop.
object	11425	Rocks	A rocky outcrop.
object	11426	Rocks	A rocky outcrop.
object	11427	Rocks	A rocky outcrop.
object	11428	Rocks	A rocky outcrop.
object	11429	Rocks	A rocky outcrop.
object	11430	Rocks	A rocky outcrop.
object	11431	Rocks	A rocky outcrop.
object	11432	Rocks	A rocky outcrop.
object	11433	Rocks	A rocky outcrop.
object	11434	Rocks	A rocky outcrop.
object	11435	Rocks	A rocky outcrop.
object	11436	Rocks	A rocky outcrop.
object	11437	Rocks	A rocky outcrop.
object	11438	Rocks	A rocky outcrop.
object	11439	Rocks	A rocky outcrop.
object	11440	Rocks	A rocky outcrop.
object	11441	Rocks	A rocky outcrop.
object	11442	Rocks	A rocky outcrop.
object	11443	Rocks	A rocky outcrop.
object	11444	Rocks	A rocky outcrop.
object	11449	Door	This door is locked.
object	11450	Door	The door is slightly ajar.
object	11451	Lever A	A lever pointing upwards.
object	11452	Lever A	A lever pointing downwards.
object	11453	Lever B	A lever pointing upwards.
object	11454	Lever B	A lever pointing downwards.
object	11455	Lever C	A lever pointing upwards.
object	11456	Lever C	A lever pointing downwards.
object	11457	Lever D	A lever pointing upwards.
object	11458	Lever D	A lever pointing downwards.
object	11459	Lever E	A lever pointing upwards.
object	11460	Lever E	A lever pointing downwards.
object	11461	Lever F	A lever pointing upwards.
object	11462	Lever F	A lever pointing downwards.
object	11468	Lantern	Handy that they're already lit.
object	11469	Spooky picture	Disturbingly its eyes look everywhere in the room except at you.
object	11470	Door	The door is closed.
object	11471	Door	The door is not closed.
object	11472	Candles	Little candles flickering.
object	11473	Candles	Little candles flickering.
object	11483	Door	It's closed.
object	11484	Barrel	A wooden barrel for storage.
object	11485	Crate	A wooden crate.
object	11486	Crates	Some wooden crates.
object	11487	Boxes	Some wooden boxes.
object	11488	Crates	For storage.
object	11489	Chair	The ideal thing to sit on.
object	11490	Chair	Do I dare sit on this?
object	11491	Large Table	A nice sturdy looking table.
object	11492	Smashed chair	Not so good for sitting on.
object	11493	Grandfather clock	Looks a bit shabby...
object	11494	Cabbage	An enigmatic cabbage.
object	11495	Gallows	Not your average garden feature...
object	11496	Chair	Did that chair just move?
object	11497	Spooky picture	Disturbingly its eyes look everywhere in the room except at you.
object	11498	Staircase	Dare I go up?
object	11499	Staircase	These stairs look spooky!
object	11500	Table	A filthy but sturdy looking table.
object	11501	Table	I'm not eating off that.
object	11502	Table	I'm not eating off that.
object	11503	Table	I'm not eating off that.
object	11504	Table	I'm not eating off that.
object	11510	Dead tree	This tree has long been dead.
object	11511	Staircase	I can climb up these stairs.
object	11546	Strange machine	It's a strange machine.
object	11547	Strange machine	It's a strange machine.
object	11548	Strange machine	It's a strange machine.
object	11549	Strange machine	It's a strange machine.
object	11550	Strange machine	It's a strange machine.
object	11551	Table	It's a table for putting objects on.
object	11552	Rocks	A rocky outcrop.
object	11553	Rocks	A rocky outcrop.
object	11554	Rocks	A rocky outcrop.
object	11555	Rocks	A rocky outcrop.
object	11556	Rocks	A rocky outcrop.
object	11557	Rocks	A rocky outcrop.
object	11589	Barrel	A wooden barrel for storage.
object	11590	Barrel	A wooden barrel for storage.
object	11599	Crate	A wooden crate.
object	11600	Crates	Convenient for storage.
object	11601	Pottery Oven	Bake your clay pots in here.
object	11603	Stool	A wooden stool.
object	11606	Standing torch	A simple torch stuck in the ground.
object	11614	Standard	A barbarian flag.
object	11615	Standard	A barbarian flag.
object	11616	Door	Keeps the wind out.
object	11617	Door	It would keep the wind out better if it were closed.
object	11619	Table	Generally used for putting things on.
object	11620	Longhall door	The entrance to the barbarians' longhall.
object	11621	Longhall door	The entrance to the barbarians' longhall.
object	11624	Longhall door	The entrance to the barbarians' longhall.
object	11625	Longhall door	The entrance to the barbarians' longhall.
object	11626	Counter	Items are for sale here.
object	11627	Small Table	A small wooden table.
object	11629	Rock	A rocky outcrop that looks rather crumbly.
object	11630	Stone signpost	South to Falador :: West to Taverley :: East to Varrock.
object	11631	Stone signpost	South to Falador :: West to Taverley :: East to Varrock.
object	11634	Rock	A rock.
object	11635	Rock	A rock.
object	11636	Rock	A rock.
object	11637	Rock	A rock.
object	11638	Rock	A rock.
object	11639	Rock	A rock.
object	11640	City gate	Keeps unwelcome folk out of Falador.
object	11641	City gate	Keeps unwelcome folk out of Falador.
object	11642	City gate	Keeps unwelcome folk out of Falador.
object	11643	City gate	Keeps unwelcome folk out of Falador.
object	11644	City gate	Keeps unwelcome folk out of Falador.
object	11645	City gate	Keeps unwelcome folk out of Falador.
object	11646	City gate	Keeps unwelcome folk out of Falador.
object	11647	City gate	Keeps unwelcome folk out of Falador.
object	11648	City gate	Keeps unwelcome folk out of Falador.
object	11649	City gate	Keeps unwelcome folk out of Falador.
object	11650	City gate	Keeps unwelcome folk out of Falador.
object	11651	City gate	Keeps unwelcome folk out of Falador.
object	11657	Rack	A rack for displaying fine maces.
object	11658	Shelves	Shelves for maces.
object	11659	Barrel	A barrel of maces.
object	11660	Table	A table bearing a fine selection of maces.
object	11661	Waterpump	A handy source of water.
object	11662	Shop counter	Fine gems for sale!
object	11663	Cabinet	Precious stones for sale.
object	11666	Furnace	A hot furnace.
object	11674	Sign	Rising Sun Tavern.
object	11675	Banner	Rising Sun Tavern, Falador.
object	11677	Treadmill	Powers the spinning pole outside.
object	11678	Spinning pole	The traditional sign of a barber.
object	11682	Table	A small wooden table.
object	11693	Statue	A statue of a famous White Knight.
object	11694	Statue	A statue of a famous White Knight.
object	11695	Statue	A statue of a famous White Knight.
object	11696	Statue	A statue of a famous White Knight.
object	11697	Statue	A statue of a famous White Knight.
object	11698	Old Bookshelf	Filled to the brim with knowledge.
object	11699	Flagpole	The flag of Asgarnia.
object	11700	Statue of Saradomin	I thought he'd be bigger than that.
object	11701	Statue of Saradomin	Big beard, robes. Yeah, that's Saradomin.
object	11706	Rockery	Nicely planted.
object	11707	Door	The door is closed.
object	11708	Door	The door is open.
object	11709	Door	The door is closed.
object	11710	Door	The door is open.
object	11711	Door	The door is closed.
object	11712	Door	The door is open.
object	11713	Door	The door is closed.
object	11714	Door	The door is closed.
object	11715	Door	The door is open.
object	11716	Castle door	A grand door.
object	11717	Castle door	A grand door.
object	11718	Castle door	A grand door.
object	11719	Castle door	A grand door.
object	11720	Castle door	A grand door.
object	11721	Castle door	A grand door.
object	11722	Castle door	A grand door.
object	11723	Castle door	A grand door.
object	11724	Staircase	I can climb up these stairs.
object	11725	Staircase	I can climb down these stairs.
object	11727	Ladder	I can climb this.
object	11728	Ladder	I can climb down this.
object	11729	Staircase	I can climb up these stairs.
object	11731	Staircase	I can climb down these stairs.
object	11732	Staircase	I can climb up these stairs.
object	11733	Staircase	I can climb down these stairs.
object	11734	Staircase	I can climb these stairs.
object	11735	Staircase	They go down.
object	11736	Staircase	I can climb these stairs.
object	11737	Staircase	They go down.
object	11738	Large table	A nice sturdy-looking table.
object	11739	Ladder	Allows access to above level.
object	11740	Ladder	Allows access to above level.
object	11741	Ladder	Allows access to level below.
object	11742	Ladder	Allows access to level below.
object	11743	Table	A nice sturdy looking table.
object	11744	Boxes	Small wooden boxes.
object	11745	Crates	Wooden crates.
object	11746	Stool	A wooden stool.
object	11747	Bed	A basic bed.
object	11748	Table	Nice banquet table.
object	11749	Table	A sturdy-looking round table.
object	11753	Suit of Armour	Armour of a White Knight. Decorative, but still effective.
object	11755	Notice board	'Concerned about theft? Set a Bank PIN today!'
object	11756	Notice board	'Customers are reminded NEVER to tell ANYONE their password.'
object	11757	Chest	This chest contains an impressive amount of Gold!!
object	11758	Bank booth	The bank teller will serve you from here.
object	11759	Fountain	Hope springs eternal.
object	11760	Chair	A comfortable seat.
object	11761	Statue	A carving of a figure from the history of RuneScape.
object	11762	Bar pumps	A source of foamy neurotoxin.
object	11763	Bar	Where drunkards may be found.
object	11764	Picnic table	So clean you could eat your dinner off it.
object	11765	Barrel	I'd really hate to drink anything that had been in here.
object	11766	Barrel	Smells alcoholic.
object	11767	Bookcase	Dusty old books.
object	11768	Shelves	Storage for all needs.
object	11769	Shelves	Storage for all needs.
object	11770	Shelves	Storage for all needs.
object	11771	Shelves	Storage for all needs.
object	11782	Standing stone	What ancient rites were performed here?
object	11783	Standing stone	What ancient rites were performed here?
object	11784	Standing stone	What ancient rites were performed here?
object	11785	Standing stone	What ancient rites were performed here?
object	11789	Rocks	Weathered rocks.
object	11790	Rocks	Weathered rocks.
object	11791	Rocks	Weathered rocks.
object	11793	Well	Best used with a bucket.
object	11794	Chair	Ready for a quick snip?
object	11795	Chair	Put your head in my hands...
object	11796	Mirror	Ooh - pretty!
object	11799	Heater	Makes your hair stay curly.
object	11812	Bathtub	Running water - very nice!
object	11813	Work bench	Might be handy for a workman.
object	11814	Work bench	Might be handy for a workman.
object	11840	Bricks	A pile of bricks.
object	11841	Bricks	A pile of bricks.
object	11844	Crumbling wall	It looks like I might be able to climb over this piece of the wall...
object	11848	Bow cabinet	An attractively laid out collection of ranging weapons.
object	11849	Table	Contains washing items.
object	11861	Standard	A dwarven flag.
object	11862	Dwarf bath	A tin bath big enough for dwarfs, but too small for humans.
object	11863	Winch	For bringing ore out of the mines.
object	11867	Trapdoor	I wonder what's down there?
object	11868	Dwarf multicannon	A powerful ranging device that fires metal balls.
object	11869	Multicannon parts	A pile of parts for building a multicannon.
object	11870	Multicannon parts	A pile of parts for building a multicannon.
object	11873	Multicannon parts	A crate containing parts for building a multicannon.
object	11874	Multicannon parts	A crate containing parts for building a multicannon.
object	11875	Canary	Used for detecting dangerous gases in the mine.
object	11876	Blacksmiths' tools	Various implements for working with metal.
object	11877	Bed	A simple place for a simple dwarf to sleep and dream of gold.
object	11888	Staircase	I can climb up these stairs.
object	11889	Staircase	I can climb these stairs.
object	11890	Staircase	I can climb down these stairs.
object	11891	Sinister barrel	Who knows what the dark wizards store in here?
object	11892	Table	A filthy but sturdy table.
object	11893	Bookcase	Books of dark magic for dark wizards.
object	11894	Bookcase	Books of dark magic for dark wizards.
object	11895	Thorns	Vicious thorns.
object	11896	Thorns	These could make a fine mess of my legs.
object	11897	Thorns	Not suitable for sitting on.
object	11910	Creature	I hope I never meet one of those.
object	11911	Bush	A dead bush.
object	11912	Bush	A dead bush.
object	11913	Bush	A dead bush.
object	11914	Bush	A dead bush.
object	11915	Rocks	A rocky outcrop.
object	11916	Rocks	A rocky outcrop.
object	11917	Rocks	A rocky outcrop.
object	11918	Rocks	A rocky outcrop.
object	11919	Rocks	A rocky outcrop.
object	11920	Rocks	A rocky outcrop.
object	11921	Rocks	A rocky outcrop.
object	11922	Rocks	A rocky outcrop.
object	11923	Rocks	A rocky outcrop.
object	11924	Rocks	A rocky outcrop.
object	11925	Rocks	A rocky outcrop.
object	11926	Rocks	A rocky outcrop.
object	11927	Rocks	A rocky outcrop.
object	11928	Rocks	A rocky outcrop.
object	11929	Rocks	A rocky outcrop.
object	11930	Rocks	A rocky outcrop.
object	11931	Rocks	A rocky outcrop.
object	11932	Rocks	A rocky outcrop.
object	11933	Rocks	A rocky outcrop.
object	11934	Rocks	A rocky outcrop.
object	11935	Rocks	A rocky outcrop.
object	11936	Rocks	A rocky outcrop.
object	11937	Rocks	A rocky outcrop.
object	11938	Rocks	A rocky outcrop.
object	11939	Rocks	A rocky outcrop.
object	11940	Rocks	A rocky outcrop.
object	11941	Rocks	A rocky outcrop.
object	11942	Rocks	A rocky outcrop.
object	11943	Rocks	A rocky outcrop.
object	11944	Rocks	A rocky outcrop.
object	11945	Rocks	A rocky outcrop.
object	11946	Rocks	A rocky outcrop.
object	11947	Rocks	A rocky outcrop.
object	11948	Rocks	A rocky outcrop.
object	11949	Rocks	A rocky outcrop.
object	11950	Rocks	A rocky outcrop.
object	11951	Rocks	A rocky outcrop.
object	11952	Rocks	A rocky outcrop.
object	11953	Rocks	A rocky outcrop.
object	11954	Rocks	A rocky outcrop.
object	11955	Rocks	A rocky outcrop.
object	11956	Rocks	A rocky outcrop.
object	11957	Rocks	A rocky outcrop.
object	11958	Rocks	A rocky outcrop.
object	11959	Rocks	A rocky outcrop.
object	11960	Rocks	A rocky outcrop.
object	11961	Rocks	A rocky outcrop.
object	11962	Rocks	A rocky outcrop.
object	11963	Rocks	A rocky outcrop.
object	11964	Rocks	A rocky outcrop.
object	11965	Rocks	A rocky outcrop.
object	11993	Door	The door is closed.
object	11994	Door	The door is open.
object	12003	Fairy ring	Better not eat them!
object	12004	A gap through the wall	It's going to be a tight squeeze!
object	12005	Mushroom torch	Illuminating!
object	12006	Mushroom torch	Illuminating!
object	12041	A gap through the wall	It'll be a tight squeeze.
object	12042	A wall	All tangled up!
object	12043	A wall	All tangled up!
object	12045	Magic door	A magic door.
object	12046	Magic door	A magic door.
object	12047	Magic door	A magic door.
object	12048	Magic door	A magic door.
object	12060	Potion shelves	Shelves of colourful potion gourds!
object	12061	Potion shelves	Shelves of colourful potion gourds!
object	12062	Potion shelf	A shelf of colourful potion gourds!
object	12063	Potion shelf	A shelf of colourful potion gourds!
object	12064	Healing certificate	Fairy Nuff passed healing 101!
object	12065	Certificate of healing	It says Nuff is a healer.
object	12068	Fairy workbench	An assortment of colourful bubbling and smoking potions!
object	12089	Fairy fountain	A beautiful fairy fountain!
object	12090	Fairy Queen	She doesn't look like she's breathing!
object	12091	Fairy Queen throne	Fit for a fairy.
object	12092	Godfather throne	Sure looks comfy.
object	12093	Chicken Shrine	A shrine to the evil chicken.
object	12094	Fairy ring	Better not eat them!
object	12095	Fairy ring	Better not eat them!
object	12100	Furnace	A hot furnace.
object	12102	Range	Ideal for cooking on.
object	12103	Crate	For storage.
object	12104	Crates	Some wooden crates.
object	12105	Crate	A wooden crate.
object	12106	Table	Generally used for putting things on.
object	12107	Barrel	A wooden barrel for storage.
object	12108	Table	A nice sturdy looking table.
object	12109	wall	Its a wall.
object	12110	G.A.G. banner	A banner for Group of Advanced Gardeners.
object	12111	Dairy Cow	Fit for milking.
object	12112	Ladder	I can climb this.
object	12113	Ladder	I can climb this.
object	12114	Cow wheel	She likes the exercise.
object	12115	Sacks	Full of Grain.
object	12120	Closed chest	I wonder what's inside.
object	12121	Open chest	Perhaps I should search it.
object	12122	Water Trough	Filled with tepid water.
object	12125	Gravestone	Here lies Guy, he told a lie, so we swung him from the gallows high.
object	12126	Odd markings	Looks suspicious.
object	12127	Jutting wall	A wall jutting out into the path.
object	12131	Tomb	Spooky.
object	12132	Tomb	Spooky.
object	12133	Juliet	Probably not dead. Although Romeo is none the wiser.
object	12134	Coffin	Contains dead people.
object	12135	Coffin	Contains dead people.
object	12137	Cadava bush	A wild cadava berry bush.
object	12138	Bush	A wild red berry bush.
object	12139	Rosebush	A perfectly appointed rosebush.
object	12140	Church pew	The sort of bench you get in churches.
object	12144	Canoe Station	You can create a canoe here.
object	12145	Canoe Station	You can create a canoe here.
object	12146	Canoe Station	You can create a canoe here.
object	12147	Canoe Station	You can create a canoe here.
object	12148	Canoe Station	You can create a canoe here.
object	12149	Canoe Station	You can create a canoe here.
object	12150	Canoe Station	You can create a canoe here.
object	12151	Canoe Station	You can create a canoe here.
object	12152	Canoe Station	You can create a canoe here.
object	12153	Canoe Station	You can create a canoe here.
object	12154	Canoe Station	You can create a canoe here.
object	12155	Canoe Station	You can create a canoe here.
object	12156	Canoe Station	You can create a canoe here.
object	12157	Canoe Station	You can create a canoe here.
object	12158	Canoe Station	You can create a canoe here.
object	12159	A Sinking Canoe	Glug glug glug
object	12160	A Sinking Canoe	Glug glug glug
object	12161	A Sinking Canoe	Glug glug glug
object	12162	A Sinking Canoe	Glug glug glug
object	12168	Canoe	canoe
object	12169	Canoe	canoe
object	12170	Canoe	canoe
object	12171	Canoe	canoe
object	12201	Well	A well, it is not safe to climb down.
object	12202	Mole hill	A mole hill.
object	12203	Light	There's a hole in the roof.
object	12230	Rope	I can climb out of this cave from here.
object	12232	Store Cuboard	A place to keep all your clothes & equipment.
object	12233	Cockatrice head	A trophy of a mighty slayer!
object	12234	Basilisk head	A trophy of a mighty slayer!
object	12235	Kurask head	A trophy of a mighty slayer!
object	12236	Mounted sea bass	A trophy of a master fisher.
object	12237	Mounted swordfish	A trophy of a master fisher.
object	12239	Vanilla plant	It's a Vanilla Planifolia of the Orchidaceae family.
object	12240	Bones	The remains of an ancient beast.
object	12241	Bones	Very dead I hope.
object	12242	Bones	Remains of yesterday's dinner.
object	12243	Skeleton	That must be one hungry chicken.
object	12244	Skeleton	This one's not very fresh.
object	12245	Skeleton	Alas poor Yojllik, I knew him backwards.
object	12246	Skeleton	A tall, skinny.
object	12247	Skeleton	He fell foul of the fowl.
object	12248	Skeleton	The chicken's pecked him clean.
object	12253	Tunnel entrance	How am I going to get down there?
object	12254	Tunnel entrance	I guess I need to climb down.
object	12255	Rope	I hope this holds!
object	12256	Nest	Will those eggs become baby chicks?
object	12257	Dragon egg	Must have been laid by one of those dragons.
object	12258	Dragonfire	Hot!
object	12259	Nest	The nest of evil!
object	12260	Portal	Will this take me home?
object	12262	Trapdoor	It probably leads to some sort of cellar.
object	12263	Trapdoor	What mysteries lie below?
object	12264	Ladder	An oak ladder.
object	12265	Cellar stairs	Old wooden steps.
object	12267	Trapdoor	What evil lurks below?
object	12268	Open trapdoor	Rickety wooden steps lead down into the lair of evil.
object	12269	Stove	Hmmmm...home cooking.
object	12279	Sink	Wash your hands!
object	12280	Large Table	A nice sturdy looking table.
object	12281	Small Table	A small wooden table.
object	12282	Bookcase	How to be evil and influence people.
object	12293	Grandfather clock	Tick tock.
object	12301	Candles	Little candles flickering.
object	12302	Candles	Little candles flickering.
object	12309	Chest	It's open.
object	12310	Chair	Someone should be sitting here.
object	12311	Chair	Someone should be sitting here.
object	12312	Chair	Suitable for one.
object	12313	Chair	Suitable for one.
object	12314	Banquet table	A very large banquet table stacked with food.
object	12315	Banquet table	A very large banquet table stacked with food.
object	12316	Banquet table	A very large banquet table stacked with food.
object	12317	Banquet table	A very large banquet table stacked with food.
object	12318	Chair	It's a seat!
object	12319	Chair	It's a seat!
object	12320	Pirate Pete	He's been frozen in time.
object	12321	Dwarf	He's been frozen in time.
object	12322	General Wartface	He's been frozen in time.
object	12323	General Bentnoze	He's been frozen in time.
object	12324	Lumbridge Guide	He's been frozen in time.
object	12325	Evil Dave	He's been frozen in time.
object	12326	Sir Amik Varze	He's been frozen in time.
object	12327	Awowogei	He's been frozen in time.
object	12328	Skrach Uglogwee	He's been frozen in time.
object	12330	Dwarf	He's been frozen in time.
object	12332	General Wartface	He's been frozen in time.
object	12334	General Bentnoze	He's been frozen in time.
object	12337	Pirate Pete	He's been frozen in time.
object	12339	Lumbridge Guide	He's been frozen in time.
object	12341	Evil Dave	He's been frozen in time.
object	12343	Skrach Uglogwee	He's been frozen in time.
object	12345	Sir Amik Varze	He's been frozen in time.
object	12347	Awowogei	He's been frozen in time.
object	12348	Door	An ornate-fashioned door.
object	12349	Large door	A large double door.
object	12350	Large door	A large double door.
object	12351	Barrier	Some kind of strange time barrier.
object	12352	Barrier	Some kind of strange time barrier.
object	12353	Barrier	Some kind of strange time barrier.
object	12355	Portal	A portal to a mystical place...
object	12356	Portal	A portal out of this mystical place...
object	12386	Table	A large crudely built table.
object	12387	Table	Definite proof that cooking and gunpowder don't mix.
object	12388	Table	A large table now covered in soot.
object	12389	Ladder	What horrors lie below?
object	12390	Ladder	It's the ladder I came in here by.
object	12391	Ladder	Fortunately this has survived better than most of the kitchen.
object	12392	Sacks	I'm not sure I want to know what goblins keep in their kitchens.
object	12393	Sacks	They're covered in a thick layer of soot.
object	12394	Sack Pile	Stacks and stacks of sacks.
object	12395	Sack Pile	Stacks and stacks of soot covered sacks.
object	12396	Sack	A large empty sack.
object	12399	Sack	It's empty, apart from the explosion debris covering everything now.
object	12400	Cauldron	The bottom of this cauldron is suprisingly blackened, even for a cauldron.
object	12401	Cauldron	I don't think Cauldrons are supposed to bounce around like that.
object	12402	Explosion	This could be considered to be a bad thing!
object	12403	Shelves	These shelves are suprisingly tidy for a goblin.  It can't last.
object	12404	Shelves	They're not going to be very useful for keeping things on now.
object	12405	Cupboard	The doors don't seem to stay shut properly.
object	12406	Cupboard	When I got there the cupboard was bare.  Even the doors had been blown off.
object	12407	Stool	A little three legged stool.
object	12408	Stool	It's a two legged stool now.  Apparently it doesn't work very well.
object	12409	Stool	It's a two legged stool now.  Apparently it doesn't work very well.
object	12410	Saucepan	A pan with a stereotype.  I'm sure it could be used for other things.
object	12411	Saucepan	Mmmm, soot flavoured sauce. Lovely!
object	12412	Rolling pin	It's not rolling, it's just sitting there.
object	12413	Rolling pin	It would probably crumble if you tried to roll anything with it.
object	12414	Spork	Cutlery with an identity crisis.
object	12415	Spork	Cutlery with an identity crisis.
object	12434	Barrel	An empty wooden barrel.
object	12435	Barrel	An empty wooden barrel.
object	12440	Stool	Good for sitting on.
object	12442	Crate	A large wooden box.
object	12443	Crate	A neatly stacked pair of crates.
object	12444	Door	The door is closed.
object	12445	Door	The door is open.
object	12446	Large door	A large double door.
object	12447	Large door	A large double door.
object	12448	Large door	A large double door.
object	12449	Large door	A large double door.
object	12450	Table	A rough wooden table.
object	12451	Chest	I wonder what's inside?
object	12452	Chest	I wonder what's inside?
object	12453	Skulls	It's not quite the same as flower arranging.
object	12460	Underwater Cavern Entrance	Ze underwater cave entrance. I ask myself, where will it lead?
object	12461	Underwater Cavern Entrance	Ze underwater cave entrance. I ask myself, where will it lead?
object	12462	Underwater Cavern Entrance	Ze underwater cave exit, leading me to another underwater adventure.
object	12463	Underwater Cavern Entrance	Ze underwater cave exit, leading me to another underwater adventure.
object	12467	Pen Door	Ze pen door, a wonderful example of ze underwater craftsmanship.
object	12468	Pen Door	Ze pen door, a wonderful example of ze underwater craftsmanship.
object	12474	Anchor	It looks slippy but I think you can climb this.
object	12475	Anchor	It looks slippy but I think you can climb this.
object	12476	Anchor	Ze anchor chain, linking me with zis underwater paradise.
object	12477	Kelp	Those leaves look useful!
object	12478	Kelp	Those leaves look useful!
object	12479	Coral Reef	The perfect place for coral to grow.
object	12480	Coral	The perfect place for coral to grow.
object	12481	Coral	The perfect place for coral to grow.
object	12482	Coral	The perfect place for coral to grow.
object	12483	Coral	The perfect place for coral to grow.
object	12484	Coral	The perfect place for coral to grow.
object	12485	Coral	The perfect place for coral to grow.
object	12486	Coral	The perfect place for coral to grow.
object	12487	Coral	The perfect place for coral to grow.
object	12488	Coral	The perfect place for coral to grow.
object	12489	Coral	This is called Elkhorn Coral.
object	12490	Coral	This is called Elkhorn Coral.
object	12491	Coral	This is called Elkhorn Coral.
object	12492	Coral	This is called Elkhorn Coral.
object	12493	Coral	This is called Elkhorn Coral.
object	12494	Coral	This is called Elkhorn Coral.
object	12495	Coral	This is called Elkhorn Coral.
object	12496	Coral	This is called Elkhorn Coral.
object	12497	Coral	This is called Elkhorn Coral.
object	12498	Coral	This is called Elkhorn Coral.
object	12499	Coral Reef	A type of lace coral.
object	12500	Coral	A type of lace coral.
object	12501	Coral	A type of lace coral.
object	12502	Coral	A type of lace coral.
object	12503	Coral	A type of lace coral.
object	12504	Coral	A type of lace coral.
object	12505	Coral	A type of lace coral.
object	12506	Coral	A type of lace coral.
object	12507	Coral	A type of lace coral.
object	12508	Coral	A type of lace coral.
object	12509	Coral Reef	Coral is made up of millions of organisms.
object	12510	Coral	Coral is made up of millions of organisms.
object	12511	Coral	Coral is made up of millions of organisms.
object	12512	Coral	Coral is made up of millions of organisms.
object	12513	Coral	Coral is made up of millions of organisms.
object	12514	Coral	Coral is made up of millions of organisms.
object	12515	Coral	Coral is made up of millions of organisms.
object	12516	Coral	Coral is made up of millions of organisms.
object	12517	Coral	Coral is made up of millions of organisms.
object	12518	Coral	Coral is made up of millions of organisms.
object	12519	Coral	Bonaire-Flower Coral...It's rare!
object	12520	Coral Reef	Pollution is rapidly destroying coral reefs.
object	12521	Coral	Pollution is rapidly destroying coral reefs.
object	12522	Coral	Pollution is rapidly destroying coral reefs.
object	12523	Coral	Pollution is rapidly destroying coral reefs.
object	12524	Coral	Pollution is rapidly destroying coral reefs.
object	12525	Coral	Pollution is rapidly destroying coral reefs.
object	12526	Coral	Pollution is rapidly destroying coral reefs.
object	12527	Coral	Pollution is rapidly destroying coral reefs.
object	12528	Coral	Pollution is rapidly destroying coral reefs.
object	12529	Coral	Pollution is rapidly destroying coral reefs.
object	12530	Anchor	I bet the boats gone missing...
object	12531	Bubbles	Precious oxygen...escaping...
object	12536	Staircase	I can climb up these stairs.
object	12537	Staircase	I can climb these stairs.
object	12538	Staircase	I can climb down these stairs.
object	12539	Bookcase	A good source of books!
object	12540	Bookcase	A good source of books!
object	12541	Table	For putting things on.
object	12543	Large table	A nice sturdy-looking table.
object	12544	Table	A small wooden table.
object	12545	Boxes	Small wooden boxes.
object	12546	Crate	A wooden crate.
object	12547	Crate	A wooden crate.
object	12548	Crates	Some wooden crates.
object	12550	Old tree	A large old tree.
object	12551	Old tree	A large old tree.
object	12552	Old tree	A large old tree, pushed over by Rantz.
object	12553	Old tree	A large old tree that's been felled, with the roots cut off.
object	12554	Crude boat	A very crude boat, made from an old tree.
object	12555	Roots	The roots of a large old tree.
object	12556	Rock and string	The rock the inflated toad was tied to.
object	12557	Rock and string	The rock the inflated toad was tied to.
object	12559	Tree	A small palm tree.
object	12560	Tree	A small palm tree with an ogre arrow in it.
object	12561	Ogre spit-roast	Useful for ogre dinners.
object	12562	Ogre spit-roast	Useful for ogre dinners.
object	12563	Ogre spit-roast	Useful for ogre dinners.
object	12564	Pile of Rock	A pile of rock.
object	12565	Pile of Rock	A pile of rock.
object	12566	Pile of Rock	A pile of rock.
object	12567	Pile of Rock	A pile of rock.
object	12568	Stepping stone	A very slippery stepping stone.
object	12569	Temp Stone 4 Zip	A very slippery stepping stone.
object	12570	Tropical tree	A terribly tall tropical tree.
object	12571	Tropical tree	A terribly tall tropical tree.
object	12572	Tropical tree	A terribly tall tropical tree.
object	12573	Monkeybars	I can traverse these.
object	12575	Monkeybars	I can traverse these.
object	12576	Skull slope	A climbing wall made from skulls.
object	12578	Rope	For swinging on.
object	12579	Tropical tree	A terribly tall tropical tree.
object	12580	Tropical tree	A terribly tall tropical tree.
object	12581	Hole	A vine-choked hole.
object	12589	Rock	A Rock.
object	12590	Rock	A Rock.
object	12594	Snake	A Snake.
object	12595	Snake	A Snake.
object	12596	Snake	A Snake.
object	12597	Hole	A hole.
object	12598	Snake	A Snake.
object	12599	Snake	A Snake.
object	12600	Snake	A Snake.
object	12601	Rope	There's a hole in the roof!
object	12602	Pit	A hole in the ground.
object	12603	Tchiki Monkey Nut Bush	This bush seems to glow in the dim light of the cave.
object	12604	Strange Banana Tree	This banana tree has a strange reddish hue on the leaves.
object	12605	Light	This thin shaft of light is all the Tchiki Monkey Nut bush needs to grow.
object	12606	Banana tree	A Banana Tree.
object	12607	Banana tree	A Banana Tree.
object	12608	Red Banana Tree	A Banana Tree.
object	12609	Red Banana Tree	A Banana Tree.
object	12615	Bush	A Bush with monkey nuts growing on it.
object	12616	Exit	I can see the surface.
object	12617	Exit	A way out.
object	12618	Tropical tree	A terribly tall tropical tree.
object	12622	Vine	A vine.
object	12627	Tropical tree	A terribly tall tropical tree.
object	12634	Rock	It's a long, hot rock.
object	12635	Rock	It's a rock with a dead snake on.
object	12636	Rock	It's a rock with a dead, burnt snake on.
object	12637	Rock	It's a rock with a cooked snake on. Smells good...
object	12657	Exit	I can get out this way.
object	12661	Signpost	Entrance to the monkey agility arena.
object	12683	Bridge	Bridge Corner
object	12684	Bridge	Bridge Corner
object	12711	Grave	A recently filled in grave.
object	12712	Grave	A recently filled in grave.
object	12713	Grave	A recently filled in grave.
object	12714	Grave	A recently filled in grave.
object	12715	Grave	A recently filled in grave.
object	12716	Gravestone	This will show me who is supposed to go here.
object	12717	Gravestone	This will show me who is supposed to go here.
object	12718	Gravestone	This will show me who is supposed to go here.
object	12719	Gravestone	This will show me who is supposed to go here.
object	12720	Gravestone	This will show me who is supposed to go here.
object	12721	Grave	A grave with a coffin in.
object	12722	Grave	A grave with a coffin in.
object	12723	Grave	A grave with a coffin in.
object	12724	Grave	A grave with a coffin in.
object	12725	Grave	A grave with a coffin in.
object	12726	Grave	An empty grave.
object	12727	Grave	An empty grave.
object	12728	Grave	An empty grave.
object	12729	Grave	An empty grave.
object	12730	Grave	An empty grave.
object	12731	Mausoleum	Not the best place to live.
object	12732	Dead tree	This tree has long been dead.
object	12733	Tree stump	This tree has been cut down.
object	12734	Table	Rickety table with signs of recent gambling among the remains of past meals.
object	12735	Closed chest	I wonder what's inside.
object	12736	Open chest	Perhaps I should search it.
object	12737	Broken down wall	A broken down wall.
object	12739	Rubble	This rubble is covering a trapdoor.
object	12740	Rubble	This rubble is covering a trapdoor.
object	12741	Fallen Wall	A fallen down wall.
object	12742	Rubble	Broken parts of an old wall.
object	12744	Trapdoor	I wonder what's under it?
object	12745	Trapdoor	I wonder what's down there?
object	12746	Rubble	A pile of rubble.
object	12747	Pile of rubble.	Just a bit pile of rubble, probably from the fallen down building which surrounds you.
object	12748	Ladder	I can climb this.
object	12749	Rubble Pile	Looks like the locals dump their rubble here.
object	12750	Plaque	You seem to make out some writing.
object	12761	Door	A rotten looking door.
object	12763	Trapdoor	Where does this go?
object	12764	Ladder	I can climb this.
object	12765	Keyhole	I wonder where this goes.
object	12766	Bookcase	A collection of rare books.
object	12767	Bookcase	A collection of rare books.
object	12768	Closed chest	I wonder what's inside.
object	12769	Open chest	Perhaps I should search it.
object	12770	Cave entrance	A small cave entrance.
object	12771	Cave entrance	A small cave entrance.
object	12773	Wooden boards	This cave has been boarded up.
object	12774	Rock	A rock under the surface of the sea.
object	12775	Marius	A bed-ridden man.
object	12776	Low fence	Looks slightly lower than the rest, perhaps you can jump it?
object	12777	Trapdoor	A wooden trapdoor.
object	12778	Trapdoor	This leads to the basement.
object	12779	Ladder	I can climb this.
object	12780	Ladder	A wooden ladder.
object	12781	Ladder	A wooden ladder.
object	12782	Broken Roof	This is the source of the leak.
object	12783	Repaired roof	Hopefully this should stop the leak.
object	12784	Bucket	It's catching the leaking water from the roof.
object	12785	Bucket	It's catching the leaking water from the roof.
object	12786	Repaired wall	This wall has been repaired with wood.
object	12787	Damaged wall	This wall really needs repairing.
object	12788	Empty Crate	An empty wooden crate.
object	12789	Empty Crate	An empty wooden crate.
object	12790	Empty Crate	An empty wooden crate.
object	12791	Empty Crate	An empty wooden crate.
object	12792	Shelves	There are some tinderboxes on these shelves.
object	12793	Shelves	There are some axes on these shelves.
object	12794	Shelves	There are some snails on these shelves.
object	12796	Fire	Come bask in the fire's warm glowing warming glow.
object	12798	Bank Booth	This bank booth has been recently repaired.
object	12799	Bank Booth	This bank booth could probably be repaired.
object	12800	Bank Booth	This bank booth is too damaged to use.
object	12801	Bank Booth	This bank booth is too damaged to use.
object	12802	Tomb	The resting place of an ancient warrior of Morytania.
object	12804	Barrel	It looks a tad bloody...
object	12806	Broken furnace	An old and broken furnace, there is a huge hole in the steel hood.
object	12807	Repaired furnace	This furnace has been repaired with some steel panels, but it has no fuel.
object	12808	Repaired furnace	The furnace has been repaired and has some coal in it.
object	12809	Furnace	A repaired furnace, hot and ready for action.
object	12812	Rubble	Hardened earth, with bits of rock in it, not easy to move.
object	12813	Rubble	Hardened earth, with bits of rock in it, not easy to move, slightly broken up.
object	12814	Rubble	Hardened earth, with bits of rock in it, not easy to move, partially broken up.
object	12815	Rubble	Hard rubble reduced to small pieces, it's quite dusty and not easy to move.
object	12816	Gate	A wooden gate.
object	12817	Gate	A wooden gate.
object	12818	Gate	A wooden gate.
object	12820	Exit path	A path leading out of this swampy dead end.
object	12844	Pile of bricks	A veritable pile of bricks.
object	12855	Table	It's a bit broken.
object	12856	Store door	A door barely hanging onto it's hinges.
object	12857	Bar pumps	Actually, I could do with a drink...never mind...I wasn't thirsty anyway.
object	12872	Trapdoor	Where does this go?
object	12873	Bookcase	A collection of rare books.
object	12874	Crate	A wooden crate.
object	12875	Wheelbarrow	A wooden wheelbarrow.
object	12876	Crate	For storage.
object	12877	Crates	Some wooden crates.
object	12878	Boxes	Some wooden boxes.
object	12879	Crate	A wooden crate.
object	12880	Bed	It's a bed!
object	12881	Bookcase	A rotten and decrepid book case.
object	12882	Bookcase	A rotten and decrepid book case.
object	12883	Bookcase	Theres nothing here.
object	12884	Table	Generally used for putting things on.
object	12885	Chair	The ideal thing to sit on.
object	12886	Chair	The ideal thing to sit on.
object	12887	Chair	This needs dusting before I'll sit on it.
object	12888	Chair	This needs dusting before I'll sit on it.
object	12889	Smashed chair	Not so good for sitting on.
object	12890	Barrel	A wooden barrel for storage.
object	12891	Barrel	A wooden barrel for storage.
object	12892	Small Table	A small wooden table.
object	12893	Shelves	There's nothing on these shelves.
object	12894	Tree Stump	Cut down to feed the furnace.
object	12895	Tree	It doesn't look healthy...
object	12896	Tree	It doesn't look healthy...
object	12897	Well	It smells stagnant.
object	12906	Ladder	A wooden ladder.
object	12907	Ladder	A wooden ladder.
object	12933	Counter	Items are for sale here.
object	12941	Mineral vein	A distinctive layer in the rock strata.
object	12942	Mineral vein	A distinctive layer in the rock strata.
object	12943	Mineral vein	A distinctive layer in the rock strata.
object	12944	Boat	It's not a schooner, it's a sailboat.
object	12961	Crate	A wooden crate.
object	12962	Table	A table.
object	12963	Crate	A wooden crate.
object	12964	Ladder	I can climb this.
object	12965	Ladder	I can climb this.
object	12966	Ladder	I can climb down this.
object	12967	Barrel	A wooden barrel for storage.
object	12968	Barrel	A wooden barrel for storage.
object	12969	Cooking pot	Something is cooking nicely here.
object	12970	Bed	A well slept in bed.
object	12971	Table	A table.
object	12972	Table	It's a small table.
object	12973	Chair	Good for sitting on.
object	12974	Sink	After working with livestock, why not wash your hands?
object	12977	Crate	A wooden crate.
object	12978	Crate	A wooden crate.
object	12979	Rocking chair	This chair rocks
object	12980	Shelves	Storage for all needs.
object	12981	Hat stand	A stand for hats!
object	12982	Stile	I can climb over the fence with this.
object	12986	Gate	A wooden gate.
object	12987	Gate	A wooden gate.
object	12988	Gate	A wooden gate.
object	12989	Gate	A wooden gate.
object	13001	Door	The door is closed.
object	13002	Door	The door is open.
object	13003	Closed chest	I wonder what's inside.
object	13004	Open chest	Perhaps I should search it.
object	13006	Door	A desert door.
object	13007	Door	A desert door.
object	13008	Door	A desert door.
object	13009	Door	A desert door.
object	13015	Door	A timber door.
object	13016	Door	A timber door.
object	13017	Door	A timber door.
object	13018	Door	A timber door.
object	13094	Large door	A large double door.
object	13095	Large door	A large double door.
object	13096	Large door	A large double door.
object	13097	Large door	A large double door.
object	13100	Door	A way in to the house.
object	13101	Door	A way in to the house.
object	13102	Door	A way in to the house.
object	13103	Door	A way in to the house.
object	13107	Door	I'm sure the animal is glad its fur was put to good use.
object	13108	Door	I'm sure the animal is glad its fur was put to good use.
object	13109	Door	I'm sure the animal is glad its fur was put to good use.
object	13110	Door	I'm sure the animal is glad its fur was put to good use.
object	13118	Door	A posh door.
object	13119	Door	A posh door.
object	13120	Door	A posh door.
object	13126	Boxing mat	A place to train unarmed combat with your friends.
object	13127	Boxing mat	A place to train unarmed combat with your friends.
object	13128	Boxing mat	A place to train unarmed combat with your friends.
object	13129	Boxing ring	A place to train unarmed combat with your friends.
object	13130	Boxing ring	A place to train unarmed combat with your friends.
object	13131	Boxing ring	A place to train unarmed combat with your friends.
object	13132	Boxing ring	A place to train unarmed combat with your friends.
object	13133	Fencing ring	A place to train weapon skills with your friends.
object	13134	Fencing ring	A place to train weapon skills with your friends.
object	13135	Fencing ring	A place to train weapon skills with your friends.
object	13136	Fencing ring	A place to train weapon skills with your friends.
object	13137	Combat ring	Anything-goes combat in here!
object	13138	Combat ring	Anything-goes combat in here!
object	13139	Combat ring	Anything-goes combat in here!
object	13140	Combat ring	Anything-goes combat in here!
object	13141	Nothing	There's nothing there
object	13142	Balance beam	You should try to knock someone off.
object	13143	Balance beam	You should try to knock someone off.
object	13144	Balance beam	You should try to knock someone off.
object	13145	Magic barrier	To stop you from stepping out of the ranging spot.
object	13146	Magic barrier	To stop you from stepping out of the ranging spot.
object	13147	Ranging spot	Stand here to fight with projectiles or spells.
object	13148	Bed	Great for sleeping in.
object	13149	Bed	Great for sleeping in.
object	13150	Bed	Great for sleeping in.
object	13151	Bed	Great for sleeping in.
object	13152	Bed	Great for sleeping in.
object	13153	Bed	Great for sleeping in.
object	13154	Bed	Great for sleeping in.
object	13155	Shoe box	A place to keep your shoes.
object	13156	Oak drawers	A place to keep all your clothes.
object	13157	Oak wardrobe	A place to keep all your clothes.
object	13158	Teak drawers	A place to keep all your clothes.
object	13159	Teak wardrobe	A place to keep all your clothes.
object	13160	Mahogany Wardrobe	A place to keep all your clothes.
object	13161	Gilded wardrobe	A place to keep all your clothes.
object	13162	Shaving stand	To get a close look at your chin.
object	13163	Shaving stand	To help you shave.
object	13164	Dresser	To help you do your hair.
object	13165	Dresser	To help you do your hair.
object	13166	Dresser	To help you do your hair.
object	13167	Dresser	To help you do your hair.
object	13168	Dresser	To help you do your hair.
object	13169	Clock	No little mouse to be seen.
object	13170	Clock	No little mouse to be seen.
object	13171	Clock	No little mouse to be seen.
object	13172	Symbol of Saradomin	The holy symbol of the god of light.
object	13173	Symbol of Zamorak	The holy symbol of the god of chaos.
object	13174	Symbol of Guthix	The holy symbol of the god of balance.
object	13175	Icon of Saradomin	The golden star reminds you of the glory of Saradomin.
object	13176	Icon of Zamorak	A fitting symbol of the bloodthirsty Zamorak!
object	13177	Icon of Guthix	A serene icon to the lord of balance.
object	13178	Icon of Bob	An icon of the mysterious Bob.
object	13179	Altar	An oak altar with a symbol of Saradomin.
object	13180	Altar	An oak altar with a symbol of Zamorak.
object	13181	Altar	An oak altar with a symbol of Guthix.
object	13182	Altar	A teak altar with a symbol of Saradomin.
object	13183	Altar	A teak altar with a symbol of Zamorak.
object	13184	Altar	A teak altar with a symbol of Guthix.
object	13185	Altar	A cloth-covered teak altar with a symbol of Saradomin.
object	13186	Altar	A cloth-covered teak altar with a symbol of Zamorak.
object	13187	Altar	A cloth-covered teak altar with a symbol of Guthix.
object	13188	Altar	A mahogany altar with a symbol of Saradomin.
object	13189	Altar	A mahogany altar with a symbol of Zamorak.
object	13190	Altar	A mahogany altar with a symbol of Guthix.
object	13191	Altar	A limestone altar with a symbol of Saradomin.
object	13192	Altar	A limestone altar with a symbol of Zamorak.
object	13193	Altar	A limestone altar with a symbol of Guthix.
object	13194	Altar	A marble altar with a symbol of Saradomin.
object	13195	Altar	A marble altar with a symbol of Zamorak.
object	13196	Altar	A marble altar with a symbol of Guthix.
object	13197	Altar	A gilded marble altar with a symbol of Saradomin.
object	13198	Altar	A gilded marble altar with a symbol of Zamorak.
object	13199	Altar	A gilded marble altar with a symbol of Guthix.
object	13200	Torch	The smoke goes up to the gods.
object	13201	Torch	The smoke goes up to the gods.
object	13202	Torch	The smoke goes up to the gods.
object	13203	Torch	The smoke goes up to the gods.
object	13204	Torch	The smoke goes up to the gods.
object	13205	Torch	The smoke goes up to the gods.
object	13206	Torch	The smoke goes up to the gods.
object	13207	Torch	The smoke goes up to the gods.
object	13208	Incense burner	The smoke goes up to the gods.
object	13209	Incense burner	The smoke goes up to the gods.
object	13210	Incense burner	The smoke goes up to the gods.
object	13211	Incense burner	The smoke goes up to the gods.
object	13212	Incense burner	The smoke goes up to the gods.
object	13213	Incense burner	The smoke goes up to the gods.
object	13214	Windchimes	They tinkle delightfully.
object	13215	Bells	Oh, from out the sounding cells, what a gush of euphony voluminously wells!
object	13216	Organ	A delightful sound.
object	13217	Shuttered window	A basic chapel window.
object	13218	Decorative window	What nice shapes you can make out of glass!
object	13219	Stained-glass window	It fills the room with coloured light.
object	13220	Decorative window	What nice shapes you can make out of glass!
object	13221	Stained-glass window	It fills the room with coloured light.
object	13222	Decorative window	What nice shapes you can make out of glass!
object	13223	Stained-glass window	It fills the room with coloured light.
object	13224	Decorative window	What nice shapes you can make out of glass!
object	13225	Stained-glass window	It fills the room with coloured light.
object	13226	Shuttered window	A basic chapel window.
object	13227	Decorative window	What nice shapes you can make out of glass!
object	13228	Stained-glass window	It fills the room with coloured light.
object	13229	Decorative window	What nice shapes you can make out of glass!
object	13230	Stained-glass window	It fills the room with coloured light.
object	13231	Decorative window	What nice shapes you can make out of glass!
object	13232	Stained-glass window	It fills the room with coloured light.
object	13233	Decorative window	What nice shapes you can make out of glass!
object	13234	Stained-glass window	It fills the room with coloured light.
object	13235	Shuttered window	A basic chapel window.
object	13236	Decorative window	What nice shapes you can make out of glass!
object	13237	Stained-glass window	It fills the room with coloured light.
object	13238	Decorative window	What nice shapes you can make out of glass!
object	13239	Stained-glass window	It fills the room with coloured light.
object	13240	Decorative window	What nice shapes you can make out of glass!
object	13241	Stained-glass window	It fills the room with coloured light.
object	13242	Decorative window	What nice shapes you can make out of glass!
object	13243	Stained-glass window	It fills the room with coloured light.
object	13244	Shuttered window	A basic chapel window.
object	13245	Decorative window	What nice shapes you can make out of glass!
object	13246	Stained-glass window	It fills the room with coloured light.
object	13247	Decorative window	What nice shapes you can make out of glass!
object	13248	Stained-glass window	It fills the room with coloured light.
object	13249	Decorative window	What nice shapes you can make out of glass!
object	13250	Stained-glass window	It fills the room with coloured light.
object	13251	Decorative window	What nice shapes you can make out of glass!
object	13252	Stained-glass window	It fills the room with coloured light.
object	13253	Shuttered window	A basic chapel window.
object	13254	Decorative window	What nice shapes you can make out of glass!
object	13255	Stained-glass window	It fills the room with coloured light.
object	13256	Decorative window	What nice shapes you can make out of glass!
object	13257	Stained-glass window	It fills the room with coloured light.
object	13258	Decorative window	What nice shapes you can make out of glass!
object	13259	Stained-glass window	It fills the room with coloured light.
object	13260	Decorative window	What nice shapes you can make out of glass!
object	13261	Stained-glass window	It fills the room with coloured light.
object	13262	Shuttered window	A basic chapel window.
object	13263	Decorative window	What nice shapes you can make out of glass!
object	13264	Stained-glass window	It fills the room with coloured light.
object	13265	Decorative window	What nice shapes you can make out of glass!
object	13266	Stained-glass window	It fills the room with coloured light.
object	13267	Decorative window	What nice shapes you can make out of glass!
object	13268	Stained-glass window	It fills the room with coloured light.
object	13269	Decorative window	What nice shapes you can make out of glass!
object	13270	Stained-glass window	It fills the room with coloured light.
object	13271	Statue	A saint of Saradomin from the days of old.
object	13272	Statue	One of Saradomin's holy angels.
object	13273	Statue	Saradomin, Lord of Light.
object	13274	Statue	A saint of Guthix from the days of old.
object	13275	Statue	One of Guthix's nature spirits.
object	13276	Statue	Guthix, Lord of Balance.
object	13277	Statue	A mighty saint of Zamorak.
object	13278	Statue	One of Zamorak's unholy demons.
object	13279	Statue	Zamorak, Lord of Chaos.
object	13280	Statue	A small statue of Bob as a kitten.
object	13281	Statue	OMG it's Bob the Jagex Cat!
object	13282	Statue	The great Bob, Lord of Cats.
object	13283	Wooden crate	Is there treasure inside?
object	13284	Wooden crate	Is there treasure inside?
object	13285	Oak chest	Perhaps there is treasure inside!
object	13286	Oak chest	Perhaps there is treasure inside!
object	13287	Teak chest	There might possibly be treasure inside!
object	13288	Teak chest	There might possibly be treasure inside!
object	13289	Mahogany chest	There must surely be treasure in a chest this expensive!
object	13290	Mahogany chest	There must surely be treasure in a chest this expensive!
object	13291	Magic chest	Could the magic be guarding some treasure?
object	13292	Magic chest	Could the magic be guarding some treasure?
object	13293	Wooden table	A basic wooden dining table.
object	13294	Oak table	A basic oak dining table.
object	13295	Oak table	A nicely carved oak dining table.
object	13296	Teak table	A teak dining table.
object	13297	Teak table	A nicely carved teak dining table.
object	13298	Mahogany table	An expensive mahogany table.
object	13299	Opulent table	Marble and mahogany, ooh.
object	13300	Wooden bench	A basic wooden dining bench.
object	13301	Oak bench	A basic oak dining bench.
object	13302	Carved oak bench	A nice oak dining bench.
object	13303	Teak bench	A teak dining bench.
object	13304	Carved teak bench	A nice teak dining bench.
object	13305	Mahogany bench	A mahogany dining bench.
object	13306	Gilded bench	A very expensive dining bench.
object	13307	Rope bell-pull	Can summon your servant.
object	13308	Bell-pull	Can summon your servant.
object	13309	Posh bell-pull	Can summon your servant.
object	13310	Skeleton	A rather macabre decoration.
object	13311	Pipe	It doesn't go anywhere, it's just for show.
object	13312	Blood	Nothing makes a dungeon look ominous like some dried blood.
object	13313	Cage	Sturdy oak bars to keep prisoners in.
object	13314	Door	Sturdy oak bars to keep prisoners in.
object	13315	Door	Sturdy oak bars to keep prisoners in.
object	13316	Cage	Oak and steel bars to keep prisoners in.
object	13317	Door	Oak and steel bars to keep prisoners in.
object	13318	Door	Oak and steel bars to keep prisoners in.
object	13319	Cage	Steel bars to keep prisoners in.
object	13320	Door	Steel bars to keep prisoners in.
object	13321	Door	Steel bars to keep prisoners in.
object	13322	Cage	Steel bars with spikes!
object	13323	Door	Steel bars with spikes!
object	13324	Door	Steel bars with spikes!
object	13325	Cage	A cage of bones. How delightfully macabre.
object	13326	Door	A cage of bones. How delightfully macabre.
object	13327	Door	A cage of bones. How delightfully macabre.
object	13328	Ladder	An oak ladder.
object	13329	Ladder	A teak ladder.
object	13330	Ladder	A mahogany ladder.
object	13331	Slimy water	Yuck!
object	13332	Slimy water	Yuck!
object	13333	Slimy water	Yuck!
object	13334	Spikes	Ouch!
object	13335	Spikes	Ouch!
object	13336	Spikes	Ouch!
object	13337	Fire	Not very pleasant
object	13338	Floor	Invisible?
object	13339	Floor	Invisible?
object	13340	Floor	Invisible?
object	13341	Torch	Even a dungeon needs light!
object	13342	Candle	Even a dungeon needs light!
object	13343	Skull	Even a dungeon needs light!
object	13344	Door	A sturdy oak door.
object	13345	Door	A sturdy oak door.
object	13346	Door	A formidable steel door.
object	13347	Door	A formidable steel door.
object	13348	Door	Could anyone get through a solid marble door?
object	13349	Door	Could anyone get through a solid marble door?
object	13350	Door	A sturdy oak door.
object	13351	Door	A sturdy oak door.
object	13352	Door	A formidable steel door.
object	13353	Door	A formidable steel door.
object	13354	Door	Could anyone get through a solid marble door?
object	13355	Door	Could anyone get through a solid marble door?
object	13356	Spike trap	Watch out!
object	13357	Man trap	Watch out!
object	13358	Tangle vine	Watch out!
object	13359	Marble trap	Watch out!
object	13360	Teleport trap	Watch out!
object	13361	Spike hidden	Watch out!
object	13362	Man hidden	Watch out!
object	13363	Tangle hidden	Watch out!
object	13364	Marble hidden	Watch out!
object	13365	Teleport hidden	Watch out!
object	13366	Bones	A pet skeleton!
object	13367	Guard dog	Beware of the dog!
object	13368	Hobgoblin	He doesn't look very welcoming.
object	13369	Troll	A pet Troll!
object	13370	Huge Spider	No spider could get that big! It's unrealistic!
object	13371	Hellhound	Good doggie...
object	13372	Baby red dragon	Young but still dangerous.
object	13373	Rocnar	He's full of pent-up aggression.
object	13374	Kalphite Soldier	I don't think insect repellent will work...
object	13375	Steel dragon	Its scales are made of steel.
object	13376	Dagannoth	A darkened horror from the ocean depths...
object	13377	Tok-Xil	I don't like the look of those spines...
object	13378	Demon	A demon.
object	13379	Treasure Hunt Fairy House	Rub the mushroom's head and see what pops out!
object	13380	Treasure Hunt Fairy House	Rub the mushroom's head and see what pops out!
object	13381	Glove Rack	A place to hang your boxing gloves.
object	13382	Weapons Rack	Some equipment for practicing combat.
object	13383	Weapons Rack	Lots of equipment for practicing combat.
object	13384	Oak prize chest	Is there a prize?
object	13385	Oak prize chest	Is there a prize inside?
object	13386	Teak prize chest	Is there a prize?
object	13387	Teak prize chest	Is there a prize inside?
object	13388	Mahogany prize chest	Is there a prize?
object	13389	Mahogany prize chest	Is there a prize inside?
object	13390	Jacky Jester	A private jester.
object	13391	Jacky Jester	A private jester.
object	13392	Attack stone	See how much damage you can do to it!
object	13393	Attack stone	See how much damage you can do to it!
object	13394	Attack stone	See how much damage you can do to it!
object	13395	Elemental balance	You can practice your magic here.
object	13396	Elemental balance	You can practice your magic here.
object	13397	Elemental balance	You can practice your magic here.
object	13398	Stick	You can try to get a hoop over this.
object	13399	Stick and hoop	Someone hooped it!
object	13400	Dartboard	More humane than using an actual bull's eye.
object	13401	Dartboard	More humane than using an actual bull's eye.
object	13402	Archery target	Can you hit it?
object	13403	Archery target	Can you hit it?
object	13404	Hangman game	A letter-guessing game with a subtext of death.
object	13405	Portal	Use this to leave the house.
object	13406	Rock	Rocky!
object	13407	Pond	A home for tiny fish and frogs.
object	13408	Statue	What a naughty little imp!
object	13409	Dungeon entrance	What horrors lurk below?
object	13411	Tree	One of the most common trees in RuneScape.
object	13412	Tree	One of the most common trees in RuneScape.
object	13413	Oak tree	A beautiful oak tree.
object	13414	Willow tree	A lovely addition to the garden.
object	13415	Maple tree	A lovely addition to the garden.
object	13416	Yew tree	A lovely addition to the garden.
object	13417	Magic tree	The tree shimmers with a magical force.
object	13418	Tree	A lovely addition to the garden.
object	13419	Tree	A lovely addition to the garden.
object	13420	Oak Tree	A lovely addition to the garden.
object	13421	Willow Tree	A lovely addition to the garden.
object	13422	Yew tree	A lovely addition to the garden.
object	13423	Mapletree	A lovely addition to the garden.
object	13424	Magic tree	A fully grown Willow tree.
object	13425	Fern	A plant.
object	13426	Bush	A plant.
object	13427	Tall Plant	A plant.
object	13428	Short Plant	A plant.
object	13429	Large Leaf Plant	A plant.
object	13430	Big Large Leaf Plant	A plant.
object	13431	Plant	A plant.
object	13432	Fern	A plant.
object	13433	Fern	A plant.
object	13434	Dock Leaf	A plant.
object	13435	Thistle	A plant.
object	13436	Reeds	A plant.
object	13437	Orange flower	A little orange flower.
object	13438	Daffodils	Lonely as a cloud.
object	13439	Bluebells	The bluebells are coming!
object	13440	Orange flower	A little orange flower.
object	13441	Daffodils	Lonely as a cloud.
object	13442	Bluebells	The bluebells are coming!
object	13443	Sunflower	A great big sunny flower.
object	13444	Marigolds	Lovely flowers.
object	13445	Roses	They smell lovely.
object	13446	Sunflowers	Great big sunny flowers.
object	13447	Marigolds	Lovely flowers.
object	13448	Roses	They smell lovely.
object	13449	Boundary stones	They mark a square.
object	13450	Wooden fence	Would probably not stop a charging rhinoceros.
object	13451	Stone wall	Very rural.
object	13452	Iron railings	A little bleak.
object	13453	Picket fence	Marks the boundary of the garden.
object	13454	Garden fence	Just like in Varrock palace!
object	13455	Marble wall	Very posh!
object	13456	Hedge	Like a living wall.
object	13457	Hedge	Like a living wall.
object	13458	Hedge	Like a living wall.
object	13459	Hedge	Like a living wall.
object	13460	Hedge	Like a living wall.
object	13461	Hedge	Like a living wall.
object	13462	Hedge	Like a living wall.
object	13463	Hedge	Like a living wall.
object	13464	Hedge	Like a living wall.
object	13465	Hedge	Like a living wall.
object	13466	Hedge	Like a living wall.
object	13467	Hedge	Like a living wall.
object	13468	Hedge	Like a living wall.
object	13469	Hedge	Like a living wall.
object	13470	Hedge	Like a living wall.
object	13471	Hedge	Like a living wall.
object	13472	Hedge	Like a living wall.
object	13473	Hedge	Like a living wall.
object	13474	Hedge	Like a living wall.
object	13475	Hedge	Like a living wall.
object	13476	Hedge	Like a living wall.
object	13477	Gazebo	Run for it! It's a gazebo!
object	13478	Small fountain	Like a tiny private waterfall.
object	13479	Large fountain	A sculpture of flowing water.
object	13480	Ornamental fountain	Two little fishes forever spew water into the pond.
object	13481	Crawling hand	A trophy of a mighty slayer!
object	13482	Cockatrice head	A trophy of a mighty slayer!
object	13483	Basilisk head	A trophy of a mighty slayer!
object	13484	Kurask head	A trophy of a mighty slayer!
object	13485	Abyssal demon head	A trophy of a mighty slayer!
object	13486	KBD heads	A trophy of a mighty dragon-slayer!
object	13487	KQ head	A trophy of a mighty kalphite slayer!
object	13488	Mounted sea bass	A trophy of a master fisher.
object	13489	Mounted swordfish	A trophy of a master fisher.
object	13490	Mounted shark	A trophy of a master fisher.
object	13491	Mithril armour	The work of a master smith.
object	13492	Adamant armour	The work of a master smith.
object	13493	Rune armour	Only the finest smiths can work runite.
object	13494	Red Castlewars armour	Armour won by a great Castle Wars player.
object	13495	White Castlewars armour	Armour won by a great Castle Wars player.
object	13496	Gold Castlewars armour	Armour won by a great Castle Wars player.
object	13497	Staircase	I can climb these stairs.
object	13498	Staircase	They go down.
object	13499	Staircase	I can climb these stairs.
object	13500	Staircase	They go down.
object	13501	Staircase	I can climb these stairs.
object	13502	Staircase	They go down.
object	13503	Staircase	I can climb up or go down these stairs.
object	13504	Staircase	I can climb down these stairs.
object	13505	Staircase	I can climb up or go down these stairs.
object	13506	Staircase	I can climb down these stairs.
object	13507	Rune display case	Elemental runes made by a skilled runecrafter.
object	13508	Rune display case	Body, Cosmic, Chaos and Nature runes made by a skilled runecrafter.
object	13509	Rune display case	Law, Blood, Soul and Death runes made by a great runecrafter.
object	13510	Portrait	A portrait of King Arthur.
object	13511	Portrait	A portrait of Elena.
object	13512	Painting	A painting of the statue of King Alvis of Keldagrim.
object	13513	Portrait	A portrait of Prince Brand and Princess Astrid of Miscellania.
object	13514	Desert painting	The deserts of Kharidian.
object	13515	Isafdar painting	The exotic land of the Elves.
object	13516	Karamja painting	The tropical coast of Karamja.
object	13517	Lumbridge painting	Oxtable's famous painting of the Lumbridge water mill.
object	13518	Morytania painting	A painting of the spooky forests of Morytania.
object	13519	Silverlight	The great demon-slaying sword that killed Delrith.
object	13520	Darklight	The great demon-slaying sword that killed Delrith and Agrith Naar.
object	13521	Excalibur	The magical sword of King Arthur.
object	13522	Anti-Dragon Breath Shield	This shield protected a hero from the flames of the dragon Elvarg.
object	13523	Amulet of Glory	An Amulet of Glory, symbol of a member of the Heroes Guild.
object	13524	Cape of Legends	The pleated white cape of a member of the Legends Guild.
object	13525	Map	A map of Misthalin and Asgarnia.
object	13526	Map	A map of RuneScape.
object	13527	Map	A map of RuneScape including major cave systems.
object	13528	Firepit	A basic cooking fire.
object	13529	Firepit with hook	A cooking fire.
object	13530	Firepit with hook	A cooking fire with a kettle.
object	13531	Firepit with pot	A cooking fire with a pot.
object	13532	Firepit with pot	The pot and kettle get along fine.
object	13533	Small oven	You can bake bread here.
object	13534	Small Oven	You can bake bread here.
object	13535	Small oven	You can bake bread here.
object	13536	Large oven	You can cook pizza here.
object	13537	Large oven	You can cook pizza here.
object	13538	Large oven	You can cook pizza here.
object	13539	Iron range	You can cook here.
object	13540	Iron range	You can cook here.
object	13541	Iron range	You can cook here.
object	13542	Fancy range	You can cook here.
object	13543	Fnacy range	You can cook here.
object	13544	Fancy range	You can cook here.
object	13545	Shelves	Shelves full of kitchen utensils.
object	13546	Shelves	Shelves full of kitchen utensils.
object	13547	Shelves	Shelves full of kitchen utensils.
object	13548	Shelves	Shelves full of kitchen utensils.
object	13549	Shelves	Shelves full of kitchen utensils.
object	13550	Shelves	Shelves full of kitchen utensils.
object	13551	Shelves	Shelves full of kitchen utensils.
object	13552	Shelves	Shelves full of plates and tea cups.
object	13553	Shelves	Shelves full of plates and tea cups.
object	13554	Shelves	Shelves full of plates and tea cups.
object	13555	Shelves	Shelves full of plates and tea cups.
object	13556	Shelves	Shelves full of plates and tea cups.
object	13557	Shelves	Shelves full of plates and tea cups.
object	13558	Shelves	Shelves full of plates and tea cups.
object	13559	Pump and drain	Running water in your own home! Luxury!
object	13560	Pump and drain	Running water in your own home! Luxury!
object	13561	Pump and tub	Running water in your own home! Luxury!
object	13562	Pump and tub	Running water in your own home! Luxury!
object	13563	Sink	Running water in your own home! Luxury!
object	13564	Sink	Running water in your own home! Luxury!
object	13565	Larder	A wooden larder to keep food cool.
object	13566	Larder	An oak larder to keep food cool.
object	13567	Larder	A nicely carved oak larder to keep food cool.
object	13568	Beer barrel	It's got beer in it.
object	13569	Cider barrel	It's got beer in it.
object	13570	Asgarnian ale	An oak barrel of Asgarnian ale.
object	13571	Greenman's ale	An oak barrel of Greenman's ale.
object	13572	Dragon bitter	An oak barrel of Dragon Bitter.
object	13573	Chef's Delight	An oak barrel of Chef's Delight.
object	13574	Pet blanket	A place for your pet to sleep.
object	13575	Pet basket	Your pet would love to sleep here.
object	13576	Pet basket	A luxurious sleeping place for your pet.
object	13577	Wooden table	A basic wooden dining table.
object	13578	Oak table	A basic oak dining table.
object	13579	Teak table	A nice teak dining table.
object	13580	Pet blanket	A place for your pet to sleep.
object	13581	Chair	It's not the best chair but you think it would take your weight.
object	13582	Chair	The ideal thing to sit on.
object	13583	Chair	A comfortable seat.
object	13584	Chair	A comfortable seat.
object	13585	Chair	A comfortable seat.
object	13586	Chair	A comfortable seat.
object	13587	Chair	A comfortable seat.
object	13588	Rug	It's an ugly rug, but better than a bare floor.
object	13589	Rug	It's an ugly rug, but better than a bare floor.
object	13590	Rug	It's an ugly rug, but better than a bare floor.
object	13591	Rug	The handkerchief of giants!
object	13592	Rug	The handkerchief of giants!
object	13593	Rug	The handkerchief of giants!
object	13594	Rug	An opulent rug woven with gold leaf.
object	13595	Rug	An opulent rug woven with gold leaf.
object	13596	Rug	An opulent rug woven with gold leaf.
object	13597	Bookcase	A good source of books!
object	13598	Bookcase	A good source of books!
object	13599	Bookcase	A good source of books!
object	13600	Scroll rack	A good source of scrolls!
object	13601	Scroll rack	A good source of scrolls!
object	13602	Scroll rack	A good source of scrolls!
object	13603	Curtains	The curtain is open.
object	13604	Curtains	The curtain is open.
object	13605	Curtains	The curtain is open.
object	13606	Wall decoration	???
object	13607	Wall decoration	???
object	13608	Wall decoration	Your house logo in mahogany.
object	13609	Clay fireplace	You can light a fire here.
object	13610	Clay fireplace	A fire burns cosily in the grate.
object	13611	Limestone fireplace	You can light a fire here.
object	13612	Limestone fireplace	A fire burns cosily in the grate.
object	13613	Marble fireplace	You can light a fire here.
object	13614	Marble fireplace	A fire burns cosily in the grate.
object	13615	Varrock Portal	A gateway to Varrock
object	13616	Lumbridge Portal	A gateway to Lumbridge
object	13617	Falador Portal	A gateway to Falador
object	13618	Camelot Portal	A gateway to Camelot
object	13619	Ardougne Portal	A gateway to Ardougne
object	13620	Yanille Portal	A gateway to the Yanille watchtower
object	13621	Trollheim Portal	A gateway to Trollheim
object	13622	Varrock Portal	A gateway to Varrock
object	13623	Lumbridge Portal	A gateway to Lumbridge
object	13624	Falador Portal	A gateway to Falador
object	13625	Camelot Portal	A gateway to Camelot
object	13626	Ardougne Portal	A gateway to Ardougne
object	13627	Yanille Portal	A gateway to the Yanille watchtower
object	13628	Trollheim Portal	A gateway to Trollheim
object	13629	Varrock Portal	A gateway to Varrock
object	13630	Lumbridge Portal	A gateway to Lumbridge
object	13631	Falador Portal	A gateway to Falador
object	13632	Camelot Portal	A gateway to Camelot
object	13633	Ardougne Portal	A gateway to Ardougne
object	13634	Yanille Portal	A gateway to the Yanille watchtower
object	13635	Trollheim Portal	A gateway to Trollheim
object	13636	Portal frame	An un-directed teak portal frame.
object	13637	Portal frame	An un-directed mahogany portal frame.
object	13638	Portal frame	An un-directed marble portal frame.
object	13639	Scrying pool	It harnesses the power of something or other!
object	13640	Teleportation focus	It controls the portals.
object	13641	Greater teleport focus	It controls the portals.
object	13642	Lectern	A book full of arcane knowledge.
object	13643	Lectern	A book full of arcane knowledge.
object	13644	Lectern	A book full of arcane knowledge.
object	13645	Lectern	A book full of arcane knowledge.
object	13646	Lectern	A book full of arcane knowledge.
object	13647	Lectern	A book full of arcane knowledge.
object	13648	Lectern	A book full of arcane knowledge.
object	13649	Globe	A wooden planet of your very own.
object	13650	Ornamental globe	A wooden planet of your very own.
object	13651	Lunar globe	A wooden planet of your very own.
object	13652	Celestial globe	A wooden planet of your very own.
object	13653	Armillary sphere	A wooden planet of your very own.
object	13654	Small orrery	A wooden solar system of your very own.
object	13655	Large orrery	A wooden solar system of your very own.
object	13656	Telescope	Used for observing heavenly bodies.
object	13657	Telescope	Used for observing heavenly bodies.
object	13658	Telescope	Used for observing heavenly bodies.
object	13659	Crystal ball	Use an elemental staff on it.
object	13660	Elemental sphere	Use an elemental staff on it.
object	13661	Crystal of power	Use an elemental staff on it.
object	13662	Alchemical chart	If there's a recipe for the philosopher's stone there, you can't see it.
object	13663	Astronomical chart	If you want to look at the stars during the daytime, you can see them here!
object	13664	Infernal chart	A spotter's guide to demons.
object	13665	Throne	Sit here and rule all you survey.
object	13666	Throne	Sit here and rule all you survey.
object	13667	Throne	Sit here and rule all you survey.
object	13668	Throne	Sit here and rule all you survey.
object	13669	Throne	Sit here and rule all you survey.
object	13670	Throne	Sit here and rule all you survey.
object	13671	Throne	Sit here and rule all you survey.
object	13672	Lever	Pull this to activate your machinery of doom!
object	13673	Lever	Pull this to activate your machinery of doom!
object	13674	Lever	Pull this to activate your machinery of doom!
object	13675	Trapdoor	Go through this oak trapdoor to see the pit below your throne room.
object	13676	Trapdoor	Go through this teak trapdoor to see the pit below your throne room.
object	13677	Trapdoor	Go through this mahogany trapdoor to see the pit below your throne room.
object	13678	Trapdoor	Go through this oak trapdoor to see the pit below your throne room.
object	13679	Trapdoor	Go through this teak trapdoor to see the pit below your throne room.
object	13680	Trapdoor	Go through this mahogany trapdoor to see the pit below your throne room.
object	13681	Steel cage	Keeps your victims in place.
object	13682	Magic circle	Keeps your victims trapped.
object	13683	Greater magic circle	Keeps your victims trapped.
object	13684	Floor decoration	What could happen on this spot?
object	13685	Floor decoration	What could happen on this spot?
object	13686	Floor decoration	What could happen on this spot?
object	13687	Floor decoration	What could happen on this spot?
object	13688	Floor decoration	What could happen on this spot?
object	13689	Floor decoration	What could happen on this spot?
object	13690	Hanging	An elengant cloth hanging.
object	13691	Decoration	An opulent gold-and-mahogany decoration.
object	13692	Decoration	A magnificent gold-and-marble decoration.
object	13693	Decoration	A splendid stained-glass decoration.
object	13694	Teak bench	A nice teak ding bench.
object	13695	Mahogany bench	A mahogany bench.
object	13696	Gilded bench	A very expensive bench.
object	13697	Nothing	An eye-wrenching nexus of utter negation!
object	13698	Throne	An important looking chair.
object	13699	Tools	Hammer, chisel, saw and shears.
object	13700	Tools	Bucket, spade, tinderbox and knife.
object	13701	Tools	Needle, apron and glassblowing pipe.
object	13702	Tools	A selection of jewellery moulds.
object	13703	Tools	Farming tools.
object	13704	Workbench	You can make furniture here.
object	13705	Workbench	You can make furniture here.
object	13706	Workbench	You can make furniture here.
object	13707	Workbench	You can make furniture here.
object	13708	Workbench	You can make furniture here.
object	13709	Clockmaker's bench	You can do delicate crafting here.
object	13710	Clockmaker's bench	You can do delicate crafting here.
object	13711	Clockmaker's bench	You can do delicate crafting here.
object	13712	Clockmaker's bench	You can do delicate crafting here.
object	13713	Repair bench	You can repair broken staffs and arrows here.
object	13714	Whetstone	You can sharpen rusty swords here.
object	13715	Armour repair stand	You can repair armour here.
object	13716	Helmet pluming stand	You can add a plume to your helmet here.
object	13717	Painting stand	You can paint your logo onto your heraldic shield here.
object	13718	Banner making stand	You can make a banner with your logo on here.
object	13719	Stool	A wooden stool.
object	13720	Stool	An oak stool.
object	13721	Nothing	There's nothing there
object	13722	Nothing	There's nothing there
object	13723	Nothing	There's nothing there
object	13724	Nothing	There's nothing there
object	13726	Jacky Jester	A private jester.
object	13727	Jacky Jester	A private jester.
object	13734	Round shield	A shield with the symbol of Arrav.
object	13735	Round shield	A shield with the symbol of Asgarnia.
object	13736	Round shield	A shield with the symbol of the Dorgeshuun.
object	13737	Round shield	A shield with a dragon on it.
object	13738	Round shield	A shield with a fairy on it.
object	13739	Round shield	A shield with the symbol of Guthix.
object	13740	Round shield	A shield with the symbol of the HAM cult.
object	13741	Round shield	A shield with a picture of a mythical 'horse'.
object	13742	Round shield	A shield with a picture of a Jungle Ogre.
object	13743	Round shield	A shield with the symbol of Kandarin.
object	13744	Round shield	A shield with the symbol of Misthalin.
object	13745	Round shield	A shield with a picture of a money bag.
object	13746	Round shield	A shield with the symbol of Saradomin.
object	13747	Round shield	A shield with a picture of a skull.
object	13748	Round shield	A shield with the symbol of Varrock.
object	13749	Round shield	A shield with the symbol of Zamorak.
object	13750	Kite shield	A shield with the symbol of Arrav.
object	13751	Kite shield	A shield with the symbol of Asgarnia.
object	13752	Kite shield	A shield with the symbol of the Dorgeshuun.
object	13753	Kite shield	A shield with a picture of a dragon.
object	13754	Kite shield	A shield with a picture of a fairy.
object	13755	Kite shield	A shield with the symbol of Guthix.
object	13756	Kite shield	A shield with the symbol of the HAM cult.
object	13757	Kite shield	A shield with a picture of the mythical 'horse'.
object	13758	Kite shield	A shield with a picture of a Jungle Ogre.
object	13759	Kite shield	A shield with the symbol of Kandarin.
object	13760	Kite shield	A shield with the symbol of Misthalin.
object	13761	Kite shield	A shield with a picture of a money bag.
object	13762	Kite shield	A shield with the symbol of Saradomin.
object	13763	Kite shield	A shield with a picture of a skull.
object	13764	Kite shield	A shield with the symbol of Varrock.
object	13765	Kite shield	A shield with the symbol of Zamorak.
object	13766	Square shield	A shield with the symbol of Arrav.
object	13767	Square shield	A shield with the symbol of Asgarnia.
object	13768	Square shield	A shield with the symbol of the Dorgeshuun/
object	13769	Square shield	A shield with a picture of a dragon.
object	13770	Square shield	A shield with a picture of a fairy.
object	13771	Square shield	A shield with the symbol of Guthix.
object	13772	Square shield	A shield with the symbol of the HAM cult.
object	13773	Square shield	A shield with a picture of the mythical 'horse'.
object	13774	Square shield	A shield with a picture of a Jungle Ogre.
object	13775	Square shield	A shield with the symbol of Kandarin.
object	13776	Square shield	A shield with the symbol of Misthalin.
object	13777	Square shield	A shield with a picture of a money bag.
object	13778	Square shield	A shield with the symbol of Saradomin.
object	13779	Square shield	A shield with a picture of a skull.
object	13780	Square shield	A shield with the symbol of Varrock.
object	13781	Square shield	A shield with the symbol of Zamorak.
object	13782	Mahogany wall decoration	The symbol of Arrav.
object	13783	Mahogany wall decoration	The symbol of Asgarnia.
object	13784	Mahogany wall decoration	The symbol of the Dorgeshuun.
object	13785	Mahogany wall decoration	A picture of a dragon.
object	13786	Mahogany wall decoration	A picture of a fairy.
object	13787	Mahogany wall decoration	The symbol of Guthix.
object	13788	Mahogany wall decoration	The symbol of the HAM cult.
object	13789	Mahogany wall decoration	A picture of the mythical 'horse'.
object	13790	Mahogany wall decoration	A picture of a Jungle Ogre.
object	13791	Mahogany wall decoration	The symbol of Kandarin.
object	13792	Mahogany wall decoration	The symbol of Misthalin.
object	13793	Mahogany wall decoration	A picture of a bag of money.
object	13794	Mahogany wall decoration	The symbol of Saradomin.
object	13795	Mahogany wall decoration	A picture of a skull.
object	13796	Mahogany wall decoration	The symbol of Varrock.
object	13797	Mahogany wall decoration	The symbol of Zamorak.
object	13798	Oak wall decoration	The symbol of Arrav.
object	13799	Oak wall decoration	The symbol of Asgarnia.
object	13800	Oak wall decoration	The symbol of the Dorgeshuun.
object	13801	Oak wall decoration	A picture of a dragon.
object	13802	Oak wall decoration	A picture of a fairy.
object	13803	Oak wall decoration	The symbol of Guthix.
object	13804	Oak wall decoration	The symbol of the HAM cult.
object	13805	Oak wall decoration	A picture of the mythical 'horse'.
object	13806	Oak wall decoration	A picture of a Jungle Ogre.
object	13807	Oak wall decoration	The symbol of Kandarin.
object	13808	Oak wall decoration	The symbol of Misthalin.
object	13809	Oak wall decoration	A picture of a money bag.
object	13810	Oak wall decoration	The symbol of Saradomin.
object	13811	Oak wall decoration	A picture of a skull.
object	13812	Oak wall decoration	The symbol of Varrock.
object	13813	Oak wall decoration	The symbol of Zamorak.
object	13814	Teak wall decoration	The symbol of Arrav.
object	13815	Teak wall decoration	The symbol of Asgarnia.
object	13816	Teak wall decoration	The symbol of the Dorgeshuun.
object	13817	Teak wall decoration	A picture of a dragon.
object	13818	Teak wall decoration	A picture of a fairy.
object	13819	Teak wall decoration	The symbol of Guthix.
object	13820	Teak wall decoration	The symbol of the HAM cult.
object	13821	Teak wall decoration	A picture of the mythical 'horse'.
object	13822	Teak wall decoration	A picture of a Jungle Ogre.
object	13823	Teak wall decoration	The symbol of Kandarin.
object	13824	Teak wall decoration	The symbol of Misthalin.
object	13825	Teak wall decoration	A picture of a money bag.
object	13826	Teak wall decoration	The symbol of Saradomin.
object	13827	Teak wall decoration	A picture of a skull.
object	13828	Teak wall decoration	The symbol of Varrock.
object	13829	Teak wall decoration	The symbol of Zamorak.
object	13830	Window	This should have resolved!
object	13831	Path	A path leading out of this swampy dead end.
object	13832	Path	A path leading out of this swampy dead end.
object	13833	Path	A path leading out of Mort Myre, you'll be running away if you go down here.
object	13834	Broken bridge	I could mend this if I had some wood...
object	13835	Partially broken bridge	This bridge is partially broken.
object	13836	Sightly broken bridge	This bridge is slightly broken.
object	13837	Fixed bridge	This bridge can be traversed safely.
object	13838	Bog	Gloopy, sticky, muddy bog...
object	13839	Bog	Gloopy, sticky, muddy bog...
object	13840	Spiny bush	A bush made up of long slender branches.
object	13841	Row boat	I hope it doesn't sink.
object	13842	Ripples	Ripples.
object	13843	Swamp tree	Big swamp tree base.
object	13844	Swamp tree	Big swamp tree top.
object	13845	Swamp tree	Big swamp tree branch.
object	13846	Vine hanging from branch.	A long vine hanging from a branch.
object	13847	Swamp tree	Small swamp tree with vines.
object	13848	Swamp tree	Small swamp tree.
object	13849	Swamp tree	Small swamp tree.
object	13850	Swamp tree	Small swamp tree.
object	13864	Boat	It's our transport across the swamp.
object	13866	Path	A path leading out of this swampy dead end.
object	13867	Path	A path leading out of this swampy dead end.
object	13868	Path	A path leading out of this swampy dead end.
object	13869	Path	A path leading out of this swampy dead end.
object	13870	Path	A path leading out of this swampy dead end.
object	13871	Path	A path leading out of this swampy dead end, you'll be running away if you go down here.
object	13872	Backpack	An old backpack, it seems to be falling apart.
object	13873	Signpost	There's something written here...
object	13878	Exit	I think it's the way out.
object	13879	Exit	Get me out of here!
object	13881	Fire	Very hot!
object	13882	Exit	To the next area!
object	13891	Dark hole	A creepy hole.
object	13892	Dark hole	A creepy hole.
object	13893	Dark hole	A creepy hole.
object	13894	Dark hole	A creepy hole.
object	13895	Dark hole	A creepy hole.
object	13896	Dark hole	A creepy hole.
object	13899	Black hole	There's no way I'm going in there!
object	13900	Black hole	Doesn't look so scary now.
object	13901	Exit	My way back to the surface.
object	13904	Exit	The exit to the surface.
object	13913	Confusing door	Where does it lead?
object	13914	Confusing door	Where does it lead?
object	13915	Confusing door	Where does it lead?
object	13916	Confusing door	Where does it lead?
object	13917	Confusing door	Where does it lead?
object	13918	Confusing door	Where does it lead?
object	13919	Confusing door	Where does it lead?
object	13920	Confusing door	Where does it lead?
object	13921	Confusing door	Where does it lead?
object	13922	Confusing door	Where does it lead?
object	13923	Confusing door	Where does it lead?
object	13924	Confusing door	Where does it lead?
object	13925	Hole	What's that?
object	13932	Exit	I think it's the way out.
object	13933	Exit	I think it's the forward.
object	13938	Hope bridge	Does that really exist?
object	13939	Hope bridge	Does that really exist?
object	13940	Hope bridge	Does that really exist?
object	13941	Hope bridge	Does that really exist?
object	13942	Hope bridge	Does that really exist?
object	13943	Hope bridge	Does that really exist?
object	13944	Hope bridge	Does that really exist?
object	13945	Hope bridge	Does that really exist?
object	13946	Hope bridge	Does that really exist?
object	13947	Hope bridge	Does that really exist?
object	13948	Hope bridge	Does that really exist?
object	13949	Hope bridge	Does that really exist?
object	13950	Hope bridge	Does that really exist?
object	13951	Hope bridge	Does that really exist?
object	13952	Hope bridge	Does that really exist?
object	13953	Hope bridge	Does that really exist?
object	13954	Hope bridge	Does that really exist?
object	13955	Hope bridge	Does that really exist?
object	13956	Hope bridge	Does that really exist?
object	13957	Hope bridge	Does that really exist?
object	13958	Hope bridge	Does that really exist?
object	13959	Hope bridge	Does that really exist?
object	13960	Hope bridge	Does that really exist?
object	13961	Hope bridge	Does that really exist?
object	13967	Rift	Should I go down there?
object	13969	Rift	Should I go down there?
object	13970	Rift	I can use that rope now.
object	13971	Rift	Should I go down there?
object	13972	Rift	Should I go down there?
object	13973	Rift	Should I go down there?
object	13974	Rift	Should I go down there?
object	13975	Rift	Should I go down there?
object	13976	Rift	Should I go down there?
object	13977	Rift	Should I go down there?
object	13978	Rift	Should I go down there?
object	13979	Rift	Should I go down there?
object	13980	Rift	Should I go down there?
object	13994	Weapon rack	Oooo, sharp, pointy things!
object	13995	Weapon rack	Oooo, sharp, pointy things!
object	13996	Weapon rack	Oooo, sharp, pointy things!
object	13997	Weapon rack	Oooo, sharp, pointy things!
object	13998	Weapon rack	Oooo, sharp, pointy things!
object	13999	Rope	This will take me back to the surface.
object	14002	Warning sign	A sign warning of danger.
object	14003	Grass	Why do I never take time to look at the grass?
object	14005	Pot-boiler	Well, I have the logs in place, now to get something to boil.
object	14006	Pot-boiler	Covered in a thick layer of grease.
object	14007	Pot-boiler	I'm glad this isn't for dinner.
object	14008	Pot-boiler	This smells so very, very bad...
object	14009	Pot-boiler	It seems to have all boiled away.
object	14010	Wish-list	I should check this twice.
object	14011	Market stall	The wine merchant's stall.
object	14012	Market stall	The wine merchant's stall.
object	14013	Massive ribs	Now where can I find a litre of bbq sauce?
object	14016	Box of bones	Well, everybody needs a hobby.
object	14017	Box of bones	Full of dry bones.
object	14018	Bones	Maybe it was some kind of lizard?
object	14019	Bones	The remains of an ancient beast.
object	14020	Bones	I can't even begin to imagine what that was.
object	14021	Bones	Aww, small ancient beastie gone splat.
object	14022	Bones	I doubt it was cute when it was alive.
object	14023	Bones	What a waste of prayer xp!
object	14024	Bones	Looks scary, but it evidently wasn't tough enough.
object	14025	Bones	It might have once looked something like a human.
object	14026	Bones	The remains of an ancient beast.
object	14027	Bones	The remains of an ancient beast.
object	14028	Bones	Could this have been one of the ancient Dragonkin?
object	14029	Bones	Looks like it used to be some kind of reptile.
object	14030	Bones	I'm really glad it's dead.
object	14031	Bones	I'm really glad it's dead.
object	14032	Bones	The remains of an ancient beast.
object	14035	Fishing Contest Banner	It looks like a fishing contest is taking place through here.
object	14040	Bonzo's Table	A trophy and some scales... hmmm.
object	14041	Bonzo's Table	A table with fish on.
object	14043	Barrel	A wooden barrel containing lots of fish.
object	14044	Table	Generally used for putting things on.
object	14045	Bed	Jack's bed.
object	14049	Table	It has some sort of wooden fishing reward on.
object	14050	Chair	For sitting.
object	14051	Small Table	A small wooden table.
object	14163	Table	It's a small table.
object	14168	Easter bird perch.	This perch looks overloaded and underpaid!
object	14169	Pile of eggs	These chocolate eggs should keep the little people happy!
object	14170	Pile of eggs	These chocolate eggs should keep the little folk happy!
object	14171	Pile of eggs	These chocolate eggs should keep the little children happy!
object	14172	Pile of eggs	These chocolate eggs should keep the little kids happy!
object	14173	Speaker	It's flashing hypnotically and emitting a stream of rabbit noises.
object	14174	Speaker	It's flashing hypnotically and emitting a stream of rabbit noises.
object	14175	Chute	This chute looks like it's laying eggs!
object	14178	Chute	A way down.
object	14179	Light	There's a hole in the ceiling of the cave.
object	14196	Egg chute	There are no eggs here!
object	14197	Egg chute	An egg is sliding down.
object	14198	Egg chute	An egg is sliding down.
object	14199	Egg chute	An egg is sliding down.
object	14200	Egg chute	An egg is sliding down.
object	14201	Egg chute	An egg is sliding down.
object	14202	Egg chute	An egg is sliding down.
object	14203	Hole	So small only a rabbit could squeeze down.
object	14204	Mound	Looks like something is buried here.
object	14205	Mound	Looks like something is buried here.
object	14206	Mound	Looks like something is buried here.
object	14207	Mound	Looks like something is buried here.
object	14208	Mound	Looks like something is buried here.
object	14209	Mound	Looks like something is buried here.
object	14212	Wall	That should keep the monsters at bay.
object	14213	Wall	That should keep the monsters at bay.
object	14216	Wall	I can use ranged attacks over this wall.
object	14217	Wall	That should keep the monsters at bay for a little longer.
object	14218	Wall	It wont last much longer.
object	14219	Wall	It wont last much longer.
object	14220	Wall	It wont last much longer.
object	14221	Wall	It wont last much longer.
object	14224	Barricade	A protective barricade.
object	14225	Barricade	A protective barricade.
object	14226	Barricade	A protective barricade.
object	14227	Barricade	It's almost totally destroyed.
object	14228	Barricade	It's almost totally destroyed.
object	14229	Barricade	It's almost totally destroyed.
object	14230	Barricade	It's almost totally destroyed.
object	14231	Barricade	It's almost totally destroyed.
object	14232	Barricade	It's almost totally destroyed.
object	14233	Gate	A strong gate.
object	14234	Gate	A strong gate.
object	14235	Gate	A strong gate.
object	14236	Gate	A strong gate.
object	14237	Gate	It should keep the monsters at bay for a little longer.
object	14238	Gate	It should keep the monsters at bay for a little longer.
object	14239	Gate	It should keep the monsters at bay for a little longer.
object	14240	Gate	It should keep the monsters at bay for a little longer.
object	14241	Gate	It's almost totally destroyed.
object	14242	Gate	It's almost totally destroyed.
object	14243	Gate	It's almost totally destroyed.
object	14244	Gate	It's almost totally destroyed.
object	14245	Gate	It's almost totally destroyed.
object	14246	Gate	It's almost totally destroyed.
object	14247	Gate	It's almost totally destroyed.
object	14248	Gate	It's almost totally destroyed.
object	14258	Lander boat	Invaders! Looting!
object	14259	Lander boat	Invaders! Looting!
object	14260	Lander boat	Invaders! Looting!
object	14261	Lander boat	Invaders! Pillaging!
object	14262	Lander boat	Invaders! Plundering!
object	14263	Lander boat	Invaders! Looting!
object	14264	Lander boat	Invaders! Pillaging!
object	14265	Lander boat	Invaders! Plundering!
object	14266	Lander boat	Lander boat.
object	14267	Lander boat	Lander boat.
object	14268	Lander boat	Lander boat.
object	14269	Lander hatch	Lander boat hatch.
object	14283	Banner	The official banner of the Void Knights.
object	14296	Ladder	Now I can go anywhere... as long as it's up or down.
object	14304	Gangplank	Handy for boarding the ship.
object	14305	Gangplank	Handy for boarding the ship.
object	14306	Gangplank	Handy for boarding the ship.
object	14307	Gangplank	Handy for boarding the ship.
object	14308	Tree	One of the most common trees in RuneScape.
object	14309	Tree	A commonly found tree.
object	14314	Ladder	A ladder out of the lander craft.
object	14315	Gangplank	Handy for boarding the ship.
object	14335	Bones	Master portal bones.
object	14355	Pile of bricks	A veritable pile of bricks.
object	14356	Shelves	Storage.
object	14357	Shelves	Storage.
object	14358	Shelves	Storage.
object	14359	Shelves	Storage.
object	14360	Cauldron	I wonder what they're making?
object	14362	Charms	Trinkets and stuff.
object	14363	Table	Wooden table.
object	14364	Rocking chair	This chair rocks.
object	14366	Counter	Items are for sale here.
object	14367	Bank booth	The bank teller will serve you from here.
object	14368	Bank booth	The bank teller will not serve you from here.
object	14369	Crate	Cheaper than using a chest for storage.
object	14370	Crates	Produced by the Karamja Box Company.
object	14371	Boxes	Small wooden boxes.
object	14372	Crates	For storage.
object	14373	Blacksmith's tools	Various implements for working with metal.
object	14374	Barrel	A barrel full of ranging equipment.
object	14375	Shelves	Storage for all needs.
object	14376	Shelves	Storage for all needs.
object	14377	Shelves	Storage for all needs.
object	14378	Shelves	Storage for all needs.
object	14379	Shelves	Storage for all needs.
object	14381	Stool	A wooden stool.
object	14382	Bank chest	Objects are stored in here.
object	14415	Study desk	The ideal place to study.
object	14428	Fishing spot	I can see eels swimming in the lava.
object	14431	Rift	Should I go down there?
object	14434	Gas bubble	Looks like a bubble of gas to me.
object	14436	Cave entrance	There's a nasty stench of eggs coming from the cave.
object	14443	Mushroom	Not good for eating.
object	14444	Mushroom	Not good for eating.
object	14445	Mushroom	Not good for eating.
object	14446	Mushroom	Not good for eating.
object	14447	Mushroom	Not good for eating.
object	14448	Mushroom	Not good for eating.
object	14449	Mushroom	Not good for eating.
object	14472	Skeleton	The remains of some collossal bird.
object	14473	Cage	Whoever built this wasn't very nice.
object	14474	Cage	Hang in there!
object	14475	Skeleton	Thoroughly unpleasant.
object	14476	Skeleton	Thoroughly unpleasant.
object	14477	Skeleton	Human rights abuse victim.
object	14478	Skeleton	Human rights abuse victim.
object	14479	Stocks	Occupied.
object	14480	Skeleton	Not the nicest way to go.
object	14481	Skeleton	I'd think he was relaxing if it weren't for that pole through him.
object	14503	Wilderness Sign	Stop examining signs! You're in the Wilderness now!
object	14504	Wilderness Sign	Danger, Wilderness up ahead. Last chance to turn back..
object	14505	Wilderness Sign	Danger, Wilderness up ahead. Watch out for the Beast!
object	14506	Wilderness Sign	Danger, Wilderness up ahead. Beware of stray magma.
object	14507	Wilderness Sign	Danger, Wilderness up ahead. Almost certain death!
object	14513	Tree	It doesn't look healthy.
object	14514	Tree	It doesn't look healthy.
object	14515	Tree	It doesn't look healthy.
object	14516	Tree stump	This tree has been cut down.
object	14517	Tree Stump	A twisted tree stump.
object	14518	Roots	They're just waiting to trip someone up.
object	14519	Roots	They're just waiting to trip someone up.
object	14520	Roots	I hope I don't trip over any of these.
object	14521	Tree	This tree was either the victim of weather or mankind.
object	14523	Skeleton	A victim of war...looks like he's been dead a while now...
object	14524	Skeleton	I don't think he'd mind us checking for his wallet now...
object	14525	Skeleton	I'm sure he died of natural causes. Like a massive dragon or something...
object	14526	Bones	The remains of an ancient beast.
object	14527	Bones	The remains of an ancient beast.
object	14528	Bones	The remains of an ancient beast.
object	14529	Bones	The remains of an ancient beast.
object	14530	Bones	The remains of an ancient beast.
object	14531	Bones	The remains of an ancient beast.
object	14532	Bones	The remains of an ancient beast.
object	14533	Bones	The remains of an ancient beast.
object	14534	Bones	The remains of an ancient beast.
object	14535	Bones	The remains of an ancient beast.
object	14536	Bones	The remains of an ancient beast.
object	14537	Bones	The remains of an ancient beast.
object	14538	Mushroom	Not good for eating.
object	14539	Mushroom	Not good for eating.
object	14540	Mushroom	Not good for eating.
object	14541	Mushroom	Not good for eating.
object	14542	Mushroom	Not good for eating.
object	14556	Stone Pile	A pile of stones.
object	14557	Stone Pile	A pile of stones.
object	14564	Tree	It doesn't look healthy.
object	14565	Tree	It doesn't look healthy.
object	14566	Tree	It doesn't look healthy.
object	14567	Tree Stump	A twisted tree stump.
object	14568	Roots	They're just waiting to trip someone up.
object	14569	Roots	They're just waiting to trip someone up.
object	14570	Roots	I hope I don't trip over any of these.
object	14571	Tree	This tree was either the victim of weather or mankind.
object	14573	Skeleton	A victim of war...looks like he's been dead a while now...
object	14574	Skeleton	I don't think he'd mind us checking for his wallet now...
object	14575	Skeleton	I'm sure he died of natural causes. Like a massive dragon or something...
object	14576	Bones	The remains of an ancient beast.
object	14577	Bones	The remains of an ancient beast.
object	14578	Bones	The remains of an ancient beast.
object	14579	Bones	The remains of an ancient beast.
object	14580	Bones	The remains of an ancient beast.
object	14581	Bones	The remains of an ancient beast.
object	14582	Bones	The remains of an ancient beast.
object	14583	Bones	The remains of an ancient beast.
object	14584	Bones	The remains of an ancient beast.
object	14585	Bones	The remains of an ancient beast.
object	14586	Bones	The remains of an ancient beast.
object	14587	Bones	The remains of an ancient beast.
object	14588	Mushroom	Not good for eating.
object	14589	Mushroom	Not good for eating.
object	14590	Mushroom	Not good for eating.
object	14591	Mushroom	Not good for eating.
object	14592	Mushroom	Not good for eating.
object	14593	Tree	It doesn't look healthy.
object	14594	Tree	It doesn't look healthy.
object	14595	Tree	It doesn't look healthy.
object	14596	Tree Stump	A twisted tree stump.
object	14597	Roots	They're just waiting to trip someone up.
object	14598	Roots	They're just waiting to trip someone up.
object	14599	Roots	I hope I don't trip over any of these.
object	14600	Tree	This tree was either the victim of weather or mankind.
object	14602	Skeleton	A victim of war...looks like he's been dead a while now...
object	14603	Skeleton	I don't think he'd mind us checking for his wallet now...
object	14604	Skeleton	I'm sure he died of natural causes. Like a massive dragon or something...
object	14605	Bones	The remains of an ancient beast.
object	14606	Bones	The remains of an ancient beast.
object	14607	Bones	The remains of an ancient beast.
object	14608	Bones	The remains of an ancient beast.
object	14609	Bones	The remains of an ancient beast.
object	14610	Bones	The remains of an ancient beast.
object	14611	Bones	The remains of an ancient beast.
object	14612	Bones	The remains of an ancient beast.
object	14613	Bones	The remains of an ancient beast.
object	14614	Bones	The remains of an ancient beast.
object	14615	Bones	The remains of an ancient beast.
object	14616	Bones	The remains of an ancient beast.
object	14617	Mushroom	Not good for eating.
object	14618	Mushroom	Not good for eating.
object	14619	Mushroom	Not good for eating.
object	14620	Mushroom	Not good for eating.
object	14621	Mushroom	Not good for eating.
object	14630	Stone Pile	A pile of stones.
object	14631	Stone Pile	A pile of stones.
object	14635	Tree	It doesn't look healthy.
object	14636	Tree	It doesn't look healthy.
object	14637	Tree	It doesn't look healthy.
object	14638	Tree Stump	A twisted tree stump.
object	14639	Roots	They're just waiting to trip someone up.
object	14640	Roots	They're just waiting to trip someone up.
object	14641	Roots	I hope I don't trip over any of these.
object	14642	Tree	This tree was either the victim of weather or mankind.
object	14644	Skeleton	A victim of war...looks like he's been dead a while now...
object	14645	Skeleton	I don't think he'd mind us checking for his wallet now...
object	14646	Skeleton	I'm sure he died of natural causes. Like a massive dragon or something...
object	14647	Bones	The remains of an ancient beast.
object	14648	Bones	The remains of an ancient beast.
object	14649	Bones	The remains of an ancient beast.
object	14650	Bones	The remains of an ancient beast.
object	14651	Bones	The remains of an ancient beast.
object	14652	Bones	The remains of an ancient beast.
object	14653	Bones	The remains of an ancient beast.
object	14654	Bones	The remains of an ancient beast.
object	14655	Bones	The remains of an ancient beast.
object	14656	Bones	The remains of an ancient beast.
object	14657	Bones	The remains of an ancient beast.
object	14658	Bones	The remains of an ancient beast.
object	14659	Mushroom	Not good for eating.
object	14660	Mushroom	Not good for eating.
object	14661	Mushroom	Not good for eating.
object	14662	Mushroom	Not good for eating.
object	14663	Mushroom	Not good for eating.
object	14664	Tree	It doesn't look healthy.
object	14665	Tree	It doesn't look healthy.
object	14666	Tree	It doesn't look healthy.
object	14667	Tree Stump	A twisted tree stump.
object	14668	Roots	They're just waiting to trip someone up.
object	14669	Roots	They're just waiting to trip someone up.
object	14670	Roots	I hope I don't trip over any of these.
object	14671	Tree	This tree was either the victim of weather or mankind.
object	14673	Skeleton	A victim of war...looks like he's been dead a while now...
object	14674	Skeleton	I don't think he'd mind us checking for his wallet now...
object	14675	Skeleton	I'm sure he died of natural causes. Like a massive dragon or something...
object	14676	Bones	The remains of an ancient beast.
object	14677	Bones	The remains of an ancient beast.
object	14678	Bones	The remains of an ancient beast.
object	14679	Bones	The remains of an ancient beast.
object	14680	Bones	The remains of an ancient beast.
object	14681	Bones	The remains of an ancient beast.
object	14682	Bones	The remains of an ancient beast.
object	14683	Bones	The remains of an ancient beast.
object	14684	Bones	The remains of an ancient beast.
object	14685	Bones	The remains of an ancient beast.
object	14686	Bones	The remains of an ancient beast.
object	14687	Bones	The remains of an ancient beast.
object	14688	Mushroom	Not good for eating.
object	14689	Mushroom	Not good for eating.
object	14690	Mushroom	Not good for eating.
object	14691	Mushroom	Not good for eating.
object	14692	Mushroom	Not good for eating.
object	14693	Tree	It doesn't look healthy.
object	14694	Tree	It doesn't look healthy.
object	14695	Tree	It doesn't look healthy.
object	14696	Tree	It doesn't look healthy.
object	14697	Tree Stump	A twisted tree stump.
object	14698	Roots	They're just waiting to trip someone up.
object	14699	Roots	They're just waiting to trip someone up.
object	14700	Roots	I hope I don't trip over any of these.
object	14701	Tree	This tree was either the victim of weather or mankind.
object	14703	Skeleton	A victim of war...looks like he's been dead a while now...
object	14704	Skeleton	I don't think he'd mind us checking for his wallet now...
object	14705	Skeleton	I'm sure he died of natural causes. Like a massive dragon or something...
object	14706	Bones	The remains of an ancient beast.
object	14707	Bones	The remains of an ancient beast.
object	14708	Bones	The remains of an ancient beast.
object	14709	Bones	The remains of an ancient beast.
object	14710	Bones	The remains of an ancient beast.
object	14711	Bones	The remains of an ancient beast.
object	14712	Bones	The remains of an ancient beast.
object	14713	Bones	The remains of an ancient beast.
object	14714	Bones	The remains of an ancient beast.
object	14715	Bones	The remains of an ancient beast.
object	14716	Bones	The remains of an ancient beast.
object	14717	Bones	The remains of an ancient beast.
object	14718	Mushroom	Not good for eating.
object	14719	Mushroom	Not good for eating.
object	14720	Mushroom	Not good for eating.
object	14721	Mushroom	Not good for eating.
object	14722	Mushroom	Not good for eating.
object	14731	Stone Pile	A pile of stones.
object	14732	Stone Pile	A pile of stones.
object	14735	Staircase	I can climb up these stairs.
object	14736	Staircase	I can climb these stairs.
object	14737	Staircase	I can climb down these stairs.
object	14738	Tree	Maybe it caught fire?
object	14739	Crate	I wonder what's in it?
object	14740	Barrel	Whatever people drink out here, it probably isn't healthy.
object	14741	Crates	I wonder what's in them?
object	14742	Pile of Crates	I wonder what's in them?
object	14743	Sack	There's some rank food in here.
object	14745	Ladder	I can climb up this.
object	14746	Ladder	I can climb down this.
object	14747	Ladder	I can climb this.
object	14748	Ladder	Too broken to climb up.
object	14749	Door	A tatty old door.
object	14750	Door	A tatty old door.
object	14751	Door	Ominous.
object	14752	Door	Ominous.
object	14753	Door	Ominous.
object	14754	Door	Ominous.
object	14755	Banner	The colours of the Dark Knights.
object	14756	Banner	Apparently they're proud to be roguish.
object	14757	Banner	Welcoming you to the Wilderness Agility Course.
object	14758	Ladder	I can climb down this.
object	14759	Roots	They're just waiting to trip someone up.
object	14760	Roots	They're just waiting to trip someone up.
object	14761	Roots	I hope I don't trip over any of these.
object	14762	Table	Dirty and tatty.
object	14763	Table	Dirty and tatty.
object	14764	Stool	Looks uncomfortable.
object	14765	Gravestone	I cant read who's buried here.
object	14766	Gravestone	I cant read who's buried here.
object	14767	Gravestone	I cant read who's buried here.
object	14768	Gravestone	I cant read who's buried here.
object	14769	Gravestone	I cant read who's buried here.
object	14771	Bed	The sheets are dirty.
object	14772	Bed	The sheets are dirty.
object	14773	Chest	Might be worth opening?
object	14774	Chest	Might be worth searching?
object	14796	Tree	A grim-looking tree.
object	14797	Tree	Looks a bit sickly.
object	14798	Tree	It's rotting.
object	14799	Tree	One good shove would have this down in a moment.
object	14800	Tree	A rotting tree.
object	14801	Tree	A rotten tree.
object	14802	Tree	Some kind of fruit tree.
object	14803	Tree	It's covered in lichen.
object	14804	Tree	A rotting fruit tree.
object	14805	Tree	Twisted and rotten.
object	14806	Tree	It's disintegrating.
object	14807	Tree	A long-dead tree.
object	14808	Creeper	A creeper plant.
object	14809	Creeper	A creeper plant.
object	14810	Creeper	A rotting creeper plant.
object	14811	Creeper	A rotting creeper plant.
object	14812	Creeper	A rotten creeper plant.
object	14813	Creeper	A dead creeper plant.
object	14814	Rock	A huge boulder made of lava.
object	14815	Rock	A large rock of solidified lava.
object	14816	Rock	It used to be molten lava.
object	14817	Rock	A small rock of solidified lava.
object	14825	Obelisk	It's glowing!
object	14826	Obelisk	I wonder what this does...
object	14827	Obelisk	I wonder what this does...
object	14828	Obelisk	I wonder what this does...
object	14829	Obelisk	I wonder what this does...
object	14830	Obelisk	I wonder what this does...
object	14831	Obelisk	I wonder what this does...
object	14832	Rocks	A rocky outcrop.
object	14833	Rocks	A rocky outcrop.
object	14834	Rocks	A rocky outcrop.
object	14835	Rocks	A rocky outcrop.
object	14836	Rocks	A rocky outcrop.
object	14837	Rocks	A rocky outcrop.
object	14838	Rocks	A rocky outcrop.
object	14839	Rocks	A rocky outcrop.
object	14840	Rocks	A rocky outcrop.
object	14841	Rocks	A rocky outcrop.
object	14842	Rocks	A rocky outcrop.
object	14843	Rocks	A rocky outcrop.
object	14844	Rocks	A rocky outcrop.
object	14845	Rocks	A rocky outcrop.
object	14846	Rocks	A rocky outcrop.
object	14847	Rocks	A rocky outcrop.
object	14848	Rocks	A rocky outcrop.
object	14849	Rocks	A rocky outcrop.
object	14850	Rocks	A rocky outcrop.
object	14851	Rocks	A rocky outcrop.
object	14852	Rocks	A rocky outcrop.
object	14853	Rocks	A rocky outcrop.
object	14854	Rocks	A rocky outcrop.
object	14855	Rocks	A rocky outcrop.
object	14856	Rocks	A rocky outcrop.
object	14857	Rocks	A rocky outcrop.
object	14858	Rocks	A rocky outcrop.
object	14859	Rocks	A rocky outcrop.
object	14860	Rocks	A rocky outcrop.
object	14861	Rocks	A rocky outcrop.
object	14862	Rocks	A rocky outcrop.
object	14863	Rocks	A rocky outcrop.
object	14864	Rocks	A rocky outcrop.
object	14865	Barrel	A wooden barrel for storage.
object	14866	Barrel	A wooden barrel for storage.
object	14867	Barrel	A wooden barrel for storage.
object	14868	Sink	After working with livestock, why not wash your hands?
object	14869	Shelves	Storage for cookery items.
object	14872	Stool	A wooden stool.
object	14873	Hanging meat	Dead animal parts dangling!
object	14874	Hanging meat	Dead meat. Dangling from the wall. Looks delicious.
object	14879	Trapdoor	I wonder what's under it?
object	14880	Trapdoor	I wonder what's down there?
object	14883	Rocks	A rocky outcrop.
object	14884	Rocks	A rocky outcrop.
object	14885	Rocks	A rocky outcrop.
object	14886	Rocks	A rocky outcrop.
object	14887	Rocks	A rocky outcrop.
object	14888	Rocks	A rocky outcrop.
object	14889	Rocks	A rocky outcrop.
object	14890	Rocks	A rocky outcrop.
object	14891	Bed	A drab-looking bed.
object	14892	Rocks	A rocky outcrop.
object	14893	Rocks	A rocky outcrop.
object	14894	Rocks	A rocky outcrop.
object	14895	Rocks	A rocky outcrop.
object	14896	Rocks	A rocky outcrop.
object	14897	Rocks	A rocky outcrop.
object	14898	Rocks	A rocky outcrop.
object	14899	Rocks	A rocky outcrop.
object	14900	Rocks	A rocky outcrop.
object	14901	Rocks	A rocky outcrop.
object	14902	Rocks	A rocky outcrop.
object	14903	Rocks	A rocky outcrop.
object	14904	Rocks	A rocky outcrop.
object	14905	Rocks	A rocky outcrop.
object	14906	Rocks	A rocky outcrop.
object	14907	Rocks	A rocky outcrop.
object	14910	Bronze pickaxe	Handy for mining.
object	14912	Bronze axe	Handy for woodcutting.
object	14913	Rocks	A rocky outcrop.
object	14914	Rocks	A rocky outcrop.
object	14915	Rocks	A rocky outcrop.
object	14916	Rocks	A rocky outcrop.
object	14917	Sink	There must be a source of fresh water somewhere nearby.
object	14918	Washbasin	Rough but adequate.
object	14919	Range	Smells of fried fish.
object	14920	Table	A basic wooden table, suitable for casual meals.
object	14921	Small furnace	A furnace; small but effective.
object	14922	Hole	A small hole through which I can crawl.
object	14923	Door	A simple door.
object	14924	Door	A simple door, now open.
object	14929	Colony gate	The gate of the Piscatoris Fishing Colony.
object	14931	Colony gate	The gate of the Piscatoris Fishing Colony.
object	14938	Fishing spot	I can see fish swimming in the water.
object	14945	Broken wall	Something has damaged the wall here.
object	14946	Broken wall	Something has damaged the wall here.
object	14947	Broken wall	Something has damaged the wall here.
object	14948	Patched wall	The wall here has been hastily patched.
object	14949	Patched wall	The wall here has been hastily patched.
object	14950	Patched wall	The wall here has been hastily patched.
object	14951	Cogs	Big rusty cogs.
object	14952	Junk	Rusty machinery.
object	14953	Fishing weights	Some large fishing weights.
object	14956	Metal Press	The pressing section of a metal pressing machine.
object	14957	Metal Press	The pressing section of a metal pressing machine.
object	14958	Firebox	The firebox of a metal pressing machine.
object	14959	Firebox	There are some logs in the firebox of the press.
object	14960	Firebox	The firebox is heating the press.
object	14961	Shelves	All-purpose storage.
object	14962	Crates	Crates that are coated in a thin layer of fishy grease.
object	14963	Crates	Crates that smell strongly of salty fish.
object	14964	Barrel	A wooden barrel containing lots of fish.
object	14965	Large barrel	An empty barrel, suitable for storing fish.
object	14966	Rack of barrels	Someone certainly believes in having lots of barrels!
object	14967	Large Barrel	Unusually enough, this barrel smells more strongly of rum than of fish.
object	14968	Barrow	If they store fish in this dirty old barrow, I hope they clean them later!
object	14969	Barrow	A barrow full of fish.
object	14970	Barrow	'Can I borrow a shallow barrow?' Now say that faster! FASTER!
object	14971	Herman's desk	Apparently there's a lot of paperwork involved in running a Fishing Colony.
object	14972	Net	A large net for pulling in fish.
object	14973	Net	There is seaweed all over this fishing net.
