# Item examines derived from 2009scape c6322d0; explicit config/cache examine then 2009scape fallback
# id	examine
0	The body of a Dwarf savaged by Goblins.
1	Good for repairing a broken cannon.
2	Ammo for the Dwarf Cannon.
3	Construction notes for Dwarf cannon ammo.
4	Used to make cannon ammunition.
5	An old note book.
6	The cannon is built on this.
7	Swap this note at any bank for the equivalent item.
8	The mounting for the multicannon.
9	Swap this note at any bank for the equivalent item.
10	The barrels for the multicannon.
11	Swap this note at any bank for the equivalent item.
12	This powers the multicannon.
13	Swap this note at any bank for the equivalent item.
14	A metal railing replacement.
15	A cloth given to me by Sir Galahad.
16	A small tin whistle.
17	I wonder what happens when I ring it?
18	It will point the way for me.
19	It's an Holy grail.
20	A cog from some machinery.
21	A cog from some machinery.
22	A cog from some machinery.
23	A cog from some machinery.
24	Doesn't look very tasty.
25	Wormy.
26	Hemenster fishing contest trophy.
27	Pass to the Hemenster fishing contest.
28	Drives away all known 6 legged creatures.
29	Swap this note at any bank for the equivalent item.
30	It's a bucket of wax.
31	Swap this note at any bank for the equivalent item.
32	A spooky candle.
33	A candle.
34	A candle.
35	This used to belong to King Arthur.
36	A candle.
37	Swap this note at any bank for the equivalent item.
38	A spooky candle.
39	I can make an arrow with these.
40	I can make an arrow with these.
41	I can make an arrow with these.
42	I can make an arrow with these.
43	I can make an arrow with these.
44	I can make an arrow with these.
45	Opal bolt tips.
46	Pearl bolt tips.
47	I can make bolts with these.
48	An unstrung longbow; I need a bowstring for this.
49	Swap this note at any bank for the equivalent item.
50	I need to find a string for this.
51	Swap this note at any bank for the equivalent item.
52	A wooden arrow shaft
53	A wooden arrow shaft with flights attached.
54	An unstrung oak bow; I need a bowstring for this.
55	Swap this note at any bank for the equivalent item.
56	An unstrung oak longbow; I need a bowstring for this.
57	Swap this note at any bank for the equivalent item.
58	An unstrung willow longbow; I need a bowstring for this.
59	Swap this note at any bank for the equivalent item.
60	An unstrung willow shortbow; I need a bowstring for this.
61	Swap this note at any bank for the equivalent item.
62	An unstrung maple bow; I need a bowstring for this.
63	Swap this note at any bank for the equivalent item.
64	An unstrung maple bow; I need a bowstring for this.
65	Swap this note at any bank for the equivalent item.
66	An unstrung yew longbow; I need a bowstring for this.
67	Swap this note at any bank for the equivalent item.
68	An unstrung yew shortbow; I need a bowstring for this.
69	Swap this note at any bank for the equivalent item.
70	An unstrung magic longbow; I need a bowstring for this.
71	Swap this note at any bank for the equivalent item.
72	An unstrung magic shortbow; I need a bowstring for this.
73	Swap this note at any bank for the equivalent item.
74	A helmet, as worn by the minions of General Khazard.
75	Armour, as worn by the minions of General Khazard.
76	These keys open the cells at the Khazard Fight Arena. (Fight Arena)
77	A bottle of Khazard's worst brew.
78	Can only be fired from yew, magic, or dark bows.
83	A lever to open something perhaps?
84	The power in this staff causes it to vibrate gently.
85	It catches the light! (Temple of Ikov)
86	An amulet made by Lucien.
87	Yet another amulet.
88	Magic boots that make you lighter than normal.
89	Magic boots that make you lighter than normal.
90	It's very soft!
91	I need another ingredient to finish this guam potion.
92	Swap this note at any bank for the equivalent item.
93	I need another ingredient to finish this marrentill potion.
94	Swap this note at any bank for the equivalent item.
95	I need another ingredient to finish this tarromin potion.
96	Swap this note at any bank for the equivalent item.
97	I need another ingredient to finish this potion.
98	Swap this note at any bank for the equivalent item.
99	I need another ingredient to finish this ranarr potion.
100	Swap this note at any bank for the equivalent item.
101	I need another ingredient to finish this irit potion.
102	Swap this note at any bank for the equivalent item.
103	I need another ingredient to finish this avantoe potion.
104	Swap this note at any bank for the equivalent item.
105	I need another ingredient to finish this kwuarm potion.
106	Swap this note at any bank for the equivalent item.
107	I need another ingredient to finish this cadantine potion.
108	Swap this note at any bank for the equivalent item.
109	I need another ingredient to finish this dwarf weed potion.
110	Swap this note at any bank for the equivalent item.
111	I need another ingredient to finish this torstol potion.
112	Swap this note at any bank for the equivalent item.
113	4 doses of Strength potion.
114	Swap this note at any bank for the equivalent item.
115	3 doses of Strength potion.
116	Swap this note at any bank for the equivalent item.
117	2 doses of Strength potion.
118	Swap this note at any bank for the equivalent item.
119	1 dose of Strength potion.
120	Swap this note at any bank for the equivalent item.
121	3 doses of Attack potion.
122	Swap this note at any bank for the equivalent item.
123	2 doses of Attack potion.
124	Swap this note at any bank for the equivalent item.
125	1 dose of Attack potion.
126	Swap this note at any bank for the equivalent item.
127	3 doses of restore potion.
128	Swap this note at any bank for the equivalent item.
129	2 doses of restore potion.
130	Swap this note at any bank for the equivalent item.
131	1 dose of restore potion.
132	Swap this note at any bank for the equivalent item.
133	3 doses of Defence Potion.
134	Swap this note at any bank for the equivalent item.
135	2 doses of Defence Potion.
136	Swap this note at any bank for the equivalent item.
137	1 dose of Defence Potion.
138	Swap this note at any bank for the equivalent item.
139	3 doses of Prayer restore potion.
140	Swap this note at any bank for the equivalent item.
141	2 doses of Prayer restore potion.
142	Swap this note at any bank for the equivalent item.
143	1 dose of Prayer restore potion.
144	Swap this note at any bank for the equivalent item.
145	3 doses of super Attack potion.
146	Swap this note at any bank for the equivalent item.
147	2 doses of super Attack potion.
148	Swap this note at any bank for the equivalent item.
149	1 dose of super Attack potion.
150	Swap this note at any bank for the equivalent item.
151	3 doses of Fishing potion.
152	Swap this note at any bank for the equivalent item.
153	2 doses of Fishing potion.
154	Swap this note at any bank for the equivalent item.
155	1 dose of Fishing potion.
156	Swap this note at any bank for the equivalent item.
157	3 doses of super Strength potion.
158	Swap this note at any bank for the equivalent item.
159	2 doses of super Strength potion.
160	Swap this note at any bank for the equivalent item.
161	1 dose of super Strength potion.
162	Swap this note at any bank for the equivalent item.
163	3 doses of super Defence potion.
164	Swap this note at any bank for the equivalent item.
165	2 doses of super Defence potion.
166	Swap this note at any bank for the equivalent item.
167	1 dose of super Defence potion.
168	Swap this note at any bank for the equivalent item.
169	3 doses of ranging potion.
170	Swap this note at any bank for the equivalent item.
171	2 doses of ranging potion.
172	Swap this note at any bank for the equivalent item.
173	1 dose of ranging potion.
174	Swap this note at any bank for the equivalent item.
175	3 doses of antipoison potion.
176	Swap this note at any bank for the equivalent item.
177	2 doses of antipoison potion.
178	Swap this note at any bank for the equivalent item.
179	1 dose of antipoison potion.
180	Swap this note at any bank for the equivalent item.
181	3 doses of super anti poison potion.
182	Swap this note at any bank for the equivalent item.
183	2 doses of super anti poison potion.
184	Swap this note at any bank for the equivalent item.
185	1 dose of super anti poison potion.
186	Swap this note at any bank for the equivalent item.
187	For use on daggers and projectiles.
188	Swap this note at any bank for the equivalent item.
189	3 doses of Zamorak brew.
190	Swap this note at any bank for the equivalent item.
191	2 doses of Zamorak brew.
192	Swap this note at any bank for the equivalent item.
193	1 dose of Zamorak brew.
194	Swap this note at any bank for the equivalent item.
195	This is meant to be good for spots.
196	Swap this note at any bank for the equivalent item.
197	Stankers gives out these strange cocktails for free.
198	Swap this note at any bank for the equivalent item.
199	I need to clean this herb before I can use it.
200	Swap this note at any bank for the equivalent item.
201	I need to clean this herb before I can use it.
202	Swap this note at any bank for the equivalent item.
203	I need to clean this herb before I can use it.
204	Swap this note at any bank for the equivalent item.
205	I need to clean this herb before I can use it.
206	Swap this note at any bank for the equivalent item.
207	I need to clean this herb before I can use it.
208	Swap this note at any bank for the equivalent item.
209	I need to clean this herb before I can use it.
210	Swap this note at any bank for the equivalent item.
211	I need to clean this herb before I can use it.
212	Swap this note at any bank for the equivalent item.
213	I need to clean this herb before I can use it.
214	Swap this note at any bank for the equivalent item.
215	I need to clean this herb before I can use it.
216	Swap this note at any bank for the equivalent item.
217	I need to clean this herb before I can use it.
218	Swap this note at any bank for the equivalent item.
219	I need to clean this herb before I can use it.
220	Swap this note at any bank for the equivalent item.
221	It seems to be looking at me.
222	Swap this note at any bank for the equivalent item.
223	Ewww!
224	Swap this note at any bank for the equivalent item.
225	The root of a limpwurt plant.
226	Swap this note at any bank for the equivalent item.
227	A glass vial containing water.
228	Swap this note at any bank for the equivalent item.
229	An empty glass vial.
230	Swap this note at any bank for the equivalent item.
231	Strange spiky grass.
232	Swap this note at any bank for the equivalent item.
233	I can grind things for potions in this.
234	Swap this note at any bank for the equivalent item.
235	Finely ground horn of Unicorn.
236	Swap this note at any bank for the equivalent item.
237	This horn has restorative properties.
238	Swap this note at any bank for the equivalent item.
239	Sour berries, used in potions.
240	Swap this note at any bank for the equivalent item.
241	Finely ground scale of Dragon.
242	Swap this note at any bank for the equivalent item.
243	A large shiny scale.
244	Swap this note at any bank for the equivalent item.
245	An evil wine that is often found in chaos temples.
246	Swap this note at any bank for the equivalent item.
247	They don't look very ripe.
248	Swap this note at any bank for the equivalent item.
249	A fresh herb.
250	Swap this note at any bank for the equivalent item.
251	A fresh herb.
252	Swap this note at any bank for the equivalent item.
253	A fresh herb.
254	Swap this note at any bank for the equivalent item.
255	A fresh herb.
256	Swap this note at any bank for the equivalent item.
257	A fresh herb.
258	Swap this note at any bank for the equivalent item.
259	A fresh herb.
260	Swap this note at any bank for the equivalent item.
261	A fresh herb.
262	Swap this note at any bank for the equivalent item.
263	A fresh herb.
264	Swap this note at any bank for the equivalent item.
265	A fresh herb.
266	Swap this note at any bank for the equivalent item.
267	A fresh herb.
268	Swap this note at any bank for the equivalent item.
269	A fresh herb.
270	Swap this note at any bank for the equivalent item.
271	It looks like part of a machine
272	A box of fish food / Keeps your pet fish strong and healthy.
273	This stuff looks nasty.
274	This isn't good for fish.
275	It's a Key.
276	It's slightly charred.
277	It's pretty full.
278	A sharp cattleprod.
279	Councillor Halgrive gave me this to kill some sheep.
280	The suspicious-looking remains of a suspicious-looking sheep.
281	The suspicious-looking remains of a suspicious-looking sheep.
282	The suspicious-looking remains of a suspicious-looking sheep.
283	The suspicious-looking remains of a suspicious-looking sheep.
284	This should protect me from the plague, I hope!
285	A thick pair of leather trousers. or These should protect me from the plague, I hope!
286	Armour designed to fit goblins.
287	Armour designed to fit goblins.
288	Armour designed to fit goblins.
289	Swap this note at any bank for the equivalent item.
290	This contains some vital research results.
291	It's a Notes.
292	A book on elven history in northern 2009Scape.
293	This will unlock something. (Waterfall Quest)
294	A small pebble with elven inscription.
295	A bright green gem set in a necklace.
296	An urn containing Glarial's ashes.
297	An empty urn made for Glarial's ashes.
298	This will unlock something. (Waterfall dungeon)
299	Magical seeds in a mithril case.
300	A bit of rat.
301	Useful for catching lobsters.
302	Swap this note at any bank for the equivalent item.
303	Useful for catching small fish.
304	Swap this note at any bank for the equivalent item.
305	Useful for catching lots of fish.
306	Swap this note at any bank for the equivalent item.
307	Useful for catching sardine or herring.
308	Swap this note at any bank for the equivalent item.
309	Useful for catching salmon or trout.
310	Swap this note at any bank for the equivalent item.
311	Useful for catching big fish.
312	Swap this note at any bank for the equivalent item.
313	For use with a fishing rod.
314	Used for fly fishing.
315	Some nicely cooked shrimp.
316	Swap this note at any bank for the equivalent item.
317	I should try cooking this.
318	Swap this note at any bank for the equivalent item.
319	Some nicely cooked anchovies.
320	Swap this note at any bank for the equivalent item.
321	I should try cooking this.
322	Swap this note at any bank for the equivalent item.
323	It's a Burnt fish.
324	Swap this note at any bank for the equivalent item.
325	Some nicely cooked Sardines.
326	Swap this note at any bank for the equivalent item.
327	I should try cooking this.
328	Swap this note at any bank for the equivalent item.
329	Some nicely cooked salmon.
330	Swap this note at any bank for the equivalent item.
331	I should try cooking this.
332	Swap this note at any bank for the equivalent item.
333	Some nicely cooked trout.
334	Swap this note at any bank for the equivalent item.
335	I should try cooking this.
336	Swap this note at any bank for the equivalent item.
337	Some nicely cooked giant carp.
338	I should try cooking this.
339	Some nicely cooked fish.
340	Swap this note at any bank for the equivalent item.
341	I should try cooking this.
342	Swap this note at any bank for the equivalent item.
343	It's a Burnt fish.
344	Swap this note at any bank for the equivalent item.
345	I should try cooking this.
346	Swap this note at any bank for the equivalent item.
347	Some nicely cooked herring.
348	Swap this note at any bank for the equivalent item.
349	I should try cooking this.
350	Swap this note at any bank for the equivalent item.
351	Some nicely cooked pike.
352	Swap this note at any bank for the equivalent item.
353	I should try cooking this.
354	Swap this note at any bank for the equivalent item.
355	Some nicely cooked fish.
356	Swap this note at any bank for the equivalent item.
357	It's a Burnt fish.
358	Swap this note at any bank for the equivalent item.
359	I should try cooking this.
360	Swap this note at any bank for the equivalent item.
361	Wow, this is a big fish.
362	Swap this note at any bank for the equivalent item.
363	I should try cooking this.
364	Swap this note at any bank for the equivalent item.
365	Wow, this is a big fish.
366	Swap this note at any bank for the equivalent item.
367	It's a Burnt fish.
368	Swap this note at any bank for the equivalent item.
369	It's a Burnt fish.
370	Swap this note at any bank for the equivalent item.
371	I should try cooking this.
372	Swap this note at any bank for the equivalent item.
373	I'd better be careful eating this!
374	Swap this note at any bank for the equivalent item.
375	It's a Burnt swordfish.
376	Swap this note at any bank for the equivalent item.
377	I should try cooking this.
378	Swap this note at any bank for the equivalent item.
379	This looks tricky to eat.
380	Swap this note at any bank for the equivalent item.
381	It's a Burnt lobster.
382	Swap this note at any bank for the equivalent item.
383	I should try cooking this.
384	Swap this note at any bank for the equivalent item.
385	I'd better be careful eating this.
386	Swap this note at any bank for the equivalent item.
387	It's a Burnt shark.
388	Swap this note at any bank for the equivalent item.
389	A rare catch.
390	Swap this note at any bank for the equivalent item.
391	Mmmm...this looks tasty!
392	Swap this note at any bank for the equivalent item.
393	It's a Burnt manta ray.
394	Swap this note at any bank for the equivalent item.
395	A rare catch.
396	Swap this note at any bank for the equivalent item.
397	Tasty!
398	Swap this note at any bank for the equivalent item.
399	It's a Burnt sea turtle.
400	Swap this note at any bank for the equivalent item.
401	Slightly damp seaweed.
402	Swap this note at any bank for the equivalent item.
403	Slightly damp seaweed.
404	Swap this note at any bank for the equivalent item.
405	I hope there's treasure in it.
406	Swap this note at any bank for the equivalent item.
407	Its a rare oyster.
408	Swap this note at any bank for the equivalent item.
409	Aww, it's empty.
410	Swap this note at any bank for the equivalent item.
411	I could work wonders with a chisel on this pearl.
412	Swap this note at any bank for the equivalent item.
413	I could work wonders with a chisel on these pearls.
414	Swap this note at any bank for the equivalent item.
415	An expensive colourless liquid.
416	This isn't worth much.
417	It's highly poisonous.
418	Probably best I don't keep this too long.
419	A special kind of paper.
420	Apparently it distills.
421	Yup. It's an amulet.
422	Birds love this stuff!
423	It's a Key.
424	(empty) It's empty...  (full) It's full of pigeons.
425	(empty) It's empty...  (full) It's full of pigeons.
426	Top half of a priest suit.
427	Swap this note at any bank for the equivalent item.
428	Bottom half of a priest suit.
429	Swap this note at any bank for the equivalent item.
430	Medical looking.
431	A very strong spirit brewed in Karamja.
432	It's a Chest key.
433	Pirates don't have the best handwriting...
434	Some hard dry clay.
435	Swap this note at any bank for the equivalent item.
436	This needs refining.
437	Swap this note at any bank for the equivalent item.
438	This needs refining.
439	Swap this note at any bank for the equivalent item.
440	This needs refining.
441	Swap this note at any bank for the equivalent item.
442	This needs refining.
443	Swap this note at any bank for the equivalent item.
444	This needs refining.
445	Swap this note at any bank for the equivalent item.
446	This needs refining.
447	This needs refining.
448	Swap this note at any bank for the equivalent item.
449	This needs refining.
450	Swap this note at any bank for the equivalent item.
451	This needs refining.
452	Swap this note at any bank for the equivalent item.
453	Hmm a non-renewable energy source!
454	Swap this note at any bank for the equivalent item.
455	The official Alfred Grimhand bar crawl card.
456	It's empty!
457	There is 1 scorpion inside.
458	There are 2 scorpions inside.
459	There is 1 scorpion inside.
460	There are 2 scorpions inside.
461	There is 1 scorpion inside.
462	There are 2 scorpions inside.
463	There are 3 scorpions inside.
464	Found on strange plants that grow around Karamja.
465	Swap this note at any bank for the equivalent item.
466	Useless without the head.
467	Swap this note at any bank for the equivalent item.
468	Nurmof can fix this for me.
469	Swap this note at any bank for the equivalent item.
470	Nurmof can fix this for me.
471	Swap this note at any bank for the equivalent item.
472	Nurmof can fix this for me.
473	Swap this note at any bank for the equivalent item.
474	Nurmof can fix this for me.
475	Swap this note at any bank for the equivalent item.
476	Nurmof can fix this for me.
477	Swap this note at any bank for the equivalent item.
478	Nurmof can fix this for me.
479	Swap this note at any bank for the equivalent item.
480	It's missing a handle.
481	Swap this note at any bank for the equivalent item.
482	It's missing a handle.
483	Swap this note at any bank for the equivalent item.
484	It's missing a handle.
485	Swap this note at any bank for the equivalent item.
486	It's missing a handle.
487	Swap this note at any bank for the equivalent item.
488	It's missing a handle.
489	Swap this note at any bank for the equivalent item.
490	It's missing a handle.
491	Swap this note at any bank for the equivalent item.
492	Useless without the head.
493	Swap this note at any bank for the equivalent item.
494	Bob can fix this broken (metal) axe for me.
495	Swap this note at any bank for the equivalent item.
496	Bob can fix this broken (metal) axe for me.
497	Swap this note at any bank for the equivalent item.
498	Bob can fix this broken (metal) axe for me.
499	Swap this note at any bank for the equivalent item.
500	Bob can fix this broken (metal) axe for me.
501	Swap this note at any bank for the equivalent item.
502	Bob can fix this broken (metal) axe for me.
503	Swap this note at any bank for the equivalent item.
504	Bob can fix this broken (metal) axe for me.
505	Swap this note at any bank for the equivalent item.
506	Bob can fix this broken (metal) axe for me.
507	Swap this note at any bank for the equivalent item.
508	A piece of ancient goblin axe.
509	Swap this note at any bank for the equivalent item.
510	A piece of ancient goblin axe.
511	Swap this note at any bank for the equivalent item.
512	A piece of ancient goblin axe.
513	Swap this note at any bank for the equivalent item.
514	A piece of ancient goblin axe.
515	Swap this note at any bank for the equivalent item.
516	A piece of ancient goblin axe.
517	Swap this note at any bank for the equivalent item.
518	A piece of ancient goblin axe.
519	Swap this note at any bank for the equivalent item.
520	A piece of ancient goblin axe.
521	Swap this note at any bank for the equivalent item.
522	I don't fancy eating this now.
523	I don't fancy eating this now.
524	I don't fancy eating this now.
525	I don't fancy eating this now.
526	Bones are for burying!
527	Swap this note at any bank for the equivalent item.
528	Bones are for burying!
529	Swap this note at any bank for the equivalent item.
530	Ew it's a pile of bones.
531	Swap this note at any bank for the equivalent item.
532	Normal: Ew, it's a pile of bones.
533	Swap this note at any bank for the equivalent item.
534	Ew, it's a pile of bones.
535	Swap this note at any bank for the equivalent item.
536	These would feed a dog for months!
537	Swap this note at any bank for the equivalent item.
538	Keeps a druid's knees nice and warm.
539	Swap this note at any bank for the equivalent item.
540	I feel closer to the gods when I am wearing this.
541	Swap this note at any bank for the equivalent item.
542	It's a Monk's robe.
543	Swap this note at any bank for the equivalent item.
544	It's a Monk's robe.
545	Swap this note at any bank for the equivalent item.
546	I feel closer to the gods when I am wearing this. (Top) If a shade had knees, this would keep them nice and warm. (Bottom)
547	Swap this note at any bank for the equivalent item.
548	I feel closer to the gods when I am wearing this. (Top) If a shade had knees, this would keep them nice and warm. (Bottom)
549	Swap this note at any bank for the equivalent item.
550	Issued by 2009Scape Council to all new citizens.
551	Swap this note at any bank for the equivalent item.
552	It lets me talk to ghosts.
553	Ooooh spooky!
554	One of the 4 basic elemental Runes.
555	One of the 4 basic elemental Runes.
556	One of the 4 basic elemental Runes.
557	One of the 4 basic elemental Runes.
558	Used for basic missile spells.
559	Used for Curse spells
560	Used for medium missile spells.
561	Used for alchemy spells.
562	Used for small missile spells.
563	Used for teleport spells.
564	Used for enchant spells.
565	Used for large missile spells.
566	Used for high level curse spells.
567	I'd prefer it if it was powered.
568	Swap this note at any bank for the equivalent item.
569	A magic glowing orb.
570	Swap this note at any bank for the equivalent item.
571	A magic glowing orb.
572	Swap this note at any bank for the equivalent item.
573	A magic glowing orb.
574	Swap this note at any bank for the equivalent item.
575	A magic glowing orb.
576	Swap this note at any bank for the equivalent item.
577	I can do magic better in this.
578	Swap this note at any bank for the equivalent item.
579	A silly pointed hat.
580	Swap this note at any bank for the equivalent item.
581	I can do magic better in this.
582	Swap this note at any bank for the equivalent item.
583	Empty: It's a bailing bucket.  Full: It's a bailing bucket full of salty water.
584	Swap this note at any bank for the equivalent item.
585	Empty: It's a bailing bucket.  Full: It's a bailing bucket full of salty water.
586	Swap this note at any bank for the equivalent item.
587	A strange glowing green orb.
588	Two strange glowing green orbs.
589	It's an amulet of protection given to me by the Gnomes.
590	Useful for lighting a fire.
591	Swap this note at any bank for the equivalent item.
592	A heap of ashes.
593	Swap this note at any bank for the equivalent item.
594	A lit home-made torch.
595	It's a Torch.
596	An unlit home-made torch.
597	Swap this note at any bank for the equivalent item.
598	unlit: Arrows with bronze heads and oil-soaked cloth. lit: An easy to make, bronze-headed fire arrow.
599	It's a Picture.
600	A book on the history of astronomy in 2009Scape.
601	A small key for a large door.
602	An unusual clay mould in the shape of a disc.
603	A perfectly circular disc of glass.
604	A slender bone shard given to you by Zadimus.
605	A key fashioned from a shard of bone. (Shilo Village)
606	A stone plaque with carved letters in it.
607	An ancient tattered scroll.
608	An ancient crumpled scroll.
609	The remains of the Zombie Queen.
610	The remains of Zadimus.
611	A magical crystal sphere.
612	A magical crystal sphere.
613	A magical crystal sphere.
614	A magical crystal sphere.
615	A magical crystal sphere.
616	A curious looking neck ornament.
617	Lovely money!
618	Beads carved out of a bone.
619	Allows you to rest in the luxurious Paramayer Inn.
620	Swap this note at any bank for the equivalent item.
621	Sold in Shilo Village for passage on the 'Lady of the Waves'.
622	Swap this note at any bank for the equivalent item.
623	An ivory sword pommel.
624	Notes taken from the tomb of Bervirius.
625	A decorated belt used to trade information between distant villages.
626	They're soft, silky and pink.
627	Swap this note at any bank for the equivalent item.
628	They're soft, silky and green.
629	Swap this note at any bank for the equivalent item.
630	They're soft, silky and blue.
631	Swap this note at any bank for the equivalent item.
632	They're soft, silky and cream.
633	Swap this note at any bank for the equivalent item.
634	They're soft, silky and turquoise.
635	Swap this note at any bank for the equivalent item.
636	The ultimate in gnome design, now in pink.
637	Swap this note at any bank for the equivalent item.
638	The ultimate in gnome design, now in green.
639	Swap this note at any bank for the equivalent item.
640	The ultimate in gnome design, now in blue.
641	Swap this note at any bank for the equivalent item.
642	The ultimate in gnome design, now in cream.
643	Swap this note at any bank for the equivalent item.
644	The ultimate in gnome design, now in turquoise.
645	Swap this note at any bank for the equivalent item.
646	Made by tree gnomes with a thing for pink.
647	Swap this note at any bank for the equivalent item.
648	Made by tree gnomes with a thing for green.
649	Swap this note at any bank for the equivalent item.
650	Made by tree gnomes with a thing for blue.
651	Swap this note at any bank for the equivalent item.
652	Made by tree gnomes with a thing for cream.
653	Swap this note at any bank for the equivalent item.
654	Made by tree gnomes with a thing for turquoise.
655	Swap this note at any bank for the equivalent item.
656	A silly, pink pointed hat.
657	Swap this note at any bank for the equivalent item.
658	A silly, green pointed hat.
659	Swap this note at any bank for the equivalent item.
660	A silly, blue pointed hat.
661	Swap this note at any bank for the equivalent item.
662	A silly, cream pointed hat.
663	Swap this note at any bank for the equivalent item.
664	A silly, turquoise pointed hat.
665	Swap this note at any bank for the equivalent item.
666	Picture of a posing Paladin.
667	A Faladian Knight's sword.
668	Definitely blue.
669	A receptacle for specimens!
670	A small brush used to clean rock samples.
671	A carefully-kept-safe skull sample.
672	A special cup.
673	A lucky mascot.
674	A roughly shaped piece of rock.
675	A small pick for digging.
676	Used for digging!
677	An empty tray for panning.
678	This tray contains gold nuggets.
679	This tray contains mud.
680	Pure, lovely gold!
681	An unusual symbol as yet unidentified by the archaeological expert.
682	A letter waiting to be stamped.
683	A sealed letter of recommendation.
684	Used to hold up trousers!
685	Phew!
686	A decent-enough weapon gone rusty.
687	This must have been shot at high speed.
688	Not Dick Whittington's helper at all!
689	I pity the poor person beaten with this!
690	Smashed glass.
691	The owner has passed Earth Sciences Level 1 exam.
692	The owner has passed Earth Sciences Level 2 exam.
693	The owner has passed Earth Sciences Level 3 exam.
694	Smashing!
695	Now, if I could just find a tooth fairy to sell this to...
696	A letter inviting me to use the private digging shafts.
697	It would be hard to repair this!
698	Armour left over from a great fight.
699	An old stone slab with writing on it.
700	An acrid chemical.
701	An acrid chemical.
702	A strong chemical.
703	A strong chemical.
704	Charcoal - crushed to small pieces!
705	A mixture of strong chemicals.
706	A mixture of strong chemicals.
707	A mixture of strong chemicals.
708	The root of an arcenia plant.
709	This key opens a chest in the Carnillean household.
710	An unusually shaped vase. You can see something glinting inside.
711	It's about chemicals, judging from its cover.
712	A nice cup of tea.
713	It's a Picture.
714	Notes given to you by Radimus Erkle, it includes a partially completed map.
715	Notes given to you by Radimus Erkle, it includes a partially completed map.
716	It makes a loud but interesting sound when swung in the air.
717	A scrawled note with spidery writing on it.
718	A scrawled note with spidery writing on it.
719	A scrawled note with spidery writing on it.
720	A rough sketch of a bowl shaped vessel given to you by Gujuo.
721	A specially made bowl constructed out of pure gold.
722	A specially made bowl constructed out of pure gold and blessed.
723	A blessed golden bowl. It has pure sacred water in it.
724	A blessed golden bowl. It has pure sacred water in it.
725	A blessed golden bowl. It has pure sacred water in it.
726	A blessed golden bowl. It has pure sacred water in it.
727	One of nature's pipes.
728	Swap this note at any bank for the equivalent item.
729	It looks like the Shamans personal notes...
730	An ancient tome on Demonology.
731	An enchanted empty glass vial.
732	A vial of holy water, good against certain demons.
733	Fragments of a broken container.
734	Swap this note at any bank for the equivalent item.
735	These need to be germinated before they can be used. / These are germinated and ready to be planted in fertile soil.
736	These need to be germinated before they can be used. / These are germinated and ready to be planted in fertile soil.
737	A Snakeweed mixture, needs another ingredient.
738	It's a mixture of ardrigal and water. Needs another ingredient.
739	A bravery potion for which Gujuo gave you the details, let's hope it works.
740	A silly, blue pointed hat.
741	It looks like it's been snapped off of something.
742	It looks like it's been snapped off of something.
743	It looks like it's been snapped off of something.
744	A heart shaped crystal.
745	A heart shaped crystal.
746	A black obsidian dagger, it has a strange aura about it.
747	A black obsidian dagger, it has a strange aura about it - it seems to be glowing.
748	A powerful spell for good.
749	A well carved totem pole made from the trunk of a Yommi tree.
750	A gilded totem pole from the Kharazi tribe.
751	A common gnomeball, obtained by playing gnomeball.
752	Swap this note at any bank for the equivalent item.
753	Poisonous berries.
754	Swap this note at any bank for the equivalent item.
755	It's a Message.
756	This potion will most certainly almost kill you.
757	It's a Book.
758	It's a Phoenix hq key.
759	Phoenix Gang weapon store key.
760	Swap this note at any bank for the equivalent item.
761	An intelligence report.
762	Swap this note at any bank for the equivalent item.
763	Half of the Shield of Arrav.
764	Swap this note at any bank for the equivalent item.
765	Half of the Shield of Arrav.
766	Swap this note at any bank for the equivalent item.
767	Second-rate crossbow, former property of the Phoenix Gang.
768	Swap this note at any bank for the equivalent item.
769	Entrance certificate to the Imperial Guard.
770	Swap this note at any bank for the equivalent item.
771	A limb of the fabled Dramen tree.
772	Crafted from a Dramen tree branch.
773	A perfect ruby ring.
774	A perfect ruby necklace.
775	These gauntlets empower with a greater ability to cook fish.
776	These gauntlets empower the bearer whilst making gold.
777	These gauntlets empower spell casters.
778	My reward for assisting the Fitzharmon family.
779	A fragment of the Fitzharmon family crest.
780	A fragment of the Fitzharmon family crest.
781	A fragment of the Fitzharmon family crest.
782	It's a Family crest.
783	A sample of the bark from the Grand Tree.
784	A book to translate the ancient gnome language into English.
785	Perhaps I should read it and see what Glough is up to!
786	Hazelmere wrote something down on this scroll.
787	An order from the Karamja shipyard.
788	The key to Glough's chest.
789	Twigs bound together in the shape of a (Z/U/T/O).
790	Twigs bound together in the shape of a (Z/U/T/O).
791	Twigs bound together in the shape of a (Z/U/T/O).
792	Twigs bound together in the shape of a (Z/U/T/O).
793	An ancient rock with strange magical properties.
794	These are plans for an invasion!
795	A model of a Karamja warship
796	It's an Exploding vial.
797	It's a Herb bowl.
798	It's a Grinder.
800	A finely balanced throwing axe.
801	A finely balanced throwing axe.
802	A finely balanced throwing axe.
803	A finely balanced throwing axe.
804	A finely balanced throwing axe.
805	A finely balanced throwing axe.
806	A deadly throwing dart with a bronze tip.
807	A deadly throwing dart with an iron tip.
808	A deadly throwing dart with a steel tip.
809	A deadly throwing dart with a mithril tip.
810	A deadly throwing dart with an adamantite tip.
811	A deadly throwing dart with a rune tip.
812	A deadly throwing dart with a bronze tip.
813	A deadly throwing dart with an iron tip.
814	A deadly throwing dart with a steel tip.
815	A deadly throwing dart with a mithril tip.
816	A deadly throwing dart with an adamantite tip.
817	A deadly throwing dart with a rune tip.
818	It's a Poisoned dart(p).
819	A deadly looking dart tip made of bronze - needs feathers for flight.
820	A deadly looking dart tip made of iron - needs feathers for flight.
821	A deadly looking dart tip made of steel - needs feathers for flight.
822	A deadly looking dart tip made of mithril - needs feathers for flight.
823	A deadly looking dart tip made of adamantite - needs feathers for flight.
824	A deadly looking dart tip made of runite - needs feathers for flight.
825	A bronze-tipped javelin.
826	An iron-tipped javelin.
827	A steel-tipped javelin.
828	A mithril tipped javelin.
829	An adamant tipped javelin.
830	A rune tipped javelin.
831	A bronze-tipped javelin.
832	An iron-tipped javelin.
833	A steel-tipped javelin.
834	A mithril tipped javelin.
835	An adamant tipped javelin.
836	A rune tipped javelin.
837	This fires crossbow bolts.
838	Swap this note at any bank for the equivalent item.
839	A nice sturdy bow.
840	Swap this note at any bank for the equivalent item.
841	A shortbow made of wood.
842	Swap this note at any bank for the equivalent item.
843	A shortbow made out of oak, still effective.
844	Swap this note at any bank for the equivalent item.
845	A nice sturdy bow made out of oak.
846	Swap this note at any bank for the equivalent item.
847	A nice sturdy bow made out of willow.
848	Swap this note at any bank for the equivalent item.
849	A shortbow made out of willow, still effective.
850	Swap this note at any bank for the equivalent item.
851	A nice sturdy bow made out of maple.
852	Swap this note at any bank for the equivalent item.
853	A shortbow made out of maple, still effective.
854	Swap this note at any bank for the equivalent item.
855	A nice sturdy bow made out of yew.
856	Swap this note at any bank for the equivalent item.
857	A shortbow made out of yew, still effective.
858	Swap this note at any bank for the equivalent item.
859	A nice sturdy magical bow.
860	Swap this note at any bank for the equivalent item.
861	Short and magical, but still effective.
862	Swap this note at any bank for the equivalent item.
863	A finely balanced throwing knife.
864	A finely balanced throwing knife.
865	A finely balanced throwing knife.
866	A finely balanced throwing knife.
867	A finely balanced throwing knife.
868	A finely balanced throwing knife.
869	A finely balanced throwing knife.
870	A finely balanced throwing knife.
871	A finely balanced throwing knife.
872	A finely balanced throwing knife.
873	A finely balanced throwing knife.
874	A finely balanced throwing knife.
875	A finely balanced throwing knife.
876	A finely balanced throwing knife.
877	Bronze crossbow bolts.
878	Bronze crossbow bolts.
879	Opal tipped bronze crossbow bolts
880	Pearl tipped Iron crossbow bolts.
881	Great if you have a crossbow!
882	Arrows with bronze heads.
883	Arrows with bronze heads.
884	Arrows with iron heads.
885	Arrows with iron heads.
886	Arrows with steel heads.
887	Arrows with steel heads.
888	Arrows with mithril heads.
889	Arrows with mithril heads.
890	Arrows with adamantite heads.
891	Arrows with adamantite heads.
892	Arrows with rune heads.
893	Arrows with rune heads.
942	unlit: Arrows with bronze heads and oil-soaked cloth. lit: An easy to make, bronze-headed fire arrow.
943	Ugh! It's wriggling!
944	Swap this note at any bank for the equivalent item.
945	It's a Throwing rope.
946	A dangerous looking knife.
947	Swap this note at any bank for the equivalent item.
948	This would make warm clothing.
949	Swap this note at any bank for the equivalent item.
950	It's a sheet of silk.
951	Swap this note at any bank for the equivalent item.
952	A slightly muddy spade. / Popular with farmers and treasure hunters.
953	Swap this note at any bank for the equivalent item.
954	A coil of rope.
955	Swap this note at any bank for the equivalent item.
956	Get your axes from Bob's Axes.
957	Swap this note at any bank for the equivalent item.
958	This would make warm clothing.
959	Swap this note at any bank for the equivalent item.
960	A plank of wood!
961	Swap this note at any bank for the equivalent item.
962	I need to pull this.
963	Swap this note at any bank for the equivalent item.
964	It's a Skull.
965	Swap this note at any bank for the equivalent item.
966	A fraction of a roof.
967	Swap this note at any bank for the equivalent item.
968	It's a Rock.
969	Swap this note at any bank for the equivalent item.
970	Used for making notes.
971	Swap this note at any bank for the equivalent item.
972	Used for making notes.
973	A lump of charcoal.
974	Swap this note at any bank for the equivalent item.
975	A jungle specific slashing device.
976	Swap this note at any bank for the equivalent item.
977	It's a Cooking pot.
978	Swap this note at any bank for the equivalent item.
980	It's a Whoopsie.
981	Used to get out of Thordur's blackhole.
982	Swap this note at any bank for the equivalent item.
983	A key found on the floor of Edgeville Dungeon.
984	Swap this note at any bank for the equivalent item.
985	The tooth end of the mysterious Crystal key. Can you find the other half?
986	Swap this note at any bank for the equivalent item.
987	The loop end of the mysterious Crystal key. Can you find the other half?
988	Swap this note at any bank for the equivalent item.
989	A mysterious key for a mysterious chest.
990	Swap this note at any bank for the equivalent item.
991	It looks like the key to a chest
992	Swap this note at any bank for the equivalent item.
993	You get a sense of dread from this key.
994	Swap this note at any bank for the equivalent item.
995	Lovely money!
1005	A mostly clean apron.
1006	Swap this note at any bank for the equivalent item.
1007	A bright red cape.
1008	Swap this note at any bank for the equivalent item.
1009	I'd prefer a gold one.
1010	Swap this note at any bank for the equivalent item.
1011	Leg covering favored by women and wizards.
1012	Swap this note at any bank for the equivalent item.
1013	A ladies skirt.
1014	Swap this note at any bank for the equivalent item.
1015	Clothing favoured by women and dark wizards.
1016	Swap this note at any bank for the equivalent item.
1017	A silly pointed hat.
1018	Swap this note at any bank for the equivalent item.
1019	A warm black cape.
1020	Swap this note at any bank for the equivalent item.
1021	A thick blue cape.
1022	Swap this note at any bank for the equivalent item.
1023	A thick yellow cape.
1024	Swap this note at any bank for the equivalent item.
1025	A black piece of cloth on a string.
1026	Swap this note at any bank for the equivalent item.
1027	A thick green cape.
1028	Swap this note at any bank for the equivalent item.
1029	A thick purple cape.
1030	Swap this note at any bank for the equivalent item.
1031	A thick orange cape.
1032	Swap this note at any bank for the equivalent item.
1033	A robe worn by worshippers of Zamorak.
1034	Swap this note at any bank for the equivalent item.
1035	A robe worn by worshippers of Zamorak.
1036	Swap this note at any bank for the equivalent item.
1037	A rabbit-like adornment.
1038	A nice hat from a cracker.
1039	Swap this note at any bank for the equivalent item.
1040	A nice hat from a cracker.
1041	Swap this note at any bank for the equivalent item.
1042	A nice hat from a cracker.
1043	Swap this note at any bank for the equivalent item.
1044	A nice hat from a cracker.
1045	Swap this note at any bank for the equivalent item.
1046	A nice hat from a cracker.
1047	Swap this note at any bank for the equivalent item.
1048	A nice hat from a cracker.
1049	Swap this note at any bank for the equivalent item.
1050	It's a Santa hat.
1051	Swap this note at any bank for the equivalent item.
1052	The cape worn by members of the Legends Guild.
1053	Aaaarrrghhh ... I'm a monster.
1054	Swap this note at any bank for the equivalent item.
1055	Aaaarrrghhh ... I'm a monster.
1056	Swap this note at any bank for the equivalent item.
1057	Aaaarrrghhh ... I'm a monster.
1058	Swap this note at any bank for the equivalent item.
1059	These will keep my hands warm!
1060	Swap this note at any bank for the equivalent item.
1061	Comfortable leather boots.
1062	Swap this note at any bank for the equivalent item.
1063	Better than no armour!
1064	Swap this note at any bank for the equivalent item.
1065	Made from 100% real dragonhide.
1066	Swap this note at any bank for the equivalent item.
1067	These look pretty heavy.
1068	Swap this note at any bank for the equivalent item.
1069	These look pretty heavy.
1070	Swap this note at any bank for the equivalent item.
1071	These look pretty heavy.
1072	Swap this note at any bank for the equivalent item.
1073	These look pretty heavy.
1074	Swap this note at any bank for the equivalent item.
1075	These look pretty heavy.
1076	Swap this note at any bank for the equivalent item.
1077	These look pretty heavy
1078	Swap this note at any bank for the equivalent item.
1079	These look pretty heavy.
1080	Swap this note at any bank for the equivalent item.
1081	Designer leg protection.
1082	Swap this note at any bank for the equivalent item.
1083	Designer leg protection.
1084	Swap this note at any bank for the equivalent item.
1085	Designer leg protection.
1086	Swap this note at any bank for the equivalent item.
1087	Designer leg protection.
1088	Swap this note at any bank for the equivalent item.
1089	Designer leg protection.
1090	Swap this note at any bank for the equivalent item.
1091	Designer leg protection.
1092	Swap this note at any bank for the equivalent item.
1093	Designer leg protection.
1094	Swap this note at any bank for the equivalent item.
1095	Better than no armour!
1096	Swap this note at any bank for the equivalent item.
1097	Those studs should provide a bit more protection.
1098	Swap this note at any bank for the equivalent item.
1099	100% real dragonhide.
1100	Swap this note at any bank for the equivalent item.
1101	A series of connected metal rings.
1102	Swap this note at any bank for the equivalent item.
1103	A series of connected metal rings.
1104	Swap this note at any bank for the equivalent item.
1105	A series of connected metal rings.
1106	Swap this note at any bank for the equivalent item.
1107	A series of connected metal rings.
1108	Swap this note at any bank for the equivalent item.
1109	A series of connected metal rings.
1110	Swap this note at any bank for the equivalent item.
1111	A series of connected metal rings.
1112	Swap this note at any bank for the equivalent item.
1113	A series of connected metal rings.
1114	Swap this note at any bank for the equivalent item.
1115	Provides excellent protection.
1116	Swap this note at any bank for the equivalent item.
1117	Provides excellent protection.
1118	Swap this note at any bank for the equivalent item.
1119	Provides excellent protection.
1120	Swap this note at any bank for the equivalent item.
1121	Provides excellent protection.
1122	Swap this note at any bank for the equivalent item.
1123	Provides excellent protection.
1124	Swap this note at any bank for the equivalent item.
1125	Provides Excellent protection.
1126	Swap this note at any bank for the equivalent item.
1127	Provides excellent protection.
1128	Swap this note at any bank for the equivalent item.
1129	Better than no armour!
1130	Swap this note at any bank for the equivalent item.
1131	Harder than normal leather.
1132	Swap this note at any bank for the equivalent item.
1133	These studs should provide a bit more protection.
1134	Swap this note at any bank for the equivalent item.
1135	Made from 100% real dragonhide.
1136	Swap this note at any bank for the equivalent item.
1137	A medium sized helmet.
1138	Swap this note at any bank for the equivalent item.
1139	A medium sized helmet.
1140	Swap this note at any bank for the equivalent item.
1141	A medium sized helmet.
1142	Swap this note at any bank for the equivalent item.
1143	A medium sized helmet.
1144	Swap this note at any bank for the equivalent item.
1145	A medium sized helmet.
1146	Swap this note at any bank for the equivalent item.
1147	A medium sized helmet.
1148	Swap this note at any bank for the equivalent item.
1149	Makes the wearer pretty intimidating.
1150	Swap this note at any bank for the equivalent item.
1151	A medium sized helmet.
1152	Swap this note at any bank for the equivalent item.
1153	A full face helmet.
1154	Swap this note at any bank for the equivalent item.
1155	A full face helmet.
1156	Swap this note at any bank for the equivalent item.
1157	A full face helmet.
1158	Swap this note at any bank for the equivalent item.
1159	A full face helmet.
1160	Swap this note at any bank for the equivalent item.
1161	A full face helmet.
1162	Swap this note at any bank for the equivalent item.
1163	A full face helmet.
1164	Swap this note at any bank for the equivalent item.
1165	A full face helmet.
1166	Swap this note at any bank for the equivalent item.
1167	Better than no armour!
1168	Swap this note at any bank for the equivalent item.
1169	Light weight head protection.
1170	Swap this note at any bank for the equivalent item.
1171	A solid wooden shield.
1172	Swap this note at any bank for the equivalent item.
1173	A medium square shield.
1174	Swap this note at any bank for the equivalent item.
1175	A medium square shield.
1176	Swap this note at any bank for the equivalent item.
1177	A medium square shield.
1178	Swap this note at any bank for the equivalent item.
1179	A medium square shield.
1180	Swap this note at any bank for the equivalent item.
1181	A medium square shield.
1182	Swap this note at any bank for the equivalent item.
1183	A medium square shield.
1184	Swap this note at any bank for the equivalent item.
1185	A medium square shield.
1186	Swap this note at any bank for the equivalent item.
1187	An ancient and powerful looking Dragon Square shield.
1188	Swap this note at any bank for the equivalent item.
1189	A large metal shield.
1190	Swap this note at any bank for the equivalent item.
1191	A large metal shield.
1192	Swap this note at any bank for the equivalent item.
1193	A large metal shield.
1194	Swap this note at any bank for the equivalent item.
1195	A large metal shield.
1196	Swap this note at any bank for the equivalent item.
1197	A large metal shield.
1198	Swap this note at any bank for the equivalent item.
1199	A large metal shield.
1200	Swap this note at any bank for the equivalent item.
1201	A large metal shield.
1202	Swap this note at any bank for the equivalent item.
1203	Short but pointy.
1204	Swap this note at any bank for the equivalent item.
1205	Short but pointy.
1206	Swap this note at any bank for the equivalent item.
1207	Short but pointy.
1208	Swap this note at any bank for the equivalent item.
1209	A dangerous dagger.
1210	Swap this note at any bank for the equivalent item.
1211	Short and deadly.
1212	Swap this note at any bank for the equivalent item.
1213	A powerful dagger.
1214	Swap this note at any bank for the equivalent item.
1215	A powerful dagger.
1216	Swap this note at any bank for the equivalent item.
1217	A vicious black dagger.
1218	Swap this note at any bank for the equivalent item.
1219	Short but pointy.
1220	Swap this note at any bank for the equivalent item.
1221	Short but pointy.
1222	Swap this note at any bank for the equivalent item.
1223	Short but pointy.
1224	Swap this note at any bank for the equivalent item.
1225	A dangerous dagger.
1226	Swap this note at any bank for the equivalent item.
1227	Short and deadly.
1228	Swap this note at any bank for the equivalent item.
1229	A powerful dagger.
1230	Swap this note at any bank for the equivalent item.
1231	A powerful dagger.
1232	Swap this note at any bank for the equivalent item.
1233	A vicious black dagger.
1234	Swap this note at any bank for the equivalent item.
1235	It's a Poisoned dagger(p).
1236	Swap this note at any bank for the equivalent item.
1237	A bronze tipped spear.
1238	Swap this note at any bank for the equivalent item.
1239	An iron tipped spear.
1240	Swap this note at any bank for the equivalent item.
1241	A steel tipped spear.
1242	Swap this note at any bank for the equivalent item.
1243	A mithril tipped spear.
1244	Swap this note at any bank for the equivalent item.
1245	An adamant tipped spear.
1246	Swap this note at any bank for the equivalent item.
1247	A rune tipped spear.
1248	Swap this note at any bank for the equivalent item.
1249	A dragon tipped spear.
1250	Swap this note at any bank for the equivalent item.
1251	A bronze tipped spear.
1252	Swap this note at any bank for the equivalent item.
1253	An iron tipped spear.
1254	Swap this note at any bank for the equivalent item.
1255	A steel tipped spear.
1256	Swap this note at any bank for the equivalent item.
1257	A mithril tipped spear.
1258	Swap this note at any bank for the equivalent item.
1259	An adamant tipped spear.
1260	Swap this note at any bank for the equivalent item.
1261	A rune tipped spear.
1262	Swap this note at any bank for the equivalent item.
1263	A dragon tipped spear.
1264	Swap this note at any bank for the equivalent item.
1265	Used for mining.
1266	Swap this note at any bank for the equivalent item.
1267	Used for mining.
1268	Swap this note at any bank for the equivalent item.
1269	Used for mining.
1270	Swap this note at any bank for the equivalent item.
1271	Used for mining.
1272	Swap this note at any bank for the equivalent item.
1273	Used for mining.
1274	Swap this note at any bank for the equivalent item.
1275	Used for mining.
1276	Swap this note at any bank for the equivalent item.
1277	A razor sharp sword.
1278	Swap this note at any bank for the equivalent item.
1279	A razor sharp sword.
1280	Swap this note at any bank for the equivalent item.
1281	A razor sharp sword.
1282	Swap this note at any bank for the equivalent item.
1283	A razor sharp sword.
1284	Swap this note at any bank for the equivalent item.
1285	A razor sharp sword.
1286	Swap this note at any bank for the equivalent item.
1287	A razor sharp sword.
1288	Swap this note at any bank for the equivalent item.
1289	A razor sharp sword.
1290	Swap this note at any bank for the equivalent item.
1291	A razor sharp longsword.
1292	Swap this note at any bank for the equivalent item.
1293	A razor sharp longsword.
1294	Swap this note at any bank for the equivalent item.
1295	A razor sharp longsword.
1296	Swap this note at any bank for the equivalent item.
1297	A razor sharp longsword.
1298	Swap this note at any bank for the equivalent item.
1299	A razor sharp longsword.
1300	Swap this note at any bank for the equivalent item.
1301	A razor sharp longsword.
1302	Swap this note at any bank for the equivalent item.
1303	A razor sharp longsword
1304	Swap this note at any bank for the equivalent item.
1305	A very powerful sword.
1306	Swap this note at any bank for the equivalent item.
1307	A two-handed sword.
1308	Swap this note at any bank for the equivalent item.
1309	A two handed sword.
1310	Swap this note at any bank for the equivalent item.
1311	A two handed sword.
1312	Swap this note at any bank for the equivalent item.
1313	A two-handed sword.
1314	Swap this note at any bank for the equivalent item.
1315	A two-handed sword.
1316	Swap this note at any bank for the equivalent item.
1317	A two-handed sword.
1318	Swap this note at any bank for the equivalent item.
1319	A two handed sword.
1320	Swap this note at any bank for the equivalent item.
1321	A vicious, curved sword.
1322	Swap this note at any bank for the equivalent item.
1323	A vicious, curved sword.
1324	Swap this note at any bank for the equivalent item.
1325	A vicious, curved sword.
1326	Swap this note at any bank for the equivalent item.
1327	A vicious, curved sword.
1328	Swap this note at any bank for the equivalent item.
1329	A vicious, curved sword.
1330	Swap this note at any bank for the equivalent item.
1331	A viciously curved sword
1332	Swap this note at any bank for the equivalent item.
1333	A vicious, curved sword.
1334	Swap this note at any bank for the equivalent item.
1335	I don't think it's intended for joinery.
1336	Swap this note at any bank for the equivalent item.
1337	I don't think it's intended for joinery.
1338	Swap this note at any bank for the equivalent item.
1339	I don't think it's intended for joinery.
1340	Swap this note at any bank for the equivalent item.
1341	I don't think it's intended for joinery.
1342	Swap this note at any bank for the equivalent item.
1343	I don't think it's intended for joinery.
1344	Swap this note at any bank for the equivalent item.
1345	I don't think it's intended for joinery.
1346	Swap this note at any bank for the equivalent item.
1347	I don't think it's intended for joinery.
1348	Swap this note at any bank for the equivalent item.
1349	A woodcutter's axe.
1350	Swap this note at any bank for the equivalent item.
1351	A woodcutter's axe.
1352	Swap this note at any bank for the equivalent item.
1353	A woodcutter's axe.
1354	Swap this note at any bank for the equivalent item.
1355	A powerful axe.
1356	Swap this note at any bank for the equivalent item.
1357	A powerful axe.
1358	Swap this note at any bank for the equivalent item.
1359	A powerful axe.
1360	Swap this note at any bank for the equivalent item.
1361	A sinister looking axe.
1362	Swap this note at any bank for the equivalent item.
1363	A vicious looking axe.
1364	Swap this note at any bank for the equivalent item.
1365	A vicious looking axe.
1366	Swap this note at any bank for the equivalent item.
1367	A vicious looking axe.
1368	Swap this note at any bank for the equivalent item.
1369	A vicious looking axe.
1370	Swap this note at any bank for the equivalent item.
1371	A vicious looking axe.
1372	Swap this note at any bank for the equivalent item.
1373	A vicious looking axe.
1374	Swap this note at any bank for the equivalent item.
1375	A vicious looking axe.
1376	Swap this note at any bank for the equivalent item.
1377	A vicious looking axe.
1378	Swap this note at any bank for the equivalent item.
1379	It's a slightly magical stick.
1380	Swap this note at any bank for the equivalent item.
1381	A Magical staff.
1382	Swap this note at any bank for the equivalent item.
1383	A Magical staff.
1384	Swap this note at any bank for the equivalent item.
1385	A Magical staff.
1386	Swap this note at any bank for the equivalent item.
1387	A Magical staff.
1388	Swap this note at any bank for the equivalent item.
1389	A Magical staff.
1390	Swap this note at any bank for the equivalent item.
1391	It's a slightly magical stick.
1392	Swap this note at any bank for the equivalent item.
1393	It's a slightly magical stick.
1394	Swap this note at any bank for the equivalent item.
1395	It's a slightly magical stick.
1396	Swap this note at any bank for the equivalent item.
1397	It's a slightly magical stick.
1398	Swap this note at any bank for the equivalent item.
1399	It's a slightly magical stick.
1400	Swap this note at any bank for the equivalent item.
1401	It's a slightly magical stick.
1402	Swap this note at any bank for the equivalent item.
1403	It's a slightly magical stick.
1404	Swap this note at any bank for the equivalent item.
1405	It's a slightly magical stick.
1406	Swap this note at any bank for the equivalent item.
1407	It's a slightly magical stick.
1408	Swap this note at any bank for the equivalent item.
1409	An ancient staff, formerly the property of Iban.
1410	An ancient staff, formerly the property of Iban.
1411	It's a Farmer's fork.
1412	Swap this note at any bank for the equivalent item.
1413	It's an Halberd.
1414	Swap this note at any bank for the equivalent item.
1415	It's a Warhammer.
1416	Swap this note at any bank for the equivalent item.
1417	It's a Javelin.
1418	Swap this note at any bank for the equivalent item.
1419	It's a Scythe.
1420	A spiky mace.
1421	Swap this note at any bank for the equivalent item.
1422	A spiky mace.
1423	Swap this note at any bank for the equivalent item.
1424	A spiky mace.
1425	Swap this note at any bank for the equivalent item.
1426	A spiky mace.
1427	Swap this note at any bank for the equivalent item.
1428	A spiky mace.
1429	Swap this note at any bank for the equivalent item.
1430	A spiky mace.
1431	Swap this note at any bank for the equivalent item.
1432	A spiky mace.
1433	Swap this note at any bank for the equivalent item.
1434	A spiky mace.
1435	Swap this note at any bank for the equivalent item.
1436	An uncharged Rune Stone.
1437	Swap this note at any bank for the equivalent item.
1438	A mysterious power emanates from the talisman...
1439	Swap this note at any bank for the equivalent item.
1440	A mysterious power emanates from the talisman...
1441	Swap this note at any bank for the equivalent item.
1442	A mysterious power emanates from the talisman...
1443	Swap this note at any bank for the equivalent item.
1444	A mysterious power emanates from the talisman...
1445	Swap this note at any bank for the equivalent item.
1446	A mysterious power emanates from the talisman...
1447	Swap this note at any bank for the equivalent item.
1448	A mysterious power emanates from the talisman...
1449	Swap this note at any bank for the equivalent item.
1450	A mysterious power emanates from the talisman...
1451	Swap this note at any bank for the equivalent item.
1452	A mysterious power emanates from the talisman...
1453	Swap this note at any bank for the equivalent item.
1454	A mysterious power emanates from the talisman...
1455	Swap this note at any bank for the equivalent item.
1456	A mysterious power emanates from the talisman...
1457	Swap this note at any bank for the equivalent item.
1458	A mysterious power emanates from the talisman...
1459	It's an Elven sheep.
1460	It's a Soul talisman.
1461	Swap this note at any bank for the equivalent item.
1462	A mysterious power emanates from the talisman...
1463	Swap this note at any bank for the equivalent item.
1464	I can exchange this for equipment.
1465	For use on daggers and projectiles.
1466	It's a Sea slug.
1467	Some damp wooden sticks.
1468	Some dry wooden sticks.
1469	Smashed glass.
1470	A small round red bead.
1471	Swap this note at any bank for the equivalent item.
1472	A small round yellow bead.
1473	Swap this note at any bank for the equivalent item.
1474	A small round black bead.
1475	Swap this note at any bank for the equivalent item.
1476	A small round white bead.
1477	Swap this note at any bank for the equivalent item.
1478	Wizard Mizgog sells these aim-enhancing amulets.
1479	Swap this note at any bank for the equivalent item.
1480	A chunk of rock.
1481	A magical sphere that glimmers within.
1482	A magical sphere that glimmers within.
1483	A magical sphere that glimmers within.
1484	A magical sphere that glimmers within.
1485	A damp, wet cloth.
1486	A broken piece of railing.
1487	This horn has restorative properties.
1488	A coat of arms of the Ardougne Paladins.
1489	A coat of arms of the Ardougne Paladins.
1490	A coat of arms of the Ardougne Paladins.
1491	On the ground: Curiosity has yet to kill this one...
1492	A simple doll with Iban's likeness.
1493	An account of the last times of someone.
1494	The tale of Iban.
1495	Strong dwarvish gloves.
1496	I thought you only saw these in pairs?
1497	A mystical demonic amulet.
1498	A mystical demonic amulet.
1499	A mystical demonic amulet.
1500	A strange dark liquid.
1501	Smells stronger than most spirits.
1502	The burnt remains of Iban.
1503	A search warrant for a house in West Ardougne.
1504	It doesn't look very tasty.
1505	Maybe I should read this...
1506	Stops me from breathing nasty stuff!
1507	Quite a small key.
1508	It seems to say "hongorer lure"...
1509	Turnip growing for beginners.
1510	A picture of a lady called Elena.
1511	A number of wooden logs.
1512	Swap this note at any bank for the equivalent item.
1513	Logs cut from a magic tree.
1514	Swap this note at any bank for the equivalent item.
1515	Logs cut from a yew tree.
1516	Swap this note at any bank for the equivalent item.
1517	Logs cut from a maple tree.
1518	Swap this note at any bank for the equivalent item.
1519	Logs cut from a willow tree.
1520	Swap this note at any bank for the equivalent item.
1521	Logs cut from an Oak Tree.
1522	Swap this note at any bank for the equivalent item.
1523	For picking tough locks.
1524	Swap this note at any bank for the equivalent item.
1525	I need to clean this herb before I can use it.
1526	A fresh herb.
1527	I need to clean this herb before I can use it.
1528	A fresh herb.
1529	I need to clean this herb before I can use it.
1530	A fresh herb.
1531	I need to clean this herb before I can use it.
1532	A fresh herb.
1533	I need to clean this herb before I can use it.
1534	A fresh herb.
1535	A piece of map.
1536	A piece of map.
1537	A piece of map.
1538	A map of the route to Crandor.
1539	Keeps things in place fairly permanently.
1540	This provides partial protection from dragon-breath attacks.
1541	Swap this note at any bank for the equivalent item.
1542	A key to Melzar's Maze.
1543	It's a Key.
1544	It's a Key.
1545	It's a Key.
1546	It's a Key.
1547	It's a Key.
1548	It's a Key.
1549	A very pointy stick.
1550	Deters vampires.
1551	Swap this note at any bank for the equivalent item.
1552	Sardine flavoured with doogle leaves.
1553	Swap this note at any bank for the equivalent item.
1554	It's a Fluffs' kitten.
1555	This kitten seems to like you.
1556	This kitten seems to like you.
1557	This kitten seems to like you.
1558	This kitten seems to like you.
1559	This kitten seems to like you.
1560	This kitten seems to like you.
1561	This cat definitely likes you.
1562	This cat definitely likes you.
1563	This cat definitely likes you.
1564	This cat definitely likes you.
1565	This cat definitely likes you.
1566	This cat definitely likes you.
1567	This cat is so well fed it can hardly move.
1568	This cat is so well fed it can hardly move.
1569	This cat is so well fed it can hardly move.
1570	This cat is so well fed it can hardly move.
1571	This cat is so well fed it can hardly move.
1572	This cat is so well fed it can hardly move.
1573	A tasty herb good for seasoning.
1574	Swap this note at any bank for the equivalent item.
1575	For feline training expertise.
1576	Swap this note at any bank for the equivalent item.
1577	Candlestick used during Heroes' Quest.
1578	Swap this note at any bank for the equivalent item.
1579	This denotes a Master Thief.
1580	These will keep my hands cold!
1581	Yuck.
1582	Made from the finest snail slime.
1583	Firebird feather.
1584	Apparently my name is Hartigen.
1585	Useful for catching lava eels.
1586	This is of use in completing Heroes' Quest. (Heroes' Quest)
1587	Swap this note at any bank for the equivalent item.
1588	The key I got from Grip. (Heroes' Quest)
1589	It's a Picture.
1590	I wonder what this unlocks. (Heroes' Quest)
1591	Key to a cell. (Heroes' Quest)
1592	Used to make gold rings.
1593	Swap this note at any bank for the equivalent item.
1594	Used to make unholy symbols.
1595	Used to make gold amulets.
1596	Swap this note at any bank for the equivalent item.
1597	Used to make gold necklaces.
1598	Swap this note at any bank for the equivalent item.
1599	Used to make holy symbols of Saradomin.
1600	Swap this note at any bank for the equivalent item.
1601	This looks valuable.
1602	Swap this note at any bank for the equivalent item.
1603	This looks valuable.
1604	Swap this note at any bank for the equivalent item.
1605	This looks valuable.
1606	Swap this note at any bank for the equivalent item.
1607	This looks valuable.
1608	Swap this note at any bank for the equivalent item.
1609	A semi precious stone.
1610	Swap this note at any bank for the equivalent item.
1611	A semi precious stone.
1612	Swap this note at any bank for the equivalent item.
1613	A semi precious stone.
1614	Swap this note at any bank for the equivalent item.
1615	This looks valuable.
1616	Swap this note at any bank for the equivalent item.
1617	An uncut diamond.
1618	Swap this note at any bank for the equivalent item.
1619	An uncut ruby.
1620	Swap this note at any bank for the equivalent item.
1621	An uncut emerald.
1622	Swap this note at any bank for the equivalent item.
1623	An uncut sapphire.
1624	Swap this note at any bank for the equivalent item.
1625	An uncut opal.
1626	Swap this note at any bank for the equivalent item.
1627	An uncut jade.
1628	Swap this note at any bank for the equivalent item.
1629	An uncut red topaz.
1630	Swap this note at any bank for the equivalent item.
1631	An uncut dragonstone.
1632	Swap this note at any bank for the equivalent item.
1633	This gem is crushed and broken.
1634	Swap this note at any bank for the equivalent item.
1635	A valuable ring.
1636	Swap this note at any bank for the equivalent item.
1637	A valuable ring.
1638	Swap this note at any bank for the equivalent item.
1639	A valuable ring.
1640	Swap this note at any bank for the equivalent item.
1641	A valuable ring.
1642	Swap this note at any bank for the equivalent item.
1643	A valuable ring.
1644	Swap this note at any bank for the equivalent item.
1645	A valuable ring.
1646	Swap this note at any bank for the equivalent item.
1648	It's a Whoopsie.
1649	A valuable ring.
1650	A valuable ring.
1651	A valuable ring.
1652	A valuable ring.
1653	A valuable ring.
1654	I wonder if this is valuable.
1655	Swap this note at any bank for the equivalent item.
1656	I wonder if this is valuable.
1657	Swap this note at any bank for the equivalent item.
1658	I wonder if this is valuable.
1659	Swap this note at any bank for the equivalent item.
1660	I wonder if this is valuable.
1661	Swap this note at any bank for the equivalent item.
1662	I wonder if this is valuable.
1663	Swap this note at any bank for the equivalent item.
1664	I wonder if this is valuable.
1665	Swap this note at any bank for the equivalent item.
1667	It's a Whoopsie.
1668	I wonder if this is valuable.
1669	I wonder if this is valuable.
1670	I wonder if this is valuable.
1671	I wonder if this is valuable.
1672	I wonder if this is valuable.
1673	It needs a string so I can wear it.
1674	Swap this note at any bank for the equivalent item.
1675	It needs a string so I can wear it.
1676	Swap this note at any bank for the equivalent item.
1677	It needs a string so I can wear it.
1678	Swap this note at any bank for the equivalent item.
1679	It needs a string so I can wear it.
1680	Swap this note at any bank for the equivalent item.
1681	It needs a string so I can wear it.
1682	Swap this note at any bank for the equivalent item.
1683	It needs a string so I can wear it.
1684	Swap this note at any bank for the equivalent item.
1686	It's a Whoopsie.
1687	I wonder if I can get this enchanted.
1688	I wonder if I can get this enchanted.
1689	I wonder if I can get this enchanted.
1690	I wonder if I can get this enchanted.
1691	I wonder if I can get this enchanted.
1692	A plain gold amulet.
1693	Swap this note at any bank for the equivalent item.
1694	I wonder if I can get this enchanted.
1695	Swap this note at any bank for the equivalent item.
1696	I wonder if I can get this enchanted.
1697	Swap this note at any bank for the equivalent item.
1698	I wonder if I can get this enchanted.
1699	Swap this note at any bank for the equivalent item.
1700	I wonder if I can get this enchanted.
1701	Swap this note at any bank for the equivalent item.
1702	I wonder if I can get this enchanted.
1703	Swap this note at any bank for the equivalent item.
1704	A very powerful dragonstone amulet.
1705	Swap this note at any bank for the equivalent item.
1706	A dragonstone amulet with 1 magic charge.
1707	Swap this note at any bank for the equivalent item.
1708	A dragonstone amulet with 2 magic charges.
1709	Swap this note at any bank for the equivalent item.
1710	A dragonstone amulet with 3 magic charges.
1711	Swap this note at any bank for the equivalent item.
1712	A dragonstone amulet with 4 magic charges.
1713	Swap this note at any bank for the equivalent item.
1714	It needs a string so I can wear it.
1715	Swap this note at any bank for the equivalent item.
1716	A symbol of Saradomin.
1717	Swap this note at any bank for the equivalent item.
1718	A blessed holy symbol of Saradomin.
1719	Swap this note at any bank for the equivalent item.
1720	It needs a string so I can wear it.
1721	Swap this note at any bank for the equivalent item.
1722	An unholy symbol of Zamorak.
1723	Swap this note at any bank for the equivalent item.
1724	An unholy symbol of Zamorak.
1725	An enchanted ruby amulet.
1726	Swap this note at any bank for the equivalent item.
1727	An enchanted sapphire amulet of magic.
1728	Swap this note at any bank for the equivalent item.
1729	An enchanted emerald amulet of protection.
1730	Swap this note at any bank for the equivalent item.
1731	An enchanted diamond amulet of power.
1732	Swap this note at any bank for the equivalent item.
1733	Used with a thread to make clothes.
1734	Use with a needle to make clothes.
1735	For shearing sheep.
1736	Swap this note at any bank for the equivalent item.
1737	I think this came from a sheep.
1738	Swap this note at any bank for the equivalent item.
1739	I should take this to the tannery.
1740	Swap this note at any bank for the equivalent item.
1741	It's a piece of leather.
1742	Swap this note at any bank for the equivalent item.
1743	It's a piece of hard leather.
1744	Swap this note at any bank for the equivalent item.
1745	It's a piece of prepared green dragon hide.
1746	Swap this note at any bank for the equivalent item.
1747	The scaly rough hide from a Black Dragon.
1748	Swap this note at any bank for the equivalent item.
1749	The scaly rough hide from a red dragon.
1750	Swap this note at any bank for the equivalent item.
1751	The scaly rough hide from a blue dragon.
1752	Swap this note at any bank for the equivalent item.
1753	The scaly rough hide from a green dragon.
1754	Swap this note at any bank for the equivalent item.
1755	Good for detailed crafting.
1756	Swap this note at any bank for the equivalent item.
1757	A mostly clean apron.
1758	Swap this note at any bank for the equivalent item.
1759	Spun from sheeps' wool.
1760	Swap this note at any bank for the equivalent item.
1761	Clay soft enough to mould.
1762	Swap this note at any bank for the equivalent item.
1763	A little bottle of red dye.
1764	Swap this note at any bank for the equivalent item.
1765	A little bottle of yellow dye.
1766	Swap this note at any bank for the equivalent item.
1767	A little bottle of blue dye
1768	Swap this note at any bank for the equivalent item.
1769	A little bottle of orange dye.
1770	Swap this note at any bank for the equivalent item.
1771	A little bottle of green dye.
1772	Swap this note at any bank for the equivalent item.
1773	A little bottle of purple dye.
1774	Swap this note at any bank for the equivalent item.
1775	Hot glass ready to be blown into useful objects.
1776	Swap this note at any bank for the equivalent item.
1777	I need a bow stave to attach this to.
1778	Swap this note at any bank for the equivalent item.
1779	A plant cultivated for fibres (ground); I should use this with a spinning wheel (item).
1780	Swap this note at any bank for the equivalent item.
1781	One of the ingredients for making glass.
1782	Swap this note at any bank for the equivalent item.
1783	One of the ingredients for making glass.
1784	Swap this note at any bank for the equivalent item.
1785	Used to form molten glass into useful items.
1786	Swap this note at any bank for the equivalent item.
1787	I need to put this in a pottery oven.
1788	Swap this note at any bank for the equivalent item.
1789	I need to put this in a pottery oven.
1790	Swap this note at any bank for the equivalent item.
1791	I need to put this in a pottery oven.
1792	Swap this note at any bank for the equivalent item.
1793	A slightly bluish leaf.
1794	Useful for crafting items.
1795	Swap this note at any bank for the equivalent item.
1796	Anna's shiny silver coated necklace.
1797	Anna's shiny silver coated necklace coated with a thin layer of flour.
1798	Bob's shiny silver coated tea cup.
1799	Bob's shiny silver coated tea cup coated with a thin layer of flour.
1800	Carol's shiny silver coated bottle.
1801	Carol's shiny silver coated bottle coated with a thin layer of flour.
1802	David's shiny silver coated book.
1803	David's shiny silver coated book coated with a thin layer of flour.
1804	Elizabeth's shiny silver coated needle.
1805	Elizabeth's shiny silver coated needle coated with a thin layer of flour.
1806	Frank's shiny silver coated pot.
1807	Frank's shiny silver coated pot coated with a thin layer of flour.
1808	Some red thread found at the murder scene.
1809	Some green thread found at the murder scene.
1810	Some blue thread found at the murder scene.
1811	A piece of fly paper. It's sticky.
1812	A pot found at the murder scene, with a sickly odour.
1813	A flimsy-looking dagger found at the crime scene.
1814	A flimsy looking dagger found at the crime scene coated with a thin layer of flour.
1815	The fingerprints of the murderer.
1816	An imprint of Anna's fingerprint.
1817	An imprint of Bob's fingerprint.
1818	An imprint of Carol's fingerprint.
1819	An imprint of David's fingerprint.
1820	An imprint of Elizabeth's fingerprint.
1821	An imprint of Frank's fingerprint.
1822	An unidentified fingerprint taken from the murder weapon.
1823	A full waterskin with four portions of water.
1824	Swap this note at any bank for the equivalent item.
1825	A nearly full waterskin with three portions of water.
1826	Swap this note at any bank for the equivalent item.
1827	A half empty waterskin with two portions of water.
1828	Swap this note at any bank for the equivalent item.
1829	A nearly empty waterskin with one portion of water.
1830	Swap this note at any bank for the equivalent item.
1831	A completely empty waterskin - you'll need to fill it up.
1832	Swap this note at any bank for the equivalent item.
1833	A cool, light desert shirt.
1834	Swap this note at any bank for the equivalent item.
1835	A cool, light desert robe.
1836	Swap this note at any bank for the equivalent item.
1837	Comfortable desert shoes.
1838	Swap this note at any bank for the equivalent item.
1839	This key is crudely made. It came from the mining camp Mercenary Captain.
1840	A metallic key, usually used by prison guards. (Tourist Trap)
1841	An empty barrel/A Splendid barrel.
1842	Inventory: A mining barrel with Ana in it.While in the mine cart: It's Ana... in a barrel... in a mine cart.
1843	This key unlocks a very sturdy gate. Ana gave me this key. (Tourist Trap)
1844	A filthy, smelly, flea infested shirt.
1845	A filthy, smelly, flea infested robe.
1846	A set of filthy, smelly, flea infested desert slave boots.
1847	A piece of paper with barely legible writing - looks like a recipe!
1848	Very important information.
1849	A prototype throwing dart.
1850	Plans of a technical nature.
1851	The most delicious of pineapples.
1852	A key to the chest in Captain Siad's room.
1853	A protoype dart tip - it looks deadly.
1854	Allows you to pass through the Shantay pass into the Kharid Desert.
1855	It's a Rock.
1856	A Tourist's Guide to Ardougne.
1857	The Rantuki tribe's totem.
1858	It says 'To Lord Handelmort, Handelmort Mansion'.
1859	I need to cook this first.
1860	Swap this note at any bank for the equivalent item.
1861	I need to cook this first / Freshly cooked ugthanki meat.
1862	Swap this note at any bank for the equivalent item.
1863	I need to cook this.
1864	Swap this note at any bank for the equivalent item.
1865	Nicely baked pitta bread. Needs more ingredients to make a kebab.
1866	Swap this note at any bank for the equivalent item.
1867	It's all burnt.
1868	Swap this note at any bank for the equivalent item.
1869	A mixture of tomatoes in a bowl.
1870	Swap this note at any bank for the equivalent item.
1871	A mixture of onions in a bowl.
1872	Swap this note at any bank for the equivalent item.
1873	Strips of ugthanki meat in a bowl.
1874	Swap this note at any bank for the equivalent item.
1875	A mixture of chopped onions and tomatoes in a bowl
1876	Swap this note at any bank for the equivalent item.
1877	A mixture of chopped onions and ugthanki meat in a bowl.
1878	Swap this note at any bank for the equivalent item.
1879	A mixture of chopped tomatoes and ugthanki meat in a bowl.
1880	Swap this note at any bank for the equivalent item.
1881	A mixture of chopped tomatoes, onions and ugthanki meat in a bowl
1882	Swap this note at any bank for the equivalent item.
1883	It's an Ugthanki kebab.
1884	Swap this note at any bank for the equivalent item.
1885	It's an Ugthanki kebab.
1886	Swap this note at any bank for the equivalent item.
1887	Useful for baking cakes.
1888	Swap this note at any bank for the equivalent item.
1889	Now all I need to do is cook it.
1890	Swap this note at any bank for the equivalent item.
1891	A plain sponge cake.
1892	Swap this note at any bank for the equivalent item.
1893	A plain sponge cake.
1894	Swap this note at any bank for the equivalent item.
1895	A plain sponge cake.
1896	Swap this note at any bank for the equivalent item.
1897	This looks very tasty.
1898	Swap this note at any bank for the equivalent item.
1899	This looks very tasty.
1900	Swap this note at any bank for the equivalent item.
1901	This looks very tasty.
1902	Swap this note at any bank for the equivalent item.
1903	It's a Burnt cake.
1904	Swap this note at any bank for the equivalent item.
1905	Probably the finest readily-available ale in Asgarnia.
1906	Swap this note at any bank for the equivalent item.
1907	It's got strange bubbles in it.
1908	Swap this note at any bank for the equivalent item.
1909	A glass of frothy ale.
1910	Swap this note at any bank for the equivalent item.
1911	A glass of bitter.
1912	Swap this note at any bank for the equivalent item.
1913	A pint of thick dark beer.
1914	Swap this note at any bank for the equivalent item.
1915	A murky glass full of your average, everyday pirate slosh.
1916	Swap this note at any bank for the equivalent item.
1917	A glass of frothy ale.
1918	Swap this note at any bank for the equivalent item.
1919	I need to fill this with beer.
1920	Swap this note at any bank for the equivalent item.
1921	It's a bowl of water.
1922	Swap this note at any bank for the equivalent item.
1923	Useful for mixing things.
1924	Swap this note at any bank for the equivalent item.
1925	It's an empty bucket.
1926	Swap this note at any bank for the equivalent item.
1927	It's a bucket of milk.
1928	Swap this note at any bank for the equivalent item.
1929	It's a bucket of water.
1930	Swap this note at any bank for the equivalent item.
1931	This pot is empty.
1932	Swap this note at any bank for the equivalent item.
1933	There is flour in this pot.
1934	Swap this note at any bank for the equivalent item.
1935	This jug is empty.
1936	Swap this note at any bank for the equivalent item.
1937	It's full of water.
1938	Swap this note at any bank for the equivalent item.
1939	A foul smelling thick tar like substance.
1940	A tar-like substance mixed with flour and warmed.
1941	A tar-like substance mixed with flour and warmed.
1942	This could be used to make a good stew.
1943	Swap this note at any bank for the equivalent item.
1944	A nice fresh egg.
1945	Swap this note at any bank for the equivalent item.
1946	There is flour in this pot.
1947	Some wheat heads.
1948	Swap this note at any bank for the equivalent item.
1949	What a silly hat.
1950	Swap this note at any bank for the equivalent item.
1951	Very bright red berries.
1952	Swap this note at any bank for the equivalent item.
1953	Potentially pastry.
1954	Swap this note at any bank for the equivalent item.
1955	Keeps the doctor away.
1956	Swap this note at any bank for the equivalent item.
1957	A strong smelling onion.
1958	Swap this note at any bank for the equivalent item.
1959	Happy Halloween.
1960	Swap this note at any bank for the equivalent item.
1961	Happy Easter.
1962	Swap this note at any bank for the equivalent item.
1963	Mmm this looks tasty.
1964	Swap this note at any bank for the equivalent item.
1965	Yuck, I don't like cabbage.
1966	Swap this note at any bank for the equivalent item.
1967	Yuck, a cabbage from Draynor Manor. I don't like cabbage.
1968	Swap this note at any bank for the equivalent item.
1969	A home made spinach thing.
1970	Swap this note at any bank for the equivalent item.
1971	A meaty kebab.
1972	Swap this note at any bank for the equivalent item.
1973	Mmmmmmm chocolate.
1974	Swap this note at any bank for the equivalent item.
1975	It's ground-up chocolate.
1976	Swap this note at any bank for the equivalent item.
1977	Milk with chocolate in it.
1978	A nice cup of tea.
1979	Swap this note at any bank for the equivalent item.
1980	An empty cup.
1981	Swap this note at any bank for the equivalent item.
1982	This would make good ketchup.
1983	Swap this note at any bank for the equivalent item.
1984	Rotten to the core!
1985	It's got holes in it.
1986	Swap this note at any bank for the equivalent item.
1987	Good grapes for wine making.
1988	Swap this note at any bank for the equivalent item.
1989	An optimist would say it is half full.
1990	Swap this note at any bank for the equivalent item.
1991	Oh dear, this wine is terrible!
1992	Swap this note at any bank for the equivalent item.
1993	It's full of wine.
1994	Swap this note at any bank for the equivalent item.
1995	This wine needs to ferment before it can be drunk.
1996	Swap this note at any bank for the equivalent item.
1997	I need to add some meat too.
1998	Swap this note at any bank for the equivalent item.
1999	I need to add some potato too.
2000	Swap this note at any bank for the equivalent item.
2001	I need to cook this.
2002	Swap this note at any bank for the equivalent item.
2003	It's a meat and potato stew.
2004	Swap this note at any bank for the equivalent item.
2005	It's a Burnt stew.
2006	Swap this note at any bank for the equivalent item.
2007	This could liven up an otherwise bland stew.
2008	Swap this note at any bank for the equivalent item.
2009	I need to cook this.
2010	Swap this note at any bank for the equivalent item.
2011	It's a spicy hot curry.
2012	Swap this note at any bank for the equivalent item.
2013	Eew, it's horribly burnt.
2014	Swap this note at any bank for the equivalent item.
2015	An absolutely clear spirit sold by well-stocked bars.
2016	Swap this note at any bank for the equivalent item.
2017	This Draynor malt is sold by well-stocked bars.
2018	Swap this note at any bank for the equivalent item.
2019	A strong spirit that tastes of Juniper; sold at well-stocked bars.
2020	Swap this note at any bank for the equivalent item.
2021	A strong spirit best served in a large glass.
2022	Swap this note at any bank for the equivalent item.
2023	A book on tree gnome cocktails.
2024	Swap this note at any bank for the equivalent item.
2025	Used for mixing cocktails.
2026	For sipping cocktails.
2027	Swap this note at any bank for the equivalent item.
2028	A premade Blurberry Special.
2029	Swap this note at any bank for the equivalent item.
2030	A premade Chocolate Saturday.
2031	Swap this note at any bank for the equivalent item.
2032	A premade Drunk Dragon.
2033	Swap this note at any bank for the equivalent item.
2034	A premade Fruit Blast.
2035	Swap this note at any bank for the equivalent item.
2036	A premade Pineapple Punch.
2037	Swap this note at any bank for the equivalent item.
2038	A premade Short Green Guy.
2039	Swap this note at any bank for the equivalent item.
2040	A Premade Wizard Blizzard.
2041	Swap this note at any bank for the equivalent item.
2042	This cocktail is just missing those little finishing touches.
2043	Swap this note at any bank for the equivalent item.
2044	This cocktail is just missing those little finishing touches.
2045	Swap this note at any bank for the equivalent item.
2046	This cocktail is just missing those little finishing touches.
2047	Swap this note at any bank for the equivalent item.
2048	A fresh healthy fruit mix.
2049	Swap this note at any bank for the equivalent item.
2050	This cocktail is just missing those little finishing touches.
2051	Swap this note at any bank for the equivalent item.
2052	This cocktail is just missing those little finishing touches.
2053	Swap this note at any bank for the equivalent item.
2054	This looks like a strange mix.
2055	Swap this note at any bank for the equivalent item.
2056	This cocktail is just missing those little finishing touches.
2057	Swap this note at any bank for the equivalent item.
2058	This cocktail is just missing those little finishing touches.
2059	Swap this note at any bank for the equivalent item.
2060	This cocktail is just missing those little finishing touches.
2061	Swap this note at any bank for the equivalent item.
2062	This cocktail is just missing those little finishing touches.
2063	Swap this note at any bank for the equivalent item.
2064	Looks good... smells strong.
2065	Swap this note at any bank for the equivalent item.
2066	This cocktail is just missing those little finishing touches.
2067	Swap this note at any bank for the equivalent item.
2068	This cocktail is just missing those little finishing touches.
2069	Swap this note at any bank for the equivalent item.
2070	This cocktail is just missing those little finishing touches.
2071	Swap this note at any bank for the equivalent item.
2072	This cocktail is just missing those little finishing touches.
2073	Swap this note at any bank for the equivalent item.
2074	A warm creamy alcoholic beverage
2075	Swap this note at any bank for the equivalent item.
2076	This cocktail is just missing those little finishing touches.
2077	Swap this note at any bank for the equivalent item.
2078	This cocktail is just missing those little finishing touches.
2079	Swap this note at any bank for the equivalent item.
2080	A Short Green Guy... looks good.
2081	Swap this note at any bank for the equivalent item.
2082	This cocktail is just missing those little finishing touches.
2083	Swap this note at any bank for the equivalent item.
2084	A cool refreshing fruit mix.
2085	Swap this note at any bank for the equivalent item.
2086	This cocktail is just missing those little finishing touches.
2087	Swap this note at any bank for the equivalent item.
2088	This cocktail is just missing those little finishing touches.
2089	Swap this note at any bank for the equivalent item.
2090	This cocktail is just missing those little finishing touches.
2091	Swap this note at any bank for the equivalent item.
2092	A warm creamy alcoholic beverage
2093	Swap this note at any bank for the equivalent item.
2094	I'm not completely sure what this contains.
2095	Swap this note at any bank for the equivalent item.
2096	I'm not completely sure what this contains.
2097	Swap this note at any bank for the equivalent item.
2098	I'm not completely sure what this contains.
2099	Swap this note at any bank for the equivalent item.
2100	I'm not completely sure what this contains.
2101	Swap this note at any bank for the equivalent item.
2102	A common fruit, popularly used in cocktails.
2103	Swap this note at any bank for the equivalent item.
2104	The not-too-surprising result of using a knife with a lemon!
2105	Swap this note at any bank for the equivalent item.
2106	The not-too-surprising result of using a knife with a lemon!
2107	Swap this note at any bank for the equivalent item.
2108	A common fruit.
2109	Swap this note at any bank for the equivalent item.
2110	Fresh chunks of orange.
2111	Swap this note at any bank for the equivalent item.
2112	Fresh orange slices.
2113	Swap this note at any bank for the equivalent item.
2114	It can be cut up into something more manageable with a knife.
2115	Swap this note at any bank for the equivalent item.
2116	Fresh chunks of pineapple.
2117	Swap this note at any bank for the equivalent item.
2118	The not-too-surprising result of using a knife with a pineapple!
2119	Swap this note at any bank for the equivalent item.
2120	A common fruit, popularly used in cocktails.
2121	Swap this note at any bank for the equivalent item.
2122	Fresh chunks of lime.
2123	Swap this note at any bank for the equivalent item.
2124	The not-too-surprising result of using a knife with a lime!
2125	Swap this note at any bank for the equivalent item.
2126	Some rather pretty blue berries picked from a dwellberry bush.
2127	Swap this note at any bank for the equivalent item.
2128	A common ingredient in gnome cuisine.
2129	Swap this note at any bank for the equivalent item.
2130	Fresh cream.
2131	Swap this note at any bank for the equivalent item.
2132	I need to cook this first.
2133	Swap this note at any bank for the equivalent item.
2134	I need to cook this first.
2135	Swap this note at any bank for the equivalent item.
2136	I need to cook this first.
2137	Swap this note at any bank for the equivalent item.
2138	I need to cook this first.
2139	Swap this note at any bank for the equivalent item.
2140	Mmm this looks tasty.
2141	Swap this note at any bank for the equivalent item.
2142	Mmm this looks tasty.
2143	Swap this note at any bank for the equivalent item.
2144	It's a Burnt chicken.
2145	Swap this note at any bank for the equivalent item.
2146	Oh dear, it's totally burnt!
2147	Swap this note at any bank for the equivalent item.
2148	A very strange eel.
2149	Strange, it looks cooler now it's been cooked.
2150	A slippery little blighter.
2151	Swap this note at any bank for the equivalent item.
2152	They're a gnome delicacy apparently.
2153	Swap this note at any bank for the equivalent item.
2154	They're a gnome delicacy apparently.
2155	Swap this note at any bank for the equivalent item.
2156	They're a gnome delicacy apparently.
2157	Swap this note at any bank for the equivalent item.
2158	They're a gnome delicacy apparently.
2159	Swap this note at any bank for the equivalent item.
2160	They're a gnome delicacy apparently.
2161	Swap this note at any bank for the equivalent item.
2162	They're a gnome delicacy apparently.
2163	Swap this note at any bank for the equivalent item.
2164	A deep tin used to make gnome battas in.
2165	A shallow tray used to make crunchies in.
2166	A large ovenproof bowl.
2167	Aluft Gianne's favourite dishes.
2168	Swap this note at any bank for the equivalent item.
2169	It's Aluft Gianne's secret mix of spices.
2170	Swap this note at any bank for the equivalent item.
2171	It's made from a secret recipe.
2172	Swap this note at any bank for the equivalent item.
2173	This gnome bowl doesn't look very appetizing.
2174	Swap this note at any bank for the equivalent item.
2175	It's a Burnt gnomebowl.
2176	Swap this note at any bank for the equivalent item.
2177	This gnomebowl is in the early stages of preparation.
2178	This gnomebowl needs cooking.
2179	This unfinished XX needs YY.
2180	Swap this note at any bank for the equivalent item.
2181	This unfinished XX needs YY.
2182	Swap this note at any bank for the equivalent item.
2183	This unfinished XX needs YY.
2184	Swap this note at any bank for the equivalent item.
2185	Full of creamy, chocolately goodness.
2186	Swap this note at any bank for the equivalent item.
2187	It actually smells quite good.
2188	Swap this note at any bank for the equivalent item.
2189	This unfinished XX needs YY.
2190	Swap this note at any bank for the equivalent item.
2191	It actually smells quite good.
2192	Swap this note at any bank for the equivalent item.
2193	This unfinished XX needs YY.
2194	Swap this note at any bank for the equivalent item.
2195	This looks pretty healthy.
2196	Swap this note at any bank for the equivalent item.
2197	These crunchies don't look very appetising.
2198	Swap this note at any bank for the equivalent item.
2199	It's a Burnt crunchies.
2200	Swap this note at any bank for the equivalent item.
2201	This crunchy is in the early stages of preparation.
2202	These crunchies need cooking.
2203	This XX crunchy needs garnishing with YY.
2204	Swap this note at any bank for the equivalent item.
2205	It actually smells quite good.
2206	Swap this note at any bank for the equivalent item.
2207	This XX crunchy needs garnishing with YY.
2208	Swap this note at any bank for the equivalent item.
2209	Yum... smells good.
2210	Swap this note at any bank for the equivalent item.
2211	This XX crunchy needs garnishing with YY.
2212	Swap this note at any bank for the equivalent item.
2213	Yum...smells spicy.
2214	Swap this note at any bank for the equivalent item.
2215	This XX crunchy needs garnishing with YY.
2216	Swap this note at any bank for the equivalent item.
2217	It actually smells quite good.
2218	Swap this note at any bank for the equivalent item.
2219	A premade Worm Batta.
2220	Swap this note at any bank for the equivalent item.
2221	A Premade Toad Batta.
2222	Swap this note at any bank for the equivalent item.
2223	A Premade Cheese and Tomato Batta.
2224	Swap this note at any bank for the equivalent item.
2225	A premade Fruit Batta.
2226	Swap this note at any bank for the equivalent item.
2227	A Premade Vegetable Batta.
2228	Swap this note at any bank for the equivalent item.
2229	A premade Chocolate Bomb.
2230	Swap this note at any bank for the equivalent item.
2231	A premade Tangled Toads Legs.
2232	Swap this note at any bank for the equivalent item.
2233	A premade Worm Hole.
2234	Swap this note at any bank for the equivalent item.
2235	A premade Vegetable Ball.
2236	Swap this note at any bank for the equivalent item.
2237	Some Premade Worm Crunchies.
2238	Swap this note at any bank for the equivalent item.
2239	Some Premade chocchip crunchies.
2240	Swap this note at any bank for the equivalent item.
2241	Some premade Spicy Crunchies.
2242	Swap this note at any bank for the equivalent item.
2243	Some premade Toad Crunchies.
2244	Swap this note at any bank for the equivalent item.
2245	This batta doesn't look very appetising.
2246	Swap this note at any bank for the equivalent item.
2247	It's a Burnt batta.
2248	Swap this note at any bank for the equivalent item.
2249	This gnome batta is in the early stages of preparation.
2250	This gnome batta needs cooking.
2251	This XX batta needs garnishing with YY.
2252	Swap this note at any bank for the equivalent item.
2253	It actually smells quite good.
2254	Swap this note at any bank for the equivalent item.
2255	It actually smells quite good.
2256	Swap this note at any bank for the equivalent item.
2257	This XX batta needs garnishing with YY.
2258	Swap this note at any bank for the equivalent item.
2259	This smells really good.
2260	Swap this note at any bank for the equivalent item.
2261	This XX batta needs garnishing with YY.
2262	Swap this note at any bank for the equivalent item.
2263	This XX batta needs garnishing with YY.
2264	Swap this note at any bank for the equivalent item.
2265	This XX batta needs garnishing with YY.
2266	Swap this note at any bank for the equivalent item.
2267	This XX batta needs garnishing with YY.
2268	Swap this note at any bank for the equivalent item.
2269	This XX batta needs garnishing with YY.
2270	Swap this note at any bank for the equivalent item.
2271	This XX batta needs garnishing with YY.
2272	Swap this note at any bank for the equivalent item.
2273	This XX batta needs garnishing with YY.
2274	Swap this note at any bank for the equivalent item.
2275	This XX batta needs garnishing with YY.
2276	Swap this note at any bank for the equivalent item.
2277	It actually smells quite good.
2278	Swap this note at any bank for the equivalent item.
2279	This XX batta needs garnishing with YY.
2280	Swap this note at any bank for the equivalent item.
2281	Well... It looks healthy.
2282	Swap this note at any bank for the equivalent item.
2283	I need to add some tomato next.
2284	Swap this note at any bank for the equivalent item.
2285	I need to add some cheese next.
2286	Swap this note at any bank for the equivalent item.
2287	This needs cooking.
2288	Swap this note at any bank for the equivalent item.
2289	A cheese and tomato pizza.
2290	Swap this note at any bank for the equivalent item.
2291	Half of this plain pizza has been eaten.
2292	Swap this note at any bank for the equivalent item.
2293	A pizza with bits of meat on it.
2294	Swap this note at any bank for the equivalent item.
2295	Half of this meat pizza has been eaten.
2296	Swap this note at any bank for the equivalent item.
2297	A pizza with anchovies.
2298	Swap this note at any bank for the equivalent item.
2299	Half of this anchovy pizza has been eaten.
2300	Swap this note at any bank for the equivalent item.
2301	A pizza with bits of pineapple on it.
2302	Swap this note at any bank for the equivalent item.
2303	Half of this pineapple pizza has been eaten.
2304	Swap this note at any bank for the equivalent item.
2305	It's a Burnt pizza.
2306	Swap this note at any bank for the equivalent item.
2307	Some uncooked dough.
2308	Swap this note at any bank for the equivalent item.
2309	Nice crispy bread.
2310	Swap this note at any bank for the equivalent item.
2311	It's a Burnt bread.
2312	Swap this note at any bank for the equivalent item.
2313	Deceptively pie shaped.
2314	Swap this note at any bank for the equivalent item.
2315	I need to find a filling for this pie.
2316	Swap this note at any bank for the equivalent item.
2317	This would be much tastier cooked.
2318	Swap this note at any bank for the equivalent item.
2319	This would be much healthier cooked.
2320	Swap this note at any bank for the equivalent item.
2321	This would be much more appetising cooked.
2322	Swap this note at any bank for the equivalent item.
2323	Mmm Apple pie.
2324	Swap this note at any bank for the equivalent item.
2325	Looks tasty.
2326	Swap this note at any bank for the equivalent item.
2327	Not for vegetarians.
2328	Swap this note at any bank for the equivalent item.
2329	It's a Burnt pie.
2330	Swap this note at any bank for the equivalent item.
2331	Half of it is suitable for vegetarians.
2332	Swap this note at any bank for the equivalent item.
2333	So tasty I kept some for later.
2334	Swap this note at any bank for the equivalent item.
2335	Mmm half an apple pie.
2336	Swap this note at any bank for the equivalent item.
2337	Raw meat from the oomlie bird.
2338	Swap this note at any bank for the equivalent item.
2339	A thick green palm leaf used by natives to cook meat.
2340	Swap this note at any bank for the equivalent item.
2341	Oomlie meat in a palm leaf pouch. It just needs to be cooked.
2342	Swap this note at any bank for the equivalent item.
2343	Deliciously cooked oomlie meat in a palm leaf pouch.
2344	Swap this note at any bank for the equivalent item.
2345	It's a Burnt oomlie wrap.
2346	Swap this note at any bank for the equivalent item.
2347	Good for hitting things!
2348	Swap this note at any bank for the equivalent item.
2349	It's a bar of bronze.
2350	Swap this note at any bank for the equivalent item.
2351	It's a bar of iron.
2352	Swap this note at any bank for the equivalent item.
2353	It's a bar of steel.
2354	Swap this note at any bank for the equivalent item.
2355	It's a bar of silver.
2356	Swap this note at any bank for the equivalent item.
2357	It's a bar of gold.
2358	Swap this note at any bank for the equivalent item.
2359	It's a bar of mithril.
2360	Swap this note at any bank for the equivalent item.
2361	It's a bar of adamant.
2362	Swap this note at any bank for the equivalent item.
2363	It's a bar of rune.
2364	Swap this note at any bank for the equivalent item.
2365	It's a 'perfect' golden bar.
2366	The left half of a Dragon Square Shield.
2367	Swap this note at any bank for the equivalent item.
2368	The right half of a dragon square shield.
2369	Swap this note at any bank for the equivalent item.
2370	A set of studs for leather armour.
2371	Swap this note at any bank for the equivalent item.
2372	An old statue of an ogre warrior.
2373	Part of an ogre relic.
2374	Part of an ogre relic.
2375	Part of an ogre relic.
2376	It's a map.
2377	Very tooth-like.
2378	Formerly the property of the ogre, Toban
2379	Handy if you want to break all your teeth.
2380	It's a Crystal.
2381	It's a Crystal.
2382	It's a Crystal.
2383	It's a Crystal.
2384	Eeeeyeeew!
2385	I can't wear this old thing.
2386	Looks kind of useless.
2387	Pointy.
2388	Useless as an eye patch.
2389	An empty glass vial.
2390	An empty glass vial.
2391	Let's see it fly, now!
2392	Swap this note at any bank for the equivalent item.
2393	It's a stolen bar of gold.
2394	This is meant to be good for spots.
2395	A dangerous magical liquid.
2396	A spell is written on this parchment.
2397	A tattered old robe.
2398	Deadly.
2399	It's a Silverlight key.
2400	It's a Silverlight key.
2401	It's a Silverlight key.
2402	The magical sword 'Silverlight'. / The magical sword 'Silverlight', stained black with mushroom ink. (during Shadow of the Storm)
2403	Scroll containing a powerful enchantment of restoration.
2404	It's a Chest key.
2405	Decorative armour; an heirloom of the Carnillean family.
2406	A sign of my commitment to Hazeel.
2407	A child's ball.
2408	It's a Diary.
2409	A key to the Witch's house's front door. (Witch's House)
2410	A very attractive magnet.
2411	It's a Key.
2412	A cape from the almighty god Saradomin.
2413	A cape from the almighty god Guthix.
2414	A cape from the almighty god Zamorak.
2415	A magical staff imbued with the power of Saradomin.
2416	A magical staff imbued with the power of Guthix.
2417	A magical staff imbued with the power of Zamorak.
2418	A heavy key made of bronze. (Prince Ali Rescue).
2419	A grey woollen wig.
2420	It's a Picture.
2421	A grey woollen wig.
2422	A nice hat from a cracker.
2423	Imprint of a key in a lump of clay.
2424	A bottle of skin coloured paste.
2425	It's a Picture.
2426	It's a Burnt oomlie.
2427	Swap this note at any bank for the equivalent item.
2428	4 doses of Attack potion.
2429	Swap this note at any bank for the equivalent item.
2430	4 doses of restore potion.
2431	Swap this note at any bank for the equivalent item.
2432	4 doses of Defence Potion.
2433	Swap this note at any bank for the equivalent item.
2434	4 doses of Prayer restore potion.
2435	Swap this note at any bank for the equivalent item.
2436	4 doses of super Attack potion.
2437	Swap this note at any bank for the equivalent item.
2438	4 doses of Fishing potion.
2439	Swap this note at any bank for the equivalent item.
2440	4 doses of super Strength potion.
2441	Swap this note at any bank for the equivalent item.
2442	4 doses of super Defence potion.
2443	Swap this note at any bank for the equivalent item.
2444	4 doses of ranging potion.
2445	Swap this note at any bank for the equivalent item.
2446	4 doses of antipoison potion.
2447	Swap this note at any bank for the equivalent item.
2448	4 doses of super anti poison potion.
2449	Swap this note at any bank for the equivalent item.
2450	4 doses of Zamorak brew.
2451	Swap this note at any bank for the equivalent item.
2452	4 doses of anti-firebreath potion.
2453	Swap this note at any bank for the equivalent item.
2454	3 doses of anti-firebreath potion.
2455	Swap this note at any bank for the equivalent item.
2456	2 doses of anti-firebreath potion.
2457	Swap this note at any bank for the equivalent item.
2458	1 dose of anti-firebreath potion.
2459	Swap this note at any bank for the equivalent item.
2460	A posy of flowers.
2461	Swap this note at any bank for the equivalent item.
2462	A posy of flowers.
2463	Swap this note at any bank for the equivalent item.
2464	A posy of flowers.
2465	Swap this note at any bank for the equivalent item.
2466	A posy of flowers.
2467	Swap this note at any bank for the equivalent item.
2468	A posy of flowers.
2469	Swap this note at any bank for the equivalent item.
2470	A posy of flowers.
2471	Swap this note at any bank for the equivalent item.
2472	A posy of flowers.
2473	Swap this note at any bank for the equivalent item.
2474	A posy of flowers.
2475	Swap this note at any bank for the equivalent item.
2476	A posy of flowers.
2477	Swap this note at any bank for the equivalent item.
2478	Swap this note at any bank for the equivalent item.
2479	Swap this note at any bank for the equivalent item.
2480	It's a Picture.
2481	A fresh herb.
2482	Swap this note at any bank for the equivalent item.
2483	I need another ingredient to finish this lantadyme potion.
2484	Swap this note at any bank for the equivalent item.
2485	I need to clean this herb before I can use it.
2486	Swap this note at any bank for the equivalent item.
2487	Made from 100% real dragonhide.
2488	Swap this note at any bank for the equivalent item.
2489	Vambraces made from 100% real dragonhide.
2490	Swap this note at any bank for the equivalent item.
2491	Vambraces made from 100% real dragonhide.
2492	Swap this note at any bank for the equivalent item.
2493	Made from 100% real dragonhide.
2494	Swap this note at any bank for the equivalent item.
2495	Made from 100% real dragonhide.
2496	Swap this note at any bank for the equivalent item.
2497	Made from 100% real dragonhide.
2498	Swap this note at any bank for the equivalent item.
2499	Made from 100% real dragonhide.
2500	Swap this note at any bank for the equivalent item.
2501	Made from 100% real dragonhide.
2502	Swap this note at any bank for the equivalent item.
2503	Made from 100% real dragonhide.
2504	Swap this note at any bank for the equivalent item.
2505	It's a piece of prepared blue dragonhide.
2506	Swap this note at any bank for the equivalent item.
2507	It's a piece of prepared red dragonhide.
2508	Swap this note at any bank for the equivalent item.
2509	It's a piece of prepared black dragonhide.
2510	Swap this note at any bank for the equivalent item.
2511	A number of wooden logs.
2512	It's a Picture.
2513	A series of connected metal rings.
2514	I should try cooking this.
2515	Swap this note at any bank for the equivalent item.
2516	There is flour in this pot.
2517	Swap this note at any bank for the equivalent item.
2518	Pretty smelly.
2519	Swap this note at any bank for the equivalent item.
2520	An inexpensive white/black/grey/brown toy horse.
2521	Swap this note at any bank for the equivalent item.
2522	An inexpensive white/black/grey/brown toy horse.
2523	Swap this note at any bank for the equivalent item.
2524	An inexpensive white/black/grey/brown toy horse.
2525	Swap this note at any bank for the equivalent item.
2526	An inexpensive white/black/grey/brown toy horse.
2527	Swap this note at any bank for the equivalent item.
2528	Wonder what happens if I rub it...
2529	A magical sphere that glimmers within.
2530	Bones are for burying!
2531	Swap this note at any bank for the equivalent item.
2532	unlit: Arrows with iron heads and oil-soaked cloth. lit: An easy to make, iron-headed fire arrow.
2533	unlit: Arrows with iron heads and oil-soaked cloth. lit: An easy to make, iron-headed fire arrow.
2534	unlit: Arrows with steel heads and oil-soaked cloth. lit: An easy to make, steel-headed fire arrow.
2535	unlit: Arrows with steel heads and oil-soaked cloth. lit: An easy to make, steel-headed fire arrow.
2536	unlit: Arrows with mithril heads and oil-soaked cloth. lit: An easy to make, mithril-headed fire arrow.
2537	unlit: Arrows with mithril heads and oil-soaked cloth. lit: An easy to make, mithril-headed fire arrow.
2538	unlit: Arrows with adamant heads and oil-soaked cloth.lit: An easy-to-make, Adamant-headed fire arrow.
2539	unlit: Arrows with adamant heads and oil-soaked cloth.lit: An easy-to-make, Adamant-headed fire arrow.
2540	An easy to make, rune-headed fire arrow.
2541	An easy to make, rune-headed fire arrow.
2550	An enchanted ring.
2551	Swap this note at any bank for the equivalent item.
2552	An enchanted ring.
2553	Swap this note at any bank for the equivalent item.
2554	An enchanted ring.
2555	Swap this note at any bank for the equivalent item.
2556	An enchanted ring.
2557	Swap this note at any bank for the equivalent item.
2558	An enchanted ring.
2559	Swap this note at any bank for the equivalent item.
2560	An enchanted ring.
2561	Swap this note at any bank for the equivalent item.
2562	An enchanted ring.
2563	Swap this note at any bank for the equivalent item.
2564	An enchanted ring.
2565	Swap this note at any bank for the equivalent item.
2566	An enchanted ring.
2567	Swap this note at any bank for the equivalent item.
2568	An enchanted ring.
2569	Swap this note at any bank for the equivalent item.
2570	An enchanted ring.
2571	Swap this note at any bank for the equivalent item.
2572	An enchanted ring.
2573	Swap this note at any bank for the equivalent item.
2574	Used by navigators to find their position in 2009Scape.
2575	A fine looking time piece.
2576	A navigator's chart of 2009Scape.
2577	Lightweight boots ideal for rangers.
2578	Swap this note at any bank for the equivalent item.
2579	Slightly magical boots.
2580	Swap this note at any bank for the equivalent item.
2581	Endorsed by Robin Hood.
2582	Swap this note at any bank for the equivalent item.
2583	Black platebody with trim.
2584	Swap this note at any bank for the equivalent item.
2585	Black platelegs with trim.
2586	Swap this note at any bank for the equivalent item.
2587	Black full helmet with trim.
2588	Swap this note at any bank for the equivalent item.
2589	Black kiteshield with trim.
2590	Swap this note at any bank for the equivalent item.
2591	Black platebody with gold trim.
2592	Swap this note at any bank for the equivalent item.
2593	Black platelegs with gold trim.
2594	Swap this note at any bank for the equivalent item.
2595	Black full helmet with gold trim.
2596	Swap this note at any bank for the equivalent item.
2597	Black kiteshield with gold trim.
2598	Swap this note at any bank for the equivalent item.
2599	Adamant platebody with trim.
2600	Swap this note at any bank for the equivalent item.
2601	These look heavy
2602	Swap this note at any bank for the equivalent item.
2603	A large metal shield.
2604	Swap this note at any bank for the equivalent item.
2605	Adamant full helm with trim
2606	Swap this note at any bank for the equivalent item.
2607	Adamant platebody with gold trim.
2608	Swap this note at any bank for the equivalent item.
2609	Adamant platelegs with gold trim.
2610	Swap this note at any bank for the equivalent item.
2611	Adamant kiteshield with gold trim.
2612	Swap this note at any bank for the equivalent item.
2613	Adamant full helmet with gold trim.
2614	Swap this note at any bank for the equivalent item.
2615	Rune platebody with gold trim.
2616	Swap this note at any bank for the equivalent item.
2617	Rune platelegs with gold trim.
2618	Swap this note at any bank for the equivalent item.
2619	Rune full helmet with gold trim.
2620	Swap this note at any bank for the equivalent item.
2621	Rune kiteshield with gold trim
2622	Swap this note at any bank for the equivalent item.
2623	Rune platebody with trim.
2624	Swap this note at any bank for the equivalent item.
2625	Rune platelegs with trim!
2626	Swap this note at any bank for the equivalent item.
2627	Rune full helmet with trim.
2628	Swap this note at any bank for the equivalent item.
2629	A large, metal shield with a nice trim.
2630	Swap this note at any bank for the equivalent item.
2631	Your money or your life!
2632	Swap this note at any bank for the equivalent item.
2633	Parlez-vous francais? (Do you speak French?)
2634	Swap this note at any bank for the equivalent item.
2635	Parlez-vous francais?(Do you speak French?)
2636	Swap this note at any bank for the equivalent item.
2637	Parlez-vous francais? (Do you speak French?)
2638	Swap this note at any bank for the equivalent item.
2639	All for one and one for all!
2640	Swap this note at any bank for the equivalent item.
2641	All for one and one for all!
2642	Swap this note at any bank for the equivalent item.
2643	All for one and one for all!
2644	Swap this note at any bank for the equivalent item.
2645	A minimalist's hat.
2646	Swap this note at any bank for the equivalent item.
2647	A minimalist's hat.
2648	Swap this note at any bank for the equivalent item.
2649	A minimalist's hat.
2650	Swap this note at any bank for the equivalent item.
2651	Shiver me timbers!
2652	Swap this note at any bank for the equivalent item.
2653	Rune platebody in the colours of Zamorak.
2654	Swap this note at any bank for the equivalent item.
2655	Rune platelegs in the colours of Zamorak.
2656	Swap this note at any bank for the equivalent item.
2657	A full helmet in the colours of Zamorak.
2658	Swap this note at any bank for the equivalent item.
2659	A Rune kiteshield in the colours of Zamorak.
2660	Swap this note at any bank for the equivalent item.
2661	Rune platebody in the colours of Saradomin.
2662	Swap this note at any bank for the equivalent item.
2663	Rune platelegs in the colours of Saradomin.
2664	Swap this note at any bank for the equivalent item.
2665	Rune full helmet in the colours of Saradomin.
2666	Swap this note at any bank for the equivalent item.
2667	Rune kiteshield in the colours of Saradomin.
2668	Swap this note at any bank for the equivalent item.
2669	Rune platebody in the colours of Guthix.
2670	Swap this note at any bank for the equivalent item.
2671	Rune platelegs in the colours of Guthix.
2672	Swap this note at any bank for the equivalent item.
2673	A rune full helmet in the colours of Guthix.
2674	Swap this note at any bank for the equivalent item.
2675	Rune kiteshield in the colours of Guthix.
2676	Swap this note at any bank for the equivalent item.
2677	A set of instructions to be followed.
2678	A set of instructions to be followed.
2679	A set of instructions to be followed.
2680	A set of instructions to be followed.
2681	A set of instructions to be followed.
2682	A set of instructions to be followed.
2683	A set of instructions to be followed.
2684	A set of instructions to be followed.
2685	A set of instructions to be followed.
2686	A set of instructions to be followed.
2687	A set of instructions to be followed.
2688	A set of instructions to be followed.
2689	A set of instructions to be followed.
2690	A set of instructions to be followed.
2691	A set of instructions to be followed.
2692	A set of instructions to be followed.
2693	A set of instructions to be followed.
2694	A set of instructions to be followed.
2695	A set of instructions to be followed.
2696	A set of instructions to be followed.
2697	A set of instructions to be followed.
2698	A set of instructions to be followed.
2699	A set of instructions to be followed.
2700	A set of instructions to be followed.
2701	A set of instructions to be followed.
2702	A set of instructions to be followed.
2703	A set of instructions to be followed.
2704	A set of instructions to be followed.
2705	A set of instructions to be followed.
2706	A set of instructions to be followed.
2707	A set of instructions to be followed.
2708	A set of instructions to be followed.
2709	A set of instructions to be followed.
2710	A set of instructions to be followed.
2711	A set of instructions to be followed.
2712	A set of instructions to be followed.
2713	A set of instructions to be followed.
2714	I hope there's treasure in it.
2715	I hope there's treasure in it.
2716	A set of instructions to be followed.
2717	I hope there's treasure in it.
2718	I hope there's treasure in it.
2719	A set of instructions to be followed.
2720	I hope there's treasure in it.
2721	I hope there's treasure in it.
2722	A set of instructions to be followed.
2723	A set of instructions to be followed.
2724	I hope there's treasure in it.
2725	A set of instructions to be followed.
2726	I hope there's treasure in it.
2727	A set of instructions to be followed.
2728	I hope there's treasure in it.
2729	A set of instructions to be followed.
2730	I hope there's treasure in it.
2731	A set of instructions to be followed.
2732	I hope there's treasure in it.
2733	A set of instructions to be followed.
2734	I hope there's treasure in it.
2735	A set of instructions to be followed.
2736	I hope there's treasure in it.
2737	A set of instructions to be followed.
2738	I hope there's treasure in it.
2739	A set of instructions to be followed.
2740	I hope there's treasure in it.
2741	A set of instructions to be followed.
2742	I hope there's treasure in it.
2743	A set of instructions to be followed.
2744	I hope there's treasure in it.
2745	A set of instructions to be followed.
2746	I hope there's treasure in it.
2747	A set of instructions to be followed.
2748	I hope there's treasure in it.
2749	It's a Sliding piece.
2750	It's a Sliding piece.
2751	It's a Sliding piece.
2752	It's a Sliding piece.
2753	It's a Sliding piece.
2754	It's a Sliding piece.
2755	It's a Sliding piece.
2756	It's a Sliding piece.
2757	It's a Sliding piece.
2758	It's a Sliding piece.
2759	It's a Sliding piece.
2760	It's a Sliding piece.
2761	It's a Sliding piece.
2762	It's a Sliding piece.
2763	It's a Sliding piece.
2764	It's a Sliding piece.
2765	It's a Sliding piece.
2766	It's a Sliding piece.
2767	It's a Sliding piece.
2768	It's a Sliding piece.
2769	It's a Sliding piece.
2770	It's a Sliding piece.
2771	It's a Sliding piece.
2772	It's a Sliding piece.
2773	A set of instructions to be followed.
2774	A set of instructions to be followed.
2775	I hope there's treasure in it.
2776	A set of instructions to be followed.
2777	I hope there's treasure in it.
2778	A set of instructions to be followed.
2779	I hope there's treasure in it.
2780	A set of instructions to be followed.
2781	I hope there's treasure in it.
2782	A set of instructions to be followed.
2783	A set of instructions to be followed.
2784	I hope there's treasure in it.
2785	A set of instructions to be followed.
2786	A set of instructions to be followed.
2787	I hope there's treasure in it.
2788	A set of instructions to be followed.
2789	I hope there's treasure in it.
2790	A set of instructions to be followed.
2791	I hope there's treasure in it.
2792	A set of instructions to be followed.
2793	A set of instructions to be followed.
2794	A set of instructions to be followed.
2795	I need to solve this.
2796	A set of instructions to be followed.
2797	A set of instructions to be followed.
2798	I need to solve this.
2799	A set of instructions to be followed.
2800	I need to solve this.
2801	A set of instructions to be followed.
2802	I hope there's treasure in it.
2803	A set of instructions to be followed.
2804	I hope there's treasure in it.
2805	A set of instructions to be followed.
2806	I hope there's treasure in it.
2807	A set of instructions to be followed.
2808	I hope there's treasure in it.
2809	A set of instructions to be followed.
2810	I hope there's treasure in it.
2811	A set of instructions to be followed.
2812	I hope there's treasure in it.
2813	A set of instructions to be followed.
2814	I hope there's treasure in it.
2815	A set of instructions to be followed.
2816	I hope there's treasure in it.
2817	A set of instructions to be followed.
2818	I hope there's treasure in it.
2819	A set of instructions to be followed.
2820	I hope there's treasure in it.
2821	A set of instructions to be followed.
2822	I hope there's treasure in it.
2823	A set of instructions to be followed.
2824	I hope there's treasure in it.
2825	A set of instructions to be followed.
2826	I hope there's treasure in it.
2827	A set of instructions to be followed.
2828	I hope there's treasure in it.
2829	A set of instructions to be followed.
2830	I hope there's treasure in it.
2831	A set of instructions to be followed.
2832	It's a Key.
2833	A set of instructions to be followed.
2834	It's a Key.
2835	A set of instructions to be followed.
2836	It's a Key.
2837	A set of instructions to be followed.
2838	It's a Key.
2839	A set of instructions to be followed.
2840	It's a Key.
2841	A set of instructions to be followed.
2842	I need to answer this correctly.
2843	A set of instructions to be followed.
2844	I need to answer this correctly.
2845	A set of instructions to be followed.
2846	I need to answer this correctly.
2847	A set of instructions to be followed.
2848	A set of instructions to be followed.
2849	A set of instructions to be followed.
2850	I need to answer this correctly.
2851	A set of instructions to be followed.
2852	I need to answer this correctly.
2853	A set of instructions to be followed.
2854	I need to answer this correctly.
2855	A set of instructions to be followed.
2856	A set of instructions to be followed.
2857	A set of instructions to be followed.
2858	A set of instructions to be followed.
2859	Bones of a recently slain wolf.
2860	Swap this note at any bank for the equivalent item.
2861	I can make an ogre arrow with these.
2862	These logs are longer than normal.
2863	Swap this note at any bank for the equivalent item.
2864	A wooden arrow shaft
2865	An ogre arrow with four flights attached.
2866	A large ogre arrow with a bone tip.
2871	A large pair of ogre bellows. If filled with gas (1-3): A large pair of ogre bellows, it has x load(s) of swamp gas in it.
2872	A large pair of ogre bellows. If filled with gas (1-3): A large pair of ogre bellows, it has x load(s) of swamp gas in it.
2873	A large pair of ogre bellows. If filled with gas (1-3): A large pair of ogre bellows, it has x load(s) of swamp gas in it.
2874	A large pair of ogre bellows. If filled with gas (1-3): A large pair of ogre bellows, it has x load(s) of swamp gas in it.
2875	An inflated toad.
2876	I need to cook this first.
2877	Swap this note at any bank for the equivalent item.
2878	It might look delicious to an ogre.Roasted chompy bird.
2879	Swap this note at any bank for the equivalent item.
2880	It's a Ruined chompy.
2881	Swap this note at any bank for the equivalent item.
2882	It has been deliciously seasoned to taste wonderful for ogres.
2883	More powerful than a normal bow, useful against large game birds.
2885	It's a Whoopsie.
2886	Book of the elemental shield.
2887	An old battered key. (Elemental Workshop I)
2888	This is an empty stone bowl. / This is a stone bowl full of lava.
2889	This is an empty stone bowl. / This is a stone bowl full of lava.
2890	A shield made in the Elemental Workshop.
2891	Swap this note at any bank for the equivalent item.
2892	This needs refining.
2893	It's an Elemental metal.
2894	Very stylish!
2895	Swap this note at any bank for the equivalent item.
2896	Some fine werewolf clothing.
2897	Swap this note at any bank for the equivalent item.
2898	Made by werewolves for werewolves.
2899	Swap this note at any bank for the equivalent item.
2900	A silly pointed hat.
2901	Swap this note at any bank for the equivalent item.
2902	These gloves from Canifis will keep my hands warm!
2903	Swap this note at any bank for the equivalent item.
2904	Very stylish!
2905	Swap this note at any bank for the equivalent item.
2906	Some fine werewolf clothing.
2907	Swap this note at any bank for the equivalent item.
2908	Made by werewolves for werewolves.
2909	Swap this note at any bank for the equivalent item.
2910	A silly pointed hat.
2911	Swap this note at any bank for the equivalent item.
2912	These gloves from Canifis will keep my hands warm!
2913	Swap this note at any bank for the equivalent item.
2914	Very stylish!
2915	Swap this note at any bank for the equivalent item.
2916	Some fine werewolf clothing.
2917	Swap this note at any bank for the equivalent item.
2918	Made by werewolves for werewolves.
2919	Swap this note at any bank for the equivalent item.
2920	A silly pointed hat.
2921	Swap this note at any bank for the equivalent item.
2922	These gloves from Canifis will keep my hands warm!
2923	Swap this note at any bank for the equivalent item.
2924	Very stylish!
2925	Swap this note at any bank for the equivalent item.
2926	Some fine werewolf clothing.
2927	Swap this note at any bank for the equivalent item.
2928	Made by werewolves for werewolves.
2929	Swap this note at any bank for the equivalent item.
2930	A silly pointed hat.
2931	Swap this note at any bank for the equivalent item.
2932	These gloves from Canifis will keep my hands warm!
2933	Swap this note at any bank for the equivalent item.
2934	Very stylish!
2935	Swap this note at any bank for the equivalent item.
2936	Some fine werewolf clothing.
2937	Swap this note at any bank for the equivalent item.
2938	Made by werewolves for werewolves.
2939	Swap this note at any bank for the equivalent item.
2940	A silly pointed hat.
2941	Swap this note at any bank for the equivalent item.
2942	These gloves from Canifis will keep my hands warm!
2943	Swap this note at any bank for the equivalent item.
2944	A key made from solid gold
2945	A key made of solid iron.
2946	A replica tinderbox made of solid gold.
2947	A replica candle made of solid gold.
2948	A replica pot made of solid gold.
2949	A replica hammer made of solid gold.
2950	It's a Golden feather.
2951	A replica needle made of solid gold.
2952	A silver dagger that can prevent werewolves changing form.
2953	It's a bucket of water.
2954	It's a bucket of water.
2955	A foul smelling brew.
2956	Swap this note at any bank for the equivalent item.
2957	An empty druid pouch.
2958	A druid pouch.
2959	Erhhh! It stinks.
2960	Swap this note at any bank for the equivalent item.
2961	It's a silver sickle.
2962	Swap this note at any bank for the equivalent item.
2963	It's a blessed silver sickle.
2964	Used for washing your face, amongst other things.
2965	Swap this note at any bank for the equivalent item.
2966	A small mirror, probably used for grooming.
2967	It's a Journal.
2968	A druidic spell given to you freely by the spirit of Filliman Tarlock.
2969	A used druidic spell given to you freely by the spirit of Filliman Tarlock.
2970	A mushroom from the swamps of Mort Myre.
2971	Swap this note at any bank for the equivalent item.
2972	A cutting from a budding branch.
2973	Swap this note at any bank for the equivalent item.
2974	A pear picked from a dying bush in Mort Myre.
2975	Swap this note at any bank for the equivalent item.
2976	Used to make sickles.
2977	Swap this note at any bank for the equivalent item.
2978	A symbol of your chompy bird hunting prowess.
2979	A symbol of your chompy bird hunting prowess.
2980	A symbol of your chompy bird hunting prowess.
2981	A symbol of your chompy bird hunting prowess.
2982	A symbol of your chompy bird hunting prowess.
2983	A symbol of your chompy bird hunting prowess.
2984	A symbol of your chompy bird hunting prowess.
2985	A symbol of your chompy bird hunting prowess.
2986	A symbol of your chompy bird hunting prowess.
2987	A symbol of your chompy bird hunting prowess.
2988	A symbol of your chompy bird hunting prowess.
2989	A symbol of your chompy bird hunting prowess.
2990	A symbol of your chompy bird hunting prowess.
2991	A symbol of your chompy bird hunting prowess.
2992	A symbol of your chompy bird hunting prowess.
2993	A symbol of your chompy bird hunting prowess.
2994	A symbol of your chompy bird hunting prowess.
2995	A symbol of your chompy bird hunting prowess.
2996	I can exchange these for further experience or items.
2997	You should see the shark...
2998	A fresh herb.
2999	Swap this note at any bank for the equivalent item.
3000	A fresh herb.
3001	Swap this note at any bank for the equivalent item.
3002	I need another ingredient to finish this toadflax potion.
3003	Swap this note at any bank for the equivalent item.
3004	I need another ingredient to finish this snapdragon potion.
3005	Swap this note at any bank for the equivalent item.
3006	Keep out of reach of children and familiars.
3007	Swap this note at any bank for the equivalent item.
3008	4 doses of energy potion.
3009	Swap this note at any bank for the equivalent item.
3010	3 doses of energy potion.
3011	Swap this note at any bank for the equivalent item.
3012	2 doses of energy potion.
3013	Swap this note at any bank for the equivalent item.
3014	1 dose of energy potion.
3015	Swap this note at any bank for the equivalent item.
3016	4 doses of super energy potion.
3017	Swap this note at any bank for the equivalent item.
3018	3 doses of super energy potion.
3019	Swap this note at any bank for the equivalent item.
3020	2 doses of super energy potion.
3021	Swap this note at any bank for the equivalent item.
3022	1 dose of super energy potion.
3023	Swap this note at any bank for the equivalent item.
3024	4 doses of super restore potion.
3025	Swap this note at any bank for the equivalent item.
3026	3 doses of super restore potion.
3027	Swap this note at any bank for the equivalent item.
3028	2 doses of super restore potion.
3029	Swap this note at any bank for the equivalent item.
3030	1 dose of super restore potion.
3031	Swap this note at any bank for the equivalent item.
3032	4 doses of Agility potion.
3033	Swap this note at any bank for the equivalent item.
3034	3 doses of Agility potion.
3035	Swap this note at any bank for the equivalent item.
3036	2 doses of Agility potion.
3037	Swap this note at any bank for the equivalent item.
3038	1 dose of Agility potion.
3039	Swap this note at any bank for the equivalent item.
3040	4 doses of Magic potion.
3041	Swap this note at any bank for the equivalent item.
3042	3 doses of Magic potion.
3043	Swap this note at any bank for the equivalent item.
3044	2 doses of Magic potion.
3045	Swap this note at any bank for the equivalent item.
3046	1 dose of Magic potion.
3047	Swap this note at any bank for the equivalent item.
3048	Swap this note at any bank for the equivalent item.
3049	I need to clean this herb before I can use it.
3050	Swap this note at any bank for the equivalent item.
3051	I need to clean this herb before I can use it.
3052	Swap this note at any bank for the equivalent item.
3053	It's a slightly magical stick.
3054	It's a slightly magical stick.
3055	Swap this note at any bank for the equivalent item.
3056	Swap this note at any bank for the equivalent item.
3057	A mime would wear this.
3058	A mime would wear these.
3059	A mime would wear these.
3060	A mime would wear these.
3061	A mime would wear these.
3062	It seems to be humming...
3064	It's a Whoopsie.
3066	It's a Whoopsie.
3068	It's a Whoopsie.
3070	It's a Whoopsie.
3072	It's a Whoopsie.
3074	It's a Whoopsie.
3076	It's a Whoopsie.
3078	It's a Whoopsie.
3080	It's a Whoopsie.
3082	It's a Whoopsie.
3084	It's a Whoopsie.
3086	It's a Whoopsie.
3088	It's a Whoopsie.
3090	It's a Whoopsie.
3092	It's a Whoopsie.
3093	A deadly throwing dart with a black tip.
3094	A deadly throwing dart with a black tip.
3095	A set of fighting claws.
3096	A set of fighting claws.
3097	A set of fighting claws.
3098	A set of fighting claws.
3099	A set of fighting claws.
3100	A set of fighting claws.
3101	A set of fighting claws.
3102	The combination to Burthorpe Castle's equipment room.
3103	The guard wrote the IOU on the back of some paper.
3104	This map shows the secret way up to Death Plateau.
3105	Boots made for general climbing; rocks a speciality.
3106	Swap this note at any bank for the equivalent item.
3107	Climbing boots with spikes.
3108	Swap this note at any bank for the equivalent item.
3109	Place on the stone mechanism in the right order to open the door.
3110	Place on the stone mechanism in the right order to open the door.
3111	Place on the stone mechanism in the right order to open the door.
3112	Place on the stone mechanism in the right order to open the door.
3113	Place on the stone mechanism in the right order to open the door.
3114	Entrance certificate to the Imperial Guard.
3115	Swap this note at any bank for the equivalent item.
3116	Swap this note at any bank for the equivalent item.
3117	Swap this note at any bank for the equivalent item.
3118	Swap this note at any bank for the equivalent item.
3119	Swap this note at any bank for the equivalent item.
3120	Swap this note at any bank for the equivalent item.
3121	Swap this note at any bank for the equivalent item.
3122	A solid stone shield.
3123	Large glistening bones which glow with a pale yellow aura.
3124	Swap this note at any bank for the equivalent item.
3125	Fairly big bones which smell distinctly of Jogre.
3126	Swap this note at any bank for the equivalent item.
3127	These blackened Jogre bones have been somehow burnt.
3128	Burnt Jogre bones smothered with raw Karambwanji Paste.
3129	Burnt Jogre bones smothered with cooked Karambwanji paste.
3130	Burnt Jogre bones marinated in a lovely Karambwanji sauce. Perfect.
3131	Jogre bones smothered with raw Karambwanji paste.
3132	Jogre bones smothered with cooked Karambwanji paste.
3133	Jogre Bones marinated in Karambwanji sauce. Not quite right.
3134	Swap this note at any bank for the equivalent item.
3135	It's a Prison key.
3136	The key to the troll prison.
3137	The key to the troll prison.
3138	How am I supposed to eat that?!
3139	Swap this note at any bank for the equivalent item.
3140	A series of connected metal rings.
3141	Swap this note at any bank for the equivalent item.
3142	A raw green octopus.
3143	Swap this note at any bank for the equivalent item.
3144	Cooked octopus.
3145	Swap this note at any bank for the equivalent item.
3146	Cooked octopus. It looks poorly cooked and quite dangerous.
3147	Cooked octopus.
3148	It's a Burnt karambwan.
3149	Swap this note at any bank for the equivalent item.
3150	Small brightly coloured tropical fish.
3151	Small brightly coloured tropical fish.
3152	Freshly made octopus paste. It smells quite nauseating.
3153	Freshly made octopus paste. It smells quite nauseating.
3154	Freshly made octopus paste. It smells quite nauseating.
3155	This paste smells of raw fish./This paste smells of cooked fish.
3156	This paste smells of raw fish./This paste smells of cooked fish.
3157	A wide bodied and thin necked vessel, encrusted with sea salt. / The Karambwan Vessel is loaded with Karambwanji
3158	Swap this note at any bank for the equivalent item.
3159	A wide bodied and thin necked vessel, encrusted with sea salt. / The Karambwan Vessel is loaded with Karambwanji
3160	Swap this note at any bank for the equivalent item.
3161	A set of instructions explaining how to construct a Karambwan vessel
3162	You swear you had more than three slices before.
3163	Swap this note at any bank for the equivalent item.
3164	A very strong spirit brewed in Karamja.
3165	A very strong spirit brewed in Karamja.
3166	It's the body of a dead monkey.
3167	It's the skin of a (hopefully) dead monkey.
3168	A 'Seaweed in Monkey Skin' sandwich. Perfect for statue repair.
3169	A body of a dead monkey, tastefully stuffed with seaweed.
3170	A Karambwan poisoned bronze tipped spear.
3171	A Karambwan poisoned iron tipped spear.
3172	A Karambwan poisoned steel tipped spear.
3173	A Karambwan poisoned mithril tipped spear.
3174	A Karambwan poisoned adamant tipped spear.
3175	 A Karambwan poisoned rune tipped spear.
3176	A Karambwan poisoned dragon tipped spear.
3177	It's a Picture.
3178	Swap this note at any bank for the equivalent item.
3179	These are smallish monkey bones.
3180	These are medium sized monkey bones.
3181	These are quite large monkey bones.
3182	These are quite large monkey bones.
3183	These are small monkey bones.
3184	Swap this note at any bank for the equivalent item.
3185	These are smallish monkey bones. They smell extremely nauseating.
3186	These are small monkey bones. They smell extremely nauseating.
3187	It's a Bones.
3188	A piece of silk which can be used to remove poison from weapons.
3189	Swap this note at any bank for the equivalent item.
3190	A bronze halberd.
3191	Swap this note at any bank for the equivalent item.
3192	An iron halberd.
3193	Swap this note at any bank for the equivalent item.
3194	A steel halberd.
3195	Swap this note at any bank for the equivalent item.
3196	A black halberd.
3197	Swap this note at any bank for the equivalent item.
3198	A mithril halberd.
3199	Swap this note at any bank for the equivalent item.
3200	An adamant halberd.
3201	Swap this note at any bank for the equivalent item.
3202	A rune halberd.
3203	Swap this note at any bank for the equivalent item.
3204	A dragon halberd.
3205	Swap this note at any bank for the equivalent item.
3206	A summons from King Lathas.
3207	A letter for King Lathas from Lord Iorwerth.
3208	Lord Iorwerth's crystal pendant.
3209	A piece of chemical formation.
3210	Swap this note at any bank for the equivalent item.
3211	Some limestone.
3212	Swap this note at any bank for the equivalent item.
3213	Some quicklime.
3214	A pot of ground quicklime.
3215	A pile of ground sulphur.
3216	An empty barrel/A Splendid barrel.
3217	Swap this note at any bank for the equivalent item.
3218	A fused barrel full of fire oil.
3219	A fused barrel full of fire oil.
3220	A barrel full of coal-tar.
3221	A barrel full of naphtha.
3222	A barrel full of naphtha and sulphur./A barrel full of naphtha and quicklime.
3223	A barrel full of naphtha and sulphur./A barrel full of naphtha and quicklime.
3224	A strip of cloth.
3225	Swap this note at any bank for the equivalent item.
3226	Might taste better cooked.
3227	Swap this note at any bank for the equivalent item.
3228	Mmm this looks tasty.
3229	Swap this note at any bank for the equivalent item.
3230	A book by Mel Achy.
3231	It's a Picture.
3232	Swap this note at any bank for the equivalent item.
3233	It's a Picture.
3234	Swap this note at any bank for the equivalent item.
3235	It's a Picture.
3236	Swap this note at any bank for the equivalent item.
3237	It's a Picture.
3238	Swap this note at any bank for the equivalent item.
3239	Bark from a hollow tree.
3240	Swap this note at any bank for the equivalent item.
3241	One of 2009Scape's many citizens.
3242	It's a Whoopsie.
3243	He grows crops in the area.
3244	It's a Whoopsie.
3245	It's a Warrior woman.
3246	It's a Whoopsie.
3247	Rogueish.
3248	It's a Whoopsie.
3249	Varies, refer below.
3250	It's a Whoopsie.
3251	A member of Ardougne's militia.
3252	It's a Whoopsie.
3253	The strong arm of the law.
3254	It's a Whoopsie.
3255	A holy warrior.
3256	It's a Whoopsie.
3257	It's a Gnome.
3258	It's a Whoopsie.
3259	Heroic!
3260	It's a Whoopsie.
3261	A pale, tough looking herb.
3262	It's tough and spiky.
3263	It'll be easier to grind now.
3264	It's ready for mixing.
3265	It's part of Eadgar's plan.
3266	It's rather drunk.
3267	It's dirty and smelly.
3268	It's good enough to fool a troll.
3269	The key to the Trollheim storeroom.
3270	Pineapple chunks dipped in a strong liquor.
3272	It's a Whoopsie.
3325	That used to be a vampyre!
3326	Swap this note at any bank for the equivalent item.
3327	An easy-to-make, marshy-coloured, Mort Myre snail shell helmet.
3328	Swap this note at any bank for the equivalent item.
3329	Rounded: A red and black snail shell helmet. Pointed: A red and black pointed snail shell helmet.
3330	Swap this note at any bank for the equivalent item.
3331	An easy-to-make, muddy-yellow, Mort Myre snail shell helmet.
3332	Swap this note at any bank for the equivalent item.
3333	A moody blue snail shell helmet, mort myre snail shell helm
3334	Swap this note at any bank for the equivalent item.
3335	An easy-to-make, orange-and-bark coloured, Mort Myre snail shell helmet.
3336	Swap this note at any bank for the equivalent item.
3337	An easy-to-make, marshy-coloured, Mort Myre snail shell helmet.
3338	Swap this note at any bank for the equivalent item.
3339	Rounded: A red and black snail shell helmet. Pointed: A red and black pointed snail shell helmet.
3340	Swap this note at any bank for the equivalent item.
3341	An easy-to-make, muddy-yellow, Mort Myre snail shell helmet.
3342	Swap this note at any bank for the equivalent item.
3343	A moody blue snail shell helmet, mort myre snail shell helm
3344	Swap this note at any bank for the equivalent item.
3345	An easy-to-make, 'myre'-coloured, Mort Myre snail shell; looks protective.
3346	Swap this note at any bank for the equivalent item.
3347	An easy-to-make, red, Mort myre snail shell; looks protective.
3348	Swap this note at any bank for the equivalent item.
3349	An easy-to-make, muddy-yellow, Mort Myre snail shell; looks protective.
3350	Swap this note at any bank for the equivalent item.
3351	An easy-to-make, blue, Mort Myre snail shell; looks protective.
3352	Swap this note at any bank for the equivalent item.
3353	An easy-to-make, bark-coloured, Mort Myre snail shell; looks protective.
3354	Swap this note at any bank for the equivalent item.
3355	An easy-to-make, 'myre'-coloured, Mort Myre snail shell; looks protective.
3356	Swap this note at any bank for the equivalent item.
3357	An easy-to-make, red, Mort myre snail shell; looks protective.
3358	Swap this note at any bank for the equivalent item.
3359	An easy-to-make, muddy-yellow, Mort Myre snail shell; looks protective.
3360	Swap this note at any bank for the equivalent item.
3361	An easy-to-make, blue, Mort Myre snail shell; looks protective.
3362	Swap this note at any bank for the equivalent item.
3363	The thin, slimy corpse of a deceased giant snail.
3364	Swap this note at any bank for the equivalent item.
3365	The lean, slimy corspe of a dead snail.
3366	Swap this note at any bank for the equivalent item.
3367	The fat, slimy, corpse of a deceased giant snail.
3368	Swap this note at any bank for the equivalent item.
3369	A succulently slimy piece of sumptuous snail.
3370	Swap this note at any bank for the equivalent item.
3371	A succulently slimey slice of sumptuous snail.
3372	Swap this note at any bank for the equivalent item.
3373	A succulently slimy slice of sumptuous snail.
3374	Swap this note at any bank for the equivalent item.
3375	It's a Burnt snail.
3376	Swap this note at any bank for the equivalent item.
3377	An empty sample bottle.
3378	Swap this note at any bank for the equivalent item.
3379	A slime covered eel - yuck!
3380	Swap this note at any bank for the equivalent item.
3381	A cooked slimy eel - not delicious, but pretty nutritious.
3382	Swap this note at any bank for the equivalent item.
3383	It's a Burnt eel.
3384	Swap this note at any bank for the equivalent item.
3385	A wooden helmet.
3386	Swap this note at any bank for the equivalent item.
3387	Provides good protection.
3388	Swap this note at any bank for the equivalent item.
3389	These should protect my legs.
3390	Swap this note at any bank for the equivalent item.
3391	These should keep my hands safe.
3392	Swap this note at any bank for the equivalent item.
3393	Wooden foot protection.
3394	Swap this note at any bank for the equivalent item.
3395	It's a Diary.
3396	The remains of a deadly shade.
3397	Swap this note at any bank for the equivalent item.
3398	The remains of a deadly shade.
3399	Swap this note at any bank for the equivalent item.
3400	The remains of a deadly shade.
3401	Swap this note at any bank for the equivalent item.
3402	The remains of a deadly shade.
3403	Swap this note at any bank for the equivalent item.
3404	The remains of a deadly shade.
3405	Swap this note at any bank for the equivalent item.
3406	I need another ingredient to finish this potion.
3407	Swap this note at any bank for the equivalent item.
3408	4 doses serum 207 as described in Herbi Flax's diary.
3409	Swap this note at any bank for the equivalent item.
3410	3 doses serum 207 as described in Herbi Flax's diary.
3411	Swap this note at any bank for the equivalent item.
3412	2 doses serum 207 as described in Herbi Flax's diary.
3413	Swap this note at any bank for the equivalent item.
3414	1 dose serum 207 as described in Herbi Flax's diary.
3415	Swap this note at any bank for the equivalent item.
3416	4 doses permanent serum 208 as described in Herbi Flax's diary.
3417	3 doses permanent serum 208 as described in Herbi Flax's diary.
3418	2 doses permanent serum 208 as described in Herbi Flax's diary.
3419	1 dose permanent serum 208 as described in Herbi Flax's diary.
3420	A well carved limestone brick.
3421	Swap this note at any bank for the equivalent item.
3422	4 doses of olive oil.
3423	Swap this note at any bank for the equivalent item.
3424	3 doses of olive oil.
3425	Swap this note at any bank for the equivalent item.
3426	2 doses of olive oil.
3427	Swap this note at any bank for the equivalent item.
3428	1 dose of olive oil.
3429	Swap this note at any bank for the equivalent item.
3430	Sacred oil.
3431	Swap this note at any bank for the equivalent item.
3432	Sacred oil.
3433	Swap this note at any bank for the equivalent item.
3434	Sacred oil.
3435	Swap this note at any bank for the equivalent item.
3436	Sacred oil.
3437	Swap this note at any bank for the equivalent item.
3438	Funeral logs used for burning loars.
3439	Swap this note at any bank for the equivalent item.
3440	Oak logs prepared with sacred oil for a funeral pyre.
3441	Swap this note at any bank for the equivalent item.
3442	Willow logs prepared with sacred oil for a funeral pyre.
3443	Swap this note at any bank for the equivalent item.
3444	Maple logs prepared with sacred oil for a funeral pyre.
3445	Swap this note at any bank for the equivalent item.
3446	Yew logs prepared with sacred oil for a funeral pyre.
3447	Swap this note at any bank for the equivalent item.
3448	Magic logs prepared with sacred oil for a funeral pyre.
3449	Swap this note at any bank for the equivalent item.
3450	A bronze key with a blood-red painted eyelet. (Shades of Mort'ton)
3451	A bronze key with a brown painted eyelet. (Shades of Mort'ton)
3452	A bronze key with a crimson painted eyelet. (Shades of Mort'ton)
3453	A bronze key with a black painted eyelet. (Shades of Mort'ton)
3454	A bronze key with a purple painted eyelet. (Shades of Mort'ton)
3455	A steel key with a blood-red painted eyelet. (Shades of Mort'ton)
3456	A steel key with a brown painted eyelet. (Shades of Mort'ton)
3457	A steel key with a crimson painted eyelet. (Shades of Mort'ton)
3458	A steel key with a black painted eyelet. (Shades of Mort'ton)
3459	A steel key with a purple painted eyelet. (Shades of Mort'ton)
3460	A black key with a blood-red painted eyelet. (Shades of Mort'ton)
3461	A black key with a brown painted eyelet. (Shades of Mort'ton)
3462	A black key with a crimson painted eyelet. (Shades of Mort'ton)
3463	A black key with a black painted eyelet. (Shades of Mort'ton)
3464	A black key with a purple painted eyelet. (Shades of Mort'ton)
3465	A silver key with a blood-red painted eyelet. (Shades of Mort'ton)
3466	A silver key with a brown painted eyelet. (Shades of Mort'ton)
3467	A silver key with a crimson painted eyelet. (Shades of Mort'ton)
3468	A silver key with a black painted eyelet. (Shades of Mort'ton)
3469	A silver key with a purple painted eyelet. (Shades of Mort'ton)
3470	Amazingly untouched by time.
3471	Swap this note at any bank for the equivalent item.
3472	Black plateskirt with trim.
3473	Black plateskirt with gold trim.
3474	Adamant plateskirt with trim.
3475	Adamant plateskirt with gold trim.
3476	Rune plateskirt with gold trim.
3477	Rune plateskirt with trim.
3478	Rune plateskirt in the colours of Zamorak.
3479	Rune plateskirt in the colours of Saradomin.
3480	Rune plateskirt in the colours of Guthix.
3481	Rune platebody with complete gold trim & plating.
3482	Swap this note at any bank for the equivalent item.
3483	Rune platelegs with gold plate.
3484	Swap this note at any bank for the equivalent item.
3485	Rune plateskirt with gold plate.
3486	Rune full helmet with gold plate.
3487	Swap this note at any bank for the equivalent item.
3488	Rune kiteshield with gold plate.
3489	Swap this note at any bank for the equivalent item.
3490	A set of instructions to be followed.
3491	A set of instructions to be followed.
3492	A set of instructions to be followed.
3493	A set of instructions to be followed.
3494	A set of instructions to be followed.
3495	A set of instructions to be followed.
3496	A set of instructions to be followed.
3497	A set of instructions to be followed.
3498	A set of instructions to be followed.
3499	A set of instructions to be followed.
3500	A set of instructions to be followed.
3501	A set of instructions to be followed.
3502	A set of instructions to be followed.
3503	A set of instructions to be followed.
3504	A set of instructions to be followed.
3505	A set of instructions to be followed.
3506	A set of instructions to be followed.
3507	A set of instructions to be followed.
3508	A set of instructions to be followed.
3509	A set of instructions to be followed.
3510	A set of instructions to be followed.
3511	I hope there's treasure in it.
3512	A set of instructions to be followed.
3513	A set of instructions to be followed.
3514	A set of instructions to be followed.
3515	A set of instructions to be followed.
3516	A set of instructions to be followed.
3517	I hope there's treasure in it.
3518	A set of instructions to be followed.
3519	I hope there's treasure in it.
3520	A set of instructions to be followed.
3521	I hope there's treasure in it.
3522	A set of instructions to be followed.
3523	I hope there's treasure in it.
3524	A set of instructions to be followed.
3525	A set of instructions to be followed.
3526	A set of instructions to be followed.
3527	I hope there's treasure in it.
3528	A set of instructions to be followed.
3529	I hope there's treasure in it.
3530	A set of instructions to be followed.
3531	I hope there's treasure in it.
3532	A set of instructions to be followed.
3533	I hope there's treasure in it.
3534	A set of instructions to be followed.
3535	I hope there's treasure in it.
3536	A set of instructions to be followed.
3537	I hope there's treasure in it.
3538	A set of instructions to be followed.
3539	I hope there's treasure in it.
3540	A set of instructions to be followed.
3541	I hope there's treasure in it.
3542	A set of instructions to be followed.
3543	I hope there's treasure in it.
3544	A set of instructions to be followed.
3545	I hope there's treasure in it.
3546	A set of instructions to be followed.
3547	I hope there's treasure in it.
3548	A set of instructions to be followed.
3549	I hope there's treasure in it.
3550	A set of instructions to be followed.
3551	I hope there's treasure in it.
3552	A set of instructions to be followed.
3553	I hope there's treasure in it.
3554	A set of instructions to be followed.
3555	I hope there's treasure in it.
3556	A set of instructions to be followed.
3557	I hope there's treasure in it.
3558	A set of instructions to be followed.
3559	I hope there's treasure in it.
3560	A set of instructions to be followed.
3561	I hope there's treasure in it.
3562	A set of instructions to be followed.
3563	I hope there's treasure in it.
3564	A set of instructions to be followed.
3565	I need to solve this.
3566	A set of instructions to be followed.
3567	I need to solve this.
3568	A set of instructions to be followed.
3569	I need to solve this.
3570	A set of instructions to be followed.
3571	I need to solve this.
3572	A set of instructions to be followed.
3573	A set of instructions to be followed.
3574	A set of instructions to be followed.
3575	A set of instructions to be followed.
3576	I need to solve this.
3577	A set of instructions to be followed.
3578	I need to solve this.
3579	A set of instructions to be followed.
3580	A set of instructions to be followed.
3581	I hope there's treasure in it.
3582	A set of instructions to be followed.
3583	I hope there's treasure in it.
3584	A set of instructions to be followed.
3585	I hope there's treasure in it.
3586	A set of instructions to be followed.
3587	I hope there's treasure in it.
3588	A set of instructions to be followed.
3589	I hope there's treasure in it.
3590	A set of instructions to be followed.
3591	I hope there's treasure in it.
3592	A set of instructions to be followed.
3593	I hope there's treasure in it.
3594	A set of instructions to be followed.
3595	I hope there's treasure in it.
3596	A set of instructions to be followed.
3597	I hope there's treasure in it.
3598	A set of instructions to be followed.
3599	A set of instructions to be followed.
3600	I hope there's treasure in it.
3601	A set of instructions to be followed.
3602	A set of instructions to be followed.
3603	I hope there's treasure in it.
3604	A set of instructions to be followed.
3605	A set of instructions to be followed.
3606	It's a Key.
3607	A set of instructions to be followed.
3608	It's a Key.
3609	A set of instructions to be followed.
3610	A set of instructions to be followed.
3611	A set of instructions to be followed.
3612	A set of instructions to be followed.
3613	A set of instructions to be followed.
3614	A set of instructions to be followed.
3615	A set of instructions to be followed.
3616	A set of instructions to be followed.
3617	A set of instructions to be followed.
3618	A set of instructions to be followed.
3619	It's a Sliding piece.
3620	It's a Sliding piece.
3621	It's a Sliding piece.
3622	It's a Sliding piece.
3623	It's a Sliding piece.
3624	It's a Sliding piece.
3625	It's a Sliding piece.
3626	It's a Sliding piece.
3627	It's a Sliding piece.
3628	It's a Sliding piece.
3629	It's a Sliding piece.
3630	It's a Sliding piece.
3631	It's a Sliding piece.
3632	It's a Sliding piece.
3633	It's a Sliding piece.
3634	It's a Sliding piece.
3635	It's a Sliding piece.
3636	It's a Sliding piece.
3637	It's a Sliding piece.
3638	It's a Sliding piece.
3639	It's a Sliding piece.
3640	It's a Sliding piece.
3641	It's a Sliding piece.
3642	It's a Sliding piece.
3643	It's a Sliding piece.
3644	It's a Sliding piece.
3645	It's a Sliding piece.
3646	It's a Sliding piece.
3647	It's a Sliding piece.
3648	It's a Sliding piece.
3649	It's a Sliding piece.
3650	It's a Sliding piece.
3651	It's a Sliding piece.
3652	It's a Sliding piece.
3653	It's a Sliding piece.
3654	It's a Sliding piece.
3655	It's a Sliding piece.
3656	It's a Sliding piece.
3657	It's a Sliding piece.
3658	It's a Sliding piece.
3659	It's a Sliding piece.
3660	It's a Sliding piece.
3661	It's a Sliding piece.
3662	It's a Sliding piece.
3663	It's a Sliding piece.
3664	It's a Sliding piece.
3665	It's a Sliding piece.
3666	It's a Sliding piece.
3667	It's a Picture.
3668	Swap this note at any bank for the equivalent item.
3669	Swap this note at any bank for the equivalent item.
3670	Swap this note at any bank for the equivalent item.
3671	Swap this note at any bank for the equivalent item.
3672	Swap this note at any bank for the equivalent item.
3673	Swap this note at any bank for the equivalent item.
3674	Swap this note at any bank for the equivalent item.
3675	Swap this note at any bank for the equivalent item.
3676	Swap this note at any bank for the equivalent item.
3677	Swap this note at any bank for the equivalent item.
3678	An exquisitely shaped tool specially designed for fixing temples.
3679	Swap this note at any bank for the equivalent item.
3680	It's a Picture.
3681	It's a Picture.
3682	It's a Picture.
3683	It's a Picture.
3684	It's a Picture.
3685	A sealed letter of recommendation.
3686	It's a Fremennik.
3687	It's a Whoopsie.
3688	It's almost a musical instrument.
3689	A musical intrument that I can magically play.
3690	This will teleport me to Rellekka when I play it.
3691	This will teleport me to Rellekka when I play it.
3692	I can use this to make a lyre.
3693	I can spin this into golden wool.
3694	I can use this to make a lyre.
3695	The lowest maintenance pet you will ever have.
3696	Talisman to bind the Draugen.
3697	Talisman to bind the Draugen.
3698	Some flowers from a distant land.
3699	A hauntingly beautiful love ballad.
3700	A pair of sturdy made custom boots.
3701	Could probably be a bit clearer?
3702	A finely crafted string for a custom bow
3703	An extremely odd, non-edible fish.
3704	Map showing the best fishing spots out at sea.
3705	An estimate of expected local weather conditions.
3706	Shows the wearer is worthy of the Champions table.
3707	Probably the greatest cocktail in the world.
3708	A signed statement promising a reduction on sales tax.
3709	A legally binding contract promising not to enter the longhall.
3710	This employment contract is for a warrior to act as a bodyguard.
3711	A lot of beer in a barrel.
3712	Suspiciously close to beer, but without the side effects.
3713	It's some kind of weird little parcel thing.
3714	It's some kind of weird little parcel thing.
3715	A red coloured disk, apparently made out of wood.
3716	A red coloured disk, apparently made out of wood.
3718	A very attractive magnet.
3719	Some blue thread.
3720	A small pick for cracking small objects.
3721	Might be fun to play with in the bath.
3722	It's a bucket of salty water.
3723	This bucket is eighty percent full. It has a 5 painted on its side.
3724	This bucket is sixty percent full. It has a 5 painted on its side.
3725	This bucket is forty percent full. It has a 5 painted on its side.
3726	This bucket is twenty percent full. It has a 5 painted on its side.
3727	It's an empty bucket.
3728	This bucket of water is frozen solid.
3729	This jug is completely full. It has a 3 painted on its side.
3730	This jug is two thirds full. It has a 3 painted on its side.
3731	This jug is one third full. It has a 3 painted on its side.
3732	This jug is empty.
3733	This jug of water is frozen solid.
3734	An unusually shaped vase. You can see something glinting inside.
3735	An unusually shaped vase full of water. You can see something glinting inside.
3736	An unusually shaped vase full of ice. You can see something glinting inside.
3737	This looks like a lid to some kind of container.
3738	The lid is screwed on tightly. 
3739	The lid is screwed on tightly. It is full of water.
3740	The lid is screwed on tightly. It is very cold. 
3741	A small, cold key.
3742	The colouring on it seems to be some kind of sticky goop.
3743	A red coloured disk, apparently made out of wood.
3744	A simple looking disk made of wood.
3745	The key to leave the Seer's house.
3746	Yup, it's sticky, it's red and it's goop.
3747	Swap this note at any bank for the equivalent item.
3748	A sturdy helm worn only by Fremennik clan members.
3749	This helmet is worn by archers.
3750	Swap this note at any bank for the equivalent item.
3751	This helmet is worn by berserkers.
3752	Swap this note at any bank for the equivalent item.
3753	This helm is worn by warriors.
3754	Swap this note at any bank for the equivalent item.
3755	This helm is worn by farseers.
3756	Swap this note at any bank for the equivalent item.
3757	A sword used only by Fremennik warriors.
3758	A shield worn by Fremennik warriors.
3759	The latest fashion in Rellekka.
3760	Swap this note at any bank for the equivalent item.
3761	The latest fashion in Rellekka.
3762	Swap this note at any bank for the equivalent item.
3763	The latest fashion in Rellekka.
3764	Swap this note at any bank for the equivalent item.
3765	The latest fashion in Rellekka.
3766	Swap this note at any bank for the equivalent item.
3767	The latest in Fremennik fashion.
3768	Swap this note at any bank for the equivalent item.
3769	The latest in Fremennik fashion.
3770	Swap this note at any bank for the equivalent item.
3771	The latest in Fremennik fashion.
3772	Swap this note at any bank for the equivalent item.
3773	The latest in Fremennik fashion.
3774	Swap this note at any bank for the equivalent item.
3775	The latest in Fremennik fashion.
3776	Swap this note at any bank for the equivalent item.
3777	The latest fashion in Rellekka.
3778	Swap this note at any bank for the equivalent item.
3779	The latest fashion in Rellekka.
3780	Swap this note at any bank for the equivalent item.
3781	The latest fashion in Rellekka.
3782	Swap this note at any bank for the equivalent item.
3783	The latest fashion in Rellekka.
3784	Swap this note at any bank for the equivalent item.
3785	The latest fashion in Rellekka.
3786	Swap this note at any bank for the equivalent item.
3787	The latest fashion in Rellekka.
3788	Swap this note at any bank for the equivalent item.
3789	The latest fashion in Rellekka.
3790	Swap this note at any bank for the equivalent item.
3791	Very stylish!
3792	Swap this note at any bank for the equivalent item.
3793	The latest fashion of Rellekka.
3794	Swap this note at any bank for the equivalent item.
3795	The latest fashion of Rellekka.
3796	Swap this note at any bank for the equivalent item.
3797	A silly pointed hat.
3798	Swap this note at any bank for the equivalent item.
3799	These will keep my hands warm!
3800	Swap this note at any bank for the equivalent item.
3801	A lot of beer in a barrel.  Beer in a barrel - a specialty of the Fremennik Province.
3802	Swap this note at any bank for the equivalent item.
3803	A glass of frothy ale.
3804	Swap this note at any bank for the equivalent item.
3805	A big cup for a big thirst.
3806	Swap this note at any bank for the equivalent item.
3827	This seems to have been torn from a book...
3828	This seems to have been torn from a book...
3829	This seems to have been torn from a book...
3830	This seems to have been torn from a book...
3831	This seems to have been torn from a book...
3832	This seems to have been torn from a book...
3833	This seems to have been torn from a book...
3834	This seems to have been torn from a book...
3835	This seems to have been torn from a book...
3836	This seems to have been torn from a book...
3837	This seems to have been torn from a book...
3838	This seems to have been torn from a book...
3839	An incomplete book of Saradomin.
3840	The Holy book of Saradomin.
3841	An incomplete book of Zamorak.
3842	The unholy book of Zamorak.
3843	An incomplete book of Guthix.
3844	The holy book of Guthix.
3845	A daily journal.
3846	Someone's Diary.
3847	Looks like some kind of manual.
3848	A key to the front door of the lighthouse.
3849	Looks old and rusty...
3851	It's a Whoopsie.
3852	Swap this note at any bank for the equivalent item.
3853	An enchanted necklace.
3854	Swap this note at any bank for the equivalent item.
3855	An enchanted necklace.
3856	Swap this note at any bank for the equivalent item.
3857	An enchanted necklace.
3858	Swap this note at any bank for the equivalent item.
3859	An enchanted necklace.
3860	Swap this note at any bank for the equivalent item.
3861	An enchanted necklace.
3862	Swap this note at any bank for the equivalent item.
3863	An enchanted necklace.
3864	Swap this note at any bank for the equivalent item.
3865	An enchanted necklace.
3866	Swap this note at any bank for the equivalent item.
3867	An enchanted necklace.
3868	Swap this note at any bank for the equivalent item.
3869	It's a Board game piece.
3870	It's a Board game piece.
3871	It's a Board game piece.
3872	It's a Board game piece.
3873	It's a Board game piece.
3874	It's a Board game piece.
3875	It's a Board game piece.
3876	It's a Board game piece.
3877	It's a Board game piece.
3878	It's a Board game piece.
3879	It's a Board game piece.
3880	It's a Board game piece.
3881	It's a Board game piece.
3882	It's a Board game piece.
3883	It's a Board game piece.
3884	It's a Board game piece.
3885	It's a Board game piece.
3886	It's a Board game piece.
3887	It's a Board game piece.
3888	It's a Board game piece.
3889	It's a Board game piece.
3890	It's a Board game piece.
3891	It's a Board game piece.
3892	It's a Board game piece.
3893	It's a Stool.
3894	It's not very good.
3895	Much better.
3896	Just needs the King's signature.
3897	For making a giant pen.
3898	The king should be able to use this.
3899	Not as good as a pet frog.
3900	Swap this note at any bank for the equivalent item.
3901	Managing Thine Kingdom for Noobes by A. Ghrim.
3902	It's a Picture.
3903	Swap this note at any bank for the equivalent item.
3904	It's a Sliding button.
3905	It's a Whoopsie.
3906	It's a Sliding button.
3907	It's a Whoopsie.
3908	It's a Sliding button.
3909	It's a Whoopsie.
3910	It's a Sliding button.
3911	It's a Whoopsie.
3912	It's a Sliding button.
3913	It's a Whoopsie.
3914	It's a Sliding button.
3915	It's a Whoopsie.
3916	It's a Sliding button.
3917	It's a Whoopsie.
3918	It's a Sliding button.
3919	It's a Whoopsie.
3920	It's a Sliding button.
3921	It's a Whoopsie.
3922	It's a Sliding button.
3923	It's a Whoopsie.
3924	It's a Sliding button.
3925	It's a Whoopsie.
3926	It's a Sliding button.
3927	It's a Whoopsie.
3928	It's a Sliding button.
3929	It's a Whoopsie.
3930	It's a Sliding button.
3931	It's a Whoopsie.
3932	It's a Sliding button.
3933	It's a Whoopsie.
3934	It's a Sliding button.
3935	It's a Whoopsie.
3936	It's a Sliding button.
3937	It's a Whoopsie.
3938	It's a Sliding button.
3939	It's a Whoopsie.
3940	It's a Sliding button.
3941	It's a Whoopsie.
3942	It's a Sliding button.
3943	It's a Whoopsie.
3944	It's a Sliding button.
3945	It's a Whoopsie.
3946	It's a Sliding button.
3947	It's a Whoopsie.
3948	It's a Sliding button.
3949	It's a Whoopsie.
3950	It's a Sliding button.
3951	It's a Whoopsie.
3952	It's a Sliding button.
3953	It's a Whoopsie.
3954	It's a Sliding button.
3955	It's a Whoopsie.
3956	It's a Sliding button.
3957	It's a Whoopsie.
3958	It's a Sliding button.
3959	It's a Whoopsie.
3960	It's a Sliding button.
3961	It's a Whoopsie.
3962	It's a Sliding button.
3963	It's a Whoopsie.
3964	It's a Sliding button.
3965	It's a Whoopsie.
3966	It's a Sliding button.
3967	It's a Whoopsie.
3968	It's a Sliding button.
3969	It's a Whoopsie.
3970	It's a Sliding button.
3971	It's a Whoopsie.
3972	It's a Sliding button.
3973	It's a Whoopsie.
3974	It's a Sliding button.
3975	It's a Whoopsie.
3976	It's a Sliding button.
3977	It's a Whoopsie.
3978	It's a Sliding button.
3979	It's a Whoopsie.
3980	It's a Sliding button.
3981	It's a Whoopsie.
3982	It's a Sliding button.
3983	It's a Whoopsie.
3984	It's a Sliding button.
3985	It's a Whoopsie.
3986	It's a Sliding button.
3987	It's a Whoopsie.
3988	It's a Sliding button.
3989	It's a Whoopsie.
3990	It's a Sliding button.
3991	It's a Whoopsie.
3992	It's a Sliding button.
3993	It's a Whoopsie.
3994	It's a Sliding button.
3995	It's a Whoopsie.
3996	It's a Sliding button.
3997	It's a Whoopsie.
3998	It's a Sliding button.
3999	It's a Whoopsie.
4000	It's a Picture.
4001	A pile of gout tubers suitable for use in mountainous terrain.
4002	It looks like some kind of control panel.
4003	Swap this note at any bank for the equivalent item.
4004	It's the official Gnome Royal Seal, signed by King Narode Shareen.
4005	Unreadable orders handwritten by King Narnode Shareen.
4006	Magical monkey talking dentures! What more can we say? Ook!
4007	A gold bar with a talkative monkey spirit.
4008	It's... the eye of a gnome! Now what on earth could one do with this?
4009	Swap this note at any bank for the equivalent item.
4010	It's a Monkey magic.
4011	Swap this note at any bank for the equivalent item.
4012	They are Monkey Nuts. Yummy.
4013	Swap this note at any bank for the equivalent item.
4014	It's a monkey bar. It looks highly nutritious.
4015	Swap this note at any bank for the equivalent item.
4016	It's a bowl full of mushy banana
4017	Swap this note at any bank for the equivalent item.
4018	It's a Monkey wrench.
4019	Swap this note at any bank for the equivalent item.
4020	It's an amulet mould shaped like a monkey head.
4021	It's an Amulet of Monkey Speak. It makes vague chattering noises.
4022	It's an unstrung Amulet of Monkey Speak. It makes vague chattering noises.
4023	A magic talisman in shape of a monkey head.
4024	A magical talisman in the shape of a Karamjan monkey head.
4025	A magical talisman in the shape of a Karamjan monkey head.
4026	A magical talisman in the shape of a Karamjan monkey head.
4027	A magical talisman in the shape of a Karamjan monkey head.
4028	A magical talisman in the shape of a Karamjan monkey head.
4029	A magical talisman in the shape of a Karamjan monkey head.
4030	A magical talisman in the shape of a Karamjan monkey head.
4031	A magical talisman in the shape of a Karamjan monkey head.
4032	I can train on this
4033	It's a Monkey.
4034	It's a very ancient skull from some kind of ape.
4035	It is the official sigil of the 10th squad of the Royal Guard.
4036	It's a Whoopsie.
4037	The Holy Team Standard
4038	Swap this note at any bank for the equivalent item.
4039	The Zamorak team's flag.
4040	Swap this note at any bank for the equivalent item.
4041	The colours of Saradomin/Zamorak.
4042	The colours of Saradomin/Zamorak.
4043	It's a Rock.
4044	Swap this note at any bank for the equivalent item.
4045	I could use this to destroy things...
4046	Swap this note at any bank for the equivalent item.
4047	A coil of rope.
4048	Swap this note at any bank for the equivalent item.
4049	A box of bandages for healing.
4050	Swap this note at any bank for the equivalent item.
4051	Good for repairing a broken cannon.
4052	Swap this note at any bank for the equivalent item.
4053	Handy for hindering the enemy team's movement.
4054	Swap this note at any bank for the equivalent item.
4055	It's a manual for Castle Wars
4067	I can exchange these for further items.
4068	A very decorative sword.
4069	It's a Decorative armour.
4070	It's a Decorative armour.
4071	A very decorative helm.
4072	A very decorative shield.
4073	Not so useful for lighting a fire.
4074	Swap this note at any bank for the equivalent item.
4075	A bizarre fungus. It glows with a pale blue light.
4076	It's a Picture.
4077	Abandoned Mine key.
4078	I stole this from a Saradominist I met South of Mort'ton.
4079	A gift from Santa.
4081	Increases the wearer's strength and accuracy by 15% when fighting the undead.
4082	An unstrung crystal imbued with the power of Saradomin.
4083	Unwaxed: It needs waxing before I can use it. Waxed: A waxed sled.
4084	Unwaxed: It needs waxing before I can use it. Waxed: A waxed sled.
4085	I can use this to wax my sled.
4086	These pale flowers have a pungent odour.
4087	Looks pretty heavy.
4088	Swap this note at any bank for the equivalent item.
4089	Blue: A magical hat. 
4090	Swap this note at any bank for the equivalent item.
4091	The upper half of a magical robe.
4092	Swap this note at any bank for the equivalent item.
4093	The lower half of a magical robe.
4094	Swap this note at any bank for the equivalent item.
4095	Magical gloves.
4096	Swap this note at any bank for the equivalent item.
4097	Magical boots.
4098	Swap this note at any bank for the equivalent item.
4099	Black: A magical hat. 
4100	Swap this note at any bank for the equivalent item.
4101	The upper half of a magical robe.
4102	Swap this note at any bank for the equivalent item.
4103	The lower half of a magical robe.
4104	Swap this note at any bank for the equivalent item.
4105	Dark magical gloves.
4106	Swap this note at any bank for the equivalent item.
4107	Magical boots.
4108	Swap this note at any bank for the equivalent item.
4109	White: A magical hat. 
4110	Swap this note at any bank for the equivalent item.
4111	The upper half of a magical robe.
4112	Swap this note at any bank for the equivalent item.
4113	The lower half of a magical robe.
4114	Swap this note at any bank for the equivalent item.
4115	Bright magical gloves.
4116	Swap this note at any bank for the equivalent item.
4117	Magical boots.
4118	Swap this note at any bank for the equivalent item.
4119	These will protect my feet.
4120	Swap this note at any bank for the equivalent item.
4121	These will protect my feet.
4122	Swap this note at any bank for the equivalent item.
4123	These will protect my feet.
4124	Swap this note at any bank for the equivalent item.
4125	These will protect my feet.
4126	Swap this note at any bank for the equivalent item.
4127	These will protect my feet.
4128	Swap this note at any bank for the equivalent item.
4129	These will protect my feet.
4130	Swap this note at any bank for the equivalent item.
4131	These will protect my feet.
4132	Swap this note at any bank for the equivalent item.
4133	It's a Crawling hand.
4134	A spiky crawling critter. (level 23)  Not very tasty-looking. (level 138)
4135	A tortured screaming soul.
4136	The slime of evil.
4137	The winged reptile.
4138	A small fire demon.
4139	The eyes of evil.
4140	An evil magic user.
4141	The tongue of evil.
4142	&bull; Needs cream.....&bull; Wibbly.&bull; Wobbly...&bull; There's always room for jelly.&bull; Doesn't look so tough...&bull; Looks scared to see me.
4143	It's a Turoth.
4144	A very smelly ghost.
4145	The vacuumed face of evil.
4146	It's a Kurask.
4147	Flies like a rock.
4148	It's a Nechryael.
4149	A denizen of the Abyss!
4150	Arrows with a wider than normal tip.
4151	A weapon from the Abyss.
4152	Swap this note at any bank for the equivalent item.
4153	Simplicity is the best weapon.
4154	Swap this note at any bank for the equivalent item.
4155	I can contact the Slayer Masters with this.
4156	I can just about see things in this shield's reflection.
4157	Swap this note at any bank for the equivalent item.
4158	A spear with a leaf-shaped point.
4159	Swap this note at any bank for the equivalent item.
4160	Arrows with a wider than normal tip.
4161	A bag of salt.
4162	I can even smash stone with this.
4163	Swap this note at any bank for the equivalent item.
4164	Stops me breathing in too much dust.
4165	Swap this note at any bank for the equivalent item.
4166	These will protect my ears from loud noise.
4167	Swap this note at any bank for the equivalent item.
4168	Protects me from any bad smells.
4169	Swap this note at any bank for the equivalent item.
4170	An old and magical staff.
4171	Swap this note at any bank for the equivalent item.
4172	Arrows with a wider than normal tip.
4173	Arrows with a wider than normal tip.
4174	Arrows with a wider than normal tip.
4175	Arrows with a wider than normal tip.
4177	It's a Picture.
4178	A weapon from the Abyss.
4179	For playing fetch with.
4180	Looks pretty heavy.
4181	It's a Mouth grip.
4182	A pale, tough looking herb.
4183	A six-pointed marble and obsidian amulet
4184	Upon close examination, this seems to be a key.
4185	Upon close examination, this seems to be a key.
4186	Upon close examination, this seems to be a key.
4187	Triangular in shape, made from marble, and as large as your hand.
4188	Triangular in shape, made from obsidian, and as large as your hand.
4189	A length of garden cane.
4190	A typical garden brush.
4191	A typical garden brush, with a cane tied to it.
4192	A typical garden brush, with two canes tied to it.
4193	A typical garden brush, with three canes tied to it.
4194	It's a Torso.
4195	A pair of limp, dead arms.
4196	A pair of lifeless, rotting legs.
4197	No brain: A gruesome, decapitated head, whose brain has rotted away. Brain: A gruesome, decapitated head - its eyes stare lifelessly at nothing.
4198	No brain: A gruesome, decapitated head, whose brain has rotted away. Brain: A gruesome, decapitated head - its eyes stare lifelessly at nothing.
4199	A pickled brain, submerged inside a jar of vinegar.
4200	A mould for making silver lightning conductors.
4201	A silver lightning conductor.
4202	The Ring of charos
4203	It's a Journal.
4204	It's a Letter.
4205	This consecration seed looks grey and dead.
4206	This consecration seed looks grey and dead.
4207	This crystal seed looks grey and dead.
4208	Swap this note at any bank for the equivalent item.
4209	A book on Cadarn clan history.
4210	Swap this note at any bank for the equivalent item.
4211	It's an Elf crystal.
4212	A nice sturdy magical bow.
4213	Swap this note at any bank for the equivalent item.
4214	A nice sturdy magical bow.
4215	A nice sturdy magical bow.
4216	A nice sturdy magical bow.
4217	A nice sturdy magical bow.
4218	A nice sturdy magical bow.
4219	A nice sturdy magical bow.
4220	A nice sturdy magical bow.
4221	A nice sturdy magical bow.
4222	A nice sturdy magical bow.
4223	A nice sturdy magical bow.
4224	A nice sturdy crystal shield.
4225	A nice sturdy crystal shield.
4226	A nice sturdy crystal shield.
4227	A nice sturdy crystal shield.
4228	A nice sturdy crystal shield.
4229	A nice sturdy crystal shield.
4230	A nice sturdy crystal shield.
4231	A nice sturdy crystal shield.
4232	A nice sturdy crystal shield.
4233	A nice sturdy crystal shield.
4234	A nice sturdy crystal shield.
4235	Swap this note at any bank for the equivalent item.
4236	This bow has been signed by Robin, Master Bowman.
4237	It's a bowl of water, with some nettles in it.
4238	It's a Puddle of slime.
4239	It's a bowl of nettle tea.
4240	It's a bowl of milky nettle tea.
4241	A handful of nettles.
4242	A nice cup of nettle tea.
4243	A milky cup of nettle tea.
4244	A porcelain cup.
4245	Some nettle tea in a porcelain cup.
4246	Some milky nettle tea in a porcelain cup.
4247	The Robes of Necrovarus.
4248	The Book of Haricanto.
4249	A translation manual.
4250	The amulet of ghostspeak glows green from the crone's enchantment.
4251	The Ectophial.
4252	The Ectophial.
4253	A small wooden ship. / A small wooden ship with a silk flag.
4254	A small wooden ship. / A small wooden ship with a silk flag.
4255	A pot of crushed bones.
4256	A pot of crushed small ninja monkey bones.
4257	A pot of crushed wolf bones.
4258	A pot of crushed burnt bones.
4259	A pot of crushed burnt jogre bones.
4260	A pot of crushed monkey bones.
4261	A pot of crushed bat bones.
4262	A pot of crushed big bones.
4263	A pot of crushed jogre bones.
4264	A pot of crushed zogre bones.
4265	A pot of crushed shaikahan bones.
4266	A pot of crushed baby dragon bones.
4267	A pot of crushed wyvern bones.
4268	A pot of crushed dragon bones.
4269	A pot of crushed [type of bones].
4270	A pot of crushed medium ninja monkey bones.
4271	A pot of crushed Dagannoth-king bones.
4272	A key fashioned from a shard of bone. (Shilo Village)
4273	It's a Chest key.
4274	A section from some kind of map.
4275	A section from some kind of map.
4276	A section from some kind of map.
4277	A complete treasure map.
4278	A token with ectoplasm on it.
4280	It's a Whoopsie.
4282	It's a Whoopsie.
4283	A scroll of paper containing signatures.
4284	Before Ectofuntus: It's a bedsheet.After Ectofuntus: It's an ectoplasm-covered bedsheet.
4285	Before Ectofuntus: It's a bedsheet.After Ectofuntus: It's an ectoplasm-covered bedsheet.
4286	It's a bucket of ectoplasm.
4287	I need to cook this first.
4288	Swap this note at any bank for the equivalent item.
4289	I need to cook this first.
4290	Swap this note at any bank for the equivalent item.
4291	Mmm this looks tasty.
4292	Swap this note at any bank for the equivalent item.
4293	Mmm this looks tasty.
4294	Swap this note at any bank for the equivalent item.
4295	A member of the 'Humans Against Monsters' group.
4296	It's a Whoopsie.
4297	A member of the 'Humans Against Monsters' group.
4298	The label says 'Vivid Crimson', but it looks like pink to me!
4299	Swap this note at any bank for the equivalent item.
4300	The label says 'Vivid Crimson', but it looks like pink to me!
4301	Swap this note at any bank for the equivalent item.
4302	Light-weight head protection and eye shield.
4303	Swap this note at any bank for the equivalent item.
4304	A HAM cape.
4305	Swap this note at any bank for the equivalent item.
4306	A badge for the HAM cult.
4307	Swap this note at any bank for the equivalent item.
4308	Gloves worn by the Humans Against Monsters group.
4309	Swap this note at any bank for the equivalent item.
4310	Boots worn by the Humans Against Monsters group.
4311	Swap this note at any bank for the equivalent item.
4312	It's a Whoopsie.
4313	A book on elven crystal.
4314	Swap this note at any bank for the equivalent item.
4315	Ooohhh look at the pretty colours...
4316	Swap this note at any bank for the equivalent item.
4317	Ooohhh look at the pretty colours...
4318	Swap this note at any bank for the equivalent item.
4319	Ooohhh look at the pretty colours...
4320	Swap this note at any bank for the equivalent item.
4321	Ooohhh look at the pretty colours...
4322	Swap this note at any bank for the equivalent item.
4323	Ooohhh look at the pretty colours...
4324	Swap this note at any bank for the equivalent item.
4325	Ooohhh look at the pretty colours...
4326	Swap this note at any bank for the equivalent item.
4327	Ooohhh look at the pretty colours...
4328	Swap this note at any bank for the equivalent item.
4329	Ooohhh look at the pretty colours...
4330	Swap this note at any bank for the equivalent item.
4331	Ooohhh look at the pretty colours...
4332	Swap this note at any bank for the equivalent item.
4333	Ooohhh look at the pretty colours...
4334	Swap this note at any bank for the equivalent item.
4335	Ooohhh look at the pretty colours...
4336	Swap this note at any bank for the equivalent item.
4337	Ooohhh look at the pretty colours...
4338	Swap this note at any bank for the equivalent item.
4339	Ooohhh look at the pretty colours...
4340	Swap this note at any bank for the equivalent item.
4341	Ooohhh look at the pretty colours...
4342	Swap this note at any bank for the equivalent item.
4343	Ooohhh look at the pretty colours...
4344	Swap this note at any bank for the equivalent item.
4345	Ooohhh look at the pretty colours...
4346	Swap this note at any bank for the equivalent item.
4347	Ooohhh look at the pretty colours...
4348	Swap this note at any bank for the equivalent item.
4349	Ooohhh look at the pretty colours...
4350	Swap this note at any bank for the equivalent item.
4351	Ooohhh look at the pretty colours...
4352	Swap this note at any bank for the equivalent item.
4353	Ooohhh look at the pretty colours...
4354	Swap this note at any bank for the equivalent item.
4355	Ooohhh look at the pretty colours...
4356	Swap this note at any bank for the equivalent item.
4357	Ooohhh look at the pretty colours...
4358	Swap this note at any bank for the equivalent item.
4359	Ooohhh look at the pretty colours...
4360	Swap this note at any bank for the equivalent item.
4361	Ooohhh look at the pretty colours...
4362	Swap this note at any bank for the equivalent item.
4363	Ooohhh look at the pretty colours...
4364	Swap this note at any bank for the equivalent item.
4365	Ooohhh look at the pretty colours...
4366	Swap this note at any bank for the equivalent item.
4367	Ooohhh look at the pretty colours...
4368	Swap this note at any bank for the equivalent item.
4369	Ooohhh look at the pretty colours...
4370	Swap this note at any bank for the equivalent item.
4371	Ooohhh look at the pretty colours...
4372	Swap this note at any bank for the equivalent item.
4373	Ooohhh look at the pretty colours...
4374	Swap this note at any bank for the equivalent item.
4375	Ooohhh look at the pretty colours...
4376	Swap this note at any bank for the equivalent item.
4377	Ooohhh look at the pretty colours...
4378	Swap this note at any bank for the equivalent item.
4379	Ooohhh look at the pretty colours...
4380	Swap this note at any bank for the equivalent item.
4381	Ooohhh look at the pretty colours...
4382	Swap this note at any bank for the equivalent item.
4383	Ooohhh look at the pretty colours...
4384	Swap this note at any bank for the equivalent item.
4385	Ooohhh look at the pretty colours...
4386	Swap this note at any bank for the equivalent item.
4387	Ooohhh look at the pretty colours...
4388	Swap this note at any bank for the equivalent item.
4389	Ooohhh look at the pretty colours...
4390	Swap this note at any bank for the equivalent item.
4391	Ooohhh look at the pretty colours...
4392	Swap this note at any bank for the equivalent item.
4393	Ooohhh look at the pretty colours...
4394	Swap this note at any bank for the equivalent item.
4395	Ooohhh look at the pretty colours...
4396	Swap this note at any bank for the equivalent item.
4397	Ooohhh look at the pretty colours...
4398	Swap this note at any bank for the equivalent item.
4399	Ooohhh look at the pretty colours...
4400	Swap this note at any bank for the equivalent item.
4401	Ooohhh look at the pretty colours...
4402	Swap this note at any bank for the equivalent item.
4403	Ooohhh look at the pretty colours...
4404	Swap this note at any bank for the equivalent item.
4405	Ooohhh look at the pretty colours...
4406	Swap this note at any bank for the equivalent item.
4407	Ooohhh look at the pretty colours...
4408	Swap this note at any bank for the equivalent item.
4409	Ooohhh look at the pretty colours...
4410	Swap this note at any bank for the equivalent item.
4411	Ooohhh look at the pretty colours...
4412	Swap this note at any bank for the equivalent item.
4413	Ooohhh look at the pretty colours...
4414	Swap this note at any bank for the equivalent item.
4415	A jungle forester's blunt axe.
4416	A strong medicinal brew for heavy chests.
4417	A cup of Guthix rest.
4418	Swap this note at any bank for the equivalent item.
4419	A cup of Guthix rest.
4420	Swap this note at any bank for the equivalent item.
4421	A cup of Guthix rest.
4422	Swap this note at any bank for the equivalent item.
4423	A cup of Guthix rest.
4424	Swap this note at any bank for the equivalent item.
4425	A half-filled feather mattress.
4426	A comfy-looking feather mattress.
4427	Looks like a bunch of rust to me.
4428	An animate rock spell is written on this parchment.
4429	It's a Broken vane part.
4430	The weathervane directions should now work.
4431	It's a Broken vane part.
4432	A fixed weathervane ornament.
4433	It's a Broken vane part.
4434	A fixed weathervane rotating pillar.
4435	Clear skies ahead, with some chance of showers, thunderstorms, ice and hail.
4436	This is pretty well sealed.
4437	Swap this note at any bank for the equivalent item.
4438	This needs firing, then it should fit on a normal-sized pot.
4439	Swap this note at any bank for the equivalent item.
4440	This should fit on a normal-sized pot.
4441	Swap this note at any bank for the equivalent item.
4442	An airtight pot with something inside, most likely breathing salts.
4443	A large cage for transporting chickens.
4444	A jungle forester's super sharp axe.
4445	Some mahogany logs which have been professionally cured.
4446	I can store my keys here.
4447	I wonder what happens if I rub it.
4449	It's a Whoopsie.
4451	It's a Whoopsie.
4453	It's a Whoopsie.
4455	It's a Whoopsie.
4456	It's a bowl of hot water.
4457	Swap this note at any bank for the equivalent item.
4458	A cup of water.
4459	Swap this note at any bank for the equivalent item.
4460	It's hot!
4461	Swap this note at any bank for the equivalent item.
4462	A ruined herb tea.
4463	Swap this note at any bank for the equivalent item.
4464	See article
4465	Swap this note at any bank for the equivalent item.
4466	See article
4467	Swap this note at any bank for the equivalent item.
4468	See article
4469	Swap this note at any bank for the equivalent item.
4470	See article
4471	Swap this note at any bank for the equivalent item.
4472	See article
4473	Swap this note at any bank for the equivalent item.
4474	See article
4475	Swap this note at any bank for the equivalent item.
4476	See article
4477	Swap this note at any bank for the equivalent item.
4478	See article
4479	Swap this note at any bank for the equivalent item.
4480	See article
4481	Swap this note at any bank for the equivalent item.
4482	See article
4483	Swap this note at any bank for the equivalent item.
4484	The strange characters supposedly grant Svidi safe passage into Rellekka.
4485	This fruit is known as White Pearl. Should taste good.
4486	You can grow this seed even in cold mountain ranges!
4487	It's a piece of the Ancient Rock of the mountain people. It's still just a stone.
4488	The corpse of a woman who died long ago.
4489	This used to belong to Asleif, daughter of the mountain camp chieftain.
4490	Marginally better than egg on your face.
4491	Swap this note at any bank for the equivalent item.
4492	A muddy rock.
4493	Swap this note at any bank for the equivalent item.
4494	It's just a long stick, really.
4495	Swap this note at any bank for the equivalent item.
4496	Splintered into pieces, it has become completely useless to you.
4497	Swap this note at any bank for the equivalent item.
4498	A coil of rope.
4499	Swap this note at any bank for the equivalent item.
4500	It's just a long stick, really.
4501	Swap this note at any bank for the equivalent item.
4502	Quite ferocious looking.
4503	A very decorative sword.
4504	It's a Decorative armour.
4505	It's a Decorative armour.
4506	A very decorative helm.
4507	A very decorative shield.
4508	A very decorative sword.
4509	It's a Decorative armour.
4510	It's a Decorative armour.
4511	A very decorative helm.
4512	A very decorative shield.
4513	It's a Castlewars hood.
4514	It's a Castlewars cloak.
4515	It's a Castlewars hood.
4516	It's a Castlewars cloak.
4517	This could feed a family of gnomes for a week!
4518	Swap this note at any bank for the equivalent item.
4519	It's a Swamp wallbeast.
4520	It's a Swamp cave slime.
4521	It's a Swamp cave bug.
4522	Filled: Not the genie sort.
4523	Swap this note at any bank for the equivalent item.
4524	Not the genie sort.
4525	An oil lamp with no oil in it.
4526	Swap this note at any bank for the equivalent item.
4527	Put a candle in to complete it.
4528	Swap this note at any bank for the equivalent item.
4529	A candle in a glass cage.
4530	Swap this note at any bank for the equivalent item.
4531	A flickering candle in a glass cage.
4532	A candle in a glass cage.
4533	Swap this note at any bank for the equivalent item.
4534	A flickering candle in a glass cage.
4535	Put oil in to complete it.
4536	Swap this note at any bank for the equivalent item.
4537	An unlit oil lantern.
4538	Swap this note at any bank for the equivalent item.
4539	It lights your way through the dark places of the earth.
4540	Add the glass to complete.
4541	Swap this note at any bank for the equivalent item.
4542	A roughly circular disc of glass.
4543	Swap this note at any bank for the equivalent item.
4544	You need to add a lens before you can use it.
4545	Swap this note at any bank for the equivalent item.
4546	You need to add lamp oil before you can use it.
4547	Swap this note at any bank for the equivalent item.
4548	A sturdy steel lantern.
4549	Swap this note at any bank for the equivalent item.
4550	A sturdy steel lantern casting a bright beam.
4551	You don't want to wear it inside-out.
4552	Swap this note at any bank for the equivalent item.
4558	Remember to brush after eating!
4559	Remember to brush after eating!
4560	Remember to brush after eating!
4561	Remember to brush after eating!
4562	Remember to brush after eating!
4563	Remember to brush after eating!
4564	Remember to brush after eating!
4565	Hand them out to spread the Easter happiness.
4566	Perhaps not the most powerful weapon in 2009Scape.
4567	Made of gold and white gold.
4568	This book is almost falling apart, you'll have to handle it quite carefully.
4569	A missing page from Rolad's book! It seems to be the first one.
4570	A missing page from Rolad's book! It seems to be the second one.
4571	A missing page from Rolad's book! It seems to be the third one.
4572	A collection of missing pages from Rolad's book!
4573	A collection of missing pages from Rolad's book!
4574	These are the base schematics of a dwarven multicannon.
4575	It's a Schematic.
4576	It's a Schematics.
4577	It's a Schematics.
4578	It's a Schematic.
4579	It's a Cannon ball.
4580	A black tipped spear.
4581	Swap this note at any bank for the equivalent item.
4582	A black tipped spear.
4583	Swap this note at any bank for the equivalent item.
4584	A Karambwan poisoned black tipped spear.
4585	This looks pretty heavy.
4586	Swap this note at any bank for the equivalent item.
4587	A vicious, curved sword.
4588	Swap this note at any bank for the equivalent item.
4589	Keys to the Mayor's house. (The Feud)
4590	The Mayor of Pollnivneach's wife's jewels.
4591	Wear it on your head.
4592	Swap this note at any bank for the equivalent item.
4593	Makes me itch.
4594	Swap this note at any bank for the equivalent item.
4595	It's a Karidian disguise.
4596	Swap this note at any bank for the equivalent item.
4597	Swap this note at any bank for the equivalent item.
4598	Swap this note at any bank for the equivalent item.
4599	A handy little club made out of oak.
4600	A handy little club made out of willow.
4601	Dung of the Camelus Horribleus variety.
4602	Dung of the Camelus Horribleus variety.
4603	A receipt for one 'Camelus Horribleus
4604	A red viscous liquid in a vial.
4605	Makes a hissing sound.
4606	This is used to hold snakes.
4607	This basket contains a snake.
4608	A meaty and very hot kebab.
4609	Swap this note at any bank for the equivalent item.
4610	The bottle feels warm.
4611	A disguise suitable for the desert.
4612	Swap this note at any bank for the equivalent item.
4613	It has a picture of a dragon on it.
4614	Alas...
4615	It's a Letter.
4616	An archaeologist's notes.
4617	The museum curator's key (The Golem).
4618	It's a Statuette.
4619	It's pretty, but you wish you knew what it was.
4620	It looks horrible.
4621	A long feather patterned like a flame.
4622	Black ink made out of mushrooms.
4623	A phoenix feather dipped in ink.
4624	It reads 'YOUR TASK IS DONE'.
4625	It's a Bandit.
4626	It's a Whoopsie.
4627	A cheeky little lager from the Bandit Camp.
4628	Swap this note at any bank for the equivalent item.
4653	It's a Fire.
4654	A copy of the engravings found on a mysterious stone tablet.
4655	A rough translation made from archaeological etchings.
4656	This key is unusally warm to the touch.
4657	A ring that allows you to see things that are normally invisible.
4658	A silver pot made by Ruantun.
4659	A silver pot made by Ruantun and blessed on Entrana.
4660	A silver pot made by Ruantun filled with your blood.
4661	A blessed silver pot made by Ruantun filled with your blood.
4662	A silver pot made by Ruantun filled with blood and garlic.
4663	A blessed silver pot filled with blood and garlic.
4664	A silver pot made by Ruantun filled with blood and spices.
4665	A blessed silver pot filled with blood and spices.
4666	A silver pot made by Ruantun filled with blood, garlic and spices.
4667	A blessed silver pot filled with blood, garlic and spices.
4668	Finely ground garlic powder.
4669	Swap this note at any bank for the equivalent item.
4670	The Diamond of Blood.
4671	The Diamond of Ice.
4672	The Diamond of Smoke.
4673	The Diamond of Shadow.
4674	An old and strangely shaped metal cross.
4675	A magical staff of ancient origin...
4676	Swap this note at any bank for the equivalent item.
4677	It's an amulet of cat speak. It makes vague purring noises.
4678	Varies. See Types
4679	Varies. See Types
4680	Varies. See Types
4681	Varies. See Types
4682	A blessed holy symbol of Saradomin.
4683	An unholy symbol of Zamorak.
4684	One sheet of mummy wrap.
4685	Swap this note at any bank for the equivalent item.
4686	Little book of embalming by Bod E. Wrapper.
4687	It's a bucket of sap.
4688	Swap this note at any bank for the equivalent item.
4689	A little heap of salt.
4690	Swap this note at any bank for the equivalent item.
4691	Miniature golden statue of a sphinx.
4692	A very delicate sheet of gold.
4693	It's a bucket of salty water.
4694	A combined Water and Fire Rune.
4695	A combined air and water rune.
4696	A combined Air and Earth Rune.
4697	A combined Air and Fire Rune.
4698	A combined Earth and Water rune.
4699	A combined earth and fire rune.
4700	You need to add lamp oil before you can use it.
4701	A bullseye lantern with a sapphire for a lens.
4702	A lantern casting a bright blue beam.
4703	Doesn't look very special.
4704	A magic stone bowl for catching the tears of Guthix.
4706	It's a Whoopsie.
4707	This book must be really old!
4708	Ahrim the Blighted's leather hood.
4709	Swap this note at any bank for the equivalent item.
4710	Ahrim the Blighted's quarterstaff.
4711	Swap this note at any bank for the equivalent item.
4712	Ahrim the Blighted's armoured robe top.
4713	Swap this note at any bank for the equivalent item.
4714	Ahrim the Blighted's armoured robe skirt.
4715	Swap this note at any bank for the equivalent item.
4716	Dharok the Wretched's helm.
4717	Swap this note at any bank for the equivalent item.
4718	Dharok the Wretched's greataxe.
4719	Swap this note at any bank for the equivalent item.
4720	Dharok the Wretched's platebody armour.
4721	Swap this note at any bank for the equivalent item.
4722	Dharok the Wretched's plate leg armour.
4723	Swap this note at any bank for the equivalent item.
4724	Guthan the Infested's helm
4725	Swap this note at any bank for the equivalent item.
4726	Guthan the Infested's warspear.
4727	Swap this note at any bank for the equivalent item.
4728	Guthan the Infested's platebody armour.
4729	Swap this note at any bank for the equivalent item.
4730	Guthan the Infested's chainskirt.
4731	Swap this note at any bank for the equivalent item.
4732	Karil the Tainted's coif.
4733	Swap this note at any bank for the equivalent item.
4734	Karil the Tainted's repeating crossbow.
4735	Swap this note at any bank for the equivalent item.
4736	Karil the Tainted's leather body armour.
4737	Swap this note at any bank for the equivalent item.
4738	Karil the Tainted's leather skirt.
4739	Swap this note at any bank for the equivalent item.
4740	Must need a special type of crossbow to use this.
4745	Torag the Corrupted's helm.
4746	Swap this note at any bank for the equivalent item.
4747	Torag the Corrupted's twin hammers.
4748	Swap this note at any bank for the equivalent item.
4749	Torag the Corrupted's platebody armour.
4750	Swap this note at any bank for the equivalent item.
4751	Torag the Corrupted's plate leg armour.
4752	Swap this note at any bank for the equivalent item.
4753	Verac the Defiled's helm.
4754	Swap this note at any bank for the equivalent item.
4755	Verac the Defiled's flail.
4756	Swap this note at any bank for the equivalent item.
4757	Verac the Defiled's brassard.
4758	Swap this note at any bank for the equivalent item.
4759	Verac the Defiled's plate skirt.
4760	Swap this note at any bank for the equivalent item.
4773	Blunt bronze arrow...ouch
4778	Blunt iron arrow...ouch
4783	Blunt steel arrow...ouch
4788	Blunt black arrow...ouch
4793	Blunt mithril arrow...ouch
4798	Blunt adamant arrow...ouch
4803	Blunt rune arrow...ouch
4808	A very black prism.
4809	A half torn necromantic page.
4810	It's about to fall apart.
4811	A white ceramic mug with a dragon insignia.
4812	A pile of Zombie Ogre bones.
4813	Swap this note at any bank for the equivalent item.
4814	A classic realist charcoal portrait of Sithik.
4815	A classic realist charcoal portrait of Sithik.
4816	A signed classic realist charcoal portrait of Sithik.
4817	A book explaining the art of portraiture.
4818	An ancient ogre artefact-resembling a large heavy helm.
4819	Keeps things in place fairly permanently.
4820	Keeps things in place fairly permanently.
4821	Keeps things in place fairly permanently.
4822	Keeps things in place fairly permanently.
4823	Keeps things in place fairly permanently.
4824	Keeps things in place fairly permanently.
4825	An unstrung composite ogre bow.
4826	Swap this note at any bank for the equivalent item.
4827	A composite ogre bow.
4828	Swap this note at any bank for the equivalent item.
4829	A book of H.A.M. affiliation
4830	Ancient ogre bones from the ogre burial tomb.
4831	Swap this note at any bank for the equivalent item.
4832	Ancient ogre bones from the ogre burial tomb.
4833	Swap this note at any bank for the equivalent item.
4834	Ancient ogre bones from the burial tomb.
4835	Swap this note at any bank for the equivalent item.
4836	Some strange liquid given to you by Zavistic Rarve.
4837	A book of necromantic spells.
4838	A nice cup of tea.
4839	A key to some sort of special tomb area.
4840	I need another ingredient to finish this rogue's purse potion.
4841	Swap this note at any bank for the equivalent item.
4842	4 doses of Relicym's balm, which helps cure disease.
4843	Swap this note at any bank for the equivalent item.
4844	3 doses of Relicym's balm, which helps cure disease.
4845	Swap this note at any bank for the equivalent item.
4846	2 doses of Relicym's balm, which helps cure disease.
4847	Swap this note at any bank for the equivalent item.
4848	1 dose of Relicym's balm, which helps cure disease.
4849	Swap this note at any bank for the equivalent item.
4850	A key which opens a coffin!
4851	Swap this note at any bank for the equivalent item.
4852	A pot of crushed fayrg bones.
4853	A pot of crushed raurg bones.
4854	A pot of crushed ourg bones.
4855	A pot of crushed gorilla monkey bones.
4856	Ahrim the Blighted's leather hood.
4857	Ahrim the Blighted's leather hood.
4858	Ahrim the Blighted's leather hood.
4859	Ahrim the Blighted's leather hood.
4860	Ahrim the Blighted's leather hood.
4861	Swap this note at any bank for the equivalent item.
4862	Ahrim the Blighted's quarterstaff.
4863	Ahrim the Blighted's quarterstaff.
4864	Ahrim the Blighted's quarterstaff.
4865	Ahrim the Blighted's quarterstaff.
4866	Ahrim the Blighted's quarterstaff.
4867	Swap this note at any bank for the equivalent item.
4868	Ahrim the Blighted's armoured robe top.
4869	Ahrim the Blighted's armoured robe top.
4870	Ahrim the Blighted's armoured robe top.
4871	Ahrim the Blighted's armoured robe top.
4872	Ahrim the Blighted's armoured robe top.
4873	Swap this note at any bank for the equivalent item.
4874	Ahrim the Blighted's armoured robe skirt.
4875	Ahrim the Blighted's armoured robe skirt.
4876	Ahrim the Blighted's armoured robe skirt.
4877	Ahrim the Blighted's armoured robe skirt.
4878	Ahrim the Blighted's armoured robe skirt.
4879	Swap this note at any bank for the equivalent item.
4880	Dharok the Wretched's helm.
4881	Dharok the Wretched's helm.
4882	Dharok the Wretched's helm.
4883	Dharok the Wretched's helm.
4884	Dharok the Wretched's helm.
4885	Swap this note at any bank for the equivalent item.
4886	Dharok the Wretched's greataxe.
4887	Dharok the Wretched's greataxe.
4888	Dharok the Wretched's greataxe.
4889	Dharok the Wretched's greataxe.
4890	Dharok the Wretched's greataxe.
4891	Swap this note at any bank for the equivalent item.
4892	Dharok the Wretched's platebody armour.
4893	Dharok the Wretched's platebody armour.
4894	Dharok the Wretched's platebody armour.
4895	Dharok the Wretched's platebody armour.
4896	Dharok the Wretched's platebody armour.
4897	Swap this note at any bank for the equivalent item.
4898	Dharok the Wretched's plate leg armour.
4899	Dharok the Wretched's plate leg armour.
4900	Dharok the Wretched's plate leg armour.
4901	Dharok the Wretched's plate leg armour.
4902	Dharok the Wretched's plate leg armour.
4903	Swap this note at any bank for the equivalent item.
4904	Guthan the Infested's helm
4905	Guthan the Infested's helm
4906	Guthan the Infested's helm
4907	Guthan the Infested's helm
4908	Guthan the Infested's helm
4909	Swap this note at any bank for the equivalent item.
4910	Guthan the Infested's warspear.
4911	Guthan the Infested's warspear.
4912	Guthan the Infested's warspear.
4913	Guthan the Infested's warspear.
4914	Guthan the Infested's warspear.
4915	Swap this note at any bank for the equivalent item.
4916	Guthan the Infested's platebody armour.
4917	Guthan the Infested's platebody armour.
4918	Guthan the Infested's platebody armour.
4919	Guthan the Infested's platebody armour.
4920	Guthan the Infested's platebody armour.
4921	Swap this note at any bank for the equivalent item.
4922	Guthan the Infested's chainskirt.
4923	Guthan the Infested's chainskirt.
4924	Guthan the Infested's chainskirt.
4925	Guthan the Infested's chainskirt.
4926	Guthan the Infested's chainskirt.
4927	Swap this note at any bank for the equivalent item.
4928	Karil the Tainted's coif.
4929	Karil the Tainted's coif.
4930	Karil the Tainted's coif.
4931	Karil the Tainted's coif.
4932	Karil the Tainted's coif.
4933	Swap this note at any bank for the equivalent item.
4934	Karil the Tainted's repeating crossbow.
4935	Karil the Tainted's repeating crossbow.
4936	Karil the Tainted's repeating crossbow.
4937	Karil the Tainted's repeating crossbow.
4938	Karil the Tainted's repeating crossbow.
4939	Swap this note at any bank for the equivalent item.
4940	Karil the Tainted's leather body armour.
4941	Karil the Tainted's leather body armour.
4942	Karil the Tainted's leather body armour.
4943	Karil the Tainted's leather body armour.
4944	Karil the Tainted's leather body armour.
4945	Swap this note at any bank for the equivalent item.
4946	Karil the Tainted's leather skirt.
4947	Karil the Tainted's leather skirt.
4948	Karil the Tainted's leather skirt.
4949	Karil the Tainted's leather skirt.
4950	Karil the Tainted's leather skirt.
4951	Swap this note at any bank for the equivalent item.
4952	Torag the Corrupted's helm.
4953	Torag the Corrupted's helm.
4954	Torag the Corrupted's helm.
4955	Torag the Corrupted's helm.
4956	Torag the Corrupted's helm.
4957	Swap this note at any bank for the equivalent item.
4958	Torag the Corrupted's twin hammers.
4959	Torag the Corrupted's twin hammers.
4960	Torag the Corrupted's twin hammers.
4961	Torag the Corrupted's twin hammers.
4962	Torag the Corrupted's twin hammers.
4963	Swap this note at any bank for the equivalent item.
4964	Torag the Corrupted's platebody armour.
4965	Torag the Corrupted's platebody armour.
4966	Torag the Corrupted's platebody armour.
4967	Torag the Corrupted's platebody armour.
4968	Torag the Corrupted's platebody armour.
4969	Swap this note at any bank for the equivalent item.
4970	Torag the Corrupted's plate leg armour.
4971	Torag the Corrupted's plate leg armour.
4972	Torag the Corrupted's plate leg armour.
4973	Torag the Corrupted's plate leg armour.
4974	Torag the Corrupted's plate leg armour.
4975	Swap this note at any bank for the equivalent item.
4976	Verac the Defiled's helm.
4977	Verac the Defiled's helm.
4978	Verac the Defiled's helm.
4979	Verac the Defiled's helm.
4980	Verac the Defiled's helm.
4981	Swap this note at any bank for the equivalent item.
4982	Verac the Defiled's flail.
4983	Verac the Defiled's flail.
4984	Verac the Defiled's flail.
4985	Verac the Defiled's flail.
4986	Verac the Defiled's flail.
4987	Swap this note at any bank for the equivalent item.
4988	Verac the Defiled's brassard.
4989	Verac the Defiled's brassard.
4990	Verac the Defiled's brassard.
4991	Verac the Defiled's brassard.
4992	Verac the Defiled's brassard.
4993	Swap this note at any bank for the equivalent item.
4994	Verac the Defiled's plate skirt.
4995	Verac the Defiled's plate skirt.
4996	Verac the Defiled's plate skirt.
4997	Verac the Defiled's plate skirt.
4998	Verac the Defiled's plate skirt.
4999	Swap this note at any bank for the equivalent item.
5001	It's incredibly slimy.
5002	It's a Burnt cave eel.
5003	It's a bit slimy.
5004	That's disgusting!
5005	Swap this note at any bank for the equivalent item.
5006	Swap this note at any bank for the equivalent item.
5007	Swap this note at any bank for the equivalent item.
5008	It's a Brooch.
5009	A book about the ancient goblin tribes.
5010	It's a Key.
5011	You found the Lumbridge silverware in the HAM cave.
5012	A peace treaty between Lumbridge and the Cave Goblins.
5013	A helmet with a lamp on it.
5014	A helmet with an unlit lamp on it.
5015	Swap this note at any bank for the equivalent item.
5016	Basic but brutal!
5017	Swap this note at any bank for the equivalent item.
5018	Basic but brutal!
5019	Swap this note at any bank for the equivalent item.
5020	A ticket to take you from the dwarven mines under Ice Mountain to Keldagrim.
5021	A ticket to take you from the dwarven mines under Ice Mountain to Keldagrim.
5022	A ticket to take you from the dwarven mines under Ice Mountain to Keldagrim.
5023	A ticket to take you from the dwarven mines under Ice Mountain to Keldagrim.
5024	Far too small to wear.
5025	Swap this note at any bank for the equivalent item.
5026	Yellow top, too small for me.
5027	Swap this note at any bank for the equivalent item.
5028	Blue top, very tiny.
5029	Swap this note at any bank for the equivalent item.
5030	Tiny!
5031	Swap this note at any bank for the equivalent item.
5032	Tiny!
5033	Swap this note at any bank for the equivalent item.
5034	Tiny!
5035	Swap this note at any bank for the equivalent item.
5036	A pair of long dwarven trousers... long for dwarves, of course.
5037	Swap this note at any bank for the equivalent item.
5038	A pair of long dwarven trousers... long for dwarves, of course.
5039	Swap this note at any bank for the equivalent item.
5040	A pair of long dwarven trousers... long for dwarves, of course.
5041	Swap this note at any bank for the equivalent item.
5042	These look great, on dwarves!
5043	Swap this note at any bank for the equivalent item.
5044	Yellow shorts. Far too small for you.
5045	Swap this note at any bank for the equivalent item.
5046	Blue shorts, these would look great on dwarves!
5047	Swap this note at any bank for the equivalent item.
5048	A brown skirt. Size small!
5049	Swap this note at any bank for the equivalent item.
5050	A blue skirt.
5051	Swap this note at any bank for the equivalent item.
5052	Lilac skirt.
5053	Swap this note at any bank for the equivalent item.
5054	A short angry guy.
5055	Swap this note at any bank for the equivalent item.
5056	This looks very rusty and worn;
5057	This looks very rusty and worn;
5058	This looks very rusty and worn;
5059	This looks very rusty and worn;
5060	This looks very rusty and worn;
5061	This looks very rusty and worn;
5062	One of a pair I assume.
5063	A good looking boot, for the right foot. Literally.
5064	A lovely pair of boots.
5065	An old library book. It bears the title 'Scholars to Dwarven Costumes'.
5066	These notes are from a meeting of the Keldagrim Consortium.
5067	Clothes for the sculptor's model.
5068	A master at farming.
5069	It's a Whoopsie.
5070	Full: 
5071	Full: 
5072	Full: 
5073	Full: 
5074	Full: 
5075	Full: 
5076	A red bird's egg.
5077	A blue bird's egg.
5078	A green bird's egg.
5081	It's a Whoopsie.
5083	It's a Whoopsie.
5085	It's a Whoopsie.
5087	It's a Whoopsie.
5089	It's a Whoopsie.
5091	It's a Whoopsie.
5093	It's a Whoopsie.
5095	It's a Whoopsie.
5096	A marigold seed - plant in flower patch.
5097	A rosemary seed - plant in flower patch.
5098	A nasturtium seed - plant in flower patch.
5099	A woad seed - plant in flower patch.
5100	A limpwurt seed - plant in flower patch.
5101	A redberry seed - Plant in a bush patch.
5102	A cadavaberry seed - Plant in a bush patch.
5103	A dwellberry seed - Plant in a bush patch.
5104	A jangerberry bush seed - plant in a bush patch.
5105	A whiteberry bush seed - plant in a bush patch.
5106	A poison ivy bush seed - plant in a bush patch.
5171	It's a Seeds.
5280	A Cactus seed - plant in a cactus patch.
5281	Also known as Deadly Nightshade - plant in a belladonna patch.
5282	It's a Mushroom spore.
5283	Plant this in a plantpot of soil to grow a sapling.
5284	Plant this in a plantpot of soil to grow a sapling.
5285	Plant this in a plantpot of soil to grow a sapling.
5286	Plant this in a plant pot of soil to grow a sapling.
5287	Plant this in a plantpot of soil to grow a sapling.
5288	Plant this in a plant pot of soil to grow a sapling.
5289	Plant in a plantpot of soil to grow a sapling.
5290	Plant in a plantpot of soil to grow a sapling.
5291	A guam seed - plant in a herb patch.
5292	A marrentill seed - plant in a herb patch.
5293	A tarromin seed - plant in a herb patch.
5294	A harralander seed - plant in a herb patch.
5295	A Ranarr seed - plant in a herb patch.
5296	A toadflax seed - plant in a herb patch.
5297	An irit seed - plant in a herb patch.
5298	An avantoe seed - plant in a herb patch.
5299	A kwuarm seed - plant in a herb patch.
5300	A snapdragon seed - plant in a herb patch.
5301	A cadantine seed - plant in a herb patch.
5302	A lantadyme seed - plant in a herb patch.
5303	A dwarf weed seed - plant in a herb patch.
5304	A Torstol seed - plant in a herb patch.
5305	A barley seed - plant in a hops patch.
5306	A jute seed - plant in a hops patch.
5307	A hammerstone hop seed - plant in a hops patch.
5308	An Asgarnian hop seed - plant in a hops patch.
5309	A yanillian hop seed - plant in a hops patch.
5310	A krandorian hop seed - plant in a hops patch.
5311	A wildblood hop seed - plant in a hops patch.
5312	Plant this in a plantpot of soil to grow a sapling.
5313	Plant this in a plantpot of soil to grow a sapling.
5314	Plant this in a plantpot of soil to grow a sapling.
5315	Plant this in a plantpot of soil to grow a sapling.
5316	Plant this in a plantpot of soil to grow a sapling.
5317	Plant this in a plant pot of soil to grow a sapling.
5318	A potato seed - plant in an allotment.
5319	An onion seed - plant in an allotment.
5320	A sweetcorn seed - plant in an allotment.
5321	A watermelon seed - plant in an allotment.
5322	A tomato seed - plant in an allotment.
5323	A strawberry seed - plant in an allotment.
5324	A cabbage seed - plant in an allotment.
5325	Not suitable for archaeological digs.
5326	Swap this note at any bank for the equivalent item.
5327	I need to attach this to its head.
5328	I need to attach this to its handle.
5329	Good for pruning away diseased leaves.
5330	Swap this note at any bank for the equivalent item.
5331	This watering can is empty.
5332	Swap this note at any bank for the equivalent item.
5333	 This watering can is almost empty.
5334	This watering can is three-quarters empty.
5335	This watering can is just under half-full.
5336	 Some would say this watering can is half-full, others half-empty.
5337	This watering can is just over half-full.
5338	 This watering can is three quarters full.
5339	 This watering can is almost completely full.
5340	 This watering can is completely full.
5341	Use this to clear weeds.
5342	Swap this note at any bank for the equivalent item.
5343	Use this to plant seeds with.
5344	Swap this note at any bank for the equivalent item.
5345	A pair of gardening boots.
5346	Swap this note at any bank for the equivalent item.
5347	I need to reattach this to its head.
5348	I need to reattach this to its handle.
5349	It's a Whoopsie.
5350	An empty plant pot.
5351	Swap this note at any bank for the equivalent item.
5352	An unfired plant pot.
5353	Swap this note at any bank for the equivalent item.
5354	A plant pot filled with soil.
5355	Swap this note at any bank for the equivalent item.
5356	A plant pot filled with soil.
5357	Swap this note at any bank for the equivalent item.
5358	An acorn has been sown in this plant pot.
5359	A willow tree seed has been sown in this plant pot.
5360	A maple tree seed has been sown in this plant pot.
5361	A yew tree seed has been sown in this plant pot.
5362	A magic tree seed has been sown in this plant pot.
5363	A spirit tree seed has been sown in this plant pot.
5364	An acorn has been sown and watered in this plant pot.
5365	A willow tree seed has been sown and watered in this plant pot.
5366	A maple tree seed has been sown and watered in this plant pot.
5367	A yew tree seed has been sown and watered in this plant pot.
5368	A magic tree seed has been sown and watered in this plant pot.
5369	A spirit tree seed has been sown and watered in this plant pot.
5370	This sapling is ready to be planted in a tree patch.
5371	This sapling is ready to be replanted in a tree patch.
5372	This sapling is ready to be planted in a tree patch.
5373	This sapling is ready to be planted in a tree patch.
5374	This sapling is ready to be planted in a tree patch.
5375	This sapling is ready to be planted in a tree patch.
5376	An empty fruit basket.
5377	Swap this note at any bank for the equivalent item.
5378	A fruit basket filled with apples.
5379	Swap this note at any bank for the equivalent item.
5380	A fruit basket filled with apples.
5381	Swap this note at any bank for the equivalent item.
5382	A fruit basket filled with apples.
5383	Swap this note at any bank for the equivalent item.
5384	A fruit basket filled with apples.
5385	Swap this note at any bank for the equivalent item.
5386	A fruit basket filled with apples.
5387	Swap this note at any bank for the equivalent item.
5388	A fruit basket filled with oranges
5389	Swap this note at any bank for the equivalent item.
5390	A fruit basket filled with oranges
5391	Swap this note at any bank for the equivalent item.
5392	A fruit basket filled with oranges
5393	Swap this note at any bank for the equivalent item.
5394	A fruit basket filled with oranges
5395	Swap this note at any bank for the equivalent item.
5396	A common fruit.
5397	Swap this note at any bank for the equivalent item.
5398	A fruit basket filled with strawberries.
5399	Swap this note at any bank for the equivalent item.
5400	A fruit basket filled with strawberries.
5401	Swap this note at any bank for the equivalent item.
5402	A fruit basket filled with strawberries.
5403	Swap this note at any bank for the equivalent item.
5404	A fruit basket filled with strawberries.
5405	Swap this note at any bank for the equivalent item.
5406	A fruit basket filled with strawberries.
5407	Swap this note at any bank for the equivalent item.
5408	A fruit basket filled with bananas.
5409	Swap this note at any bank for the equivalent item.
5410	A fruit basket filled with bananas.
5411	Swap this note at any bank for the equivalent item.
5412	A fruit basket filled with bananas.
5413	Swap this note at any bank for the equivalent item.
5414	Mmm this looks tasty.
5415	Swap this note at any bank for the equivalent item.
5416	Mmm this looks tasty.
5417	Swap this note at any bank for the equivalent item.
5418	An empty sack.
5419	Swap this note at any bank for the equivalent item.
5420	There is one potato in this sack.
5421	Swap this note at any bank for the equivalent item.
5422	There are two potatoes in this sack.
5423	Swap this note at any bank for the equivalent item.
5424	There are three potatoes in this sack.
5425	Swap this note at any bank for the equivalent item.
5426	There are four potatoes in this sack.
5427	Swap this note at any bank for the equivalent item.
5428	There are five potatoes in this sack.
5429	Swap this note at any bank for the equivalent item.
5430	There are six potatoes in this sack.
5431	Swap this note at any bank for the equivalent item.
5432	There are seven potatoes in this sack.
5433	Swap this note at any bank for the equivalent item.
5434	There are eight potatoes in this sack.
5435	Swap this note at any bank for the equivalent item.
5436	There are nine potatoes in this sack.
5437	Swap this note at any bank for the equivalent item.
5438	There are ten potatoes in this sack.
5439	Swap this note at any bank for the equivalent item.
5440	There are/is (1-10) onion(s) in this sack.
5441	Swap this note at any bank for the equivalent item.
5442	There are/is (1-10) onion(s) in this sack.
5443	Swap this note at any bank for the equivalent item.
5444	There are/is (1-10) onion(s) in this sack.
5445	Swap this note at any bank for the equivalent item.
5446	There are/is (1-10) onion(s) in this sack.
5447	Swap this note at any bank for the equivalent item.
5448	There are/is (1-10) onion(s) in this sack.
5449	Swap this note at any bank for the equivalent item.
5450	There are/is (1-10) onion(s) in this sack.
5451	Swap this note at any bank for the equivalent item.
5452	There are/is (1-10) onion(s) in this sack.
5453	Swap this note at any bank for the equivalent item.
5454	There are/is (1-10) onion(s) in this sack.
5455	Swap this note at any bank for the equivalent item.
5456	There are/is (1-10) onion(s) in this sack.
5457	Swap this note at any bank for the equivalent item.
5458	There are/is (1-10) onion(s) in this sack.
5459	Swap this note at any bank for the equivalent item.
5460	There is one cabbage in this sack.
5461	Swap this note at any bank for the equivalent item.
5462	There are two cabbages in this sack.
5463	Swap this note at any bank for the equivalent item.
5464	There are three cabbages in this sack.
5465	Swap this note at any bank for the equivalent item.
5466	There are four cabbages in this sack.
5467	Swap this note at any bank for the equivalent item.
5468	There are five cabbages in this sack.
5469	Swap this note at any bank for the equivalent item.
5470	There are six cabbages in this sack.
5471	Swap this note at any bank for the equivalent item.
5472	There are seven cabbages in this sack.
5473	Swap this note at any bank for the equivalent item.
5474	There are eight cabbages in this sack.
5475	Swap this note at any bank for the equivalent item.
5476	There are nine cabbages in this sack.
5477	Swap this note at any bank for the equivalent item.
5478	There are ten cabbages in this sack.
5479	Swap this note at any bank for the equivalent item.
5480	An apple tree seed has been sown in this plant pot.
5481	A banana tree seed has been sown in this plant pot.
5482	An orange tree seed has been sown in this plant pot.
5483	A curry tree seed has been sown in this plant pot.
5484	A pineapple plant seed has been sown in this plant pot.
5485	A papaya tree seed has been sown in this plant pot.
5486	A palm tree seed has been sown in this plant pot.
5487	A calquat tree seed has been sown in this plant pot.
5488	An apple tree seed has been sown and watered in this plant pot.
5489	A banana tree seed has been sown and watered in this plant pot.
5490	An orange tree seed has been sown and watered in this plant pot.
5491	A curry tree seed has been sown and watered in this plant pot.
5492	A pineapple plant seed has been sown and watered in this plant pot.
5493	A papaya tree seed has been sown and watered in this plant pot.
5494	A palm tree seed has been sown and watered in this plant pot.
5495	A calquat tree seed has been sown and watered in this plant pot.
5496	This sapling is ready to be replanted in a fruit tree patch.
5497	This sapling is ready to be replanted in a fruit tree patch.
5498	This sapling is ready to be replanted in a fruit tree patch.
5499	This sapling is ready to be replanted in a fruit tree patch.
5500	This sapling is ready to be replanted in a fruit tree patch.
5501	This sapling is ready to be replanted in a fruit tree patch.
5502	This sapling is ready to be replanted in a fruit tree patch.
5503	This sapling is ready to be planted in a tree patch.
5504	A freshly picked strawberry.
5505	Swap this note at any bank for the equivalent item.
5506	The Wise Old Man of Draynor Village asked you to take this to someone.
5507	A tatty old book belonging to the Wise Old Man of Draynor Village.
5508	A tatty old book belonging to the Wise Old Man of Draynor Village.
5509	A small pouch used for storing essence.
5510	A medium-sized pouch used for storing essence.
5511	A medium-sized pouch used for storing essence.
5512	A large pouch used for storing essence.
5513	A large pouch used for storing essence.
5514	A giant-sized pouch used for storing essence.
5515	A giant-sized pouch used for storing essence.
5516	A mysterious power emanates from the talisman...
5517	Swap this note at any bank for the equivalent item.
5518	This contains mystical teleport information...
5519	This orb apparently contains a cypher spell.
5520	Some research notes on abyssal space.
5521	A necklace embedded with mystical power.
5522	Swap this note at any bank for the equivalent item.
5523	A mould for tiaras.
5524	Swap this note at any bank for the equivalent item.
5525	Makes me feel like a Princess.
5526	Swap this note at any bank for the equivalent item.
5527	A tiara infused with the properties of air.
5528	Swap this note at any bank for the equivalent item.
5529	A tiara infused with the properties of the mind.
5530	Swap this note at any bank for the equivalent item.
5531	A tiara infused with the properties of water.
5532	Swap this note at any bank for the equivalent item.
5533	A tiara infused with the properties of the body.
5534	Swap this note at any bank for the equivalent item.
5535	A tiara infused with the properties of the earth.
5536	Swap this note at any bank for the equivalent item.
5537	A tiara infused with the properties of fire.
5538	Swap this note at any bank for the equivalent item.
5539	A tiara infused with the properties of the cosmos.
5540	Swap this note at any bank for the equivalent item.
5541	A tiara infused with the properties of nature.
5542	Swap this note at any bank for the equivalent item.
5543	A tiara infused with the properties of chaos.
5544	Swap this note at any bank for the equivalent item.
5545	A tiara infused with the properties of law.
5546	It's a Broken tiara.
5547	A tiara infused with the properties of death.
5548	Swap this note at any bank for the equivalent item.
5549	A tiara infused with the properties of Blood.
5550	Swap this note at any bank for the equivalent item.
5551	 A tiara infused with the properties of the soul.
5552	Swap this note at any bank for the equivalent item.
5553	Black banded leather armour, a rogue's dream!
5554	Black banded leather armour, a rogue's dream!
5555	Black banded leather armour, a rogue's dream!
5556	Black banded leather gloves, a rogue's dream!
5557	Black banded leather boots, a rogue's dream!
5558	It can do almost anything!
5559	A small satchel of bright powder!
5560	A useful hearing aid.
5561	I can escape the Maze with this!
5562	It's a Picture.
5563	It's a Picture.
5564	It's a Picture.
5565	It's a Picture.
5566	It's a Picture.
5567	It's a Picture.
5568	A fraction of a roof.
5569	It's a Picture.
5570	It's a Picture.
5571	It's a Picture.
5572	It's a Dial.
5573	It's a Whoopsie.
5574	An initiate Temple Knight's helm.
5575	An initiate Temple Knight's Armour.
5576	An initiate Temple Knight's leg armour.
5577	A vial of something labelled 'Cupric Sulfate'.
5578	A vial of something labelled 'Acetic Acid'.
5579	A vial of something labelled 'Gypsum'.
5580	A vial of something labelled 'Sodium Chloride'.
5581	A vial of something labelled 'Nitrous Oxide'.
5582	A vial of something labelled Dihydrogen Monoxide.
5583	A vial of something labelled 'Powdered Tin Ore'.
5584	A vial of something labelled 'Powdered Cupric Ore'.
5585	I hope the mould was accurate enough...
5586	It's a metal spade with a wooden handle.
5587	It's a metal spade without a handle.
5588	Looks like a pretty boring read.
5589	It's a ??? mixture.
5590	It's a ??? mixture.
5591	It's a ??? mixture.
5592	A tin layered with some stuff from a vial.
5593	It's full of a white lumpy mixture that seems to be hardening.
5594	There is an impression of a key embedded in it.
5595	There is an impression of a key, filled with tin ore.
5596	There is an impression of a key, filled with copper ore.
5597	There is an impression of a key, filled with tin and copper ore.
5598	There is a bronze key surrounded by plaster in this tin.
5599	There is a strange concoction filling this tin.
5600	I could probably pour something into this.
5601	Good for detailed crafting.
5602	Useful for crafting items.
5603	For shearing sheep.
5604	A very attractive magnet.
5605	A dangerous looking knife.
5606	I can exchange this for one free makeover with the makeover mage.
5607	Some wheat heads.
5608	A cunning animal.
5609	Normal: Yep. Definitely a chicken.
5610	There's not much sand left in the top half...
5611	Swap this note at any bank for the equivalent item.
5612	Swap this note at any bank for the equivalent item.
5613	Swap this note at any bank for the equivalent item.
5614	It's a Magic carpet.
5615	A pot of crushed bearded gorilla monkey bones.
5616	Arrows with bronze heads.
5617	Arrows with iron heads.
5618	Arrows with steel heads.
5619	Arrows with mithril heads.
5620	Arrows with adamantite heads.
5621	Arrows with rune heads.
5622	Arrows with bronze heads.
5623	Arrows with iron heads.
5624	Arrows with steel heads.
5625	Arrows with mithril heads.
5626	Arrows with adamantite heads.
5627	Arrows with rune heads.
5628	A deadly throwing dart with a bronze tip.
5629	A deadly throwing dart with an iron tip.
5630	A deadly throwing dart with a steel tip.
5631	A deadly throwing dart with a black tip.
5632	A deadly throwing dart with a mithril tip.
5633	A deadly throwing dart with an adamantite tip.
5634	A deadly throwing dart with a rune tip.
5635	A deadly throwing dart with a bronze tip.
5636	A deadly throwing dart with an iron tip.
5637	A deadly throwing dart with a steel tip.
5638	A deadly throwing dart with a black tip.
5639	A deadly throwing dart with a mithril tip.
5640	A deadly throwing dart with an adamantite tip.
5641	A deadly throwing dart with a rune tip.
5642	A bronze-tipped javelin.
5643	An iron-tipped javelin.
5644	A steel-tipped javelin.
5645	A mithril tipped javelin.
5646	An adamant tipped javelin.
5647	A rune tipped javelin.
5648	A bronze-tipped javelin.
5649	An iron-tipped javelin.
5650	A steel-tipped javelin.
5651	A mithril tipped javelin.
5652	An adamant tipped javelin.
5653	A rune tipped javelin.
5654	A finely balanced throwing knife.
5655	A finely balanced throwing knife.
5656	A finely balanced throwing knife.
5657	A finely balanced throwing knife.
5658	A finely balanced throwing knife.
5659	A finely balanced throwing knife.
5660	A finely balanced throwing knife.
5661	A finely balanced throwing knife.
5662	A finely balanced throwing knife.
5663	A finely balanced throwing knife.
5664	A finely balanced throwing knife.
5665	A finely balanced throwing knife.
5666	A finely balanced throwing knife.
5667	A finely balanced throwing knife.
5668	Short but pointy.
5669	Swap this note at any bank for the equivalent item.
5670	Short but pointy.
5671	Swap this note at any bank for the equivalent item.
5672	Short but pointy.
5673	Swap this note at any bank for the equivalent item.
5674	A dangerous dagger.
5675	Swap this note at any bank for the equivalent item.
5676	It's an Adamant dagger(p+).
5677	Swap this note at any bank for the equivalent item.
5678	A powerful dagger.
5679	Swap this note at any bank for the equivalent item.
5680	A powerful dagger.
5681	Swap this note at any bank for the equivalent item.
5682	A vicious black dagger.
5683	Swap this note at any bank for the equivalent item.
5684	It's a Poison dagger(p+).
5685	Swap this note at any bank for the equivalent item.
5686	Short but pointy.
5687	Swap this note at any bank for the equivalent item.
5688	Short but pointy.
5689	Swap this note at any bank for the equivalent item.
5690	Short but pointy.
5691	Swap this note at any bank for the equivalent item.
5692	A dangerous dagger.
5693	Swap this note at any bank for the equivalent item.
5694	It's an Adamant dagger(p++).
5695	Swap this note at any bank for the equivalent item.
5696	A powerful dagger.
5697	Swap this note at any bank for the equivalent item.
5698	A powerful dagger.
5699	Swap this note at any bank for the equivalent item.
5700	A vicious black dagger.
5701	Swap this note at any bank for the equivalent item.
5702	It's a Poison dagger(p++).
5703	Swap this note at any bank for the equivalent item.
5704	A bronze tipped spear.
5705	Swap this note at any bank for the equivalent item.
5706	An iron tipped spear.
5707	Swap this note at any bank for the equivalent item.
5708	A steel tipped spear.
5709	Swap this note at any bank for the equivalent item.
5710	A mithril tipped spear.
5711	Swap this note at any bank for the equivalent item.
5712	An adamant tipped spear.
5713	Swap this note at any bank for the equivalent item.
5714	A rune tipped spear.
5715	Swap this note at any bank for the equivalent item.
5716	A dragon tipped spear.
5717	Swap this note at any bank for the equivalent item.
5718	A bronze tipped spear.
5719	Swap this note at any bank for the equivalent item.
5720	An iron tipped spear.
5721	Swap this note at any bank for the equivalent item.
5722	A steel tipped spear.
5723	Swap this note at any bank for the equivalent item.
5724	A mithril tipped spear.
5725	Swap this note at any bank for the equivalent item.
5726	An adamant tipped spear.
5727	Swap this note at any bank for the equivalent item.
5728	A rune tipped spear.
5729	Swap this note at any bank for the equivalent item.
5730	A dragon tipped spear.
5731	Swap this note at any bank for the equivalent item.
5732	It's a Stool.
5733	Yuk!
5734	A black tipped spear.
5735	Swap this note at any bank for the equivalent item.
5736	A black tipped spear.
5737	Swap this note at any bank for the equivalent item.
5738	A slightly bluish leaf.
5739	This looks a good deal stronger than normal Asgarnian ale.
5740	Swap this note at any bank for the equivalent item.
5741	This looks a good deal stronger than normal Wizards Mind Bomb.
5742	Swap this note at any bank for the equivalent item.
5743	This looks a good deal stronger than normal Greenman's Ale.
5744	Swap this note at any bank for the equivalent item.
5745	This looks a good deal stronger than normal Dragon Bitter.
5746	Swap this note at any bank for the equivalent item.
5747	This looks a good deal stronger than normal Dwarven Stout.
5748	Swap this note at any bank for the equivalent item.
5749	This looks a good deal stronger than normal Moonlight Mead.
5750	Swap this note at any bank for the equivalent item.
5751	This might help me chop harder.
5752	Swap this note at any bank for the equivalent item.
5753	This looks a good deal stronger than a normal Axeman's Folly.
5754	Swap this note at any bank for the equivalent item.
5755	A fruity, full-bodied ale.
5756	Swap this note at any bank for the equivalent item.
5757	This looks a good deal stronger than normal Chef's Delight.
5758	Swap this note at any bank for the equivalent item.
5759	Ale with bite.
5760	Swap this note at any bank for the equivalent item.
5761	This looks a good deal stronger than normal Slayer's Respite.
5762	Swap this note at any bank for the equivalent item.
5763	A glass of Cider
5764	Swap this note at any bank for the equivalent item.
5765	This looks a good deal stronger than normal cider.
5766	Swap this note at any bank for the equivalent item.
5767	A pot filled with ale yeast.
5768	Swap this note at any bank for the equivalent item.
5769	Sliced and hollowed out to form a keg.
5770	Swap this note at any bank for the equivalent item.
5771	A pint of thick dark beer.
5772	Swap this note at any bank for the equivalent item.
5773	A pint of thick dark beer.
5774	Swap this note at any bank for the equivalent item.
5775	A pint of thick dark beer.
5776	Swap this note at any bank for the equivalent item.
5777	A pint of thick dark beer.
5778	Swap this note at any bank for the equivalent item.
5779	Probably the finest readily-available ale in Asgarnia.
5780	Swap this note at any bank for the equivalent item.
5781	Probably the finest readily-available ale in Asgarnia.
5782	Swap this note at any bank for the equivalent item.
5783	Probably the finest readily-available ale in Asgarnia.
5784	Swap this note at any bank for the equivalent item.
5785	Probably the finest readily-available ale in Asgarnia.
5786	Swap this note at any bank for the equivalent item.
5787	A glass of frothy ale.
5788	Swap this note at any bank for the equivalent item.
5789	A glass of frothy ale.
5790	Swap this note at any bank for the equivalent item.
5791	A glass of frothy ale.
5792	Swap this note at any bank for the equivalent item.
5793	A glass of frothy ale.
5794	Swap this note at any bank for the equivalent item.
5795	It's got strange bubbles in it.
5796	Swap this note at any bank for the equivalent item.
5797	It's got strange bubbles in it.
5798	Swap this note at any bank for the equivalent item.
5799	It's got strange bubbles in it.
5800	Swap this note at any bank for the equivalent item.
5801	It's got strange bubbles in it.
5802	Swap this note at any bank for the equivalent item.
5803	A glass of bitter.
5804	Swap this note at any bank for the equivalent item.
5805	A glass of bitter.
5806	Swap this note at any bank for the equivalent item.
5807	A glass of bitter.
5808	Swap this note at any bank for the equivalent item.
5809	A glass of bitter.
5810	Swap this note at any bank for the equivalent item.
5811	A foul smelling brew.
5812	Swap this note at any bank for the equivalent item.
5813	A foul smelling brew.
5814	Swap this note at any bank for the equivalent item.
5815	A foul smelling brew.
5816	Swap this note at any bank for the equivalent item.
5817	A foul smelling brew.
5818	Swap this note at any bank for the equivalent item.
5819	This might help me chop harder.
5820	Swap this note at any bank for the equivalent item.
5821	This might help me chop harder.
5822	Swap this note at any bank for the equivalent item.
5823	This might help me chop harder.
5824	Swap this note at any bank for the equivalent item.
5825	This might help me chop harder.
5826	Swap this note at any bank for the equivalent item.
5827	A fruity, full-bodied ale.
5828	Swap this note at any bank for the equivalent item.
5829	A fruity, full-bodied ale.
5830	Swap this note at any bank for the equivalent item.
5831	A fruity, full-bodied ale.
5832	Swap this note at any bank for the equivalent item.
5833	A fruity, full-bodied ale.
5834	Swap this note at any bank for the equivalent item.
5835	Ale with bite.
5836	Swap this note at any bank for the equivalent item.
5837	Ale with bite.
5838	Swap this note at any bank for the equivalent item.
5839	Ale with bite.
5840	Swap this note at any bank for the equivalent item.
5841	Ale with bite.
5842	Swap this note at any bank for the equivalent item.
5843	A glass of Cider
5844	Swap this note at any bank for the equivalent item.
5845	A glass of Cider
5846	Swap this note at any bank for the equivalent item.
5847	A glass of Cider
5848	Swap this note at any bank for the equivalent item.
5849	A glass of Cider
5850	Swap this note at any bank for the equivalent item.
5851	This looks a good deal stronger than normal Dwarven Stout.
5852	Swap this note at any bank for the equivalent item.
5853	This looks a good deal stronger than normal Dwarven Stout.
5854	Swap this note at any bank for the equivalent item.
5855	This looks a good deal stronger than normal Dwarven Stout.
5856	Swap this note at any bank for the equivalent item.
5857	This looks a good deal stronger than normal Dwarven Stout.
5858	Swap this note at any bank for the equivalent item.
5859	This looks a good deal stronger than normal Asgarnian ale.
5860	Swap this note at any bank for the equivalent item.
5861	This looks a good deal stronger than normal Asgarnian ale.
5862	Swap this note at any bank for the equivalent item.
5863	This looks a good deal stronger than normal Asgarnian ale.
5864	Swap this note at any bank for the equivalent item.
5865	This looks a good deal stronger than normal Asgarnian ale.
5866	Swap this note at any bank for the equivalent item.
5867	This looks a good deal stronger than normal Greenman's Ale.
5868	Swap this note at any bank for the equivalent item.
5869	This looks a good deal stronger than normal Greenman's Ale.
5870	Swap this note at any bank for the equivalent item.
5871	This looks a good deal stronger than normal Greenman's Ale.
5872	Swap this note at any bank for the equivalent item.
5873	This looks a good deal stronger than normal Greenman's Ale.
5874	Swap this note at any bank for the equivalent item.
5875	This looks a good deal stronger than normal Wizards Mind Bomb.
5876	Swap this note at any bank for the equivalent item.
5877	This looks a good deal stronger than normal Wizards Mind Bomb.
5878	Swap this note at any bank for the equivalent item.
5879	This looks a good deal stronger than normal Wizards Mind Bomb.
5880	Swap this note at any bank for the equivalent item.
5881	This looks a good deal stronger than normal Wizards Mind Bomb.
5882	Swap this note at any bank for the equivalent item.
5883	This looks a good deal stronger than normal Dragon Bitter.
5884	Swap this note at any bank for the equivalent item.
5885	This looks a good deal stronger than normal Dragon Bitter.
5886	Swap this note at any bank for the equivalent item.
5887	This looks a good deal stronger than normal Dragon Bitter.
5888	Swap this note at any bank for the equivalent item.
5889	This looks a good deal stronger than normal Dragon Bitter.
5890	Swap this note at any bank for the equivalent item.
5891	A foul smelling brew.
5892	Swap this note at any bank for the equivalent item.
5893	This looks a good deal stronger than normal Moonlight Mead.
5894	Swap this note at any bank for the equivalent item.
5895	This looks a good deal stronger than normal Moonlight Mead.
5896	Swap this note at any bank for the equivalent item.
5897	This looks a good deal stronger than normal Moonlight Mead.
5898	Swap this note at any bank for the equivalent item.
5899	This looks a good deal stronger than a normal Axeman's Folly.
5900	Swap this note at any bank for the equivalent item.
5901	This looks a good deal stronger than a normal Axeman's Folly.
5902	Swap this note at any bank for the equivalent item.
5903	This looks a good deal stronger than a normal Axeman's Folly.
5904	Swap this note at any bank for the equivalent item.
5905	This might help me chop harder.
5906	Swap this note at any bank for the equivalent item.
5907	A fruity, full-bodied ale.
5908	Swap this note at any bank for the equivalent item.
5909	This looks a good deal stronger than normal Chef's Delight.
5910	Swap this note at any bank for the equivalent item.
5911	This looks a good deal stronger than normal Chef's Delight.
5912	Swap this note at any bank for the equivalent item.
5913	This looks a good deal stronger than normal Chef's Delight.
5914	Swap this note at any bank for the equivalent item.
5915	This looks a good deal stronger than normal Slayer's Respite.
5916	Swap this note at any bank for the equivalent item.
5917	This looks a good deal stronger than normal Slayer's Respite.
5918	Swap this note at any bank for the equivalent item.
5919	This looks a good deal stronger than normal Slayer's Respite.
5920	Swap this note at any bank for the equivalent item.
5921	This looks a good deal stronger than normal Slayer's Respite.
5922	Swap this note at any bank for the equivalent item.
5923	This looks a good deal stronger than normal cider.
5924	Swap this note at any bank for the equivalent item.
5925	This looks a good deal stronger than normal cider.
5926	Swap this note at any bank for the equivalent item.
5927	This looks a good deal stronger than normal cider.
5928	Swap this note at any bank for the equivalent item.
5929	This looks a good deal stronger than normal cider.
5930	Swap this note at any bank for the equivalent item.
5931	I can weave this to make sacks.
5932	Swap this note at any bank for the equivalent item.
5933	A branch from a willow tree.
5934	Swap this note at any bank for the equivalent item.
5935	A vial filled with coconut milk.
5936	A vial of coconut milk and a cactus spine.
5937	A vial of extra-strong weapon poison, for spears and daggers.
5938	Swap this note at any bank for the equivalent item.
5939	A vial of coconut milk and some deadly nightshade.
5940	A vial of super strong weapon poison, for spears and daggers.
5941	Swap this note at any bank for the equivalent item.
5942	A vial of coconut milk and a toadflax.
5943	4 doses of extra-stong antipoison potion.
5944	Swap this note at any bank for the equivalent item.
5945	3 doses of extra-stong antipoison potion.
5946	Swap this note at any bank for the equivalent item.
5947	2 doses of extra-stong antipoison potion.
5948	Swap this note at any bank for the equivalent item.
5949	1 dose of extra-stong antipoison potion.
5950	Swap this note at any bank for the equivalent item.
5951	A vial of coconut milk and an irit.
5952	4 doses of a super-strong antipoison potion.
5953	Swap this note at any bank for the equivalent item.
5954	3 doses of a super-strong antipoison potion.
5955	Swap this note at any bank for the equivalent item.
5956	2 doses of a super-strong antipoison potion.
5957	Swap this note at any bank for the equivalent item.
5958	1 dose of a super-strong antipoison potion.
5959	Swap this note at any bank for the equivalent item.
5960	A basket filled with tomatoes.
5961	Swap this note at any bank for the equivalent item.
5962	A basket filled with tomatoes.
5963	Swap this note at any bank for the equivalent item.
5964	A basket filled with tomatoes.
5965	Swap this note at any bank for the equivalent item.
5966	A basket filled with tomatoes.
5967	Swap this note at any bank for the equivalent item.
5968	A basket filled with tomatoes.
5969	Swap this note at any bank for the equivalent item.
5970	I could make a spicy curry with this.
5971	Swap this note at any bank for the equivalent item.
5972	Looks delicious.
5973	Swap this note at any bank for the equivalent item.
5974	It's a coconut.
5975	Swap this note at any bank for the equivalent item.
5976	It's a coconut.
5977	Swap this note at any bank for the equivalent item.
5978	All the milk has been removed.
5979	Swap this note at any bank for the equivalent item.
5980	This is the largest fruit I've ever seen.
5981	Swap this note at any bank for the equivalent item.
5982	A juicy watermelon.
5983	Swap this note at any bank for the equivalent item.
5984	A slice of watermelon.
5985	Swap this note at any bank for the equivalent item.
5986	Raw sweetcorn.
5987	Swap this note at any bank for the equivalent item.
5988	Delicious cooked sweetcorn.
5989	Swap this note at any bank for the equivalent item.
5990	It's a Burnt sweetcorn.
5991	Swap this note at any bank for the equivalent item.
5992	A bucket of apple mush.
5993	Swap this note at any bank for the equivalent item.
5994	A handful of Hammerstone hops.
5995	Swap this note at any bank for the equivalent item.
5996	A handful of Asgarnian hops.
5997	Swap this note at any bank for the equivalent item.
5998	A handful of Yanillian hops.
5999	Swap this note at any bank for the equivalent item.
6000	A handful of Krandorian hops.
6001	Swap this note at any bank for the equivalent item.
6002	A handful of wildblood hops.
6003	Swap this note at any bank for the equivalent item.
6004	A Bittercap Mushroom
6005	Swap this note at any bank for the equivalent item.
6006	A handful of Barley.
6007	Swap this note at any bank for the equivalent item.
6008	A handful of barley malt.
6009	Swap this note at any bank for the equivalent item.
6010	A bunch of marigolds.
6011	Swap this note at any bank for the equivalent item.
6012	A bunch of nasturtiums.
6013	Swap this note at any bank for the equivalent item.
6014	Some rosemary.
6015	Swap this note at any bank for the equivalent item.
6016	Don't prick yourself with this.
6017	Swap this note at any bank for the equivalent item.
6018	They look sweet and juicy, but only a fool would eat them.
6019	Swap this note at any bank for the equivalent item.
6020	A pile of leaves.
6021	Swap this note at any bank for the equivalent item.
6022	A pile of leaves.
6023	Swap this note at any bank for the equivalent item.
6024	A pile of leaves.
6025	Swap this note at any bank for the equivalent item.
6026	A pile of leaves.
6027	Swap this note at any bank for the equivalent item.
6028	A pile of leaves.
6029	Swap this note at any bank for the equivalent item.
6030	A pile of leaves.
6031	Swap this note at any bank for the equivalent item.
6032	Good for plants, helps them grow.
6033	Swap this note at any bank for the equivalent item.
6034	Super-good for the smallest or largest of plants.
6035	Swap this note at any bank for the equivalent item.
6036	Use this on plants to cure disease.
6037	Swap this note at any bank for the equivalent item.
6038	I could use this to make jewellery.
6039	Swap this note at any bank for the equivalent item.
6040	An Amulet of Nature.
6041	Strung with the root of a Magic Tree. If I enchant this it will become an amulet of nature.
6042	Swap this note at any bank for the equivalent item.
6043	The roots of the Oak tree.
6044	Swap this note at any bank for the equivalent item.
6045	The roots of the Willow tree.
6046	Swap this note at any bank for the equivalent item.
6047	The roots of the Maple tree.
6048	Swap this note at any bank for the equivalent item.
6049	The roots of a yew tree
6050	Swap this note at any bank for the equivalent item.
6051	The roots of a magic tree.
6052	Swap this note at any bank for the equivalent item.
6053	It's a Spirit roots.
6054	Swap this note at any bank for the equivalent item.
6055	A handful of weeds.
6056	Swap this note at any bank for the equivalent item.
6057	A sack filled with hay. /  This sack of hay has a bronze spear sticking through it.
6058	A sack filled with hay. /  This sack of hay has a bronze spear sticking through it.
6059	This should scare the birds.
6060	Swap this note at any bank for the equivalent item.
6061	Bronze crossbow bolts.
6062	Bronze crossbow bolts.
6063	It's a Spirit tree.
6064	How do I wash blood stains out?
6065	A thick heavy leather top.
6066	These are in need of a good tailor.
6067	A pair of mourner trousers.
6068	These will keep my hands warm.
6069	Comfortable leather boots.
6070	A dull brown cape.
6071	A letter of recommendation.
6072	A bar of soap taken from Tegid.
6073	A book on the history of Prifddinas.
6074	Swap this note at any bank for the equivalent item.
6075	A book on the exploration of the eastern realm.
6076	Swap this note at any bank for the equivalent item.
6077	A book on the settlement of the eastern realm.
6078	Swap this note at any bank for the equivalent item.
6079	A book about the great divide.
6080	Swap this note at any bank for the equivalent item.
6081	A strange broken device of gnomic design.
6082	A device for firing dye.
6083	This key has seen a lot of use. (Mourning's Ends Part I)
6084	It's a Worn key.
6085	A large pair of ogre bellows filled with red dye.
6086	A large pair of ogre bellows filled with blue dye.
6087	A large pair of ogre bellows filled with yellow dye.
6088	A large pair of ogre bellows filled with green dye.
6089	A blue dye filled toad.
6090	A red dye filled toad.
6091	A yellow dye filled toad.
6092	A green dye filled toad.
6093	A barrel full of rotten apples.
6094	A barrel full of mushed apples.
6095	A barrel full of rotten apples and naptha.
6096	A barrel full of toxic naphtha.
6097	It's a sieve.
6098	A pile of toxic powder.
6099	A tiny crystal enchanted to return the user to Lletya.
6100	A tiny crystal enchanted to return the user to Lletya.
6101	A tiny crystal enchanted to return the user to Lletya.
6102	A tiny crystal enchanted to return the user to Lletya.
6103	A tiny Elf crystal, I need to have this re-enchanted
6104	This key is newly cut. (Mourning's Ends Part II)
6105	It's an Elf.
6106	They seem to be not quite of this world...
6107	Varies
6108	Varies
6109	A ghostly hood, fit for a ghostly head.
6110	They seem to fade in and out of existence...
6111	Made of a strange, ghostly material...
6112	Kelda hop seeds can only be grown underground!
6113	A handful of Kelda Hops.
6118	A pint of bluish beer.
6119	There is a strange [green/yellow] marking on this stone.
6120	There is a strange [green/yellow] marking on this stone.
6121	It's a Letter.
6122	It's an A chair.
6123	I need to fill this with beer.
6124	Swap this note at any bank for the equivalent item.
6125	This will teleport me to Rellekka when I play it.
6126	This will teleport me to Rellekka when I play it.
6127	This will teleport me to Rellekka when I play it.
6128	Protective headwear made from crabs. Better than it sounds.
6129	It's a Rock-shell plate.
6130	Some tough leggings made from rock crab parts.
6131	A helm fit for any Fremennik ranger.
6132	Swap this note at any bank for the equivalent item.
6133	A constant reminder that I'm above a Dagannoth in the food chain.
6134	Swap this note at any bank for the equivalent item.
6135	Stylish leg armour for rangers with a lingering smell of raw fish...
6136	Swap this note at any bank for the equivalent item.
6137	Make your foes cower by wearing a skull as a helmet!
6138	Swap this note at any bank for the equivalent item.
6139	The bones in this armour seems to vibrate with a magic quality...
6140	Swap this note at any bank for the equivalent item.
6141	A superior set of strengthened slacks for any self respecting seer.
6142	Swap this note at any bank for the equivalent item.
6143	Some finely crafted Fremennik boots, made from spined dagannoth hide.
6144	Swap this note at any bank for the equivalent item.
6145	Some Fremennik boots, made from the shards of a rock crab's shell.
6146	Swap this note at any bank for the equivalent item.
6147	Some finely crafted Fremennik boots, made from the bones of a Wallasalki.
6148	Swap this note at any bank for the equivalent item.
6149	Fremennik gloves stitched together from spined dagannoth hide.
6150	Swap this note at any bank for the equivalent item.
6151	Fremennik gloves stitched together from rock crab shell shards.
6152	Swap this note at any bank for the equivalent item.
6153	Fremennik gloves stitched together from wallasalki bones fragments.
6154	Swap this note at any bank for the equivalent item.
6155	A sturdy piece of dagannoth hide.
6156	Swap this note at any bank for the equivalent item.
6157	A spherical chunk of rock-shell.
6158	Swap this note at any bank for the equivalent item.
6159	A curved piece of rock-shell.
6160	Swap this note at any bank for the equivalent item.
6161	A slim piece of rock-shell.
6162	Swap this note at any bank for the equivalent item.
6163	A fearsome looking skull.
6164	Swap this note at any bank for the equivalent item.
6165	A slightly damaged ribcage.
6166	Swap this note at any bank for the equivalent item.
6167	An interesting looking bone shard.
6168	Swap this note at any bank for the equivalent item.
6169	A toughened chunk of dagannoth hide.
6170	Swap this note at any bank for the equivalent item.
6171	A tattered chunk of dagannoth hide.
6172	Swap this note at any bank for the equivalent item.
6173	A weathered chunk of dagannoth hide.
6174	Swap this note at any bank for the equivalent item.
6175	Swap this note at any bank for the equivalent item.
6176	Swap this note at any bank for the equivalent item.
6177	Swap this note at any bank for the equivalent item.
6178	I need to cook this first.
6179	I need to cook this first.
6180	A leather strapped top.
6181	Brown leather shorts with bright white socks?
6182	A hat with a goat's hair attached.
6183	I can use this at the Varrock clothes shop.
6184	Very posh!
6185	Very posh!
6186	Very posh!
6187	Very posh!
6188	Now that's just silly.
6199	Could there be something valuable in here?
6200	A raw...fish? Is this a fish??
6201	Fish-tastic!
6202	It's a fish-like thing that appears to already be cooked. It looks disgusting.
6203	It's a Picture.
6204	A raw...fish? Is this a fish??
6205	It's a Picture.
6206	It's a fish-like thing that appears to already be cooked. It looks disgusting.
6207	It's a Picture.
6208	It's an amulet of Man speak. It makes vague grunting noises.
6209	Useful for catching small fish.
6210	It's a Picture.
6211	Teak logs prepared with sacred oil for a funeral pyre.
6212	Swap this note at any bank for the equivalent item.
6213	Mahogany logs prepared with sacred oil for a funeral pyre.
6214	Swap this note at any bank for the equivalent item.
6215	A scary broodoo shield.
6216	Swap this note at any bank for the equivalent item.
6217	A scary broodoo shield.
6218	Swap this note at any bank for the equivalent item.
6219	A scary broodoo shield.
6220	Swap this note at any bank for the equivalent item.
6221	A scary broodoo shield.
6222	Swap this note at any bank for the equivalent item.
6223	A scary broodoo shield.
6224	Swap this note at any bank for the equivalent item.
6225	A scary broodoo shield.
6226	Swap this note at any bank for the equivalent item.
6227	A scary broodoo shield.
6228	Swap this note at any bank for the equivalent item.
6229	A scary broodoo shield.
6230	Swap this note at any bank for the equivalent item.
6231	A scary broodoo shield.
6232	Swap this note at any bank for the equivalent item.
6233	A scary broodoo shield.
6234	Swap this note at any bank for the equivalent item.
6235	A scary broodoo shield.
6236	Swap this note at any bank for the equivalent item.
6237	A scary broodoo shield.
6238	Swap this note at any bank for the equivalent item.
6239	A scary broodoo shield.
6240	Swap this note at any bank for the equivalent item.
6241	A scary broodoo shield.
6242	Swap this note at any bank for the equivalent item.
6243	A scary broodoo shield.
6244	Swap this note at any bank for the equivalent item.
6245	A scary broodoo shield.
6246	Swap this note at any bank for the equivalent item.
6247	A scary broodoo shield.
6248	Swap this note at any bank for the equivalent item.
6249	A scary broodoo shield.
6250	Swap this note at any bank for the equivalent item.
6251	A scary broodoo shield.
6252	Swap this note at any bank for the equivalent item.
6253	A scary broodoo shield.
6254	Swap this note at any bank for the equivalent item.
6255	A scary broodoo shield.
6256	Swap this note at any bank for the equivalent item.
6257	A scary broodoo shield.
6258	Swap this note at any bank for the equivalent item.
6259	A scary broodoo shield.
6260	Swap this note at any bank for the equivalent item.
6261	A scary broodoo shield.
6262	Swap this note at any bank for the equivalent item.
6263	A scary broodoo shield.
6264	Swap this note at any bank for the equivalent item.
6265	A scary broodoo shield.
6266	Swap this note at any bank for the equivalent item.
6267	A scary broodoo shield.
6268	Swap this note at any bank for the equivalent item.
6269	A scary broodoo shield.
6270	Swap this note at any bank for the equivalent item.
6271	A scary broodoo shield.
6272	Swap this note at any bank for the equivalent item.
6273	A scary broodoo shield.
6274	Swap this note at any bank for the equivalent item.
6275	A scary broodoo shield.
6276	Swap this note at any bank for the equivalent item.
6277	A scary broodoo shield.
6278	Swap this note at any bank for the equivalent item.
6279	A scary broodoo shield.
6280	Swap this note at any bank for the equivalent item.
6281	A wooden pole for use in primitive construction.
6282	Swap this note at any bank for the equivalent item.
6283	A wooden pole for use in primitive construction.
6284	Swap this note at any bank for the equivalent item.
6285	A wooden pole for use in primitive construction.
6286	Swap this note at any bank for the equivalent item.
6287	Scaly but not slimy!
6288	Swap this note at any bank for the equivalent item.
6289	Scaley but not slimy!
6290	Swap this note at any bank for the equivalent item.
6291	Its creeping days are over!
6292	Swap this note at any bank for the equivalent item.
6293	Raw: A raw spider threaded onto a skewer stick.Cooked: A nicely roasted spider threaded onto a skewer stick.
6294	Swap this note at any bank for the equivalent item.
6295	A raw spider threaded onto an arrow shaft. (Raw) A nicely roasted spider threaded onto an arrow shaft. (Cooked) A badly burnt spider threaded onto a charred arrow shaft. (Burnt)
6296	Swap this note at any bank for the equivalent item.
6297	Raw: A raw spider threaded onto a skewer stick.Cooked: A nicely roasted spider threaded onto a skewer stick.
6298	Swap this note at any bank for the equivalent item.
6299	A raw spider threaded onto an arrow shaft. (Raw) A nicely roasted spider threaded onto an arrow shaft. (Cooked) A badly burnt spider threaded onto a charred arrow shaft. (Burnt)
6300	Swap this note at any bank for the equivalent item.
6301	It's a Burnt spider.
6302	Swap this note at any bank for the equivalent item.
6303	A raw spider threaded onto an arrow shaft. (Raw) A nicely roasted spider threaded onto an arrow shaft. (Cooked) A badly burnt spider threaded onto a charred arrow shaft. (Burnt)
6304	Swap this note at any bank for the equivalent item.
6305	A sharp pointed stick, quite resistant to fire.
6306	Karamja currency.
6311	Plant this in a herb patch to grow Goutweed.
6312	Swap this note at any bank for the equivalent item.
6313	A jungle specific slashing device.
6314	Swap this note at any bank for the equivalent item.
6315	A jungle specific slashing device.
6316	Swap this note at any bank for the equivalent item.
6317	A jungle specific slashing device.
6318	Swap this note at any bank for the equivalent item.
6319	A giant mosquito's proboscis: aerodynamic, sharp and pointy!
6322	Made from 100% real snakeskin.
6323	Swap this note at any bank for the equivalent item.
6324	Made from 100% real snake.
6325	Swap this note at any bank for the equivalent item.
6326	Lightweight head protection.
6327	Swap this note at any bank for the equivalent item.
6328	Made from snakes.
6329	Swap this note at any bank for the equivalent item.
6330	Made from 100% real snake.
6331	Swap this note at any bank for the equivalent item.
6332	Some well-cut mahogany logs.
6333	Some well-cut teak logs.
6334	Swap this note at any bank for the equivalent item.
6335	A ceremonial wooden mask.
6336	Swap this note at any bank for the equivalent item.
6337	A ceremonial wooden mask.
6338	Swap this note at any bank for the equivalent item.
6339	A ceremonial wooden mask.
6340	Swap this note at any bank for the equivalent item.
6341	Local dress.
6342	Swap this note at any bank for the equivalent item.
6343	A brightly coloured robe prized by the Tai Bwo Wannai peoples.
6344	Swap this note at any bank for the equivalent item.
6345	A brightly coloured hat prized by the Tai Bwo Wannai peoples.
6346	Swap this note at any bank for the equivalent item.
6347	A brown armband, as worn by the Tai Bwo Wannai locals.
6348	Swap this note at any bank for the equivalent item.
6349	A brightly coloured pair of local sandals.
6350	Swap this note at any bank for the equivalent item.
6351	Local dress.
6352	Swap this note at any bank for the equivalent item.
6353	A brightly coloured robe prized by the Tai Bwo Wannai peoples.
6354	Swap this note at any bank for the equivalent item.
6355	A brightly coloured hat prized by the Tai Bwo Wannai peoples.
6356	Swap this note at any bank for the equivalent item.
6357	A brightly coloured pair of local sandals.
6358	Swap this note at any bank for the equivalent item.
6359	A blue armband, as worn by the Tai Bwo Wannai locals.
6360	Swap this note at any bank for the equivalent item.
6361	Local dress.
6362	Swap this note at any bank for the equivalent item.
6363	A brightly coloured robe prized by the Tai Bwo Wannai peoples.
6364	Swap this note at any bank for the equivalent item.
6365	A brightly coloured hat prized by the Tai Bwo Wannai peoples.
6366	Swap this note at any bank for the equivalent item.
6367	A brightly coloured pair of local sandals.
6368	Swap this note at any bank for the equivalent item.
6369	A yellow armband, as worn by the Tai Bwo Wannai locals.
6370	Swap this note at any bank for the equivalent item.
6371	Local dress.
6372	Swap this note at any bank for the equivalent item.
6373	A brightly coloured robe prized by the Tai Bwo Wannai peoples.
6374	Swap this note at any bank for the equivalent item.
6375	A brightly coloured hat prized by the Tai Bwo Wannai peoples.
6376	Swap this note at any bank for the equivalent item.
6377	A brightly coloured pair of local sandals.
6378	Swap this note at any bank for the equivalent item.
6379	A pink armband, as worn by the Tai Bwo Wannai locals.
6380	Swap this note at any bank for the equivalent item.
6381	It's a Picture.
6382	A fez hat. Juss like that.
6383	Swap this note at any bank for the equivalent item.
6384	A bit itchy.
6385	Swap this note at any bank for the equivalent item.
6386	Has a coarse hard wearing texture.
6387	Swap this note at any bank for the equivalent item.
6388	A bit itchy.
6389	Swap this note at any bank for the equivalent item.
6390	Better than factor 50 sun cream.
6391	Swap this note at any bank for the equivalent item.
6392	Good for keeping the sun off my neck.
6393	Swap this note at any bank for the equivalent item.
6394	Colourful.
6395	Swap this note at any bank for the equivalent item.
6396	A cool light Menaphite robe.
6397	Swap this note at any bank for the equivalent item.
6398	Look at those nobbily knees.
6399	Swap this note at any bank for the equivalent item.
6400	Good for keeping the sun off my neck.
6401	Swap this note at any bank for the equivalent item.
6402	Colourful.
6403	Swap this note at any bank for the equivalent item.
6404	A cool light Menaphite robe.
6405	Swap this note at any bank for the equivalent item.
6406	Look at those nobbily knees.
6407	Swap this note at any bank for the equivalent item.
6408	An offensive blackjack.
6409	Swap this note at any bank for the equivalent item.
6410	An defensive blackjack.
6411	Swap this note at any bank for the equivalent item.
6412	An offensive blackjack.
6413	Swap this note at any bank for the equivalent item.
6414	A defensive blackjack.
6415	Swap this note at any bank for the equivalent item.
6416	A solid bit of maple.
6417	Swap this note at any bank for the equivalent item.
6418	An offensive blackjack.
6419	Swap this note at any bank for the equivalent item.
6420	A defensive blackjack.
6421	Swap this note at any bank for the equivalent item.
6422	One of the 4 basic elemental Runes.
6423	Swap this note at any bank for the equivalent item.
6424	One of the 4 basic elemental Runes.
6425	Swap this note at any bank for the equivalent item.
6426	One of the 4 basic elemental Runes.
6427	Swap this note at any bank for the equivalent item.
6428	One of the 4 basic elemental Runes.
6429	Swap this note at any bank for the equivalent item.
6430	Used for small missile spells.
6431	Swap this note at any bank for the equivalent item.
6432	Used for medium missile spells.
6433	Swap this note at any bank for the equivalent item.
6434	Used for teleport spells.
6435	Swap this note at any bank for the equivalent item.
6436	Used for basic missile spells.
6437	Swap this note at any bank for the equivalent item.
6438	Used for Curse spells
6439	Swap this note at any bank for the equivalent item.
6448	A spadeful of refined coal.
6450	It's a Whoopsie.
6452	It's a Whoopsie.
6453	A white rosebush seed.
6454	A red rosebush seed.
6455	A pink rosebush seed.
6456	A grapevine seed.
6457	A delphinium seed.
6458	It's an Orchid seed.
6459	It's an Orchid seed.
6460	A snowdrop seed.
6461	Shoot: A shoot that has been cut from a dying White Tree.Plant pot: A young White Tree sapling.Plant pot after watering: This shoot from a White Tree has been watered and will soon grow.
6462	Shoot: A shoot that has been cut from a dying White Tree.Plant pot: A young White Tree sapling.Plant pot after watering: This shoot from a White Tree has been watered and will soon grow.
6463	Shoot: A shoot that has been cut from a dying White Tree.Plant pot: A young White Tree sapling.Plant pot after watering: This shoot from a White Tree has been watered and will soon grow.
6464	A young White Tree sapling
6465	The power within this ring has been activated.
6466	A rune essence chip that has been broken into shards.
6467	Crushed rune essence.
6468	Use this on plants to cure disease.
6469	Looks delicious.
6470	Pour this onto compost to make it into super-compost.
6471	Swap this note at any bank for the equivalent item.
6472	Pour this onto compost to make it into super-compost.
6473	Swap this note at any bank for the equivalent item.
6474	Pour this onto compost to make it into super-compost.
6475	Swap this note at any bank for the equivalent item.
6476	Pour this onto compost to make it into super-compost.
6477	Swap this note at any bank for the equivalent item.
6478	I can use this to move heavy objects. (or) An empty trolley.
6479	A list of things that I must collect for Queen Ellamaria.
6514	It's an Agility jump.
6515	It's an Agility balance.
6516	It's an Agility contortion.
6517	It's an Agility climb.
6518	It's an Agility jump.
6519	It's an Agility balance.
6520	It's an Agility contortion.
6521	It's an Agility climb.
6522	A razor sharp ring of obsidian.
6523	A razor sharp sword of obsidian.
6524	A spiked shield of Obsidian.
6525	A large knife of Obsidian.
6526	A staff of obsidian.
6527	A mace of obsidian.
6528	A maul of obsidian.
6529	It's a Token of some kind made from Obsidian.
6535	Swap this note at any bank for the equivalent item.
6536	Swap this note at any bank for the equivalent item.
6537	Swap this note at any bank for the equivalent item.
6538	Swap this note at any bank for the equivalent item.
6539	Swap this note at any bank for the equivalent item.
6540	Swap this note at any bank for the equivalent item.
6541	An Advanced Combat Training Device.
6542	Thanks for all your help! Love, Bob & Neite.
6543	I wonder what happens if I rub it.
6544	It's an amulet of cat speak. It makes vague purring noises.
6545	A list of chores that Bob gave you to do.
6546	It says on the back 'My favourite recipe.
6547	A mirror helps reflect light on the subject.
6548	A nurse's hat, but does it have healing powers?
6549	Inventory: Wild. (wily)Lethargic. (lazy)
6550	Inventory: Wild. (wily)Lethargic. (lazy)
6551	Inventory: Wild. (wily)Lethargic. (lazy)
6552	Inventory: Wild. (wily)Lethargic. (lazy)
6553	Inventory: Wild. (wily)Lethargic. (lazy)
6554	Inventory: Wild. (wily)Lethargic. (lazy)
6555	Inventory: Wild. (wily)Lethargic. (lazy)
6556	Inventory: Wild. (wily)Lethargic. (lazy)
6557	Inventory: Wild. (wily)Lethargic. (lazy)
6558	Inventory: Wild. (wily)Lethargic. (lazy)
6559	Inventory: Wild. (wily)Lethargic. (lazy)
6560	Inventory: Wild. (wily)Lethargic. (lazy)
6561	It's an Ahab's beer.
6562	It's a slightly magical stick.
6563	It's a slightly magical stick.
6564	A valuable ring.
6565	I wonder if this is valuable.
6566	I wonder if I can get this enchanted.
6568	A cape woven of obsidian plates.
6569	Swap this note at any bank for the equivalent item.
6570	A cape of fire.
6571	An uncut onyx.
6572	Swap this note at any bank for the equivalent item.
6573	This looks valuable.
6574	Swap this note at any bank for the equivalent item.
6575	A valuable ring.
6576	Swap this note at any bank for the equivalent item.
6577	I wonder if this is valuable.
6578	Swap this note at any bank for the equivalent item.
6579	It needs a string so I can wear it.
6580	Swap this note at any bank for the equivalent item.
6581	I wonder if I can get this enchanted.
6582	Swap this note at any bank for the equivalent item.
6583	An enchanted ring.
6584	Swap this note at any bank for the equivalent item.
6585	A very powerful onyx amulet.
6586	Swap this note at any bank for the equivalent item.
6587	A set of fighting claws.
6588	Swap this note at any bank for the equivalent item.
6589	A vicious looking axe.
6590	Swap this note at any bank for the equivalent item.
6591	A vicious white dagger.
6592	Swap this note at any bank for the equivalent item.
6593	A vicious white dagger.
6594	Swap this note at any bank for the equivalent item.
6595	A vicious white dagger.
6596	Swap this note at any bank for the equivalent item.
6597	A vicious white dagger.
6598	Swap this note at any bank for the equivalent item.
6599	A white halberd.
6600	Swap this note at any bank for the equivalent item.
6601	A spiky mace.
6602	Swap this note at any bank for the equivalent item.
6603	A Magical staff.
6604	Swap this note at any bank for the equivalent item.
6605	A razor sharp sword.
6606	Swap this note at any bank for the equivalent item.
6607	A razor sharp longsword.
6608	Swap this note at any bank for the equivalent item.
6609	A two handed sword.
6610	Swap this note at any bank for the equivalent item.
6611	A vicious, curved sword.
6612	Swap this note at any bank for the equivalent item.
6613	I don't think it's intended for joinery.
6614	Swap this note at any bank for the equivalent item.
6615	A series of connected metal rings.
6616	Swap this note at any bank for the equivalent item.
6617	Provides excellent protection.
6618	Swap this note at any bank for the equivalent item.
6619	These will protect my feet.
6620	Swap this note at any bank for the equivalent item.
6621	A medium sized helmet.
6622	Swap this note at any bank for the equivalent item.
6623	A full face helmet.
6624	Swap this note at any bank for the equivalent item.
6625	Big, white and heavy looking.
6626	Swap this note at any bank for the equivalent item.
6627	Big, white, and heavy looking.
6628	Swap this note at any bank for the equivalent item.
6629	These will keep my hands warm!
6630	Swap this note at any bank for the equivalent item.
6631	A medium square shield.
6632	Swap this note at any bank for the equivalent item.
6633	A large metal shield.
6634	Swap this note at any bank for the equivalent item.
6635	A Temple Knight Communication Orb. Top Secret! / Use this to stay in touch with Korasi and Jessika. (A Void Dance version) / Tyr's commorb, given to him by Sir Tiffy. (Tyr's commorb)
6636	Proof that I have defeated the evil mage Solus.
6637	From a darker dimension.
6638	A key to the nature of light itself. (Mourning's Ends Part II)
6639	A small hand mirror.
6640	It's a Red crystal.
6641	A yellow crystal.
6642	It's a Green crystal.
6643	A cyan crystal.
6644	A blue crystal.
6645	It's a Magenta crystal.
6646	A fractured crystal, one of the edges is clear.
6647	A fractured crystal, one of the edges is clear.
6648	It's a list of items I need to collect.
6649	The journal of Nissyen Edern.
6650	A blackened crystal sample.
6651	A newly formed crystal / A warm energy radiates from this crystal.
6652	A newly formed crystal / A warm energy radiates from this crystal.
6653	A small Crystal trinket.
6654	Examine what?
6655	Examine what?
6656	Examine what?
6657	Examine what?
6658	Examine what?
6659	Examine what?
6660	The jar keeps shaking... I'm scared.
6661	An angry Ogre in a funny hat.
6662	This fishing rod seems to have been bitten in half.
6663	It seems someone vacated this boot in a hurry.
6664	The jar keeps shaking... I'm scared.
6665	Fishy, damp and smelly.
6666	Strangely uncomfortable flippers.
6667	An empty fishbowl.
6668	A fishless fishbowl.
6669	A fishless fishbowl with some seaweed.
6670	A fishbowl with a Tiny Bluefish  in it.
6671	A fishbowl with a Tiny Greenfish in it.
6672	A fishbowl with a Tiny Spinefish in it.
6673	An empty fishbowl in a net.
6674	A tiny net for grabbing tiny fish.
6675	'Ingredients: Ground Guam and Ground Seaweed.
6676	Swap this note at any bank for the equivalent item.
6677	'Ingredients: Ground Guam and Ground Seaweed.' Well, I have the Guam Leaf...
6678	'Ingredients: Ground Guam and Ground Seaweed.' Well, I have the Guam Leaf...
6679	'Ingredients: Ground Guam and Ground Seaweed.' Well, I have the Seaweed...
6680	'Ingredients: Ground Guam and Ground Seaweed.' Well, I have the Seaweed...
6681	One of the ingredients for making fish food.
6682	Swap this note at any bank for the equivalent item.
6683	One of the ingredients for making fish food.
6684	Swap this note at any bank for the equivalent item.
6685	A Saradomin Brew.
6686	Swap this note at any bank for the equivalent item.
6687	A Saradomin Brew.
6688	Swap this note at any bank for the equivalent item.
6689	A Saradomin Brew.
6690	Swap this note at any bank for the equivalent item.
6691	A Saradomin Brew.
6692	Swap this note at any bank for the equivalent item.
6693	It's a crushed bird's nest.
6694	Swap this note at any bank for the equivalent item.
6695	"A cold-blooded creature, partial to warmth.
6696	Contains ice-cold water.
6697	A pat of freshly churned butter.
6698	Swap this note at any bank for the equivalent item.
6699	It's a Burnt potato.
6700	Swap this note at any bank for the equivalent item.
6701	It'd taste even better with some toppings.
6702	Swap this note at any bank for the equivalent item.
6703	A baked potato with butter.
6704	Swap this note at any bank for the equivalent item.
6705	A baked potato with butter and cheese.
6706	Swap this note at any bank for the equivalent item.
6707	An amulet of Camel-speak. It makes vague braying noises.
6708	Especially good against diseased arachnids.
6709	A bunch of legs, eyes and teeth.
6710	A blindweed seed - plant in a Blindweed patch.
6711	An inedible, foul smelling herb.
6712	Common bucket: It's a bucket of water.2008 Easter event: It's a bucket of water from the Easter Bunny's warren. Regular bucket filled from Braindeath Island: It's a bucket of... water?
6713	A heavy metal wrench.
6714	A shining paragon of wrenchly virtue.
6715	They look at you balefully. 'Feed us...
6716	A sinister looking squid.
6717	A sinister looking squid.
6718	A diseased deceased Fever Spider. Handle with care.
6719	Sorry, I mean a bucket of 'rum'.
6720	Especially good against diseased arachnids.
6721	A decent enough weapon gone rusty.
6722	Alas...I hardly knew him.
6723	Swap this note at any bank for the equivalent item.
6724	An ancient Fremennik bow that was once used to battle the Moon Clan.
6725	Swap this note at any bank for the equivalent item.
6726	Swap this note at any bank for the equivalent item.
6727	Swap this note at any bank for the equivalent item.
6728	A pot of crushed small zombie monkey bones.
6729	These would feed a dogfish for months!
6730	Swap this note at any bank for the equivalent item.
6731	A mysterious ring that can fill the wearer with magical power...
6732	Swap this note at any bank for the equivalent item.
6733	A fabled ring that improves the wearer's skill with a bow...
6734	Swap this note at any bank for the equivalent item.
6735	A legendary ring once worn by Fremennik warriors.
6736	Swap this note at any bank for the equivalent item.
6737	A ring reputed to bring out a berserk fury in its wearer.
6738	Swap this note at any bank for the equivalent item.
6739	A very powerful axe.
6740	Swap this note at any bank for the equivalent item.
6741	Bob can fix this broken (metal) axe for me.
6742	Swap this note at any bank for the equivalent item.
6743	It's a Picture.
6744	Swap this note at any bank for the equivalent item.
6745	The magical sword 'Silverlight'. / The magical sword 'Silverlight', stained black with mushroom ink. (during Shadow of the Storm)
6746	The magical sword Silverlight, enhanced with the blood of Agrith-Naar.
6747	Used to make the sigil of the demon Agrith-Naar.
6748	A sigil used for the summoning of the demon Agrith-Naar.
6749	Will this book help in summoning Agrith-Naar?
6750	A desert shirt stained black with mushroom ink.
6751	Swap this note at any bank for the equivalent item.
6752	A desert robe stained black with mushroom ink.
6753	Swap this note at any bank for the equivalent item.
6754	It changes temperature as I walk. (Meeting History)
6755	It's a Journal.
6756	It's a Letter.
6757	It's a Letter.
6758	It's a Scroll.
6759	It's a Chest.
6760	A Guthix Mjolnir.
6761	Swap this note at any bank for the equivalent item.
6762	A Saradomin Mjolnir.
6763	Swap this note at any bank for the equivalent item.
6764	A Zamorak mjolnir.
6765	Swap this note at any bank for the equivalent item.
6766	Antipoison for Pox.
6767	It's a Book.
6768	A little more smelly than usual.
6769	Charming.
6770	Jimmy Dazzler's directions.
6771	Contains garden weeds.
6772	Contains slowly burning garden weeds.
6773	A pole for putting rats on.
6774	A pole with one rat on it.
6775	A pole with two rats on it.
6776	A pole with three rats on it.
6777	A pole with four rats on it.
6778	A pole with five rats on it.
6779	A pole with six rats on it.
6780	Menaphite thug.
6781	It's a Bandit.
6782	It's a Bandit.
6784	It's a Whoopsie.
6785	It's a Statuette.
6786	This looks quite old.
6787	This looks quite old.
6788	This robe is too torn to wear.
6789	This robe is too torn to wear.
6790	It's a Shoes.
6791	Awusah's Sole.
6792	An ancient key from the shrine in Nardah. (Spirits of the Elid)
6793	The Ballad of Jaresh.
6794	A tasty treat from Nardah - better eat this before it melts.
6795	Swap this note at any bank for the equivalent item.
6796	Wonder what happens if I rub it...
6797	See article
6798	A scroll once used by a champion.
6799	A scroll once used by a champion.
6800	A scroll once used by a champion.
6801	A scroll once used by a champion.
6802	A scroll once used by a champion.
6803	A scroll once used by a champion.
6804	A scroll once used by a champion.
6805	A scroll once used by a champion.
6806	A scroll once used by a champion.
6807	A scroll once used by a champion.
6808	A scroll once used by a champion.
6809	These look pretty heavy.
6810	A pot of crushed large zombie monkey bones.
6811	A very dangerous pile of animated Wyvern bones.
6812	Bones of a huge flying creature.
6813	Swap this note at any bank for the equivalent item.
6814	This would make warm clothing.
6815	Swap this note at any bank for the equivalent item.
6816	Swap this note at any bank for the equivalent item.
6817	A slender two-handed sword.
6818	A sharp sword that can also fire arrows.
6819	A large pouch used for storing essence.
6820	It seems to have pieces missing. After Temple at Senntisten quest: The assassin's plunder from the church on Entrana.
6821	This looks valuable.
6822	See individual articles.
6823	See individual articles.
6824	See individual articles.
6825	See individual articles.
6826	See individual articles.
6827	See individual articles.
6828	See individual articles.
6829	See individual articles.
6830	See individual articles.
6831	See individual articles.
6832	See individual articles.
6833	See individual articles.
6834	See individual articles.
6835	See individual articles.
6836	See individual articles.
6837	See individual articles.
6838	See individual articles.
6839	See individual articles.
6840	See individual articles.
6841	See individual articles.
6842	See individual articles.
6843	See individual articles.
6844	See individual articles.
6845	See individual articles.
6846	See individual articles.
6847	See individual articles.
6848	See individual articles.
6849	See individual articles.
6850	See individual articles.
6851	See individual articles.
6852	A box for storing completed puppets.
6853	A box for storing painted baubles.
6854	A box for storing completed puppets.
6855	A box for storing painted baubles.
6856	A woolly bobble hat.
6857	A woolly scarf.
6858	A woolly Jester hat.
6859	A woolly jester scarf.
6860	A woolly triple bobble jester hat.
6861	A woolly jester scarf.
6862	A woolly tobogganing hat.
6863	A woolly tobogganing scarf.
6864	The controlling part of a marionette.
6865	I've got no strings ... oh hang on!
6866	I've got no strings ... oh hang on!
6867	I've got no strings ... oh hang on!
6868	I've got no strings ... oh hang on!
6869	I've got no strings ... oh hang on!
6870	I've got no strings ... oh hang on!
6871	I've got no strings ... oh hang on!
6872	I've got no strings ... oh hang on!
6873	I've got no strings ... oh hang on!
6874	I've got no strings ... oh hang on!
6875	I've got no strings ... oh hang on!
6876	I've got no strings ... oh hang on!
6877	I've got no strings ... oh hang on!
6878	I've got no strings ... oh hang on!
6879	I've got no strings ... oh hang on!
6880	I've got no strings ... oh hang on!
6881	I've got no strings ... oh hang on!
6882	I've got no strings ... oh hang on!
6883	A tasty fruit.
6885	A magic training arena progress hat
6886	A magic training arena progress hat
6887	A magic training arena progress hat
6888	A guardian of the arena.
6889	The magical book of the Mage.
6890	Swap this note at any bank for the equivalent item.
6891	A book about the Training Arena.
6892	Swap this note at any bank for the equivalent item.
6893	Comfortable leather boots.
6894	A large metal shield.
6895	A medium sized helmet.
6896	This looks valuable.
6897	A razor sharp longsword
6898	A green cylinder
6899	A yellow cube
6900	A blue icosahedron.
6901	A red pentamid.
6902	This looks valuable.
6903	This looks valuable.
6904	Various animals' bones.
6905	Various animals' bones.
6906	Various animals' bones.
6907	Various animals' bones.
6908	A beginner level wand
6909	Swap this note at any bank for the equivalent item.
6910	An apprentice level wand.
6911	Swap this note at any bank for the equivalent item.
6912	A teacher level wand.
6913	Swap this note at any bank for the equivalent item.
6914	A master level wand.
6915	Swap this note at any bank for the equivalent item.
6916	Mystical robes.
6917	Swap this note at any bank for the equivalent item.
6918	A mystic hat.
6919	Swap this note at any bank for the equivalent item.
6920	Mystical boots.
6921	Swap this note at any bank for the equivalent item.
6922	Mystical gloves.
6923	Swap this note at any bank for the equivalent item.
6924	Mystical robes.
6925	Swap this note at any bank for the equivalent item.
6926	A tablet containing a magic spell.
6945	A severed hand covered with sand.
6946	A severed hand dripping with beer.
6947	A copy of a work rota.
6948	An original work rota.
6949	This scroll glows with an inner light.
6950	An ordinary looking scrying orb.
6951	This magical scrying orb pulsates as it stores information.
6952	Fluid sloshes innocently in this vial.
6953	A bottle of water.
6954	Redberry juice sloshes around in this vial, waiting for white berries to be added.
6955	A vial of pink dye.
6956	This lens has a pinkish tinge to it.
6957	A decapitated, sand-covered head.
6958	A handful of sand from Sandy's pocket.
6959	Use pink dye on a cape and this is what you get!
6960	Swap this note at any bank for the equivalent item.
6961	A freshly baked baguette.
6962	A freshly made triangle sandwich.
6963	A freshly made roll.
6964	Lovely money!
6965	A freshly made square sandwich.
6966	It's a Prison key.
6967	Makes the wearer pretty intimidating.
6968	It's an Abyssal whip.
6969	I'd better be careful eating this.
6970	It's a solid gold pyramid!
6971	A large chunk of sandstone.
6972	Swap this note at any bank for the equivalent item.
6973	A large chunk of sandstone.
6974	Swap this note at any bank for the equivalent item.
6975	A large chunk of sandstone.
6976	Swap this note at any bank for the equivalent item.
6977	A large chunk of sandstone.
6978	Swap this note at any bank for the equivalent item.
6979	See article
6980	Swap this note at any bank for the equivalent item.
6981	See article
6982	Swap this note at any bank for the equivalent item.
6983	See article
6984	Swap this note at any bank for the equivalent item.
6985	A huge twenty-kilo block of sandstone.
6986	A huge thirty-two-kilo block of sandstone.
6987	The body of a sandstone statue.
6988	The base and legs of a sandstone statue.
6989	It's a Stone head.
6990	It's a Stone head.
6991	It's a Stone head.
6992	It's a Stone head.
6993	A metal sigil in the shape of a Z.
6994	A metal sigil in the shape of an M.
6995	A metal sigil in the shape of an R.
6996	A metal sigil in the shape of a K.
6997	The left arm of a large stone statue.
6998	The right arm of a large stone statue.
6999	The left leg of a large stone statue.
7000	The right leg of a large stone statue.
7001	A positive clay mould of a camel's head.
7002	It's a Stone head.
7003	Blend in in the desert.
7004	Good for detailed crafting.
7050	It's a Swarm.
7051	A lantern to aid attacking Harpie bugs.
7052	Swap this note at any bank for the equivalent item.
7053	A lantern to aid attacking Harpie bugs.
7054	A baked potato with chilli con carne
7055	Swap this note at any bank for the equivalent item.
7056	A baked potato with egg and tomato.
7057	Swap this note at any bank for the equivalent item.
7058	A baked potato with mushroom and onions.
7059	Swap this note at any bank for the equivalent item.
7060	A baked potato with tuna and sweetcorn.
7061	Swap this note at any bank for the equivalent item.
7062	A bowl of meat in chilli-con-carne sauce.
7063	Swap this note at any bank for the equivalent item.
7064	A bowl of scrambled eggs and tomato
7065	Swap this note at any bank for the equivalent item.
7066	A bowl of fried mushroom and onions.
7067	Swap this note at any bank for the equivalent item.
7068	A bowl of cooked tuna and sweetcorn.
7069	Swap this note at any bank for the equivalent item.
7070	A bowl of finely minced meat.
7071	Swap this note at any bank for the equivalent item.
7072	A bowl of spicy sauce.
7073	Swap this note at any bank for the equivalent item.
7074	A bowl of chopped garlic.
7075	Swap this note at any bank for the equivalent item.
7076	A bowl of uncooked egg.
7077	Swap this note at any bank for the equivalent item.
7078	A bowl of scrambled egg.
7079	Swap this note at any bank for the equivalent item.
7080	A bowl of sliced Bittercap mushrooms.
7081	Swap this note at any bank for the equivalent item.
7082	A bowl of fried Bittercap mushrooms.
7083	Swap this note at any bank for the equivalent item.
7084	A bowl of sliced, fried onions.
7085	Swap this note at any bank for the equivalent item.
7086	A bowl of finely chopped tuna.
7087	Swap this note at any bank for the equivalent item.
7088	A bowl of cooked sweetcorn.
7089	Swap this note at any bank for the equivalent item.
7090	It's a Burnt egg.
7091	Swap this note at any bank for the equivalent item.
7092	It's a Burnt onion.
7093	Swap this note at any bank for the equivalent item.
7094	It's a Burnt mushroom.
7095	Swap this note at any bank for the equivalent item.
7096	It's a Board game piece.
7097	It's a Board game piece.
7098	It's a Board game piece.
7099	It's a Board game piece.
7100	It's a Board game piece.
7101	It's a Board game piece.
7102	It's a Board game piece.
7103	It's a Board game piece.
7104	It's a Board game piece.
7105	It's a Board game piece.
7106	It's a Board game piece.
7107	It's a Board game piece.
7108	Best keep this away from naked flames.
7109	A fuse.
7110	A seaworthy grey shirt.
7111	Swap this note at any bank for the equivalent item.
7112	Essential pirate wear.
7113	Swap this note at any bank for the equivalent item.
7114	Not for land lubbers.
7115	Swap this note at any bank for the equivalent item.
7116	Well, okay, they're beige, but they're part of the white pirate clothing set, so...
7117	Swap this note at any bank for the equivalent item.
7118	A cannister holding shrapnel.
7119	It's a Cannon ball.
7120	For cleaning and packing the cannon.
7121	A plank of wood to repair the hull with.
7122	A sea worthy shirt.
7123	Swap this note at any bank for the equivalent item.
7124	Essential pirate wear.
7125	Swap this note at any bank for the equivalent item.
7126	A sea worthy pair of trousers.
7127	Swap this note at any bank for the equivalent item.
7128	A sea worthy shirt.
7129	Swap this note at any bank for the equivalent item.
7130	Essential pirate wear.
7131	Swap this note at any bank for the equivalent item.
7132	A sea worthy pair of trousers.
7133	Swap this note at any bank for the equivalent item.
7134	A sea worthy shirt.
7135	Swap this note at any bank for the equivalent item.
7136	Essential pirate wear.
7137	Swap this note at any bank for the equivalent item.
7138	A sea worthy pair of trousers.
7139	Swap this note at any bank for the equivalent item.
7140	Feels quite lucky.
7141	I hope he doesn't want it back.
7142	The very butcher of a silk button.
7143	Looks valuable.
7144	By Cap'n Hook-Hand Morrisane.
7145	A working cannon barrel.
7146	Not likely to work again.
7147	It's a Cannon balls.
7148	A plank of wood to repair the hull with.
7149	A cannister holding shrapnel.
7150	Useful for pinning up paintings.
7155	A coil of rope.
7156	Useful for lighting a fire.
7157	I think it is eating through the bottle.
7158	A two-handed dragon sword.
7159	They're heavily insulated wellies.
7160	Before being attacked: A ball of Electrical energy.
7161	Swap this note at any bank for the equivalent item.
7162	Lots of pie recipes for me to try.
7163	Swap this note at any bank for the equivalent item.
7164	Still needs two more ingredients.
7165	Swap this note at any bank for the equivalent item.
7166	Still needs one more ingredient.
7167	Swap this note at any bank for the equivalent item.
7168	Needs to be baked before I can use it.
7169	Swap this note at any bank for the equivalent item.
7170	All the good of the earth.
7171	Swap this note at any bank for the equivalent item.
7172	Still needs two more ingredients.
7173	Swap this note at any bank for the equivalent item.
7174	Still needs one more ingredient.
7175	Swap this note at any bank for the equivalent item.
7176	Needs cooking before I eat it.
7177	Swap this note at any bank for the equivalent item.
7178	What I wouldn't give for a good steak about now...
7179	Swap this note at any bank for the equivalent item.
7180	What I wouldn't give for a good steak about now...
7181	Swap this note at any bank for the equivalent item.
7182	Still needs two more ingredients.
7183	Swap this note at any bank for the equivalent item.
7184	Still needs one more ingredient.
7185	Swap this note at any bank for the equivalent item.
7186	Raw fish is risky, better cook it.
7187	Swap this note at any bank for the equivalent item.
7188	Bounty of the sea.
7189	Swap this note at any bank for the equivalent item.
7190	Bounty of the sea.
7191	Swap this note at any bank for the equivalent item.
7192	Still needs two more ingredients. 
7193	Swap this note at any bank for the equivalent item.
7194	Still needs one more ingredient.
7195	Swap this note at any bank for the equivalent item.
7196	This would taste a lot better cooked.
7197	Swap this note at any bank for the equivalent item.
7198	Much tastier than a normal fish pie.
7199	Swap this note at any bank for the equivalent item.
7200	Much tastier than a normal fish pie.
7201	Swap this note at any bank for the equivalent item.
7202	Still needs two more ingredients.
7203	Swap this note at any bank for the equivalent item.
7204	Still needs one more ingredient.
7205	Swap this note at any bank for the equivalent item.
7206	Good as it looks, I'd better cook it.
7207	Swap this note at any bank for the equivalent item.
7208	A triumph of man over nature.
7209	Swap this note at any bank for the equivalent item.
7210	A triumph of man over nature.
7211	Swap this note at any bank for the equivalent item.
7212	Still needs two more ingredients.
7213	Swap this note at any bank for the equivalent item.
7214	Still needs one more ingredient.
7215	Swap this note at any bank for the equivalent item.
7216	Fresh fruit may be good for you, but I should really cook this.
7217	Swap this note at any bank for the equivalent item.
7218	All the fruits of a very small forest.
7219	Swap this note at any bank for the equivalent item.
7220	All the fruits of a very small forest.
7221	Swap this note at any bank for the equivalent item.
7222	Mmm this looks tasty.
7223	A delicious looking piece of roast rabbit.
7224	Might taste better cooked.
7225	An iron spit.
7226	It's a Burnt chompy.
7227	Swap this note at any bank for the equivalent item.
7228	It might look delicious to an ogre.Roasted chompy bird.
7229	Swap this note at any bank for the equivalent item.
7230	A skewered chompy bird.
7231	Swap this note at any bank for the equivalent item.
7232	Swap this note at any bank for the equivalent item.
7233	Swap this note at any bank for the equivalent item.
7234	Swap this note at any bank for the equivalent item.
7235	Swap this note at any bank for the equivalent item.
7236	A set of instructions to be followed.
7237	I hope there's treasure in it.
7238	A set of instructions to be followed.
7239	A set of instructions to be followed.
7240	I hope there's treasure in it.
7241	A set of instructions to be followed.
7242	I hope there's treasure in it.
7243	A set of instructions to be followed.
7244	I hope there's treasure in it.
7245	A set of instructions to be followed.
7246	I hope there's treasure in it.
7247	A set of instructions to be followed.
7248	A set of instructions to be followed.
7249	A set of instructions to be followed.
7250	A set of instructions to be followed.
7251	A set of instructions to be followed.
7252	A set of instructions to be followed.
7253	A set of instructions to be followed.
7254	A set of instructions to be followed.
7255	A set of instructions to be followed.
7256	A set of instructions to be followed.
7257	I hope there's treasure in it.
7258	A set of instructions to be followed.
7259	I hope there's treasure in it.
7260	A set of instructions to be followed.
7261	I hope there's treasure in it.
7262	A set of instructions to be followed.
7263	I hope there's treasure in it.
7264	A set of instructions to be followed.
7265	I hope there's treasure in it.
7266	A set of instructions to be followed.
7267	I hope there's treasure in it.
7268	A set of instructions to be followed.
7269	I need to answer this correctly.
7270	A set of instructions to be followed.
7271	I need to answer this correctly.
7272	A set of instructions to be followed.
7273	I need to answer this correctly.
7274	A set of instructions to be followed.
7275	I need to answer this correctly.
7276	A set of instructions to be followed.
7277	I need to answer this correctly.
7278	A set of instructions to be followed.
7279	I need to answer this correctly.
7280	A set of instructions to be followed.
7281	I need to answer this correctly.
7282	A set of instructions to be followed.
7283	I need to answer this correctly.
7284	A set of instructions to be followed.
7285	I need to answer this correctly.
7286	A set of instructions to be followed.
7287	I hope there's treasure in it.
7288	A set of instructions to be followed.
7289	I hope there's treasure in it.
7290	A set of instructions to be followed.
7291	I hope there's treasure in it.
7292	A set of instructions to be followed.
7293	I hope there's treasure in it.
7294	A set of instructions to be followed.
7295	I hope there's treasure in it.
7296	A set of instructions to be followed.
7297	It's a Key.
7298	A set of instructions to be followed.
7299	It's a Key.
7300	A set of instructions to be followed.
7301	A set of instructions to be followed.
7302	It's a Key.
7303	A set of instructions to be followed.
7304	A set of instructions to be followed.
7305	A set of instructions to be followed.
7306	I hope there's treasure in it.
7307	A set of instructions to be followed.
7308	I hope there's treasure in it.
7309	A set of instructions to be followed.
7310	I hope there's treasure in it.
7311	A set of instructions to be followed.
7312	I hope there's treasure in it.
7313	A set of instructions to be followed.
7314	I hope there's treasure in it.
7315	A set of instructions to be followed.
7316	I hope there's treasure in it.
7317	A set of instructions to be followed.
7318	I hope there's treasure in it.
7319	Stylish!
7320	Swap this note at any bank for the equivalent item.
7321	Stylish!
7322	Swap this note at any bank for the equivalent item.
7323	Stylish!
7324	Swap this note at any bank for the equivalent item.
7325	Stylish!
7326	Swap this note at any bank for the equivalent item.
7327	Stylish!
7328	Swap this note at any bank for the equivalent item.
7329	Makes firelighting a lot easier.
7330	Makes firelighting a lot easier.
7331	Makes firelighting a lot easier.
7332	A black kitesheild with a heraldic design.
7333	Swap this note at any bank for the equivalent item.
7334	A shield with a heraldic design.
7335	Swap this note at any bank for the equivalent item.
7336	A rune kiteshield with a heraldic design.
7337	Swap this note at any bank for the equivalent item.
7338	A black kiteshield with a heraldic design.
7339	Swap this note at any bank for the equivalent item.
7340	A shield with a heraldic design.
7341	Swap this note at any bank for the equivalent item.
7342	A rune kiteshield with a heraldic design.
7343	Swap this note at any bank for the equivalent item.
7344	A black shield with a heraldic design.
7345	Swap this note at any bank for the equivalent item.
7346	A shield with a heraldic design.
7347	Swap this note at any bank for the equivalent item.
7348	A rune kiteshield with a heraldic design.
7349	Swap this note at any bank for the equivalent item.
7350	A black shield with a heraldic design.
7351	Swap this note at any bank for the equivalent item.
7352	A shield with a heraldic design.
7353	Swap this note at any bank for the equivalent item.
7354	A rune kiteshield with a heraldic design.
7355	Swap this note at any bank for the equivalent item.
7356	A black shield with a heraldic design.
7357	Swap this note at any bank for the equivalent item.
7358	A shield with a heraldic design.
7359	Swap this note at any bank for the equivalent item.
7360	A rune kiteshield with a heraldic design.
7361	Swap this note at any bank for the equivalent item.
7362	Those studs should provide a bit more protection. Nice trim too!
7363	Swap this note at any bank for the equivalent item.
7364	Those studs should provide a bit more protection. Nice trim too!
7365	Swap this note at any bank for the equivalent item.
7366	Those studs should provide a bit more protection. Nice trim too!
7367	Swap this note at any bank for the equivalent item.
7368	Those studs should provide a bit more protection. Nice trim, too!
7369	Swap this note at any bank for the equivalent item.
7370	Made from 100% real dragonhide. With colourful trim!
7371	Swap this note at any bank for the equivalent item.
7372	Made from 100% real dragonhide. With colourful trim!
7373	Swap this note at any bank for the equivalent item.
7374	Made from 100% real dragonhide, with colourful trim!
7375	Swap this note at any bank for the equivalent item.
7376	Made from 100% real dragonhide, with colourful trim!
7377	Swap this note at any bank for the equivalent item.
7378	Made from 100% real dragonhide, with colourful trim!
7379	Swap this note at any bank for the equivalent item.
7380	Made from 100% real dragonhide, with colourful trim!
7381	Swap this note at any bank for the equivalent item.
7382	Made from 100% real dragonhide, with colourful trim!
7383	Swap this note at any bank for the equivalent item.
7384	Made from 100% real dragonhide, with colourful trim!
7385	Swap this note at any bank for the equivalent item.
7386	Leg covering favoured by women and wizards. With a colourful trim!
7387	Swap this note at any bank for the equivalent item.
7388	Leg covering favoured by women and wizards. With a colourful trim!
7389	Swap this note at any bank for the equivalent item.
7390	I can practise magic better in this.
7391	Swap this note at any bank for the equivalent item.
7392	I can do magic better in this.
7393	Swap this note at any bank for the equivalent item.
7394	A silly pointed hat with colourful trim.
7395	Swap this note at any bank for the equivalent item.
7396	A silly pointed hat, with colourful trim.
7397	Swap this note at any bank for the equivalent item.
7398	Enchanted Wizards robes.
7399	Enchanted Wizards robes.
7400	A three pointed hat of magic.
7401	Swap this note at any bank for the equivalent item.
7402	Swap this note at any bank for the equivalent item.
7403	Swap this note at any bank for the equivalent item.
7404	A number of chemical covered wooden logs.
7405	A number of chemical covered wooden logs.
7406	A number of chemical covered wooden logs.
7407	Swap this note at any bank for the equivalent item.
7408	I shouldn't joke; this is a grave matter.
7409	The only way to kill a Tanglefoot.
7410	Contains the Fairy Queen's magical essence.
7411	A list of the Fairy Queen's symptoms.
7413	Full: 
7414	It's a Paddle.
7415	Swap this note at any bank for the equivalent item.
7416	A mole claw.
7417	Swap this note at any bank for the equivalent item.
7418	The skin of a large mole.
7419	Swap this note at any bank for the equivalent item.
7420	A fun guy. No wait, that's awful. Plus it doesn't even make sense. (As Fungi) A bouncy fungus. (Level 74) A fun guy. No wait, that's awful.. (Level 86)
7421	Pumps fungicide.
7422	Pumps fungicide.
7423	Pumps fungicide.
7424	Pumps fungicide.
7425	Pumps fungicide.
7426	Pumps fungicide.
7427	Pumps fungicide.
7428	Pumps fungicide.
7429	Pumps fungicide.
7430	Pumps fungicide.
7431	Pumps fungicide.
7432	Does exactly what it says on the tin. (Kills Fungi.)
7433	Spoooooon!
7434	Swap this note at any bank for the equivalent item.
7435	A large whisk of death.
7436	Swap this note at any bank for the equivalent item.
7437	Use the spork.
7438	Swap this note at any bank for the equivalent item.
7439	A large spatula... of doom!
7440	Swap this note at any bank for the equivalent item.
7441	Looks like it's non-stick too!
7442	Swap this note at any bank for the equivalent item.
7443	Generally used for impaling fresh meat.
7444	Swap this note at any bank for the equivalent item.
7445	That's how I roll!
7446	Swap this note at any bank for the equivalent item.
7447	A sharp, dependable knife, for filleting meat.
7448	Swap this note at any bank for the equivalent item.
7449	Often used to soften tough meat up.
7450	Swap this note at any bank for the equivalent item.
7451	An effective tool for chopping tough meat.
7452	Swap this note at any bank for the equivalent item.
7453	A pair of plain gloves.
7454	A pair of bronze-coloured gloves.
7455	A pair of iron-coloured gloves.
7456	A pair of steel-coloured gloves.
7457	A pair of black-coloured gloves.
7458	A pair of mithril-coloured gloves.
7459	A pair of adamant-coloured gloves.
7460	A pair of rune-coloured gloves.
7461	A pair of dragon-coloured gloves.
7462	A pair of Barrows-themed gloves.
7463	It's cornflour in a pot.
7464	A tatty old book belonging to the Wise Old Man of Draynor Village.
7465	Surprise, it looks like a vanilla pod.
7466	It's cornflour in a pot.
7467	Swap this note at any bank for the equivalent item.
7468	It's cornflour in a pot.
7469	Swap this note at any bank for the equivalent item.
7470	A mixture of milk, cream and cornflour.
7471	It's a bucket of milk and cream.
7472	Some cinnamon sticks.
7473	It's a Brulee.
7474	It's a Brulee.
7475	It's a Brulee.
7476	A pot of brulee supreme.
7477	What came first, the chicken or...
7478	It's got a dragon on it.
7479	It's a meat and potato stew with fancy seasoning.
7480	Allows for equal distribution of spice.
7481	Allows for equal distribution of spice.
7482	Allows for equal distribution of spice.
7483	Allows for equal distribution of spice.
7484	Allows for equal distribution of spice.
7485	Allows for equal distribution of spice.
7486	Allows for equal distribution of spice.
7487	Allows for equal distribution of spice.
7488	Allows for equal distribution of spice.
7489	Allows for equal distribution of spice.
7490	Allows for equal distribution of spice.
7491	Allows for equal distribution of spice.
7492	Allows for equal distribution of spice.
7493	Allows for equal distribution of spice.
7494	Allows for equal distribution of spice.
7495	Allows for equal distribution of spice.
7496	Allows for equal distribution of spice.
7497	A cool refreshing fruit mix. With ash in for some reason.
7498	I wonder what happens if I rub it.
7499	He seems to like wearing black.
7500	A short angry guy.
7501	It's a Goblins.
7502	He provides new players with useful information.
7503	It's a Monkey.
7504	He looks a little shifty.
7505	A shifty-looking character.
7506	Leader of the White Knights.
7507	He's been frozen in time.
7508	There appears to be a coin in the bottom. Liked by dwarves.
7509	Red hot and glowing, ouch! Only for dwarf consumption.
7510	Cool and heavy as a brick. Only for dwarf consumption.
7511	Two out of two goblin generals prefer it!
7512	Previously a nice crispy loaf of bread. Now just kind of icky.
7513	They clearly taste so much better this way!
7514	Orange slices which have been dyed, but it looks more like they died.
7515	Glad these aren't in my bed.
7516	Those leaves look useful!
7517	Kelp flakes. Smells of the sea.
7518	A smelly meat.
7519	A smelly meat.
7520	It's a Burnt crab meat.
7521	Nice and Tasty!
7522	Swap this note at any bank for the equivalent item.
7523	Nice and Tasty!
7524	Nice and Tasty!
7525	Nice and Tasty!
7526	Nice and Tasty!
7527	A smelly paste.
7528	A smelly paste.
7529	Would taste nicer if I cooked it.
7530	Mmmm, reminds me of the seaside.
7531	It's a Burnt fishcake.
7532	Hmmm, what can I use this for?
7533	It's a Rock.
7534	You'll look daft, but at least you won't drown!
7535	I'll need a helmet to make this work.
7536	Fresh off the crab itself.
7537	If it is good enough for crabs, it's good enough for me.
7538	Fresh off the crab itself.
7539	If it's good enough for crabs, it's good enough for me!
7540	Darn, it's useless now.
7541	Darn, it's useless now.
7542	Imbued with knowledge itself.
7543	Now all I need to do is cook it.
7544	Egg containing knowledge.
7545	Guiding milk.
7546	A pot of special flour.
7547	A druid pouch.
7548	A potato seed - plant in an allotment.
7549	Swap this note at any bank for the equivalent item.
7550	An onion seed - plant in an allotment.
7551	Swap this note at any bank for the equivalent item.
7552	Arrows with mithril heads.
7553	Swap this note at any bank for the equivalent item.
7554	One of the 4 basic elemental Runes.
7555	Swap this note at any bank for the equivalent item.
7556	One of the 4 basic elemental Runes.
7557	Swap this note at any bank for the equivalent item.
7558	One of the 4 basic elemental Runes.
7559	Swap this note at any bank for the equivalent item.
7560	Used for small missile spells.
7561	Swap this note at any bank for the equivalent item.
7562	A tomato seed - plant in an allotment.
7563	Swap this note at any bank for the equivalent item.
7564	An inflated toad tied to a rock like a balloon.
7565	An inflated toad tied to a rock like a balloon.
7566	The uncooked meat of a Jubbly bird.
7567	Swap this note at any bank for the equivalent item.
7568	Lovely jubbly!
7569	Swap this note at any bank for the equivalent item.
7570	It's a Burnt jubbly.
7571	Swap this note at any bank for the equivalent item.
7572	Like a banana only redder.
7573	Like monkey nuts only tchikier.
7574	Perfect for stuffing snakes.
7575	Mixing this with jam would just be wrong.
7576	Like a snake only not alive.
7577	This snake is stuffed right up.
7578	Is this really what you wanted to do?
7579	Fit for a Monkey King. (cooked)
7580	It's a Snake over-cooked.
7581	Your hellish pet cat!!
7582	Your hellish pet cat!!
7583	Your hellish pet cat!!
7584	It's a Lazy hell cat.
7585	Your hellish pet cat!!
7586	I can train on this
7587	Filled with items. Like a bank, but spookier!
7588	Filled with items. Like a bank, but spookier!
7589	Filled with items. Like a bank, but spookier!
7590	Filled with items. Like a bank, but spookier!
7591	Filled with items. Like a bank, but spookier!
7592	Aside from the braaaains on the lapel, it's still quite good.
7593	Good for a shamble about town.
7594	I look 40,000 years old in this...
7595	Smells pretty funky.
7596	Thrilling.
7597	It's an Item.
7598	It's an Item.
7599	It's an Item.
7600	It's an Item.
7601	It's an Item.
7602	It's an Item.
7603	It's an Item.
7604	It's an Item.
7605	It's an Item.
7606	It's an Item.
7607	It's an Item.
7608	It's an Item.
7609	It's an Item.
7610	It's an Item.
7611	It's an Item.
7612	It's an Item.
7613	It's an Item.
7614	It's an Item.
7615	It's an Item.
7616	It's an Item.
7617	It's an Item.
7618	It's an Item.
7620	A silvery rod of mithril and silver with sapphire on top.
7622	A bucket partially filled with rubble. / A bucket totally filled with rubble.
7623	Swap this note at any bank for the equivalent item.
7624	A bucket partially filled with rubble. / A bucket totally filled with rubble.
7625	Swap this note at any bank for the equivalent item.
7626	A bucket partially filled with rubble. / A bucket totally filled with rubble.
7627	Swap this note at any bank for the equivalent item.
7628	A fragment of plaster with some impressions on it.
7629	An ancient tattered scroll.
7630	It's a Crate.
7631	Swap this note at any bank for the equivalent item.
7632	A key for the Temple Library. (In Aid of the Myreque)
7633	The unholy book of a forgotten god.
7634	An ancient history book.
7635	An ancient leather-bound tome.
7636	Rod of Ivandis dust.
7637	A silvery rod of mithril and silver with sapphire on top.
7638	A silvery rod of mithril and silver with sapphire on top.
7639	A fully charged rod.
7640	A partialy charged rod.
7641	A partialy charged rod.
7642	A partialy charged rod.
7643	A partialy charged rod.
7644	A partialy charged rod.
7645	A partialy charged rod.
7646	A partialy charged rod.
7647	2! 2 charges left! Ha Ha Ha.
7648	A partialy charged rod.
7649	A mould of the Rod of Ivandis.
7650	It's ground up silver.
7651	Swap this note at any bank for the equivalent item.
7652	An unfinished potion.
7653	Swap this note at any bank for the equivalent item.
7654	An unfinished potion.
7655	Swap this note at any bank for the equivalent item.
7656	An unfinished potion.
7657	Swap this note at any bank for the equivalent item.
7658	An unfinished potion.
7659	Swap this note at any bank for the equivalent item.
7660	A potion of harralander, red spiders eggs, garlic and silver dust.
7661	Swap this note at any bank for the equivalent item.
7662	A potion of harralander, red spiders eggs, garlic and silver dust.
7663	Swap this note at any bank for the equivalent item.
7664	A potion of harralander, red spiders eggs, garlic and silver dust.
7665	Swap this note at any bank for the equivalent item.
7666	A potion of harralander, red spiders eggs, garlic and silver dust.
7667	Swap this note at any bank for the equivalent item.
7668	A specially crafted hammer with strange markings on it.
7669	Swap this note at any bank for the equivalent item.
7671	I think they look a bit silly.
7672	It's a Picture.
7673	I think they look a bit silly.
7674	It's a Perfect.
7675	A less-than razor sharp sword.
7676	It's a Wooden shield.
7677	It knows where the treasure is.
7678	You can use this to open the prize chest!
7679	A good tool for bashing someone.
7680	Swap this note at any bank for the equivalent item.
7681	Party Pete's Bumper Book Of Games
7682	It's an Hoop.
7683	Swap this note at any bank for the equivalent item.
7684	It's a Dart.
7685	Swap this note at any bank for the equivalent item.
7686	It's a Bow and arrow.
7687	Swap this note at any bank for the equivalent item.
7688	The kettle is empty.
7689	Swap this note at any bank for the equivalent item.
7690	It's full of cold water.
7691	It's full of boiling water.
7692	I'd really like a nice cup of tea.
7693	Swap this note at any bank for the equivalent item.
7694	I'd really like a nice cup of tea.
7695	Swap this note at any bank for the equivalent item.
7696	I'd really like a nice cup of tea.
7697	Swap this note at any bank for the equivalent item.
7698	I'd really like a nice cup of tea.
7699	Swap this note at any bank for the equivalent item.
7700	Add boiling water to make a tea.
7701	Swap this note at any bank for the equivalent item.
7702	This teapot is empty.
7703	Swap this note at any bank for the equivalent item.
7704	I'd really like a nice cup of tea.
7705	Swap this note at any bank for the equivalent item.
7706	I'd really like a nice cup of tea.
7707	Swap this note at any bank for the equivalent item.
7708	I'd really like a nice cup of tea.
7709	Swap this note at any bank for the equivalent item.
7710	I'd really like a nice cup of tea.
7711	Swap this note at any bank for the equivalent item.
7712	Add boiling water to make a tea.
7713	Swap this note at any bank for the equivalent item.
7714	This teapot is empty.
7715	Swap this note at any bank for the equivalent item.
7716	I'd really like a nice cup of tea.
7717	Swap this note at any bank for the equivalent item.
7718	I'd really like a nice cup of tea.
7719	Swap this note at any bank for the equivalent item.
7720	I'd really like a nice cup of tea.
7721	Swap this note at any bank for the equivalent item.
7722	I'd really like a nice cup of tea.
7723	Swap this note at any bank for the equivalent item.
7724	Add boiling water to make a tea.
7725	Swap this note at any bank for the equivalent item.
7726	This teapot is empty.
7727	Swap this note at any bank for the equivalent item.
7728	An empty cup.
7729	Swap this note at any bank for the equivalent item.
7730	A nice cup of nettle tea.
7731	A milky cup of nettle tea.
7732	A porcelain cup.
7733	Some nettle tea in a porcelain cup.
7734	Some milky nettle tea in a porcelain cup.
7735	A porcelain cup.
7736	Some nettle tea in a porcelain cup.
7737	Some milky nettle tea in a porcelain cup.
7738	Mmm, how about a nice cup of tea?
7739	Swap this note at any bank for the equivalent item.
7740	A glass of frothy ale.
7741	Swap this note at any bank for the equivalent item.
7742	I need to fill this with beer.
7743	Swap this note at any bank for the equivalent item.
7744	Probably the finest readily-available ale in Asgarnia.
7745	Swap this note at any bank for the equivalent item.
7746	A glass of frothy ale.
7747	Swap this note at any bank for the equivalent item.
7748	A glass of bitter.
7749	Swap this note at any bank for the equivalent item.
7750	A foul smelling brew.
7751	Swap this note at any bank for the equivalent item.
7752	A glass of Cider
7753	Swap this note at any bank for the equivalent item.
7754	A fruity, full-bodied ale.
7755	Swap this note at any bank for the equivalent item.
7756	It's a Paintbrush.
7757	Swap this note at any bank for the equivalent item.
7758	A decent-enough weapon gone rusty.
7759	Nice bit of crafting.
7760	Swap this note at any bank for the equivalent item.
7761	Nice bit of crafting.
7762	Swap this note at any bank for the equivalent item.
7763	Nice bit of crafting!
7764	Swap this note at any bank for the equivalent item.
7765	Nice bit of crafting!
7766	Swap this note at any bank for the equivalent item.
7767	Nice bit of crafting!
7768	Swap this note at any bank for the equivalent item.
7769	Nice bit of crafting!
7770	Swap this note at any bank for the equivalent item.
7771	Inventory: Nice bit of crafting!As a follower: An amazing piece of crafting.
7772	Swap this note at any bank for the equivalent item.
7773	I can use this to make a lyre.
7774	Blue/Red/Yellow reward token exchanged at Burgh de Rott/Paterdomus.
7775	Blue/Red/Yellow reward token exchanged at Burgh de Rott/Paterdomus.
7776	Blue/Red/Yellow reward token exchanged at Burgh de Rott/Paterdomus.
7777	A long section of vine made up of lots of shorter sections.
7778	A short section of vines.
7779	A tome of learning that focuses on the Fishing skill.
7780	A tome of learning that focuses on the Fishing skill.
7781	A tome of learning that focuses on the Fishing skill.
7782	A tome of learning that focuses on Agility.
7783	A tome of learning that focuses on Agility.
7784	A tome of learning that focuses on Agility.
7785	A tome of learning that focuses on the Thieving skill.
7786	A tome of learning that focuses on the Thieving skill.
7787	A tome of learning that focuses on the Thieving skill.
7788	A tome of learning which focuses on the Slayer skill.
7789	A tome of learning which focuses on the Slayer skill.
7790	A tome of learning which focuses on the Slayer skill.
7791	A tome of learning that focuses on the Mining skill.
7792	A tome of learning that focuses on the Mining skill.
7793	A tome of learning that focuses on the Mining skill.
7794	A tome of learning that focuses on Firemaking.
7795	A tome of learning that focuses on Firemaking.
7796	A tome of learning that focuses on Firemaking.
7797	A tome of learning that focuses on the Woodcutting skill.
7798	A tome of learning that focuses on the Woodcutting skill.
7799	A tome of learning that focuses on the Woodcutting skill.
7800	A shell from a giant snail.
7801	Scaly but not slimy!
7802	Swap this note at any bank for the equivalent item.
7803	A non-magical copy of the make-over mage's amulet.
7804	It's a Picture.
7805	Swap this note at any bank for the equivalent item.
7806	A heavy duty sword.
7807	A heavy duty axe.
7808	A heavy duty mace.
7809	A heavy duty spear.
7810	This wine clearly did not age well.
7811	Well, this pot is certainly full of vinegar and no mistake.
7812	This needs a good polish.
7813	There is a goblin bone in here.
7814	This belongs in a museum!
7815	This needs a good polish.
7816	There is a bear bone in here.
7817	This belongs in a museum!
7818	This needs a good polish.
7819	There is a ram bone in here.
7820	This belongs in a museum!
7821	This needs a good polish.
7822	There is a unicorn bone in here.
7823	This belongs in a museum!
7824	This needs a good polish.
7825	There is a giant rat bone in here.
7826	This belongs in a museum!
7827	This needs a good polish.
7828	There is a giant bat bone in here.
7829	This belongs in a museum!
7830	This needs a good polish.
7831	There is a wolf bone in here.
7832	This belongs in a museum!
7833	This needs a good polish.
7834	There is a bat bone in here.
7835	This belongs in a museum!
7836	This needs a good polish.
7837	There is a rat bone in here.
7838	This belongs in a museum!
7839	This needs a good polish.
7840	There is a baby blue dragon bone in here.
7841	This belongs in a museum!
7842	This needs a good polish.
7843	There is a ogre bone in here.
7844	This belongs in a museum!
7845	This needs a good polish.
7846	There is a jogre bone in here.
7847	This belongs in a museum!
7848	This needs a good polish.
7849	There is a zogre bone in here.
7850	This belongs in a museum!
7851	This needs a good polish.
7852	There is a mogre bone in here.
7853	This belongs in a museum!
7854	This needs a good polish.
7855	There is a monkey bone in here.
7856	This belongs in a museum!
7857	This needs a good polish.
7858	There is a Dagannoth bone in here.
7859	This belongs in a museum!
7860	This needs a good polish.
7861	There is a snake bone in here.
7862	This belongs in a museum!
7863	This needs a good polish.
7864	There is a zombie bone in here.
7865	This belongs in a museum!
7866	This needs a good polish.
7867	There is a werewolf bone in here.
7868	This belongs in a museum!
7869	This needs a good polish.
7870	There is a moss giant bone in here.
7871	This belongs in a museum!
7872	This needs a good polish.
7873	There is a fire giant bone in here.
7874	This bone belongs in a museum!
7875	This needs a good polish.
7876	There is an ice giant bone in here.
7877	This belongs in a museum!
7878	This needs a good polish.
7879	There is a terrorbird bone in here.
7880	This belongs in a museum!
7881	This needs a good polish.
7882	There is a ghoul bone in here.
7883	This belongs in a museum!
7884	This needs a good polish.
7885	There is a troll bone in here.
7886	This belongs in a museum!
7887	This needs a good polish.
7888	There is a seagull bone in here.
7889	This belongs in a museum!
7890	This needs a good polish.
7891	There is an undead cow bone in here.
7892	This belongs in a museum!
7893	This needs a good polish.
7894	There is an experiment bone in here.
7895	This belongs in a museum!
7896	This needs a good polish.
7897	There is a rabbit bone in here.
7898	This belongs in a museum!
7899	This bone needs a good polish.
7900	There is a basilisk bone in here.
7901	This belongs in a museum!
7902	This needs a good polish.
7903	There is a desert lizard bone in here.
7904	This belongs in a museum!
7905	This needs a good polish.
7906	There is a cave goblin bone in here.
7907	This belongs in a museum!
7908	This needs a good polish.
7909	There is a big frog bone in here.
7910	This belongs in a museum!
7911	This needs a good polish.
7912	There is a vulture bone in here.
7913	This belongs in a museum!
7914	This needs a good polish.
7915	There is a jackal bone in here.
7916	This belongs in a museum!
7917	Makes me feel baaad to the bone.
7918	The Bonesack is a little old item that protects like leather.
7919	A very good vintage.
7920	Swap this note at any bank for the equivalent item.
7921	This one has clearly been taken down and passed around.
7922	The money off voucher has expired.
7927	A ring given to you by the Easter Bunny.
7928	Happy Easter.
7929	Happy Easter.
7930	Happy Easter.
7931	Happy Easter.
7932	Happy Easter.
7933	Happy Easter.
7934	A field ration to help your wounds go away.
7935	Swap this note at any bank for the equivalent item.
7936	An uncharged Rune Stone of extra capability.
7937	Swap this note at any bank for the equivalent item.
7938	It's a Bob.
7939	A word in your shell-like.
7940	Swap this note at any bank for the equivalent item.
7941	A sturdy sheet of iron.
7942	Perfect for storing. Not so good for eating.
7943	Perfect for storing. Not so good for eating.
7944	I should try cooking this.
7945	Swap this note at any bank for the equivalent item.
7946	A tasty fish.
7947	Swap this note at any bank for the equivalent item.
7948	It's a Burnt monkfish.
7949	Swap this note at any bank for the equivalent item.
7950	A highly portable army of skeletal magic.
7951	A book taken from the desk of Herman Caranos.
7952	Useless without the head.
7953	Swap this note at any bank for the equivalent item.
7954	It's a Burnt shrimp.
7955	Swap this note at any bank for the equivalent item.
7956	I hope there's treasure in it.
7957	A mostly clean apron.
7958	A prop for holding up a tunnel roof.
7959	A box full of stolen Etceterian items.
7960	It says 'To the dungeons' on the side.
7961	A diary with one/two/three/four/five page(s).
7962	A diary with one/two/three/four/five page(s).
7963	A diary with one/two/three/four/five page(s).
7964	A diary with one/two/three/four/five page(s).
7965	A diary with one/two/three/four/five page(s).
7966	It's a Letter.
7967	A dwarf-made coal engine. It looks very sturdy.
7968	It's a Scroll.
7969	A beam with a pulley attached.
7970	A long beam with a pulley attached.
7971	A very long beam with a pulley attached.
7972	The manual for an AMCE Lift-In-A-Box.
7973	A wooden beam.
7974	It's a Servant bell.
7975	I should get it stuffed!
7976	I should get it stuffed!
7977	I should get it stuffed!
7978	I should get it stuffed!
7979	I should get it stuffed!
7980	I should get it stuffed!
7981	I should get it stuffed!
7982	I could mount this on my wall!
7983	I could mount this on my wall!
7984	I could mount this on my wall!
7985	I could mount this on my wall!
7986	I could mount this on my wall!
7987	I could mount these on my wall!
7988	I could mount this on my wall!
7989	Whopper! I should get this stuffed!
7990	I should mount this on my wall!
7991	Whopper! I should get this stuffed!
7992	I should mount this on my wall!
7993	It's a monster! I should get this stuffed!
7994	I should mount this on my wall!
7995	A portrait of King Arthur.
7996	A portrait of Elena.
7997	A painting of the staute of King Alvis of Keldagrim
7998	A portrait of Prince Brand and Princess Astrid of Miscellania.
7999	It's a Desert painting.
8000	The exotic land of the Elves.
8001	The tropical coast of karamja.
8002	Oxtable's famous painting of the Lumbridge water mill.
8003	A painting of the spooky forests of morytania.
8004	It's a Small map.
8005	It's a Medium map.
8006	It's a Large map.
8007	A tablet containing a magic spell.
8008	A tablet containing a magic spell.
8009	A tablet containing a magic spell.
8010	A tablet containing a magic spell.
8011	A tablet containing a magic spell.
8012	A tablet containing a magic spell.
8013	A tablet containing a magic spell.
8014	A tablet containing a magic spell.
8015	A tablet containing a magic spell.
8016	A tablet containing a magic spell.
8017	A tablet containing a magic spell.
8018	A tablet containing a magic spell.
8019	A tablet containing a magic spell.
8020	A tablet containing a magic spell.
8021	A tablet containing a magic spell.
8022	It's a Telekinetic grab.
8023	It's a Boxing ring.
8024	It's a Fencing ring.
8025	It's a Combat ring.
8026	It's a Ranging pedestals.
8027	It's a Balance beam.
8028	It's a Glove rack.
8029	It's a Weapons rack.
8030	It's an Extra weapons rack.
8031	It's a Wooden bed.
8032	It's an Oak bed.
8033	It's a Large oak bed.
8034	It's a Teak bed.
8035	It's a Large teak bed.
8036	It's a 4-poster.
8037	It's a Gilded 4-poster.
8038	It's a Shoe box.
8039	It's an Oak drawers.
8040	It's an Oak wardrobe.
8041	It's a Teak drawers.
8042	It's a Teak wardrobe.
8043	It's a Mahogany 'drobe.
8044	It's a Gilded wardrobe.
8045	It's a Shaving stand.
8046	It's an Oak shaving stand.
8047	It's an Oak dresser.
8048	It's a Teak dresser.
8049	It's a Fancy teak dresser.
8050	It's a Mahogany dresser.
8051	It's a Gilded dresser.
8052	It's an Oak clock.
8053	It's a Teak clock.
8054	It's a Gilded clock.
8055	It's a Saradomin symbol.
8056	It's a Zamorak symbol.
8057	It's a Guthix symbol.
8058	It's a Saradomin icon.
8059	It's a Zamorak icon.
8060	It's a Guthix icon.
8061	It's an Icon of bob.
8062	It's an Oak altar.
8063	It's a Teak altar.
8064	It's a Cloth-cover'd altar.
8065	It's a Mahogany altar.
8066	It's a Limestone altar.
8067	It's a Marble altar.
8068	It's a Gilded altar.
8069	It's a Wooden torches.
8070	It's a Steel torches.
8071	It's a Steel candlesticks.
8072	It's a Gold candlesticks.
8073	It's an Incense burners.
8074	It's a Mahogany burners.
8075	It's a Marble burners.
8076	It's a Shuttered window.
8077	It's a Decorative window.
8078	It's a Stained glass.
8079	It's a Windchimes.
8080	It's a Bells.
8081	It's an Organ.
8082	It's a Small statues.
8083	It's a Medium statues.
8084	It's a Large statues.
8085	When unanimated: A dusty old suit of armour. When animated: Aaargh, it's alive!
8086	It's a Small portrait.
8087	It's a Minor head.
8088	It's a Medium head.
8089	It's a Major head.
8090	It's a Mounted sword.
8091	It's a Small landscape.
8092	It's a Guild trophy.
8093	It's a Large portrait.
8094	It's a Large landscape.
8095	It's a Rune display case.
8096	It's a Low-level plants.
8097	It's a Mid-level plants.
8098	It's an High-level plants.
8099	It's a Rope bell-pull.
8100	It's a Bell-pull.
8101	It's a Posh bell-pull.
8102	It's an Oak decoration.
8103	It's a Teak decoration.
8104	It's a Gilded decoration.
8105	It's a Round shield.
8106	It's a Square shield.
8107	It's a Kite shield.
8108	It's a Wooden bench.
8109	It's an Oak bench.
8110	It's a Carved oak bench.
8111	It's a Teak dining bench.
8112	It's a Carved teak bench.
8113	It's a Mahogany bench.
8114	It's a Gilded bench.
8115	It's a Wood dining table.
8116	It's an Oak dining table.
8117	It's a Carved oak table.
8118	It's a Teak table.
8119	It's a Carved teak table.
8120	It's a Mahogany table.
8121	It's an Opulent table.
8122	It's an Oak door.
8123	It's a Steel-plated door.
8124	It's a Marble door.
8125	It's a Decorative blood.
8126	It's a Decorative pipe.
8127	It's an Hanging skeleton.
8128	A candle.
8129	It's a Torches.
8130	It's a Skull torches.
8131	It's a Skeleton guard.
8132	He doesn't seem pleased to see me./Beware of the dog! (Construction)
8133	He doesn't look very welcoming.
8134	Young but still dangerous.
8135	No spider could grow that big! It's unrealistic!
8136	It's a Troll guard.
8137	(Level 122)
8138	It's a Demon.
8139	I don't think insect repellent will work...
8140	The Tok-Xil fires deadly spines out of its arm, projected by its own heat.
8141	It's a Dagannoth.
8142	Its scales seem to be made of steel.
8143	It's a Spike trap.
8144	It's a Man trap.
8145	It's a Tangle vine.
8146	It's a Marble trap.
8147	It's a Teleport trap.
8148	It's a Wooden crate.
8149	It's an Oak chest.
8150	It's a Teak chest.
8151	It's a Mahogany chest.
8152	It's a Magic chest.
8153	It's a Clay attack stone.
8154	It's an Attack stone.
8155	It's a Marble att. stone.
8156	It's a Magical balance 1.
8157	It's a Magical balance 2.
8158	It's a Magical balance 3.
8159	It's a Jester.
8160	It's a Treasure hunt.
8161	It's an Hangman game.
8162	It's an Hoop and stick.
8163	It's a Dartboard.
8164	It's an Archery target.
8165	It's an Oak prize chest.
8166	It's a Teak prize chest.
8167	It's a Mahogany chest.
8168	It's an Exit portal.
8169	It's a Decorative rock.
8170	It's a Pond.
8171	It's an Imp statue.
8172	It's a Dungeon entrance.
8173	It's a Tree.
8174	It's a Nice tree.
8175	It's an Oak tree.
8176	It's a Willow tree.
8177	It's a Maple tree.
8178	It's a Yew tree.
8179	It's a Magic tree.
8180	It's a Plant.
8181	It's a Small fern.
8182	It's a Fern.
8183	It's a Dock leaf.
8184	It's a Thistle.
8185	It's a Reeds.
8186	It's a Fern.
8187	It's a Bush.
8188	It's a Tall plant.
8189	It's a Short plant.
8190	It's a Large-leaf plant.
8191	It's an Huge plant.
8192	It's a Gazebo.
8193	It's a Small fountain.
8194	It's a Large fountain.
8195	It's a Posh fountain.
8196	It's a Boundary stones.
8197	It's a Wooden fence.
8198	It's a Stone wall.
8199	It's an Iron railings.
8200	It's a Picket fence.
8201	It's a Garden fence.
8202	It's a Marble wall.
8203	You can plant this in your garden.
8204	You can plant this in your garden.
8205	You can plant this in your garden.
8206	You can plant this in your garden.
8207	You can plant this in your garden.
8208	You can plant this in your garden.
8209	It's a Tall box hedge.
8210	Some rosemary.
8211	It's a Daffodils.
8212	It's a Bluebells.
8213	It's a Sunflower.
8214	A bunch of marigolds.
8215	It's a Roses.
8216	It's a Firepit.
8217	It's a Firepit with hook.
8218	It's a Firepit with pot.
8219	It's a Small oven.
8220	It's a Large oven.
8221	It's a Steel range.
8222	It's a Fancy range.
8223	It's a Wooden shelves 1.
8224	It's a Wooden shelves 2.
8225	It's a Wooden shelves 3.
8226	It's an Oak shelves 1.
8227	It's an Oak shelves 2.
8228	It's a Teak shelves 1.
8229	It's a Teak shelves 2.
8230	It's a Pump and drain.
8231	It's a Pump and tub.
8232	It's a Sink.
8233	It's a Wooden larder.
8234	It's an Oak larder.
8235	It's a Teak larder.
8236	It's a Cat blanket.
8237	It's a Cat basket.
8238	It's a Cushioned basket.
8239	It's a Beer barrel.
8240	It's a Cider barrel.
8241	Probably the finest readily-available ale in Asgarnia.
8242	A glass of frothy ale.
8243	A glass of bitter.
8244	A fruity, full-bodied ale.
8245	It's a Blank poh entity.
8246	It's a Wood kitchen table.
8247	It's an Oak kitchen table.
8248	It's a Teak kitchen table.
8249	It's an Oak staircase.
8250	It's an Oak staircase.
8251	It's an Oak staircase.
8252	It's a Teak staircase.
8253	It's a Teak staircase.
8254	It's a Teak staircase.
8255	It's a Marble staircase.
8256	It's a Marble staircase.
8257	It's a Marble staircase.
8258	It's a Spiral staircase.
8259	It's a Marble spiral.
8260	A trophy of a mighty slayer!
8261	A trophy of a mighty slayer!
8262	A trophy of a mighty slayer!
8263	A trophy of a mighty slayer!
8264	A trophy of a mighty slayer!!
8265	A trophy of a mighty dragon-slayer!
8266	A trophy of a mighty kalphite slayer!
8267	It's a Mounted bass.
8268	It's a Mounted swordfish.
8269	It's a Mounted shark.
8270	It's a Mithril armour.
8271	It's an Adamantite armour.
8272	It's a Runite armour.
8273	It's a Cw armour 1.
8274	It's a Cw armour 2.
8275	It's a Cw armour 3.
8276	It's a Rune case 1.
8277	It's a Rune case 2.
8278	It's a Rune case 3.
8279	The magical sword 'Silverlight'. / The magical sword 'Silverlight', stained black with mushroom ink. (during Shadow of the Storm)
8280	This used to belong to King Arthur.
8281	The magical sword Silverlight, enhanced with the blood of Agrith-Naar.
8282	This provides partial protection from dragon-breath attacks.
8283	A very powerful dragonstone amulet.
8284	The cape worn by members of the Legends Guild.
8285	Legendary King of the Britons.
8286	She looks concerned.
8287	It's a Giant dwarf.
8288	It's a Miscellanians.
8289	It's a Lumbridge.
8290	It's a The desert.
8291	It's a Morytania.
8292	It's a Karamja.
8293	It's an Isafdar.
8294	It's a Small map.
8295	It's a Medium map.
8296	It's a Large map.
8297	It's an Oak cage.
8298	It's an Oak and steel cage.
8299	It's a Steel cage.
8300	It's a Spiked cage.
8301	It's a Bone cage.
8302	It's a Spikes.
8303	It's a Tentacle pool.
8304	It's a Flame pit.
8305	It's full of pent-up aggression.
8306	It's an Oak ladder.
8307	It's a Teak ladder.
8308	It's a Mahogany ladder.
8309	It's a Crude wooden chair.
8310	It's a Wooden chair.
8311	It's a Rocking chair.
8312	It's an Oak chair.
8313	It's an Oak armchair.
8314	It's a Teak armchair.
8315	It's a Mahogany armchair.
8316	It's a Brown rug.
8317	It's a Rug.
8318	It's an Opulent rug.
8319	It's a Wooden bookcase.
8320	It's an Oak bookcase.
8321	It's a Mahogany b'kcase.
8322	It's a Torn curtains.
8323	It's a Curtains.
8324	It's an Opulent curtains.
8325	It's a Clay fireplace.
8326	It's a Stone fireplace.
8327	It's a Marble fireplace.
8328	It's a Teak portal.
8329	It's a Mahogany portal.
8330	It's a Marble portal.
8331	It's a Teleport focus.
8332	It's a Greater focus.
8333	It's a Scrying pool.
8334	It's an Oak lectern.
8335	It's an Eagle lectern.
8336	It's a Demon lectern.
8337	It's a Teak eagle lectern.
8338	It's a Teak demon lectern.
8339	It's a Mahogany eagle.
8340	It's a Mahogany demon.
8341	It's a Globe.
8342	It's an Ornamental globe.
8343	It's a Lunar globe.
8344	It's a Celestial globe.
8345	It's an Armillary sphere.
8346	It's a Small orrery.
8347	It's a Large orrery.
8348	It's a Wooden telescope.
8349	It's a Teak telescope.
8350	It's a Mahogany 'scope.
8351	It's a Crystal ball.
8352	It's an Elemental sphere.
8353	It's a Crystal of power.
8354	It's an Alchemical chart.
8355	It's an Astronomical chart.
8356	It's an Infernal chart.
8357	It's an Oak throne.
8358	It's a Teak throne.
8359	It's a Mahogany throne.
8360	It's a Gilded throne.
8361	It's a Skeleton throne.
8362	It's a Crystal throne.
8363	It's a Demonic throne.
8364	It's an Oak lever.
8365	It's a Teak lever.
8366	It's a Mahogany lever.
8367	It's a Trapdoor.
8368	It's a Trapdoor.
8369	It's a Trapdoor.
8370	It's a Floor decoration.
8371	It's a Steel cage.
8372	It's a Trapdoor.
8373	It's a Lesser magic cage.
8374	It's a Greater magic cage.
8375	It's a Wooden workbench.
8376	It's an Oak workbench.
8377	It's a Steel framed bench.
8378	It's a Bench with vice.
8379	It's a Bench with lathe.
8380	It's a Crafting table 1.
8381	It's a Crafting table 2.
8382	It's a Crafting table 3.
8383	It's a Crafting table 4.
8384	It's a Tool store 1.
8385	It's a Tool store 2.
8386	It's a Tool store 3.
8387	It's a Tool store 4.
8388	It's a Tool store 5.
8389	It's a Repair bench.
8390	It's a Whetstone.
8391	It's an Armour stand.
8392	It's a Pluming stand.
8393	It's a Shield easel.
8394	It's a Banner easel.
8395	It's a Parlour.
8396	It's a Kitchen.
8397	It's a Dining room.
8398	It's a Bedroom.
8399	It's a Games room.
8400	It's a Combat room.
8401	It's an Hall.
8402	It's an Hall.
8403	It's an Hall.
8404	It's an Hall.
8405	It's a Chapel.
8406	It's a Workshop.
8407	It's a Study.
8408	It's a Portal chamber.
8409	It's a Throne room.
8410	It's an Oubliette.
8411	It's a Dungeon corridor.
8412	It's a Dungeon cross.
8413	It's a Dungeon stairs.
8414	It's a Treasure room.
8415	It's a Garden.
8416	It's a Formal garden.
8417	You can plant this in your garden.
8418	Swap this note at any bank for the equivalent item.
8419	You can plant this in your garden.
8420	Swap this note at any bank for the equivalent item.
8421	You can plant this in your garden.
8422	Swap this note at any bank for the equivalent item.
8423	You can plant this in your garden.
8424	Swap this note at any bank for the equivalent item.
8425	You can plant this in your garden.
8426	Swap this note at any bank for the equivalent item.
8427	You can plant this in your garden.
8428	Swap this note at any bank for the equivalent item.
8429	You can plant this in your garden.
8430	Swap this note at any bank for the equivalent item.
8431	You can plant this in your garden.
8432	Swap this note at any bank for the equivalent item.
8433	You can plant this in your garden.
8434	Swap this note at any bank for the equivalent item.
8435	You can plant this in your garden.
8436	Swap this note at any bank for the equivalent item.
8437	You can plant this in your garden.
8438	Swap this note at any bank for the equivalent item.
8439	You can plant this in your garden.
8440	Swap this note at any bank for the equivalent item.
8441	You can plant this in your garden.
8442	Swap this note at any bank for the equivalent item.
8443	You can plant this in your garden.
8444	Swap this note at any bank for the equivalent item.
8445	You can plant this in your garden.
8446	Swap this note at any bank for the equivalent item.
8447	You can plant this in your garden.
8448	Swap this note at any bank for the equivalent item.
8449	You can plant this in your garden.
8450	Swap this note at any bank for the equivalent item.
8451	You can plant this in your garden.
8452	Swap this note at any bank for the equivalent item.
8453	You can plant this in your garden.
8454	Swap this note at any bank for the equivalent item.
8455	You can plant this in your garden.
8456	Swap this note at any bank for the equivalent item.
8457	You can plant this in your garden.
8458	Swap this note at any bank for the equivalent item.
8459	You can plant this in your garden.
8460	Swap this note at any bank for the equivalent item.
8461	You can plant this in your garden.
8462	Swap this note at any bank for the equivalent item.
8463	How to build a house.
8464	The colours represent the symbol of Arrav.
8465	It's a Whoopsie.
8466	The colours represent Asgarnia.
8467	It's a Whoopsie.
8468	The colours represent the Dorgeshuun brooch.
8469	It's a Whoopsie.
8470	The colours represent a dragon.
8471	It's a Whoopsie.
8472	The colours represent a fairy.
8473	It's a Whoopsie.
8474	The colours represent Guthix.
8475	It's a Whoopsie.
8476	The colours represent the HAM cult.
8477	It's a Whoopsie.
8478	The colours represent the mythical 'horse'.
8479	It's a Whoopsie.
8480	The colours represent a Jogre.
8481	It's a Whoopsie.
8482	The colours represent Kandarin.
8483	It's a Whoopsie.
8484	The colours represent Misthalin.
8485	It's a Whoopsie.
8486	The colours represent money.
8487	It's a Whoopsie.
8488	The colours represent Saradomin.
8489	It's a Whoopsie.
8490	The colours represent Zamorak.
8491	It's a Whoopsie.
8492	The colours represent Varrock.
8493	It's a Whoopsie.
8494	The colours represent crest.
8495	It's a Whoopsie.
8496	A ready-to-assemble crude chair.
8497	Swap this note at any bank for the equivalent item.
8498	A ready-to-assemble wooden chair.
8499	Swap this note at any bank for the equivalent item.
8500	A ready-to-assemble rocking chair.
8501	Swap this note at any bank for the equivalent item.
8502	A ready-to-assemble oak chair.
8503	Swap this note at any bank for the equivalent item.
8504	A ready-to-assemble oak armchair.
8505	Swap this note at any bank for the equivalent item.
8506	A ready-to-assemble teak armchair.
8507	Swap this note at any bank for the equivalent item.
8508	A ready-to-assemble mahogany armchair.
8509	Swap this note at any bank for the equivalent item.
8510	A ready-to-assemble wooden bookcase.
8511	Swap this note at any bank for the equivalent item.
8512	A ready-to-assemble oak bookcase.
8513	Swap this note at any bank for the equivalent item.
8514	A ready-to-assemble mahogany bookcase.
8515	Swap this note at any bank for the equivalent item.
8516	A ready-to-assemble beer barrel.
8517	Swap this note at any bank for the equivalent item.
8518	A ready-to-assemble cider barrel.
8519	Swap this note at any bank for the equivalent item.
8520	A ready-to-assemble barrel of Asgarnian Ale.
8521	Swap this note at any bank for the equivalent item.
8522	A ready-to-assemble barrel of Greenman's Ale.
8523	Swap this note at any bank for the equivalent item.
8524	A ready-to-assemble barrel of Dragon Bitter.
8525	Swap this note at any bank for the equivalent item.
8526	A ready-to-assemble barrel of Chef's Delight.
8527	Swap this note at any bank for the equivalent item.
8528	A ready-to-assemble wooden kitchen table.
8529	Swap this note at any bank for the equivalent item.
8530	A ready-to-assemble oak kitchen table.
8531	Swap this note at any bank for the equivalent item.
8532	A ready-to-assemble teak kitchen table.
8533	Swap this note at any bank for the equivalent item.
8534	It's an Oak lectern.
8535	Swap this note at any bank for the equivalent item.
8536	It's an Eagle lectern.
8537	Swap this note at any bank for the equivalent item.
8538	It's a Demon lectern.
8539	Swap this note at any bank for the equivalent item.
8540	It's a Teak eagle lectern.
8541	Swap this note at any bank for the equivalent item.
8542	It's a Teak demon lectern.
8543	Swap this note at any bank for the equivalent item.
8544	It's a Mahogany eagle.
8545	Swap this note at any bank for the equivalent item.
8546	It's a Mahogany demon.
8547	Swap this note at any bank for the equivalent item.
8548	A ready-to-assemble wooden dining table.
8549	Swap this note at any bank for the equivalent item.
8550	A ready-to-assemble oak dining table.
8551	Swap this note at any bank for the equivalent item.
8552	A ready-to-assemble carved oak dining table.
8553	Swap this note at any bank for the equivalent item.
8554	A ready-to-assemble teak dining table.
8555	Swap this note at any bank for the equivalent item.
8556	A ready-to-assemble carved teak dining table.
8557	Swap this note at any bank for the equivalent item.
8558	A ready-to-assemble mahogany dining table.
8559	Swap this note at any bank for the equivalent item.
8560	A ready-to-assemble opulent dining table.
8561	Swap this note at any bank for the equivalent item.
8562	A ready-to-assemble wooden dining bench.
8563	Swap this note at any bank for the equivalent item.
8564	A ready-to-assemble oak dining bench.
8565	Swap this note at any bank for the equivalent item.
8566	A ready-to-assemble carved oak dining bench.
8567	Swap this note at any bank for the equivalent item.
8568	A ready-to-assemble teak dining bench.
8569	Swap this note at any bank for the equivalent item.
8570	A ready-to-assemble carved teak dining bench.
8571	Swap this note at any bank for the equivalent item.
8572	A ready-to-assemble mahogany dining bench.
8573	Swap this note at any bank for the equivalent item.
8574	A ready-to-assemble gilded mahogany dining bench.
8575	Swap this note at any bank for the equivalent item.
8576	A ready-to-assemble wooden bed.
8577	Swap this note at any bank for the equivalent item.
8578	A ready-to-assemble oak bed.
8579	Swap this note at any bank for the equivalent item.
8580	A ready-to-assemble large oak bed.
8581	Swap this note at any bank for the equivalent item.
8582	A ready-to-assemble teak bed.
8583	Swap this note at any bank for the equivalent item.
8584	A ready-to-assemble large teak bed.
8585	Swap this note at any bank for the equivalent item.
8586	A ready-to-assemble four-poster bed.
8587	Swap this note at any bank for the equivalent item.
8588	A ready-to-assemble gilded four-poster bed.
8589	Swap this note at any bank for the equivalent item.
8590	A ready-to-assemble oak clock.
8591	Swap this note at any bank for the equivalent item.
8592	A ready-to-assemble teak clock.
8593	Swap this note at any bank for the equivalent item.
8594	A ready-to-assemble gilded mahogany clock.
8595	Swap this note at any bank for the equivalent item.
8596	A ready-to-assemble shaving stand.
8597	Swap this note at any bank for the equivalent item.
8598	A ready-to-assemble oak shaving stand.
8599	Swap this note at any bank for the equivalent item.
8600	A ready-to-assemble oak dresser.
8601	Swap this note at any bank for the equivalent item.
8602	A ready-to-assemble teak dresser.
8603	Swap this note at any bank for the equivalent item.
8604	A ready-to-assemble fancy teak dresser.
8605	Swap this note at any bank for the equivalent item.
8606	A ready-to-assemble mahogany dresser.
8607	Swap this note at any bank for the equivalent item.
8608	A ready-to-assemble gilded dresser.
8609	Swap this note at any bank for the equivalent item.
8610	A ready-to-assemble shoe box.
8611	Swap this note at any bank for the equivalent item.
8612	A ready-to-assemble oak chest of drawers.
8613	Swap this note at any bank for the equivalent item.
8614	A ready-to-assemble oak bedroom wardrobe.
8615	Swap this note at any bank for the equivalent item.
8616	A ready-to-assemble teak chest of drawers.
8617	Swap this note at any bank for the equivalent item.
8618	A ready-to-assemble teak bedroom wardrobe.
8619	Swap this note at any bank for the equivalent item.
8620	A ready-to-assemble mahogany bedroom wardrobe.
8621	Swap this note at any bank for the equivalent item.
8622	A ready-to-assemble gilded mahogany bedroom wardrobe.
8623	Swap this note at any bank for the equivalent item.
8624	It's a Crystal ball.
8625	Swap this note at any bank for the equivalent item.
8626	It's an Elemental sphere.
8627	Swap this note at any bank for the equivalent item.
8628	It's a Crystal of power.
8629	Swap this note at any bank for the equivalent item.
8630	It's a Globe.
8631	Swap this note at any bank for the equivalent item.
8632	It's an Ornamental globe.
8633	Swap this note at any bank for the equivalent item.
8634	It's a Lunar globe.
8635	Swap this note at any bank for the equivalent item.
8636	It's a Celestial globe.
8637	Swap this note at any bank for the equivalent item.
8638	It's an Armillary sphere.
8639	Swap this note at any bank for the equivalent item.
8640	It's a Small orrery.
8641	Swap this note at any bank for the equivalent item.
8642	It's a Large orrery.
8643	Swap this note at any bank for the equivalent item.
8644	It's a Wooden telescope.
8645	Swap this note at any bank for the equivalent item.
8646	It's a Teak telescope.
8647	Swap this note at any bank for the equivalent item.
8648	It's a Mahogany 'scope.
8649	Swap this note at any bank for the equivalent item.
8650	A banner with the symbol of Arrav.
8651	It's a Whoopsie.
8652	A banner with the symbol of Asgarnia.
8653	It's a Whoopsie.
8654	A banner with a picture of the Dorgeshuun brooch.
8655	It's a Whoopsie.
8656	A banner with the picture of a dragon.
8657	It's a Whoopsie.
8658	A banner with the symbol of a fairy.
8659	It's a Whoopsie.
8660	A banner with the symbol of Guthix.
8661	It's a Whoopsie.
8662	A banner with the symbol of the HAM cult.
8663	It's a Whoopsie.
8664	A banner with the picture of the mythical 'horse'.
8665	It's a Whoopsie.
8666	A banner with the picture of a Jogre.
8667	It's a Whoopsie.
8668	A banner with the symbol of Kandarin.
8669	It's a Whoopsie.
8670	A banner with the symbol of Misthalin.
8671	It's a Whoopsie.
8672	A banner with the picture of a money-bag.
8673	It's a Whoopsie.
8674	A banner with the symbol of Saradomin.
8675	It's a Whoopsie.
8676	A banner with the picture of a skull.
8677	It's a Whoopsie.
8678	A banner with the symbol of Varrock.
8679	It's a Whoopsie.
8680	A banner with the symbol of Zamorak.
8681	It's a Whoopsie.
8682	The colours represent the symbol of Arrav.
8683	It's a Whoopsie.
8684	The colours represent Asgarnia.
8685	It's a Whoopsie.
8686	The colours represent the Dorgeshuun brooch.
8687	It's a Whoopsie.
8688	The colours represent a dragon.
8689	It's a Whoopsie.
8690	The colours represent a fairy.
8691	It's a Whoopsie.
8692	The colours represent Guthix.
8693	It's a Whoopsie.
8694	The colours represent the HAM cult.
8695	It's a Whoopsie.
8696	The colours represent the mythical 'horse'.
8697	It's a Whoopsie.
8698	The colours represent a Jogre.
8699	It's a Whoopsie.
8700	The colours represent Kandarin.
8701	It's a Whoopsie.
8702	The colours represent Misthalin.
8703	It's a Whoopsie.
8704	The colours represent money.
8705	It's a Whoopsie.
8706	The colours represent Saradomin.
8707	It's a Whoopsie.
8708	The colours represent a skull.
8709	It's a Whoopsie.
8710	The colours represent Varrock.
8711	It's a Whoopsie.
8712	The colours represent Zamorak.
8713	It's a Whoopsie.
8714	A shield with the symbol of Arrav.
8715	It's a Whoopsie.
8716	A shield with the symbol of Asgarnia.
8717	It's a Whoopsie.
8718	A shield with a picture of the Dorgeshuun brooch.
8719	It's a Whoopsie.
8720	A shield with the picture of a dragon.
8721	It's a Whoopsie.
8722	A shield with the picture of a fairy.
8723	It's a Whoopsie.
8724	A shield with the symbol of Guthix.
8725	It's a Whoopsie.
8726	A shield with the symbol of HAM.
8727	It's a Whoopsie.
8728	A shield with a picture of the mythical 'horse'.
8729	It's a Whoopsie.
8730	A shield with the picture of a Jogre.
8731	It's a Whoopsie.
8732	A shield with the symbol of Kandarin.
8733	It's a Whoopsie.
8734	A shield with the symbol of Misthalin.
8735	It's a Whoopsie.
8736	A shield with the picture of a money-bag.
8737	It's a Whoopsie.
8738	A shield with the symbol of Saradomin.
8739	It's a Whoopsie.
8740	A shield with the picture of a skull.
8741	It's a Whoopsie.
8742	A shield with the symbol of Varrock.
8743	It's a Whoopsie.
8744	A shield with the symbol of Zamorak.
8745	It's a Whoopsie.
8746	A shield with the symbol of Arrav.
8747	It's a Whoopsie.
8748	A shield with the symbol of Asgarnia.
8749	It's a Whoopsie.
8750	A shield with a picture of the Dorgeshuun brooch.
8751	It's a Whoopsie.
8752	A shield with the picture of a dragon.
8753	It's a Whoopsie.
8754	A shield with the picture of a fairy.
8755	It's a Whoopsie.
8756	A shield with the symbol of Guthix.
8757	It's a Whoopsie.
8758	A shield with the symbol of HAM.
8759	It's a Whoopsie.
8760	A shield with a picture of the mythical 'horse'.
8761	It's a Whoopsie.
8762	A shield with the picture of a Jogre.
8763	It's a Whoopsie.
8764	A shield with the symbol of Kandarin.
8765	It's a Whoopsie.
8766	A shield with the symbol of Misthalin.
8767	It's a Whoopsie.
8768	A shield with the picture of a money-bag.
8769	It's a Whoopsie.
8770	A shield with the symbol of Saradomin.
8771	It's a Whoopsie.
8772	A shield with the picture of a skull.
8773	It's a Whoopsie.
8774	A shield with the symbol of Varrock.
8775	It's a Whoopsie.
8776	A shield with the symbol of Zamorak.
8777	It's a Whoopsie.
8778	A plank of sturdy oak.
8779	Swap this note at any bank for the equivalent item.
8780	A plank of fine teak.
8781	Swap this note at any bank for the equivalent item.
8782	A plank of expensive mahogany.
8783	Swap this note at any bank for the equivalent item.
8784	A very delicate sheet of gold.
8785	Swap this note at any bank for the equivalent item.
8786	A beautifully carved marble block.
8787	Swap this note at any bank for the equivalent item.
8788	A magic stone to make high-level furniture.
8789	Swap this note at any bank for the equivalent item.
8790	A bolt of ordinary cloth.
8791	Swap this note at any bank for the equivalent item.
8792	A clockwork mechanism.
8793	Swap this note at any bank for the equivalent item.
8794	Good for cutting wood.
8795	Swap this note at any bank for the equivalent item.
8796	It's a Thing.
8797	Swap this note at any bank for the equivalent item.
8836	Swap this note at any bank for the equivalent item.
8837	A hefty beam of timber, perfect for building temples.
8838	Swap this note at any bank for the equivalent item.
8839	Torso armour from the order of the Void Knights.
8840	Leg armour of the order of the Void Knights.
8841	A mace used by the order of the Void Knights.
8842	Gloves as used by the order of the Void Knights.
8844	A defensive weapon.
8845	A defensive weapon.
8846	A defensive weapon.
8847	A defensive weapon.
8848	A defensive weapon.
8849	A defensive weapon.
8850	A defensive weapon.
8851	Warrior Guild Token.
8856	Large, round, heavy shield.
8857	It's a Shot.
8858	Just landed 18lb shot.
8859	Just landed 22lb shot.
8860	To put on your head.
8861	To put on your head.
8862	To put on your head.
8863	To put on your head.
8864	To put on your head.
8865	A heap of finely ground ashes.
8866	It's a Steel key.
8867	It's a Bronze key.
8868	It's a Silver key.
8869	A key made of solid iron.
8870	See article
8871	It's got Zanik in it.
8872	A powerful dagger.
8873	Swap this note at any bank for the equivalent item.
8874	A powerful dagger.
8875	Swap this note at any bank for the equivalent item.
8876	A powerful dagger.
8877	Swap this note at any bank for the equivalent item.
8878	A powerful dagger.
8879	Swap this note at any bank for the equivalent item.
8880	This fires crossbow bolts.
8881	Swap this note at any bank for the equivalent item.
8882	Good if you have a bone crossbow!
8887	See article
8888	It's a Zanik (ham).
8889	It's a Zanik (showdown).
8890	Lovely money!
8900	A horrible, emaciated ape like creature with beady red eyes.
8901	A magic cave horror mask.
8902	Swap this note at any bank for the equivalent item.
8903	A magic cave horror mask.
8904	Swap this note at any bank for the equivalent item.
8905	A magic cave horror mask.
8906	Swap this note at any bank for the equivalent item.
8907	A magic cave horror mask.
8908	Swap this note at any bank for the equivalent item.
8909	A magic cave horror mask.
8910	Swap this note at any bank for the equivalent item.
8911	A magic cave horror mask.
8912	Swap this note at any bank for the equivalent item.
8913	A magic cave horror mask.
8914	Swap this note at any bank for the equivalent item.
8915	A magic cave horror mask.
8916	Swap this note at any bank for the equivalent item.
8917	A magic cave horror mask.
8918	Swap this note at any bank for the equivalent item.
8919	A magic cave horror mask.
8920	Swap this note at any bank for the equivalent item.
8921	An inert-seeming cave horror mask.
8922	Swap this note at any bank for the equivalent item.
8923	A stick on a string... pure style.
8924	A white bandana and a patch for the right eye.
8925	A red bandana and a patch for the right eye.
8926	A blue bandana and a patch for the right eye.
8927	A brown bandana and a patch for the right eye.
8928	A pirate hat and a patch for the right eye.
8929	Tied together so they don't come apart.
8930	Crude wooden pipe section.
8931	Swap this note at any bank for the equivalent item.
8932	Repairs made with this will be patchy at best.
8933	Swap this note at any bank for the equivalent item.
8934	Slimy logs from the scrapey tree.
8935	Swap this note at any bank for the equivalent item.
8936	Very blue.
8937	Swap this note at any bank for the equivalent item.
8938	Very red.
8939	Swap this note at any bank for the equivalent item.
8940	It's a Rum.
8941	It's a Rum.
8942	It's a Monkey.
8943	Bluuuuuuuue Monkeeeeeeey!
8944	Bluuuuuuuue Monkeeeeeeey!
8945	Bluuuuuuuue Monkeeeeeeey!
8946	A well red monkey.
8947	A well red monkey.
8948	A well red monkey.
8949	Essential pirate wear.
8950	Shiver me timbers!
8951	Piratical currency.
8952	...You can sail the seven seas...
8953	...You can sail the seven seas...
8954	...You can sail the seven seas...
8955	...You can sail the seven seas...
8956	...You can sail the seven seas...
8957	...You can sail the seven seas...
8958	...You can sail the seven seas...
8959	I could never look square in this.
8960	I could never look square in this.
8961	I could never look square in this.
8962	I could never look square in this.
8963	I could never look square in this.
8964	I could never look square in this.
8965	I could never look square in this.
8966	The flag of The Cutthroat.
8967	The flag of The Guilded Smile.
8968	The flag of The Bronze Fist.
8969	The flag of The Lucky Shot.
8970	The flag of The Treasure Trove.
8971	The flag of The Phasmatys Pride.
8972	A Bowl of red water.
8973	Swap this note at any bank for the equivalent item.
8974	A Bowl of blue water.
8975	Swap this note at any bank for the equivalent item.
8976	Monkeys seem to like throwing these.
8977	Greasy bark from the scrapey tree.
8978	Swap this note at any bank for the equivalent item.
8979	Caution; not for use over troubled water.
8980	Swap this note at any bank for the equivalent item.
8981	Better than sea slugs.
8982	Swap this note at any bank for the equivalent item.
8986	It's an empty bucket.
8987	It's a Torch.
8988	Apparently good for brewing.
8989	A how-to of brewing and arson.
8990	A how-to of brewing and arson.
8991	Not for slackers
8992	Not for slackers
8993	Not for slackers
8994	Not for slackers
8995	Not for slackers
8996	Not for slackers
8997	Not for slackers
8998	Swap this note at any bank for the equivalent item.
8999	Swap this note at any bank for the equivalent item.
9000	Swap this note at any bank for the equivalent item.
9001	Swap this note at any bank for the equivalent item.
9002	Swap this note at any bank for the equivalent item.
9003	WARNING: Contains information which could make your account secure!
9004	Information regarding the Stronghold of Security.
9005	Very nice boots from the Stronghold of Security.
9006	Very nice boots from the Stronghold of Security.
9007	Ooooh spooky!
9008	Ooooh spooky!
9009	Seems to be for use with a staff or sceptre of some sort.
9010	Top half of a broken sceptre.
9011	Bottom half of a broken sceptre.
9012	Sceptre with runes on it, seems to be missing something.
9013	A fragile magical Sceptre.
9014	Swap this note at any bank for the equivalent item.
9015	Swap this note at any bank for the equivalent item.
9016	Oversized nail clippings.
9017	A flower with magical properties.
9018	Ground-down gorak claws.
9019	I need another ingredient to finish this Magic essence potion.
9020	Contains the Fairy Queen's magical essence.
9021	4 doses of Magic essence potion.
9022	3 doses of Magic essence potion.
9023	2 doses of Magic essence potion.
9024	1 doses of Magic essence potion.
9025	A scroll that says she's a healer, that's Fairy Nuff.
9026	Simon Templeton at the Agility Pyramid will give me 50 coins for this.
9027	Swap this note at any bank for the equivalent item.
9028	Simon Templeton at the Agility Pyramid will give me 1000 coins for this.
9029	Swap this note at any bank for the equivalent item.
9030	Little ornament in the shape of a scarab.
9031	Swap this note at any bank for the equivalent item.
9032	A small pottery scarab.
9033	Swap this note at any bank for the equivalent item.
9034	A small golden statuette.
9035	Swap this note at any bank for the equivalent item.
9036	A small pottery statuette.
9037	Swap this note at any bank for the equivalent item.
9038	A small stone statuette.
9039	Swap this note at any bank for the equivalent item.
9040	Simon Templeton at the Agility Arena will give me 750 coins for this.
9041	Swap this note at any bank for the equivalent item.
9042	Simon Templeton at the Agility Pyramid will give me 150 coins for this.
9043	Swap this note at any bank for the equivalent item.
9044	This sceptre is fully charged.
9045	Swap this note at any bank for the equivalent item.
9046	This sceptre has two charges left.
9047	Swap this note at any bank for the equivalent item.
9048	This sceptre has one charge left.
9049	Swap this note at any bank for the equivalent item.
9050	This sceptre has no charges left.
9051	Swap this note at any bank for the equivalent item.
9052	Delicious and nutritious. Well, nutritious anyway.
9053	Swap this note at any bank for the equivalent item.
9054	Armour designed to fit goblins.
9055	Armour designed to fit goblins.
9056	Armour designed to fit goblins.
9057	Armour designed to fit goblins.
9058	Armour designed to fit goblins.
9059	Armour designed to fit goblins.
9064	A mystical lantern casting a green beam.
9065	A mystical lantern casting a green beam.
9066	A roughly circular disc of glass.
9067	A log of my thoughts...
9068	Mystical headgear.
9069	A mystical hat.
9070	Provides good protection.
9071	This should protect my legs.
9072	These should keep my hands safe.
9073	Groovy foot protection.
9074	A mystical cape.
9075	Used for Lunar Spells
9076	This needs refining
9077	It's a bar of magic metal.
9078	A book of Moonclan history.
9079	The tooth, the whole tooth, and nothing but the tooth.
9080	An untanned piece of suqah hide.
9081	A piece of Suqah hide that has been expertly tanned into leather.
9082	A ground Suqah tooth.
9083	A seal of passage issued by Brundt the Chieftain of the Fremennik.
9084	A Moonclan staff.
9085	A vessel for holding liquid.
9086	A glass vial containing water.
9087	A vessel for dreaming while awake!
9088	A vessel with water and Guam inside.
9089	A vessel with water and Marrentill inside.
9090	A vessel with water, guam and marrentill inside.
9091	A staff enchanted by air.
9092	A staff enchanted by air and fire.
9093	A staff enchanted by air, fire and water.
9094	Small bits of wood from the first magic tree!
9095	Magic wood soaked with a potion of waking sleep. Groovy.
9096	A mystical helmet.
9097	Provides good protection.
9098	These should protect my legs.
9099	These should keep my hands safe.
9100	Mystical foot protection.
9101	Oooo pretty!
9102	Awesome.
9103	I'll be the talk of the town with this... maybe.
9104	A mysterious ring that can fill the wearer with magical power.
9105	It's a Suqah monster.
9106	It's an Astral tiara.
9139	Blurite crossbow bolts.
9140	Iron crossbow bolts.
9141	Steel crossbow bolts.
9142	Mithril crossbow bolts.
9143	Adamantite crossbow bolts.
9144	Runite crossbow bolts.
9145	Silver crossbow bolts.
9174	A bronze crossbow.
9175	Swap this note at any bank for the equivalent item.
9176	A blurite crossbow.
9177	An iron crossbow.
9178	Swap this note at any bank for the equivalent item.
9179	A steel crossbow.
9180	Swap this note at any bank for the equivalent item.
9181	A mithril crossbow
9182	Swap this note at any bank for the equivalent item.
9183	An adamantite crossbow.
9184	Swap this note at any bank for the equivalent item.
9185	A runite crossbow.
9186	Swap this note at any bank for the equivalent item.
9187	Jade bolt tips.
9188	Red Topaz bolt tips.
9189	Sapphire bolt tips.
9190	Emerald bolt tips.
9191	Ruby bolt tips.
9192	Diamond bolt tips.
9193	Dragonstone bolt tips.
9194	Onyx bolt tips.
9236	Enchanted Opal tipped Bronze Crossbow Bolts.
9237	Enchanted Jade tipped Blurite Crossbow Bolts.
9238	Enchanted Pearl tipped Iron Crossbow Bolts.
9239	Enchanted Red Topaz tipped Steel Crossbow Bolts.
9240	Enchanted Sapphire tipped Mithril Crossbow Bolts.
9241	Enchanted Emerald tipped Mithril Crossbow Bolts.
9242	Enchanted Ruby tipped Adamantite Crossbow Bolts.
9243	Enchanted Diamond tipped Adamantite Crossbow Bolts.
9244	Enchanted Dragonstone tipped Runite Crossbow Bolts.
9245	Enchanted Onyx tipped runite Crossbow Bolts.
9286	It's a Blurite bolts(p).
9287	Iron crossbow bolts.
9288	Steel crossbow bolts.
9289	Mithril crossbow bolts.
9290	Adamantite crossbow bolts.
9291	Runite crossbow bolts.
9292	Silver crossbow bolts.
9293	It's a Blurite bolts(p+).
9294	Iron crossbow bolts.
9295	Steel crossbow bolts.
9296	Mithril crossbow bolts.
9297	It's an Adamant bolts(p+).
9298	Runite crossbow bolts.
9299	Silver crossbow bolts.
9300	It's a Blurite bolts(p++).
9301	Iron crossbow bolts.
9302	Steel crossbow bolts.
9303	Mithril crossbow bolts.
9304	It's an Adamant bolts(p++).
9305	Runite crossbow bolts.
9306	Silver crossbow bolts.
9335	Jade tipped blurite bolts.
9336	Red Topaz tipped Steel Crossbow Bolts.
9337	Sapphire tipped Mithril crossbow bolts.
9338	Emerald tipped Mithril crossbow bolts.
9339	Ruby tipped Adamantite crossbow bolts.
9340	Diamond tipped Adamantite crossbow bolts.
9341	Dragonstone tipped Runite crossbow bolts.
9342	Onyx tipped Runite crossbow bolts.
9375	Unfeathered bronze crossbow bolts.
9376	Unfeathered blurite crossbow bolts.
9377	Unfeathered iron crossbow bolts.
9378	Unfeathered steel crossbow bolts.
9379	Unfeathered mithril crossbow bolts.
9380	Unfeathered adamantite crossbow bolts.
9381	Unfeathered runite crossbow bolts
9382	Unfeathered silver crossbow bolts.
9415	A mithril grapple tipped bolt with a rope.
9416	A mithril grapple tip.
9417	Swap this note at any bank for the equivalent item.
9418	A mithril grapple tipped bolt with a rope.
9419	A mithril grapple tipped bolt with a rope.
9420	A pair of bronze crossbow limbs.
9421	Swap this note at any bank for the equivalent item.
9422	A pair of blurite crossbow limbs.
9423	A pair of iron crossbow limbs.
9424	Swap this note at any bank for the equivalent item.
9425	A pair of steel crossbow limbs.
9426	Swap this note at any bank for the equivalent item.
9427	A pair of mithril crossbow limbs.
9428	Swap this note at any bank for the equivalent item.
9429	A pair of adamantite crossbow limbs.
9430	Swap this note at any bank for the equivalent item.
9431	A pair of runite crossbow limbs.
9432	Swap this note at any bank for the equivalent item.
9433	A pouch for storing crossbow bolts.
9434	A mould for creating silver crossbow bolts.
9435	Swap this note at any bank for the equivalent item.
9436	I can use this to make a crossbow string.
9437	Swap this note at any bank for the equivalent item.
9438	A string for a crossbow.
9439	Swap this note at any bank for the equivalent item.
9440	A wooden crossbow stock
9441	Swap this note at any bank for the equivalent item.
9442	An oak crossbow stock.
9443	Swap this note at any bank for the equivalent item.
9444	A willow crossbow stock.
9445	Swap this note at any bank for the equivalent item.
9446	A teak crossbow stock.
9447	Swap this note at any bank for the equivalent item.
9448	A maple crossbow stock.
9449	Swap this note at any bank for the equivalent item.
9450	A Mahogany crossbow stock.
9451	Swap this note at any bank for the equivalent item.
9452	A yew crossbow stock.
9453	Swap this note at any bank for the equivalent item.
9454	An unstrung bronze crossbow.
9455	Swap this note at any bank for the equivalent item.
9456	An unstrung blurite crossbow.
9457	An unstrung iron crossbow.
9458	Swap this note at any bank for the equivalent item.
9459	An unstrung steel crossbow.
9460	Swap this note at any bank for the equivalent item.
9461	An unstrung mithril crossbow.
9462	Swap this note at any bank for the equivalent item.
9463	An unstrung adamantite crossbow.
9464	Swap this note at any bank for the equivalent item.
9465	An unstrung runite crossbow.
9466	Swap this note at any bank for the equivalent item.
9467	It's a bar of blurite.
9468	What is left over when a log is made into a plank.
9469	A seed pod of the Grand Tree.
9470	A scarf. You feel your upper lip stiffening.
9471	Swap this note at any bank for the equivalent item.
9472	Tally Ho!
9473	Swap this note at any bank for the equivalent item.
9474	Blue/Red/Yellow reward token exchanged at Burgh de Rott/Paterdomus.
9475	It looks very minty.
9476	Swap this note at any bank for the equivalent item.
9477	You can check on your delivery details here
9478	This cheese & tomato batta needs baking (and garnishing with equa leaves).
9479	This cheese & tomato batta needs garnishing with equa leaves.
9480	This fruit batta needs baking (and garnishing with gnome spices).
9481	This fruit batta needs garnishing with gnome spices.
9482	This toad batta needs baking.
9483	This veggie batta needs baking (and garnishing with equa leaves).
9484	This veggie batta needs garnishing with equa leaves.
9485	This worm batta needs baking (and garnishing with equa leaves).
9486	This worm batta needs garnishing with equa leaves.
9487	This looks like a strange mix.
9488	Swap this note at any bank for the equivalent item.
9489	This looks like a strange mix.
9490	Swap this note at any bank for the equivalent item.
9508	This looks like a strange mix.
9509	Swap this note at any bank for the equivalent item.
9510	A Short Green Guy... looks good.
9511	Swap this note at any bank for the equivalent item.
9512	A fresh healthy fruit mix.
9513	Swap this note at any bank for the equivalent item.
9514	A cool refreshing fruit mix.
9515	Swap this note at any bank for the equivalent item.
9516	A warm creamy alcoholic beverage
9517	Swap this note at any bank for the equivalent item.
9518	A warm creamy alcoholic beverage
9519	Swap this note at any bank for the equivalent item.
9520	Looks good... smells strong.
9521	Swap this note at any bank for the equivalent item.
9522	A deep tin used to make gnome battas in.
9523	Swap this note at any bank for the equivalent item.
9524	A deep tin used to make gnome battas in.
9525	Swap this note at any bank for the equivalent item.
9527	It actually smells quite good.
9528	Swap this note at any bank for the equivalent item.
9529	It actually smells quite good.
9530	Swap this note at any bank for the equivalent item.
9531	It actually smells quite good.
9532	Swap this note at any bank for the equivalent item.
9533	Well... It looks healthy.
9534	Swap this note at any bank for the equivalent item.
9535	This smells really good.
9536	Swap this note at any bank for the equivalent item.
9538	It actually smells quite good.
9539	Swap this note at any bank for the equivalent item.
9540	Yum...smells spicy.
9541	Swap this note at any bank for the equivalent item.
9542	It actually smells quite good.
9543	Swap this note at any bank for the equivalent item.
9544	Yum... smells good.
9545	Swap this note at any bank for the equivalent item.
9547	It actually smells quite good.
9548	Swap this note at any bank for the equivalent item.
9549	This looks pretty healthy.
9550	Swap this note at any bank for the equivalent item.
9551	It actually smells quite good.
9552	Swap this note at any bank for the equivalent item.
9553	Full of creamy, chocolately goodness.
9554	Swap this note at any bank for the equivalent item.
9558	This unfinished choco bomb needs baking, and final ingredients
9559	This unfinished tangled toad legs bowl needs baking, and final ingredients
9560	This unfinished choc bomb needs cream and chocolate dust.
9561	This unfinished veggie ball needs baking, and final ingredients
9562	This unfinished veggie ball needs equa leaves.
9563	This unfinished worm hole needs baking, and final ingredients
9564	This unfinished worm hole needs equa leaves.
9565	Swap this note at any bank for the equivalent item.
9566	This wizzard blizzard needs pouring, a lime slice, and pineapple chunks.
9567	This short green guy cocktail needs pouring, a lime slice and equa leaves.
9568	This fruit blast cocktail needs pouring and a lemon slice.
9569	This pineapple punch needs pouring, lime and pineapple chunks, and a orange slice.
9570	This blurberry special needs pouring, orange and lemon chunks, a lime slice and equa leaves.
9571	It's a Mixed saturday.
9572	It's a Mixed saturday.
9573	It's a Mixed saturday.
9574	It's a Mixed dragon.
9575	It's a Mixed dragon.
9576	It's a Mixed dragon.
9577	This choco chip crunchy needs baking and garnishing with chocolate dust.
9578	This choco chip crunchy needs garnishing with chocolate dust.
9579	This spicy crunchy needs baking and garnishing with gnome spices.
9580	This spicy crunchy needs garnishing with gnome spices.
9581	This toad crunchy needs baking and garnishing with equa leaves.
9582	This toad crunchy needs garnishing with equa leaves.
9583	This worm crunchy needs baking and garnishing with gnome spices.
9584	This worm crunchy needs garnishing with gnome spices.
9585	Swap this note at any bank for the equivalent item.
9586	Swap this note at any bank for the equivalent item.
9587	Swap this note at any bank for the equivalent item.
9588	Swap this note at any bank for the equivalent item.
9589	A dossier containing info on the Black Knight plot.
9590	A dossier containing info on the Black Knight plot.
9591	It's a Broken cauldron.
9592	Glue made from tree sap and ground mud runes.
9593	This doesn't look like it will do anything interesting.
9594	Mud runes ground into a powder.
9595	It's an Hazelmere's book.
9596	It's a Picture.
9597	A red circular crystalline disc.
9598	A red triangular crystalline disc.
9599	A red square-shaped crystalline disc.
9600	A red pentagon shaped crystalline disc.
9601	An orange circular crystalline disc.
9602	An orange triangular crystalline disc.
9603	An orange square-shaped crystalline disc.
9604	An orange pentagon shaped crystalline disc.
9605	A yellow circular crystalline disc.
9606	A yellow triangular crystalline disc.
9607	A yellow square-shaped crystalline disc.
9608	A yellow pentagon shaped crystalline disc.
9609	A green circular crystalline disc.
9610	A green triangular crystalline disc.
9611	A green square shaped crystalline disc.
9612	A green pentagon shaped crystalline disc.
9613	A blue circular crystalline disc.
9614	A blue triangular crystalline disc.
9615	A blue square shaped crystalline disc.
9616	A blue pentagon shaped crystalline disc.
9617	An indigo circular crystalline disc.
9618	An indigo triangular crystalline disc.
9619	An indigo square shaped crystalline disc.
9620	An indigo pentagon shaped crystalline disc.
9621	A violet circular crystalline disc.
9622	A violet triangular crystalline disc.
9623	A violet square-shaped crystalline disc.
9624	A violet pentagon shaped crystalline disc.
9625	A magical saw.
9626	This small crystal seed looks grey and dead.
9627	It's an A handwritten book.
9629	As used by King Tyras personal guard.
9630	Swap this note at any bank for the equivalent item.
9632	This needs refining.
9633	It's a Message.
9634	Dressing like the Vyrewatch could be a useful disguise in the ghetto of Meiyerditch.
9635	Swap this note at any bank for the equivalent item.
9636	Dress like a powerful Vyrewatch!
9637	Swap this note at any bank for the equivalent item.
9638	Dress like a powerful Vyrewatch!
9639	Swap this note at any bank for the equivalent item.
9640	Could be used as a disguise in the ghetto of Meiyerditch.
9641	Swap this note at any bank for the equivalent item.
9642	Could be used as a disguise in the ghetto of Meiyerditch.
9643	Swap this note at any bank for the equivalent item.
9644	Could be used as a disguise in the ghetto of Meiyerditch.
9645	Swap this note at any bank for the equivalent item.
9646	Northern approach of the castle.
9647	Western approach of the castle.
9648	Southern approach of the castle.
9649	It's a Message.
9650	It's a Blood tithe pouch.
9651	A key to some large, strange door.
9652	A book called Haemalchemy Volume 1.
9653	A sealed message from Safalaan to Valiaf.
9654	A key to the Witch's house's front door. (Witch's House)
9655	The top part of a ladder.
9656	A tome of experience that awards 2000 XP per chapter.
9657	A tome of experience that awards 2000 XP per chapter.
9658	A tome of experience that awards 2000 XP per chapter.
9659	Common bucket: It's a bucket of water.2008 Easter event: It's a bucket of water from the Easter Bunny's warren. Regular bucket filled from Braindeath Island: It's a bucket of... water?
9660	It's an empty bucket.
9662	A key allowing a shortcut into the Sanguinesti region. (Darkness of Hallowvale)
9665	It's a Torch.
9666	Unknown edit
9667	Swap this note at any bank for the equivalent item.
9668	Unknown edit
9669	Swap this note at any bank for the equivalent item.
9670	Unknown edit
9671	Swap this note at any bank for the equivalent item.
9672	A Proselyte Temple Knight's helm.
9673	Swap this note at any bank for the equivalent item.
9674	A Proselyte Temple Knight's armour.
9675	Swap this note at any bank for the equivalent item.
9676	A Proselyte Temple Knight's leg armour
9677	Swap this note at any bank for the equivalent item.
9678	A Proselyte Temple Knight's leg armour.
9679	Swap this note at any bank for the equivalent item.
9680	A rendered down baby sea slug.
9681	A Temple Knight Communication Orb. Top Secret!
9682	A copy of the mysterious glyphs.
9683	Dead sea slug, very sticky.
9684	A page from Maledict's holy book.
9685	A page from Maledict's holy book.
9686	A page from Maledict's holy book.
9687	A piece of torn page.
9688	A piece of torn page.
9689	A piece of torn page.
9690	A blank water rune.
9691	One of the 4 basic elemental Runes.
9692	A blank air rune.
9693	One of the 4 basic elemental Runes.
9694	A blank earth rune.
9695	One of the 4 basic elemental Runes.
9696	A blank mind rune.
9697	Used for basic missile spells.
9698	A blank fire rune.
9699	One of the 4 basic elemental Runes.
9700	It's a Picture.
9701	Swap this note at any bank for the equivalent item.
9702	A big, bad troll.
9703	Basic training sword.
9704	Made of flimsy painted wood.
9705	Light and flexible, good for a beginner.
9706	Standard training arrows.
9715	Book of the elemental shield.
9716	It's a Rock.
9717	Book of the elemental helm.
9718	On the subject of lava dippers.
9719	A scroll with a lever schematic drawn on it.
9720	A crane claw.
9721	A scroll with some writing on it.
9722	Quite a small key.
9723	A pipe that belongs in a cannon stand.
9724	A large cog.
9725	A medium cog.
9726	A small cog.
9727	A primed elemental ingot.
9728	An elemental mind ingot.
9729	A helmet made in the Elemental Workshop.
9730	Swap this note at any bank for the equivalent item.
9731	A shield made in the Elemental Workshop.
9732	Swap this note at any bank for the equivalent item.
9733	A helmet made in the Elemental Workshop.
9734	Swap this note at any bank for the equivalent item.
9735	Not much good for blowing.
9736	Finely ground desert goat horn.
9737	Swap this note at any bank for the equivalent item.
9738	Swap this note at any bank for the equivalent item.
9739	4 doses of combat potion.
9740	Swap this note at any bank for the equivalent item.
9741	3 doses of combat potion.
9742	Swap this note at any bank for the equivalent item.
9743	2 doses of combat potion.
9744	Swap this note at any bank for the equivalent item.
9745	1 dose of combat potion.
9746	Swap this note at any bank for the equivalent item.
9747	The cape worn by masters of attack.
9748	It's an Attack cape(t).
9749	Attack skillcape hood.
9750	The cape only worn by the strongest people.
9751	It's a Strength cape(t).
9752	Strength skillcape hood.
9753	The cape worn by masters of the art of Defence.
9754	It's a Defence cape(t).
9755	Defence skillcape hood.
9756	The cape worn by master archers.
9757	It's a Ranging cape(t).
9758	Range skillcape hood.
9759	The cape worn by the most pious of heroes.
9760	It's a Prayer cape(t).
9761	Prayer skillcape hood.
9762	The cape worn by the most powerful mages.
9763	It's a Magic cape(t).
9764	Magic skillcape hood.
9765	The cape worn by master runecrafters.
9766	It's a Runecraft cape(t).
9767	Runecrafting skillcape hood.
9768	The cape worn by well-constituted adventurers.
9769	It's an Hitpoints cape(t).
9770	Constitution skillcape hood.
9771	The cape worn by the most agile of heroes.
9772	It's an Agility cape(t).
9773	Agility skillcape hood.
9774	The cape worn by the most skilled at the art of herblore.
9775	It's a Herblore cape(t).
9776	Herblore skillcape hood.
9777	The cape worn by master thieves.
9778	It's a Thieving cape(t).
9779	Thieving skillcape hood.
9780	The cape worn by master craftworkers.
9781	It's a Crafting cape(t).
9782	Crafting skillcape hood.
9783	The cape worn by the best of fletchers.
9784	It's a Fletching cape(t).
9785	Fletching skillcape hood.
9786	The cape worn by slayer masters.
9787	It's a Slayer cape(t).
9788	Slayer skillcape hood.
9789	The cape worn by master builders.
9790	It's a Construct. cape(t).
9791	Construction skillcape hood.
9792	The cape worn by the most skilled miners.
9793	It's a Mining cape(t).
9794	Mining skillcape hood.
9795	The cape worn by master smiths.
9796	It's a Smithing cape(t).
9797	Smithing skillcape hood.
9798	The cape worn by the best fishermen.
9799	It's a Fishing cape(t).
9800	Fishing skillcape hood.
9801	The cape worn by the world's best chefs.
9802	It's a Cooking cape(t).
9803	Cooking skillcape hood.
9804	The cape worn by master firelighters.
9805	It's a Firemaking cape(t).
9806	Firemaking skillcape hood.
9807	The cape worn by master woodcutters (Obtaining level 99 skill)
9808	It's a Woodcut. cape(t).
9809	Woodcutting skillcape hood.
9810	The cape worn by master farmers.
9811	It's a Farming cape(t).
9812	Farming skillcape hood.
9813	The cape worn by only the most experienced adventurers.
9814	Quest skillcape hood.
9815	A woolly bobble hat.
9816	A woolly scarf.
9817	It's an Oak cape rack.
9818	It's a Teak cape rack.
9819	It's a M'gany cape rack.
9820	It's a Gilded cape rack.
9821	It's a Marble cape rack.
9822	It's a Magical cape rack.
9823	It's an Oak costume box.
9824	It's a Teak costume box.
9825	It's a Mahogany cos box.
9826	It's an Oak armour case.
9827	It's a Teak armour case.
9828	It's a M'gany arm'r case.
9829	It's an Oak magic wardrobe.
9830	It's a Carved oak magic wardrobe.
9831	It's a Teak magic wardrobe.
9832	It's a Carved teak magic wardrobe.
9833	It's a Mahogany magic wardrobe.
9834	It's a Gilded magic wardrobe.
9835	It's a Marble magic wardrobe.
9836	It's an Oak toy box.
9837	It's a Teak toy box.
9838	It's a Mahogany toy box.
9839	It's an Oak treasure chest.
9840	It's a Teak treas' chest.
9841	It's a M'gany treas' chest.
9842	It's a Costume room.
9843	A ready-to-assemble oak cape rack.
9844	A ready-to-assemble teak cape rack..
9845	A ready-to-assemble mahogany cape rack.
9846	A ready-to-assemble gilded mahogany rack.
9847	A ready-to-assemble marble cape rack.
9848	A ready-to-assemble magic cape rack.
9849	A ready-to-assemble oak toy box.
9850	A ready-to-assemble teak toy box.
9851	A ready-to-assemble mahogany toy box.
9852	A ready-to-assemble oak magic wardrobe.
9853	A ready-to-assemble oak magic wardrobe.
9854	A ready-to-assemble teak magic wardrobe.
9855	A ready-to-assemble carved teak magic wardrobe.
9856	A ready-to-assemble mahogany magic wardrobe.
9857	A ready-to-assemble gilded mahogany magic wardrobe.
9858	A ready-to-assemble marble magic wardrobe.
9859	A ready-to-assemble oak armour case.
9860	A ready-to-assemble teak armour case.
9861	A ready-to-assemble mahogany armour case.
9862	A ready-to-assemble oak treasure chest.
9863	A ready-to-assemble teak treasure chest.
9864	A ready-to-assemble mahogany treasure chest.
9865	It's an Oak costume box.
9866	It's a Teak costume box.
9867	It's a Mahogany cos box.
9868	Swap this note at any bank for the equivalent item.
9869	Swap this note at any bank for the equivalent item.
9870	Swap this note at any bank for the equivalent item.
9871	Swap this note at any bank for the equivalent item.
9872	Swap this note at any bank for the equivalent item.
9873	Swap this note at any bank for the equivalent item.
9874	Swap this note at any bank for the equivalent item.
9875	Swap this note at any bank for the equivalent item.
9876	Swap this note at any bank for the equivalent item.
9877	Swap this note at any bank for the equivalent item.
9878	Swap this note at any bank for the equivalent item.
9879	Swap this note at any bank for the equivalent item.
9880	Swap this note at any bank for the equivalent item.
9881	Swap this note at any bank for the equivalent item.
9882	Swap this note at any bank for the equivalent item.
9883	Swap this note at any bank for the equivalent item.
9884	Swap this note at any bank for the equivalent item.
9885	Swap this note at any bank for the equivalent item.
9886	Swap this note at any bank for the equivalent item.
9887	Swap this note at any bank for the equivalent item.
9888	Swap this note at any bank for the equivalent item.
9889	Swap this note at any bank for the equivalent item.
9890	Swap this note at any bank for the equivalent item.
9891	Swap this note at any bank for the equivalent item.
9892	Swap this note at any bank for the equivalent item.
9901	A lump that at some point might have been a gout tuber.
9902	A pile of gout tubers suitable for use in mountainous terrain.
9903	Farmer Gricoller's Farming Manual.
9904	A book for sailors.
9906	See article
9907	See article
9908	See article
9909	See article
9910	See article
9911	See article
9912	See article
9913	A white destabiliser for use in a ghost buster.
9914	A red destabiliser for use in a ghost buster.
9915	A blue destabiliser for use in a ghost buster.
9916	A green destabiliser for use in a ghost buster.
9917	A yellow destabiliser for use in a ghost buster.
9918	A black destabiliser for use in a ghost buster.
9919	An angry-looking tree root.
9920	Better not light it!
9921	Skeleton feet.
9922	Some skeletal gloves.
9923	Does my pelvis look big in this?
9924	The shirt of a fully body skeleton costume.
9925	A scary skeleton mask.
9932	This sapling is ready to be replanted in a tree patch.
9933	An incomplete origami balloon.
9934	An origami balloon.
9935	An origami balloon.
9936	An origami balloon.
9937	An origami balloon.
9938	An origami balloon.
9939	An origami balloon.
9940	An origami balloon.
9941	An origami balloon.
9942	An origami balloon.
9943	A bag full of sand.
9944	For all your flying needs.
9945	The red baron would be jealous.
9946	For better flying vision.
9947	A red coloured disk that's seen better days.
9948	The cape worn by master hunters.
9949	It's an Hunter cape(t).
9950	Hunter skillcape hood.
9951	It's a Footprint.
9952	It's an Imp.
9953	A little bigger than usual...
9954	A little bigger than usual...
9955	A little bigger than usual...
9956	A little bigger than usual...
9957	A little bigger than usual...
9958	A little bigger than usual...
9959	A little bigger than usual...
9960	A little bigger than usual...
9961	A little bigger than usual...
9962	A little bigger than usual...
9963	A little bigger than usual...
9964	A little bigger than usual...
9965	It's a Crimson swift.
9966	It's a Copper longtail.
9967	It's a Cerulean twitch.
9968	It's a Golden warbler.
9969	It's a Tropical wagtail.
9970	It's a Butterfly.
9971	It's a Butterfly.
9972	It's a Butterfly.
9973	It's a Butterfly.
9974	It appears to be protecting the nest.
9975	Aww, how cute. 
9976	It's a Chinchompa.
9977	Even more volatile than its vegetarian counterpart.
9978	This certainly needs cooking!
9979	Swap this note at any bank for the equivalent item.
9980	A nicely roasted bird.
9981	Swap this note at any bank for the equivalent item.
9982	It's a Burnt bird meat.
9983	Swap this note at any bank for the equivalent item.
9984	This certainly needs cooking!
9985	Swap this note at any bank for the equivalent item.
9986	A slab of raw beast meat.
9987	Swap this note at any bank for the equivalent item.
9988	A delicious looking slab of roast beast.
9989	Swap this note at any bank for the equivalent item.
9990	It's a Burnt beast meat.
9991	Swap this note at any bank for the equivalent item.
9992	Beast meat on a spit.
9993	Swap this note at any bank for the equivalent item.
9994	A bowl of chopped tomatoes with an extra kick.
9995	Swap this note at any bank for the equivalent item.
9996	A bowl of chopped beef with an extra kick.
9997	Swap this note at any bank for the equivalent item.
9998	4 doses of hunter potion.
9999	Swap this note at any bank for the equivalent item.
10000	3 doses of hunter potion.
10001	Swap this note at any bank for the equivalent item.
10002	2 doses of hunter potion.
10003	Swap this note at any bank for the equivalent item.
10004	1 dose of hunter potion.
10005	Swap this note at any bank for the equivalent item.
10006	A simple bird catcher./There's something caught in it.
10007	Swap this note at any bank for the equivalent item.
10008	If a creature goes inside, then the box should slam shut.
10009	Swap this note at any bank for the equivalent item.
10010	For catching butterflies...
10011	Swap this note at any bank for the equivalent item.
10012	It's got little holes at the top.
10013	Swap this note at any bank for the equivalent item.
10014	There's a black warlock butterfly in here.
10015	Swap this note at any bank for the equivalent item.
10016	There's a snowy knight butterfly in here.
10017	Swap this note at any bank for the equivalent item.
10018	There's a sapphire glacialis butterfly in here.
10019	Swap this note at any bank for the equivalent item.
10020	There's a ruby harvest butterfly in here.
10021	Swap this note at any bank for the equivalent item.
10023	A very large, single leather glove
10024	A very large, single leather glove
10025	A magical catching box.
10026	Swap this note at any bank for the equivalent item.
10027	A full magical catching box.
10028	A half-full magical catching box.
10029	Reduces the risk of hand severage when poking large, vicious carnivores.
10030	Swap this note at any bank for the equivalent item.
10031	The snare will tighten around animals passing through.
10032	Swap this note at any bank for the equivalent item.
10033	It's a Chinchompa.
10034	Even more volatile than its vegetarian counterpart.
10035	These should make me harder to spot in polar areas.
10036	Swap this note at any bank for the equivalent item.
10037	This should make me harder to spot in polar areas.
10038	Swap this note at any bank for the equivalent item.
10039	This should make me harder to spot in polar areas.
10040	Swap this note at any bank for the equivalent item.
10041	This should make me harder to spot in woodland and jungle areas.
10042	Swap this note at any bank for the equivalent item.
10043	This should make me harder to spot in woodland and jungle areas.
10044	Swap this note at any bank for the equivalent item.
10045	This should make me harder to spot in woodland and jungle areas.
10046	Swap this note at any bank for the equivalent item.
10047	These should make me harder to spot in desert areas.
10048	Swap this note at any bank for the equivalent item.
10049	This should make me harder to spot in desert areas.
10050	Swap this note at any bank for the equivalent item.
10051	This should make me harder to spot in desert areas.
10052	Swap this note at any bank for the equivalent item.
10053	This should make me harder to spot in wooded areas.
10054	Swap this note at any bank for the equivalent item.
10055	These should make me harder to spot in wooded areas.
10056	Swap this note at any bank for the equivalent item.
10057	This should make me harder to spot in jungle areas.
10058	Swap this note at any bank for the equivalent item.
10059	These should make me harder to spot in jungle areas.
10060	Swap this note at any bank for the equivalent item.
10061	This should make me harder to spot in desert areas.
10062	Swap this note at any bank for the equivalent item.
10063	These should make me harder to spot in desert areas.
10064	Swap this note at any bank for the equivalent item.
10065	This should make me harder to spot in polar areas.
10066	Swap this note at any bank for the equivalent item.
10067	These should make me harder to spot in polar areas
10068	Swap this note at any bank for the equivalent item.
10069	A surprisingly aerodynamic cape.
10070	Swap this note at any bank for the equivalent item.
10071	A really surprisingly aerodynamic cape.
10072	Swap this note at any bank for the equivalent item.
10073	A surprisingly aerodynamic cape.
10074	A really surprisingly aerodynamic cape.
10075	Made from dark kebbit fur, these are perfect for tasks of a stealthier nature.
10076	Swap this note at any bank for the equivalent item.
10077	Attack at your own risk.
10078	Swap this note at any bank for the equivalent item.
10079	Made from 100% real dragonhide. Now with added spikiness.
10080	Swap this note at any bank for the equivalent item.
10081	Made from 100% real dragonhide. Now with added spikiness.
10082	Swap this note at any bank for the equivalent item.
10083	Vambraces made from 100% real dragonhide. Now with added spikes.
10084	Swap this note at any bank for the equivalent item.
10085	Vambraces made from 100% real dragonhide. Now with added spikiness.
10086	Swap this note at any bank for the equivalent item.
10087	Attractive to other birds and hunters alike.
10088	A vivid red feather.
10089	A cool blue feather.
10090	A bright yellow feather.
10091	A fairly plain feather.
10092	It's a Ferret.
10093	It's a shabby-looking larupia fur.
10094	Swap this note at any bank for the equivalent item.
10095	It's a perfect-looking larupia fur.
10096	Swap this note at any bank for the equivalent item.
10097	It's a shabby-looking graahk fur.
10098	Swap this note at any bank for the equivalent item.
10099	It's a perfect-looking graahk fur.
10100	Swap this note at any bank for the equivalent item.
10101	It's a shabby-looking kyatt fur.
10102	Swap this note at any bank for the equivalent item.
10103	It's a perfect-looking kyatt fur.
10104	Swap this note at any bank for the equivalent item.
10105	These bone spikes are both very tough and very sharp.
10106	Swap this note at any bank for the equivalent item.
10107	These bone spikes are both very tough and very sharp.
10108	Swap this note at any bank for the equivalent item.
10109	A kebbit-sized set of dentures.
10110	Swap this note at any bank for the equivalent item.
10111	Previously a kebbit-sized set of dentures.
10112	Swap this note at any bank for the equivalent item.
10113	More menacing when attached to the owner.
10114	Swap this note at any bank for the equivalent item.
10115	Sleek, silent, and furry.
10116	Swap this note at any bank for the equivalent item.
10117	A thick fur for a cold climate.
10118	Swap this note at any bank for the equivalent item.
10119	Not actually from a weasel, but it is, at least, furry.
10120	Swap this note at any bank for the equivalent item.
10121	Common fur from a common kebbit.
10122	Swap this note at any bank for the equivalent item.
10123	Sandy coloured kebbit fur.
10124	Swap this note at any bank for the equivalent item.
10125	Maybe this is why people think furry dice make you go faster.
10126	Swap this note at any bank for the equivalent item.
10127	Nature's equivalent of go-faster stripes.
10128	Swap this note at any bank for the equivalent item.
10129	A mighty Hunter weapon. One previous owner.
10130	Swap this note at any bank for the equivalent item.
10132	Not so lucky for the rabbit.
10133	Swap this note at any bank for the equivalent item.
10134	This could be put on a string and worn for luck.
10135	Swap this note at any bank for the equivalent item.
10136	Well, this would certainly add some colour to a meal.
10137	Swap this note at any bank for the equivalent item.
10138	A colourful fish, attracted to colourful flies.
10139	Swap this note at any bank for the equivalent item.
10140	It's a Burnt rainbow fish.
10141	Swap this note at any bank for the equivalent item.
10142	A thick, foul-smelling, tar-like substance with a green tinge
10143	A thick, foul-smelling, tar-like substance with an orange tinge.
10144	A thick, foul-smelling, tar-like substance with a red tinge.
10145	A dark, thick, foul-smelling, tar-like substance.
10146	Slightly slimy, but kind of cute.
10147	Slightly slimy but certainly striking.
10148	Slightly slimy and somewhat menacing.
10149	A very slimy and generally disgusting green lizard.
10150	A noose on a stick.
10151	Swap this note at any bank for the equivalent item.
10156	A weapon made of bone and wood.
10157	Swap this note at any bank for the equivalent item.
10158	Bolts made from the spikes of a prickly kebbit.
10159	Bolts made from the spikes of a razor-backed kebbit.
10160	Swap this note at any bank for the equivalent item.
10161	Swap this note at any bank for the equivalent item.
10162	Swap this note at any bank for the equivalent item.
10163	Swap this note at any bank for the equivalent item.
10165	It's a More....
10166	It's a Back....
10167	Probably a bit too big for fly fishing.
10171	A cape made from giant eagle feathers.
10172	A cheaply made fake beak.
10173	The title reads 'William Oddity's Guide to the Avian.
10174	A small feather made out of some sort of metal. The detail is exquisite.
10175	It's a Golden feather.
10176	An intricate feather crafted from a silver-coloured metal of some sort.
10177	An intricate feather crafted from a bronze-coloured metal of some sort.
10178	"It looks like bird seed, but it's not quite right somehow.
10179	There's a feather glued to the front. "Property of Arthur Artimus".
10180	A set of instructions to be followed.
10181	I hope there's treasure in it.
10182	A set of instructions to be followed.
10183	I hope there's treasure in it.
10184	A set of instructions to be followed.
10185	I hope there's treasure in it.
10186	A set of instructions to be followed.
10187	I hope there's treasure in it.
10188	A set of instructions to be followed.
10189	I hope there's treasure in it.
10190	A set of instructions to be followed.
10191	I hope there's treasure in it.
10192	A set of instructions to be followed.
10193	I hope there's treasure in it.
10194	A set of instructions to be followed.
10195	I hope there's treasure in it.
10196	A set of instructions to be followed.
10197	I hope there's treasure in it.
10198	A set of instructions to be followed.
10199	I hope there's treasure in it.
10200	A set of instructions to be followed.
10201	I hope there's treasure in it.
10202	A set of instructions to be followed.
10203	I hope there's treasure in it.
10204	A set of instructions to be followed.
10205	I hope there's treasure in it.
10206	A set of instructions to be followed.
10207	I hope there's treasure in it.
10208	A set of instructions to be followed.
10209	I hope there's treasure in it.
10210	A set of instructions to be followed.
10211	I hope there's treasure in it.
10212	A set of instructions to be followed.
10213	I hope there's treasure in it.
10214	A set of instructions to be followed.
10215	I hope there's treasure in it.
10216	A set of instructions to be followed.
10217	I hope there's treasure in it.
10218	A set of instructions to be followed.
10219	I hope there's treasure in it.
10220	A set of instructions to be followed.
10221	I hope there's treasure in it.
10222	A set of instructions to be followed.
10223	I hope there's treasure in it.
10224	A set of instructions to be followed.
10225	I hope there's treasure in it.
10226	A set of instructions to be followed.
10227	I hope there's treasure in it.
10228	A set of instructions to be followed.
10229	I hope there's treasure in it.
10230	A set of instructions to be followed.
10231	I hope there's treasure in it.
10232	A set of instructions to be followed.
10233	I hope there's treasure in it.
10234	A set of instructions to be followed.
10235	I hope there's treasure in it.
10236	A set of instructions to be followed.
10237	I hope there's treasure in it.
10238	A set of instructions to be followed.
10239	I hope there's treasure in it.
10240	A set of instructions to be followed.
10241	I hope there's treasure in it.
10242	A set of instructions to be followed.
10243	I hope there's treasure in it.
10244	A set of instructions to be followed.
10245	I hope there's treasure in it.
10246	A set of instructions to be followed.
10247	I hope there's treasure in it.
10248	A set of instructions to be followed.
10249	I hope there's treasure in it.
10250	A set of instructions to be followed.
10251	I hope there's treasure in it.
10252	A set of instructions to be followed.
10253	I hope there's treasure in it.
10254	A set of instructions to be followed.
10255	I hope there's treasure in it.
10256	A set of instructions to be followed.
10257	I hope there's treasure in it.
10258	A set of instructions to be followed.
10259	I hope there's treasure in it.
10260	A set of instructions to be followed.
10261	I hope there's treasure in it.
10262	A set of instructions to be followed.
10263	I hope there's treasure in it.
10264	A set of instructions to be followed.
10265	I hope there's treasure in it.
10266	A set of instructions to be followed.
10267	I hope there's treasure in it.
10268	A set of instructions to be followed.
10269	I hope there's treasure in it.
10270	A set of instructions to be followed.
10271	I hope there's treasure in it.
10272	A set of instructions to be followed.
10273	I hope there's treasure in it.
10274	A set of instructions to be followed.
10275	I hope there's treasure in it.
10276	A set of instructions to be followed.
10277	I hope there's treasure in it.
10278	A set of instructions to be followed.
10279	I hope there's treasure in it.
10280	A powerful bow made from willow.
10281	Swap this note at any bank for the equivalent item.
10282	A powerful bow made from yew wood.
10283	Swap this note at any bank for the equivalent item.
10284	A powerful bow made from magic wood.
10285	Swap this note at any bank for the equivalent item.
10286	A rune helmet with a heraldic design.
10287	Swap this note at any bank for the equivalent item.
10288	A rune helmet with a heraldic design.
10289	Swap this note at any bank for the equivalent item.
10290	A rune helmet with a heraldic design.
10291	Swap this note at any bank for the equivalent item.
10292	A rune helmet with a heraldic design.
10293	Swap this note at any bank for the equivalent item.
10294	A rune helmet with a heraldic design.
10295	Swap this note at any bank for the equivalent item.
10296	An adamant helmet with a heraldic design.
10297	Swap this note at any bank for the equivalent item.
10298	An adamant helmet with a heraldic design.
10299	Swap this note at any bank for the equivalent item.
10300	An adamant helmet with a heraldic design.
10301	Swap this note at any bank for the equivalent item.
10302	An Adamant helmet with a heraldic design.
10303	Swap this note at any bank for the equivalent item.
10304	An adamant helmet with a heraldic design.
10305	Swap this note at any bank for the equivalent item.
10306	A black helmet with a heraldic design.
10307	Swap this note at any bank for the equivalent item.
10308	A black helmet with a heraldic design.
10309	Swap this note at any bank for the equivalent item.
10310	A black helmet with a heraldic design.
10311	Swap this note at any bank for the equivalent item.
10312	A black helmet with a heraldic design.
10313	Swap this note at any bank for the equivalent item.
10314	A black helmet with a heraldic design.
10315	Swap this note at any bank for the equivalent item.
10316	Bob says: 'Never give your password out to anyone.'
10317	Swap this note at any bank for the equivalent item.
10318	Bob says: 'Always check the second trade screen.'
10319	Swap this note at any bank for the equivalent item.
10320	Bob says: 'Never trade in the wilderness!'
10321	Swap this note at any bank for the equivalent item.
10322	Bob says: 'A bank pin will keep your items secure.'
10323	Swap this note at any bank for the equivalent item.
10324	Bob says: 'Keep your computer keylogger free and virus scanned.'
10325	Swap this note at any bank for the equivalent item.
10326	Makes firelighting a lot easier.
10327	Makes firelighting a lot easier.
10328	A number of chemical covered wooden logs.
10329	A number of chemical covered wooden logs.
10330	Ancient range protection crafted from white dragonhide.
10331	Swap this note at any bank for the equivalent item.
10332	Fabulously ancient range protection crafted from white dragonhide.
10333	Swap this note at any bank for the equivalent item.
10334	Ancient range protection crafted from white dragonhide.
10335	Swap this note at any bank for the equivalent item.
10336	Fabulously ancient range protection crafted from white dragonhide.
10337	Swap this note at any bank for the equivalent item.
10338	Ancient mage protection enchanted in the Third-Age.
10339	Swap this note at any bank for the equivalent item.
10340	Ancient mage protection enchanted in the Third-Age.
10341	Swap this note at any bank for the equivalent item.
10342	Ancient mage protection enchanted in the Third-Age.
10343	Swap this note at any bank for the equivalent item.
10344	Ancient mage protection enchanted in the Third-Age.
10345	Swap this note at any bank for the equivalent item.
10346	Ancient armour beaten from magical silver.
10347	Swap this note at any bank for the equivalent item.
10348	Ancient armour beaten from magical silver.
10349	Swap this note at any bank for the equivalent item.
10350	Ancient armour beaten from magical silver.
10351	Swap this note at any bank for the equivalent item.
10352	Ancient armour beaten from magical silver.
10353	Swap this note at any bank for the equivalent item.
10354	A dragonstone amulet with 4 magic charges.
10355	Swap this note at any bank for the equivalent item.
10356	A dragonstone amulet with 3 magic charges.
10357	Swap this note at any bank for the equivalent item.
10358	A dragonstone amulet with 2 magic charges.
10359	Swap this note at any bank for the equivalent item.
10360	A dragonstone amulet with 1 magic charge.
10361	Swap this note at any bank for the equivalent item.
10362	A very powerful dragonstone amulet with a nice trim.
10363	Swap this note at any bank for the equivalent item.
10364	An enchanted ruby amulet with a nice trim.
10365	Swap this note at any bank for the equivalent item.
10366	An enchanted sapphire amulet of magic.
10367	Swap this note at any bank for the equivalent item.
10368	Zamorak blessed dragonhide vambraces.
10369	Swap this note at any bank for the equivalent item.
10370	Zamorak blessed dragonhide body armour.
10371	Swap this note at any bank for the equivalent item.
10372	Zamorak blessed dragonhide chaps.
10373	Swap this note at any bank for the equivalent item.
10374	Zamorak blessed dragonhide coif.
10375	Swap this note at any bank for the equivalent item.
10376	Guthix blessed dragonhide vambraces.
10377	Swap this note at any bank for the equivalent item.
10378	Guthix blessed dragonhide body armour.
10379	Swap this note at any bank for the equivalent item.
10380	Guthix blessed dragonhide chaps.
10381	Swap this note at any bank for the equivalent item.
10382	Guthix blessed dragonhide coif.
10383	Swap this note at any bank for the equivalent item.
10384	Saradomin blessed dragonhide vambraces.
10385	Swap this note at any bank for the equivalent item.
10386	Saradomin blessed dragonhide body armour.
10387	Swap this note at any bank for the equivalent item.
10388	Saradomin blessed dragonhide chaps.
10389	Swap this note at any bank for the equivalent item.
10390	Saradomin blessed dragonhide coif.
10391	Swap this note at any bank for the equivalent item.
10392	A big 'do about nothing.
10393	Swap this note at any bank for the equivalent item.
10394	These'll help me stay alive.
10395	Swap this note at any bank for the equivalent item.
10396	Alas, someone has slashed my pantaloons.
10397	Swap this note at any bank for the equivalent item.
10398	A cap for wearing whil...zzzzzzzzz
10399	Swap this note at any bank for the equivalent item.
10400	A well made elegant mans' black shirt.
10401	Swap this note at any bank for the equivalent item.
10402	A rather elegant black pair of pantaloons.
10403	Swap this note at any bank for the equivalent item.
10404	A well made elegant men's red shirt.
10405	Swap this note at any bank for the equivalent item.
10406	A rather elegant red pair of pantaloons.
10407	Swap this note at any bank for the equivalent item.
10408	A well made elegant mans' blue shirt.
10409	Swap this note at any bank for the equivalent item.
10410	A rather elegant pair of men's blue pantaloons
10411	Swap this note at any bank for the equivalent item.
10412	A well made elegant men's green shirt.
10413	Swap this note at any bank for the equivalent item.
10414	A rather elegant green pair of men's pantaloons.
10415	Swap this note at any bank for the equivalent item.
10416	A well made elegant men's purple shirt.
10417	Swap this note at any bank for the equivalent item.
10418	A rather elegant purple pair of pantaloons.
10419	Swap this note at any bank for the equivalent item.
10420	A well made ladies' elegant white blouse.
10421	Swap this note at any bank for the equivalent item.
10422	A rather elegant white skirt.
10423	Swap this note at any bank for the equivalent item.
10424	A well made elegant ladies' red blouse.
10425	Swap this note at any bank for the equivalent item.
10426	A rather elegant Red skirt.
10427	Swap this note at any bank for the equivalent item.
10428	A well made ladies' elegant blue blouse.
10429	Swap this note at any bank for the equivalent item.
10430	A rather elegant blue skirt.
10431	Swap this note at any bank for the equivalent item.
10432	A well made ladies' elegant green blouse.
10433	Swap this note at any bank for the equivalent item.
10434	A rather elegant green skirt.
10435	Swap this note at any bank for the equivalent item.
10436	A well made elegant ladies' purple blouse.
10437	Swap this note at any bank for the equivalent item.
10438	A rather elegant purple skirt.
10439	Swap this note at any bank for the equivalent item.
10440	A Saradomin crozier.
10441	Swap this note at any bank for the equivalent item.
10442	A Guthix crozier.
10443	Swap this note at any bank for the equivalent item.
10444	A Zamorak crozier.
10445	Swap this note at any bank for the equivalent item.
10446	A Saradomin cloak.
10447	Swap this note at any bank for the equivalent item.
10448	A Guthix cloak.
10449	Swap this note at any bank for the equivalent item.
10450	A Zamorak cloak.
10451	Swap this note at any bank for the equivalent item.
10452	A Saradomin mitre.
10453	Swap this note at any bank for the equivalent item.
10454	A Guthix mitre.
10455	Swap this note at any bank for the equivalent item.
10456	A Zamorak mitre.
10457	Swap this note at any bank for the equivalent item.
10458	Blessed vestments of Saradomin.
10459	Swap this note at any bank for the equivalent item.
10460	Zamorak Vestments.
10461	Swap this note at any bank for the equivalent item.
10462	Blessed vestments of Guthix.
10463	Swap this note at any bank for the equivalent item.
10464	Leggings from the Saradomin Vestments.
10465	Swap this note at any bank for the equivalent item.
10466	Leggings from the Guthix Vestments.
10467	Swap this note at any bank for the equivalent item.
10468	Legs of the Zamorak Vestments.
10469	Swap this note at any bank for the equivalent item.
10470	A Saradomin stole.
10471	Swap this note at any bank for the equivalent item.
10472	A blessed stole.
10473	Swap this note at any bank for the equivalent item.
10474	A Zamorak stole.
10475	Swap this note at any bank for the equivalent item.
10476	Remember to brush after eating!
10485	It's a Scroll.
10486	An empty sack.
10487	Yup, definitely a chicken...an undead chicken.
10488	An iron bar supplied by an insane old crone.
10489	A magnet designed for undead chicken use.
10490	Were they trying to escape just then?
10491	It radiates purity but can still lop off heads.
10492	These make no sense at all.
10493	They still make no sense, but look more meaningful now.
10494	Attach tab A to button B then fold along line C...
10495	A desirable residence for discerning, undead chickens.
10496	Shiny!
10497	Swap this note at any bank for the equivalent item.
10498	A bagged chicken ready to serve you, magnet in claw.
10499	A superior bagged chicken ready to serve you, magnet in claw.
10500	Allows the ghost farmer to talk to Alice - a breakthrough!
10501	Made from snow. / It's a ball of snow! Uncanny. / How did this not melt in the box?
10506	A gublinch frozen and crumbled into shards.
10507	A reindeer hat and a matching flashing nose.
10508	A wintumber tree for your player-owned house.
10509	Made from snow. / It's a ball of snow! Uncanny. / How did this not melt in the box?
10510	Swap this note at any bank for the equivalent item.
10511	They're going to sing to you!
14484	A set of fighting claws.
